model_name,model_parameters,lecture_title,lecture_topic,system_prompt_id,dialog_id,unique_dialog_id,source,f1,precision,recall,claim_recall,context_precision,context_utilization,hallucination,faithfulness,noise_sensitivity,self_knowledge
gemma3,4.3B,1_Классификаторы_KNN_и_наивный_байес,Что такое метод k-ближайших соседей?,prompt14,dialog0391,analytics_gemma3_4b_prompt14_dialog0391,analytics,48.5,42.7,64.5,0.0,0.0,0.0,0.0,0.0,0.0,0.0
gemma3,4.3B,1_Классификаторы_KNN_и_наивный_байес,Как выбрать количество соседей k в k-NN?,prompt14,dialog0392,analytics_gemma3_4b_prompt14_dialog0392,analytics,48.5,42.7,64.5,0.0,0.0,0.0,0.0,0.0,0.0,0.0
gemma3,4.3B,1_Классификаторы_KNN_и_наивный_байес,Что такое евклидова метрика?,prompt14,dialog0393,analytics_gemma3_4b_prompt14_dialog0393,analytics,48.5,42.7,64.5,0.0,0.0,0.0,0.0,0.0,0.0,0.0
gemma3,4.3B,1_Классификаторы_KNN_и_наивный_байес,В чем суть наивного байесовского классификатора?,prompt14,dialog0394,analytics_gemma3_4b_prompt14_dialog0394,analytics,48.5,42.7,64.5,0.0,0.0,0.0,0.0,0.0,0.0,0.0
gemma3,4.3B,1_Классификаторы_KNN_и_наивный_байес,Как работает сглаживание по Лапласу?,prompt14,dialog0395,analytics_gemma3_4b_prompt14_dialog0395,analytics,48.5,42.7,64.5,0.0,0.0,0.0,0.0,0.0,0.0,0.0
gemma3,4.3B,1_Классификаторы_KNN_и_наивный_байес,Что такое манхэттенское расстояние?,prompt14,dialog0396,analytics_gemma3_4b_prompt14_dialog0396,analytics,48.5,42.7,64.5,0.0,0.0,0.0,0.0,0.0,0.0,0.0
gemma3,4.3B,1_Классификаторы_KNN_и_наивный_байес,Как вычислить вероятность класса в Naive Bayes?,prompt14,dialog0397,analytics_gemma3_4b_prompt14_dialog0397,analytics,48.5,42.7,64.5,0.0,0.0,0.0,0.0,0.0,0.0,0.0
gemma3,4.3B,1_Классификаторы_KNN_и_наивный_байес,Что такое расстояние Чебышёва?,prompt14,dialog0398,analytics_gemma3_4b_prompt14_dialog0398,analytics,48.5,42.7,64.5,0.0,0.0,0.0,0.0,0.0,0.0,0.0
gemma3,4.3B,1_Классификаторы_KNN_и_наивный_байес,Как классифицировать письмо как спам в Naive Bayes?,prompt14,dialog0399,analytics_gemma3_4b_prompt14_dialog0399,analytics,48.5,42.7,64.5,0.0,0.0,0.0,0.0,0.0,0.0,0.0
gemma3,4.3B,1_Классификаторы_KNN_и_наивный_байес,В чем разница между k-NN и взвешенным k-NN?,prompt14,dialog0400,analytics_gemma3_4b_prompt14_dialog0400,analytics,48.5,42.7,64.5,0.0,0.0,0.0,0.0,0.0,0.0,0.0
gemma3,4.3B,1_Классификаторы_KNN_и_наивный_байес,Вычисли вероятность спама для слова 'приз' из примера.,prompt14,dialog0401,analytics_gemma3_4b_prompt14_dialog0401,analytics,48.5,42.7,64.5,0.0,0.0,0.0,0.0,0.0,0.0,0.0
gemma3,4.3B,1_Классификаторы_KNN_и_наивный_байес,"Вычисли расстояние Евклида между (1,2) и (3,4).",prompt14,dialog0402,analytics_gemma3_4b_prompt14_dialog0402,analytics,48.5,42.7,64.5,0.0,0.0,0.0,0.0,0.0,0.0,0.0
gemma3,4.3B,1_Классификаторы_KNN_и_наивный_байес,"В примере с погодой, вычисли F(да) для теста.",prompt14,dialog0403,analytics_gemma3_4b_prompt14_dialog0403,analytics,48.5,42.7,64.5,0.0,0.0,0.0,0.0,0.0,0.0,0.0
gemma3,4.3B,1_Классификаторы_KNN_и_наивный_байес,"Вычисли P(да | пасмурно, холодно, влажно, да).",prompt14,dialog0404,analytics_gemma3_4b_prompt14_dialog0404,analytics,48.5,42.7,64.5,0.0,0.0,0.0,0.0,0.0,0.0,0.0
gemma3,4.3B,1_Классификаторы_KNN_и_наивный_байес,"В спам-примере, вычисли P(win|спам) с Laplace.",prompt14,dialog0405,analytics_gemma3_4b_prompt14_dialog0405,analytics,48.5,42.7,64.5,0.0,0.0,0.0,0.0,0.0,0.0,0.0
gemma3,4.3B,3. Инструменты обучения НС,Что такое autograd?,prompt14,dialog0406,analytics_gemma3_4b_prompt14_dialog0406,analytics,48.5,42.7,64.5,0.0,0.0,0.0,0.0,0.0,0.0,0.0
gemma3,4.3B,3. Инструменты обучения НС,Что такое TensorFlow?,prompt14,dialog0407,analytics_gemma3_4b_prompt14_dialog0407,analytics,48.5,42.7,64.5,0.0,0.0,0.0,0.0,0.0,0.0,0.0
gemma3,4.3B,3. Инструменты обучения НС,Что такое Keras?,prompt14,dialog0408,analytics_gemma3_4b_prompt14_dialog0408,analytics,48.5,42.7,64.5,0.0,0.0,0.0,0.0,0.0,0.0,0.0
gemma3,4.3B,3. Инструменты обучения НС,Что такое over-fitting?,prompt14,dialog0409,analytics_gemma3_4b_prompt14_dialog0409,analytics,48.5,42.7,64.5,0.0,0.0,0.0,0.0,0.0,0.0,0.0
gemma3,4.3B,3. Инструменты обучения НС,Что такое SGD?,prompt14,dialog0410,analytics_gemma3_4b_prompt14_dialog0410,analytics,48.5,42.7,64.5,0.0,0.0,0.0,0.0,0.0,0.0,0.0
gemma3,4.3B,3. Инструменты обучения НС,Что такое Momentum в оптимизации?,prompt14,dialog0411,analytics_gemma3_4b_prompt14_dialog0411,analytics,48.5,42.7,64.5,0.0,0.0,0.0,0.0,0.0,0.0,0.0
gemma3,4.3B,3. Инструменты обучения НС,Что такое Adam?,prompt14,dialog0412,analytics_gemma3_4b_prompt14_dialog0412,analytics,48.5,42.7,64.5,0.0,0.0,0.0,0.0,0.0,0.0,0.0
gemma3,4.3B,3. Инструменты обучения НС,Что такое learning rate?,prompt14,dialog0413,analytics_gemma3_4b_prompt14_dialog0413,analytics,48.5,42.7,64.5,0.0,0.0,0.0,0.0,0.0,0.0,0.0
gemma3,4.3B,3. Инструменты обучения НС,Что такое метод Ньютона?,prompt14,dialog0414,analytics_gemma3_4b_prompt14_dialog0414,analytics,48.5,42.7,64.5,0.0,0.0,0.0,0.0,0.0,0.0,0.0
gemma3,4.3B,3. Инструменты обучения НС,Что такое RMSProp?,prompt14,dialog0415,analytics_gemma3_4b_prompt14_dialog0415,analytics,48.5,42.7,64.5,0.0,0.0,0.0,0.0,0.0,0.0,0.0
gemma3,4.3B,3. Инструменты обучения НС,"Вычисли шаг в SGD для L(w)=w^2, w=3, η=0.1.",prompt14,dialog0416,analytics_gemma3_4b_prompt14_dialog0416,analytics,48.5,42.7,64.5,0.0,0.0,0.0,0.0,0.0,0.0,0.0
gemma3,4.3B,3. Инструменты обучения НС,"Вычисли v_t в Momentum: γ=0.9, v_{t-1}=1, ∇L=2, η=0.1.",prompt14,dialog0417,analytics_gemma3_4b_prompt14_dialog0417,analytics,48.5,42.7,64.5,0.0,0.0,0.0,0.0,0.0,0.0,0.0
gemma3,4.3B,3. Инструменты обучения НС,"В Adagrad, G_{t-1,ii}=4, g_t=2, η=0.1, ε=1e-8.",prompt14,dialog0418,analytics_gemma3_4b_prompt14_dialog0418,analytics,48.5,42.7,64.5,0.0,0.0,0.0,0.0,0.0,0.0,0.0
gemma3,4.3B,3. Инструменты обучения НС,"Вычисли learning rate decay: η0=0.1, t=5, T=10, linear.",prompt14,dialog0419,analytics_gemma3_4b_prompt14_dialog0419,analytics,48.5,42.7,64.5,0.0,0.0,0.0,0.0,0.0,0.0,0.0
gemma3,4.3B,3. Инструменты обучения НС,"В Nesterov, вычисли ∇ в ω - γ v_{t-1}: γ=0.9, v=1, ∇=2.",prompt14,dialog0420,analytics_gemma3_4b_prompt14_dialog0420,analytics,48.5,42.7,64.5,0.0,0.0,0.0,0.0,0.0,0.0,0.0
gemma3,4.3B,1_Классификаторы_KNN_и_наивный_байес,Что такое метод k-ближайших соседей?,prompt13,dialog0361,analytics_gemma3_4b_prompt13_dialog0361,analytics,47.3,44.3,61.7,0.0,0.0,0.0,0.0,0.0,0.0,0.0
gemma3,4.3B,1_Классификаторы_KNN_и_наивный_байес,Как выбрать количество соседей k в k-NN?,prompt13,dialog0362,analytics_gemma3_4b_prompt13_dialog0362,analytics,47.3,44.3,61.7,0.0,0.0,0.0,0.0,0.0,0.0,0.0
gemma3,4.3B,1_Классификаторы_KNN_и_наивный_байес,Что такое евклидова метрика?,prompt13,dialog0363,analytics_gemma3_4b_prompt13_dialog0363,analytics,47.3,44.3,61.7,0.0,0.0,0.0,0.0,0.0,0.0,0.0
gemma3,4.3B,1_Классификаторы_KNN_и_наивный_байес,В чем суть наивного байесовского классификатора?,prompt13,dialog0364,analytics_gemma3_4b_prompt13_dialog0364,analytics,47.3,44.3,61.7,0.0,0.0,0.0,0.0,0.0,0.0,0.0
gemma3,4.3B,1_Классификаторы_KNN_и_наивный_байес,Как работает сглаживание по Лапласу?,prompt13,dialog0365,analytics_gemma3_4b_prompt13_dialog0365,analytics,47.3,44.3,61.7,0.0,0.0,0.0,0.0,0.0,0.0,0.0
gemma3,4.3B,1_Классификаторы_KNN_и_наивный_байес,Что такое манхэттенское расстояние?,prompt13,dialog0366,analytics_gemma3_4b_prompt13_dialog0366,analytics,47.3,44.3,61.7,0.0,0.0,0.0,0.0,0.0,0.0,0.0
gemma3,4.3B,1_Классификаторы_KNN_и_наивный_байес,Как вычислить вероятность класса в Naive Bayes?,prompt13,dialog0367,analytics_gemma3_4b_prompt13_dialog0367,analytics,47.3,44.3,61.7,0.0,0.0,0.0,0.0,0.0,0.0,0.0
gemma3,4.3B,1_Классификаторы_KNN_и_наивный_байес,Что такое расстояние Чебышёва?,prompt13,dialog0368,analytics_gemma3_4b_prompt13_dialog0368,analytics,47.3,44.3,61.7,0.0,0.0,0.0,0.0,0.0,0.0,0.0
gemma3,4.3B,1_Классификаторы_KNN_и_наивный_байес,Как классифицировать письмо как спам в Naive Bayes?,prompt13,dialog0369,analytics_gemma3_4b_prompt13_dialog0369,analytics,47.3,44.3,61.7,0.0,0.0,0.0,0.0,0.0,0.0,0.0
gemma3,4.3B,1_Классификаторы_KNN_и_наивный_байес,В чем разница между k-NN и взвешенным k-NN?,prompt13,dialog0370,analytics_gemma3_4b_prompt13_dialog0370,analytics,47.3,44.3,61.7,0.0,0.0,0.0,0.0,0.0,0.0,0.0
gemma3,4.3B,1_Классификаторы_KNN_и_наивный_байес,Вычисли вероятность спама для слова 'приз' из примера.,prompt13,dialog0371,analytics_gemma3_4b_prompt13_dialog0371,analytics,47.3,44.3,61.7,0.0,0.0,0.0,0.0,0.0,0.0,0.0
gemma3,4.3B,1_Классификаторы_KNN_и_наивный_байес,"Вычисли расстояние Евклида между (1,2) и (3,4).",prompt13,dialog0372,analytics_gemma3_4b_prompt13_dialog0372,analytics,47.3,44.3,61.7,0.0,0.0,0.0,0.0,0.0,0.0,0.0
gemma3,4.3B,1_Классификаторы_KNN_и_наивный_байес,"В примере с погодой, вычисли F(да) для теста.",prompt13,dialog0373,analytics_gemma3_4b_prompt13_dialog0373,analytics,47.3,44.3,61.7,0.0,0.0,0.0,0.0,0.0,0.0,0.0
gemma3,4.3B,1_Классификаторы_KNN_и_наивный_байес,"Вычисли P(да | пасмурно, холодно, влажно, да).",prompt13,dialog0374,analytics_gemma3_4b_prompt13_dialog0374,analytics,47.3,44.3,61.7,0.0,0.0,0.0,0.0,0.0,0.0,0.0
gemma3,4.3B,1_Классификаторы_KNN_и_наивный_байес,"В спам-примере, вычисли P(win|спам) с Laplace.",prompt13,dialog0375,analytics_gemma3_4b_prompt13_dialog0375,analytics,47.3,44.3,61.7,0.0,0.0,0.0,0.0,0.0,0.0,0.0
gemma3,4.3B,3. Инструменты обучения НС,Что такое autograd?,prompt13,dialog0376,analytics_gemma3_4b_prompt13_dialog0376,analytics,47.3,44.3,61.7,0.0,0.0,0.0,0.0,0.0,0.0,0.0
gemma3,4.3B,3. Инструменты обучения НС,Что такое TensorFlow?,prompt13,dialog0377,analytics_gemma3_4b_prompt13_dialog0377,analytics,47.3,44.3,61.7,0.0,0.0,0.0,0.0,0.0,0.0,0.0
gemma3,4.3B,3. Инструменты обучения НС,Что такое Keras?,prompt13,dialog0378,analytics_gemma3_4b_prompt13_dialog0378,analytics,47.3,44.3,61.7,0.0,0.0,0.0,0.0,0.0,0.0,0.0
gemma3,4.3B,3. Инструменты обучения НС,Что такое over-fitting?,prompt13,dialog0379,analytics_gemma3_4b_prompt13_dialog0379,analytics,47.3,44.3,61.7,0.0,0.0,0.0,0.0,0.0,0.0,0.0
gemma3,4.3B,3. Инструменты обучения НС,Что такое SGD?,prompt13,dialog0380,analytics_gemma3_4b_prompt13_dialog0380,analytics,47.3,44.3,61.7,0.0,0.0,0.0,0.0,0.0,0.0,0.0
gemma3,4.3B,3. Инструменты обучения НС,Что такое Momentum в оптимизации?,prompt13,dialog0381,analytics_gemma3_4b_prompt13_dialog0381,analytics,47.3,44.3,61.7,0.0,0.0,0.0,0.0,0.0,0.0,0.0
gemma3,4.3B,3. Инструменты обучения НС,Что такое Adam?,prompt13,dialog0382,analytics_gemma3_4b_prompt13_dialog0382,analytics,47.3,44.3,61.7,0.0,0.0,0.0,0.0,0.0,0.0,0.0
gemma3,4.3B,3. Инструменты обучения НС,Что такое learning rate?,prompt13,dialog0383,analytics_gemma3_4b_prompt13_dialog0383,analytics,47.3,44.3,61.7,0.0,0.0,0.0,0.0,0.0,0.0,0.0
gemma3,4.3B,3. Инструменты обучения НС,Что такое метод Ньютона?,prompt13,dialog0384,analytics_gemma3_4b_prompt13_dialog0384,analytics,47.3,44.3,61.7,0.0,0.0,0.0,0.0,0.0,0.0,0.0
gemma3,4.3B,3. Инструменты обучения НС,Что такое RMSProp?,prompt13,dialog0385,analytics_gemma3_4b_prompt13_dialog0385,analytics,47.3,44.3,61.7,0.0,0.0,0.0,0.0,0.0,0.0,0.0
gemma3,4.3B,3. Инструменты обучения НС,"Вычисли шаг в SGD для L(w)=w^2, w=3, η=0.1.",prompt13,dialog0386,analytics_gemma3_4b_prompt13_dialog0386,analytics,47.3,44.3,61.7,0.0,0.0,0.0,0.0,0.0,0.0,0.0
gemma3,4.3B,3. Инструменты обучения НС,"Вычисли v_t в Momentum: γ=0.9, v_{t-1}=1, ∇L=2, η=0.1.",prompt13,dialog0387,analytics_gemma3_4b_prompt13_dialog0387,analytics,47.3,44.3,61.7,0.0,0.0,0.0,0.0,0.0,0.0,0.0
gemma3,4.3B,3. Инструменты обучения НС,"В Adagrad, G_{t-1,ii}=4, g_t=2, η=0.1, ε=1e-8.",prompt13,dialog0388,analytics_gemma3_4b_prompt13_dialog0388,analytics,47.3,44.3,61.7,0.0,0.0,0.0,0.0,0.0,0.0,0.0
gemma3,4.3B,3. Инструменты обучения НС,"Вычисли learning rate decay: η0=0.1, t=5, T=10, linear.",prompt13,dialog0389,analytics_gemma3_4b_prompt13_dialog0389,analytics,47.3,44.3,61.7,0.0,0.0,0.0,0.0,0.0,0.0,0.0
gemma3,4.3B,3. Инструменты обучения НС,"В Nesterov, вычисли ∇ в ω - γ v_{t-1}: γ=0.9, v=1, ∇=2.",prompt13,dialog0390,analytics_gemma3_4b_prompt13_dialog0390,analytics,47.3,44.3,61.7,0.0,0.0,0.0,0.0,0.0,0.0,0.0
gemma3,4.3B,1_Классификаторы_KNN_и_наивный_байес,Что такое метод k-ближайших соседей?,prompt4,dialog0091,analytics_gemma3_4b_prompt4_dialog0091,analytics,49.8,46.4,59.9,0.0,0.0,0.0,0.0,0.0,0.0,0.0
gemma3,4.3B,1_Классификаторы_KNN_и_наивный_байес,Как выбрать количество соседей k в k-NN?,prompt4,dialog0092,analytics_gemma3_4b_prompt4_dialog0092,analytics,49.8,46.4,59.9,0.0,0.0,0.0,0.0,0.0,0.0,0.0
gemma3,4.3B,1_Классификаторы_KNN_и_наивный_байес,Что такое евклидова метрика?,prompt4,dialog0093,analytics_gemma3_4b_prompt4_dialog0093,analytics,49.8,46.4,59.9,0.0,0.0,0.0,0.0,0.0,0.0,0.0
gemma3,4.3B,1_Классификаторы_KNN_и_наивный_байес,В чем суть наивного байесовского классификатора?,prompt4,dialog0094,analytics_gemma3_4b_prompt4_dialog0094,analytics,49.8,46.4,59.9,0.0,0.0,0.0,0.0,0.0,0.0,0.0
gemma3,4.3B,1_Классификаторы_KNN_и_наивный_байес,Как работает сглаживание по Лапласу?,prompt4,dialog0095,analytics_gemma3_4b_prompt4_dialog0095,analytics,49.8,46.4,59.9,0.0,0.0,0.0,0.0,0.0,0.0,0.0
gemma3,4.3B,1_Классификаторы_KNN_и_наивный_байес,Что такое манхэттенское расстояние?,prompt4,dialog0096,analytics_gemma3_4b_prompt4_dialog0096,analytics,49.8,46.4,59.9,0.0,0.0,0.0,0.0,0.0,0.0,0.0
gemma3,4.3B,1_Классификаторы_KNN_и_наивный_байес,Как вычислить вероятность класса в Naive Bayes?,prompt4,dialog0097,analytics_gemma3_4b_prompt4_dialog0097,analytics,49.8,46.4,59.9,0.0,0.0,0.0,0.0,0.0,0.0,0.0
gemma3,4.3B,1_Классификаторы_KNN_и_наивный_байес,Что такое расстояние Чебышёва?,prompt4,dialog0098,analytics_gemma3_4b_prompt4_dialog0098,analytics,49.8,46.4,59.9,0.0,0.0,0.0,0.0,0.0,0.0,0.0
gemma3,4.3B,1_Классификаторы_KNN_и_наивный_байес,Как классифицировать письмо как спам в Naive Bayes?,prompt4,dialog0099,analytics_gemma3_4b_prompt4_dialog0099,analytics,49.8,46.4,59.9,0.0,0.0,0.0,0.0,0.0,0.0,0.0
gemma3,4.3B,1_Классификаторы_KNN_и_наивный_байес,В чем разница между k-NN и взвешенным k-NN?,prompt4,dialog0100,analytics_gemma3_4b_prompt4_dialog0100,analytics,49.8,46.4,59.9,0.0,0.0,0.0,0.0,0.0,0.0,0.0
gemma3,4.3B,1_Классификаторы_KNN_и_наивный_байес,Вычисли вероятность спама для слова 'приз' из примера.,prompt4,dialog0101,analytics_gemma3_4b_prompt4_dialog0101,analytics,49.8,46.4,59.9,0.0,0.0,0.0,0.0,0.0,0.0,0.0
gemma3,4.3B,1_Классификаторы_KNN_и_наивный_байес,"Вычисли расстояние Евклида между (1,2) и (3,4).",prompt4,dialog0102,analytics_gemma3_4b_prompt4_dialog0102,analytics,49.8,46.4,59.9,0.0,0.0,0.0,0.0,0.0,0.0,0.0
gemma3,4.3B,1_Классификаторы_KNN_и_наивный_байес,"В примере с погодой, вычисли F(да) для теста.",prompt4,dialog0103,analytics_gemma3_4b_prompt4_dialog0103,analytics,49.8,46.4,59.9,0.0,0.0,0.0,0.0,0.0,0.0,0.0
gemma3,4.3B,1_Классификаторы_KNN_и_наивный_байес,"Вычисли P(да | пасмурно, холодно, влажно, да).",prompt4,dialog0104,analytics_gemma3_4b_prompt4_dialog0104,analytics,49.8,46.4,59.9,0.0,0.0,0.0,0.0,0.0,0.0,0.0
gemma3,4.3B,1_Классификаторы_KNN_и_наивный_байес,"В спам-примере, вычисли P(win|спам) с Laplace.",prompt4,dialog0105,analytics_gemma3_4b_prompt4_dialog0105,analytics,49.8,46.4,59.9,0.0,0.0,0.0,0.0,0.0,0.0,0.0
gemma3,4.3B,3. Инструменты обучения НС,Что такое autograd?,prompt4,dialog0106,analytics_gemma3_4b_prompt4_dialog0106,analytics,49.8,46.4,59.9,0.0,0.0,0.0,0.0,0.0,0.0,0.0
gemma3,4.3B,3. Инструменты обучения НС,Что такое TensorFlow?,prompt4,dialog0107,analytics_gemma3_4b_prompt4_dialog0107,analytics,49.8,46.4,59.9,0.0,0.0,0.0,0.0,0.0,0.0,0.0
gemma3,4.3B,3. Инструменты обучения НС,Что такое Keras?,prompt4,dialog0108,analytics_gemma3_4b_prompt4_dialog0108,analytics,49.8,46.4,59.9,0.0,0.0,0.0,0.0,0.0,0.0,0.0
gemma3,4.3B,3. Инструменты обучения НС,Что такое over-fitting?,prompt4,dialog0109,analytics_gemma3_4b_prompt4_dialog0109,analytics,49.8,46.4,59.9,0.0,0.0,0.0,0.0,0.0,0.0,0.0
gemma3,4.3B,3. Инструменты обучения НС,Что такое SGD?,prompt4,dialog0110,analytics_gemma3_4b_prompt4_dialog0110,analytics,49.8,46.4,59.9,0.0,0.0,0.0,0.0,0.0,0.0,0.0
gemma3,4.3B,3. Инструменты обучения НС,Что такое Momentum в оптимизации?,prompt4,dialog0111,analytics_gemma3_4b_prompt4_dialog0111,analytics,49.8,46.4,59.9,0.0,0.0,0.0,0.0,0.0,0.0,0.0
gemma3,4.3B,3. Инструменты обучения НС,Что такое Adam?,prompt4,dialog0112,analytics_gemma3_4b_prompt4_dialog0112,analytics,49.8,46.4,59.9,0.0,0.0,0.0,0.0,0.0,0.0,0.0
gemma3,4.3B,3. Инструменты обучения НС,Что такое learning rate?,prompt4,dialog0113,analytics_gemma3_4b_prompt4_dialog0113,analytics,49.8,46.4,59.9,0.0,0.0,0.0,0.0,0.0,0.0,0.0
gemma3,4.3B,3. Инструменты обучения НС,Что такое метод Ньютона?,prompt4,dialog0114,analytics_gemma3_4b_prompt4_dialog0114,analytics,49.8,46.4,59.9,0.0,0.0,0.0,0.0,0.0,0.0,0.0
gemma3,4.3B,3. Инструменты обучения НС,Что такое RMSProp?,prompt4,dialog0115,analytics_gemma3_4b_prompt4_dialog0115,analytics,49.8,46.4,59.9,0.0,0.0,0.0,0.0,0.0,0.0,0.0
gemma3,4.3B,3. Инструменты обучения НС,"Вычисли шаг в SGD для L(w)=w^2, w=3, η=0.1.",prompt4,dialog0116,analytics_gemma3_4b_prompt4_dialog0116,analytics,49.8,46.4,59.9,0.0,0.0,0.0,0.0,0.0,0.0,0.0
gemma3,4.3B,3. Инструменты обучения НС,"Вычисли v_t в Momentum: γ=0.9, v_{t-1}=1, ∇L=2, η=0.1.",prompt4,dialog0117,analytics_gemma3_4b_prompt4_dialog0117,analytics,49.8,46.4,59.9,0.0,0.0,0.0,0.0,0.0,0.0,0.0
gemma3,4.3B,3. Инструменты обучения НС,"В Adagrad, G_{t-1,ii}=4, g_t=2, η=0.1, ε=1e-8.",prompt4,dialog0118,analytics_gemma3_4b_prompt4_dialog0118,analytics,49.8,46.4,59.9,0.0,0.0,0.0,0.0,0.0,0.0,0.0
gemma3,4.3B,3. Инструменты обучения НС,"Вычисли learning rate decay: η0=0.1, t=5, T=10, linear.",prompt4,dialog0119,analytics_gemma3_4b_prompt4_dialog0119,analytics,49.8,46.4,59.9,0.0,0.0,0.0,0.0,0.0,0.0,0.0
gemma3,4.3B,3. Инструменты обучения НС,"В Nesterov, вычисли ∇ в ω - γ v_{t-1}: γ=0.9, v=1, ∇=2.",prompt4,dialog0120,analytics_gemma3_4b_prompt4_dialog0120,analytics,49.8,46.4,59.9,0.0,0.0,0.0,0.0,0.0,0.0,0.0
gemma3,4.3B,1_Классификаторы_KNN_и_наивный_байес,Что такое метод k-ближайших соседей?,prompt3,dialog0061,analytics_gemma3_4b_prompt3_dialog0061,analytics,46.9,49.2,55.6,0.0,0.0,0.0,0.0,0.0,0.0,0.0
gemma3,4.3B,1_Классификаторы_KNN_и_наивный_байес,Как выбрать количество соседей k в k-NN?,prompt3,dialog0062,analytics_gemma3_4b_prompt3_dialog0062,analytics,46.9,49.2,55.6,0.0,0.0,0.0,0.0,0.0,0.0,0.0
gemma3,4.3B,1_Классификаторы_KNN_и_наивный_байес,Что такое евклидова метрика?,prompt3,dialog0063,analytics_gemma3_4b_prompt3_dialog0063,analytics,46.9,49.2,55.6,0.0,0.0,0.0,0.0,0.0,0.0,0.0
gemma3,4.3B,1_Классификаторы_KNN_и_наивный_байес,В чем суть наивного байесовского классификатора?,prompt3,dialog0064,analytics_gemma3_4b_prompt3_dialog0064,analytics,46.9,49.2,55.6,0.0,0.0,0.0,0.0,0.0,0.0,0.0
gemma3,4.3B,1_Классификаторы_KNN_и_наивный_байес,Как работает сглаживание по Лапласу?,prompt3,dialog0065,analytics_gemma3_4b_prompt3_dialog0065,analytics,46.9,49.2,55.6,0.0,0.0,0.0,0.0,0.0,0.0,0.0
gemma3,4.3B,1_Классификаторы_KNN_и_наивный_байес,Что такое манхэттенское расстояние?,prompt3,dialog0066,analytics_gemma3_4b_prompt3_dialog0066,analytics,46.9,49.2,55.6,0.0,0.0,0.0,0.0,0.0,0.0,0.0
gemma3,4.3B,1_Классификаторы_KNN_и_наивный_байес,Как вычислить вероятность класса в Naive Bayes?,prompt3,dialog0067,analytics_gemma3_4b_prompt3_dialog0067,analytics,46.9,49.2,55.6,0.0,0.0,0.0,0.0,0.0,0.0,0.0
gemma3,4.3B,1_Классификаторы_KNN_и_наивный_байес,Что такое расстояние Чебышёва?,prompt3,dialog0068,analytics_gemma3_4b_prompt3_dialog0068,analytics,46.9,49.2,55.6,0.0,0.0,0.0,0.0,0.0,0.0,0.0
gemma3,4.3B,1_Классификаторы_KNN_и_наивный_байес,Как классифицировать письмо как спам в Naive Bayes?,prompt3,dialog0069,analytics_gemma3_4b_prompt3_dialog0069,analytics,46.9,49.2,55.6,0.0,0.0,0.0,0.0,0.0,0.0,0.0
gemma3,4.3B,1_Классификаторы_KNN_и_наивный_байес,В чем разница между k-NN и взвешенным k-NN?,prompt3,dialog0070,analytics_gemma3_4b_prompt3_dialog0070,analytics,46.9,49.2,55.6,0.0,0.0,0.0,0.0,0.0,0.0,0.0
gemma3,4.3B,1_Классификаторы_KNN_и_наивный_байес,Вычисли вероятность спама для слова 'приз' из примера.,prompt3,dialog0071,analytics_gemma3_4b_prompt3_dialog0071,analytics,46.9,49.2,55.6,0.0,0.0,0.0,0.0,0.0,0.0,0.0
gemma3,4.3B,1_Классификаторы_KNN_и_наивный_байес,"Вычисли расстояние Евклида между (1,2) и (3,4).",prompt3,dialog0072,analytics_gemma3_4b_prompt3_dialog0072,analytics,46.9,49.2,55.6,0.0,0.0,0.0,0.0,0.0,0.0,0.0
gemma3,4.3B,1_Классификаторы_KNN_и_наивный_байес,"В примере с погодой, вычисли F(да) для теста.",prompt3,dialog0073,analytics_gemma3_4b_prompt3_dialog0073,analytics,46.9,49.2,55.6,0.0,0.0,0.0,0.0,0.0,0.0,0.0
gemma3,4.3B,1_Классификаторы_KNN_и_наивный_байес,"Вычисли P(да | пасмурно, холодно, влажно, да).",prompt3,dialog0074,analytics_gemma3_4b_prompt3_dialog0074,analytics,46.9,49.2,55.6,0.0,0.0,0.0,0.0,0.0,0.0,0.0
gemma3,4.3B,1_Классификаторы_KNN_и_наивный_байес,"В спам-примере, вычисли P(win|спам) с Laplace.",prompt3,dialog0075,analytics_gemma3_4b_prompt3_dialog0075,analytics,46.9,49.2,55.6,0.0,0.0,0.0,0.0,0.0,0.0,0.0
gemma3,4.3B,3. Инструменты обучения НС,Что такое autograd?,prompt3,dialog0076,analytics_gemma3_4b_prompt3_dialog0076,analytics,46.9,49.2,55.6,0.0,0.0,0.0,0.0,0.0,0.0,0.0
gemma3,4.3B,3. Инструменты обучения НС,Что такое TensorFlow?,prompt3,dialog0077,analytics_gemma3_4b_prompt3_dialog0077,analytics,46.9,49.2,55.6,0.0,0.0,0.0,0.0,0.0,0.0,0.0
gemma3,4.3B,3. Инструменты обучения НС,Что такое Keras?,prompt3,dialog0078,analytics_gemma3_4b_prompt3_dialog0078,analytics,46.9,49.2,55.6,0.0,0.0,0.0,0.0,0.0,0.0,0.0
gemma3,4.3B,3. Инструменты обучения НС,Что такое over-fitting?,prompt3,dialog0079,analytics_gemma3_4b_prompt3_dialog0079,analytics,46.9,49.2,55.6,0.0,0.0,0.0,0.0,0.0,0.0,0.0
gemma3,4.3B,3. Инструменты обучения НС,Что такое SGD?,prompt3,dialog0080,analytics_gemma3_4b_prompt3_dialog0080,analytics,46.9,49.2,55.6,0.0,0.0,0.0,0.0,0.0,0.0,0.0
gemma3,4.3B,3. Инструменты обучения НС,Что такое Momentum в оптимизации?,prompt3,dialog0081,analytics_gemma3_4b_prompt3_dialog0081,analytics,46.9,49.2,55.6,0.0,0.0,0.0,0.0,0.0,0.0,0.0
gemma3,4.3B,3. Инструменты обучения НС,Что такое Adam?,prompt3,dialog0082,analytics_gemma3_4b_prompt3_dialog0082,analytics,46.9,49.2,55.6,0.0,0.0,0.0,0.0,0.0,0.0,0.0
gemma3,4.3B,3. Инструменты обучения НС,Что такое learning rate?,prompt3,dialog0083,analytics_gemma3_4b_prompt3_dialog0083,analytics,46.9,49.2,55.6,0.0,0.0,0.0,0.0,0.0,0.0,0.0
gemma3,4.3B,3. Инструменты обучения НС,Что такое метод Ньютона?,prompt3,dialog0084,analytics_gemma3_4b_prompt3_dialog0084,analytics,46.9,49.2,55.6,0.0,0.0,0.0,0.0,0.0,0.0,0.0
gemma3,4.3B,3. Инструменты обучения НС,Что такое RMSProp?,prompt3,dialog0085,analytics_gemma3_4b_prompt3_dialog0085,analytics,46.9,49.2,55.6,0.0,0.0,0.0,0.0,0.0,0.0,0.0
gemma3,4.3B,3. Инструменты обучения НС,"Вычисли шаг в SGD для L(w)=w^2, w=3, η=0.1.",prompt3,dialog0086,analytics_gemma3_4b_prompt3_dialog0086,analytics,46.9,49.2,55.6,0.0,0.0,0.0,0.0,0.0,0.0,0.0
gemma3,4.3B,3. Инструменты обучения НС,"Вычисли v_t в Momentum: γ=0.9, v_{t-1}=1, ∇L=2, η=0.1.",prompt3,dialog0087,analytics_gemma3_4b_prompt3_dialog0087,analytics,46.9,49.2,55.6,0.0,0.0,0.0,0.0,0.0,0.0,0.0
gemma3,4.3B,3. Инструменты обучения НС,"В Adagrad, G_{t-1,ii}=4, g_t=2, η=0.1, ε=1e-8.",prompt3,dialog0088,analytics_gemma3_4b_prompt3_dialog0088,analytics,46.9,49.2,55.6,0.0,0.0,0.0,0.0,0.0,0.0,0.0
gemma3,4.3B,3. Инструменты обучения НС,"Вычисли learning rate decay: η0=0.1, t=5, T=10, linear.",prompt3,dialog0089,analytics_gemma3_4b_prompt3_dialog0089,analytics,46.9,49.2,55.6,0.0,0.0,0.0,0.0,0.0,0.0,0.0
gemma3,4.3B,3. Инструменты обучения НС,"В Nesterov, вычисли ∇ в ω - γ v_{t-1}: γ=0.9, v=1, ∇=2.",prompt3,dialog0090,analytics_gemma3_4b_prompt3_dialog0090,analytics,46.9,49.2,55.6,0.0,0.0,0.0,0.0,0.0,0.0,0.0
gemma3,4.3B,1_Классификаторы_KNN_и_наивный_байес,Что такое метод k-ближайших соседей?,prompt2,dialog0031,analytics_gemma3_4b_prompt2_dialog0031,analytics,47.6,46.7,60.8,0.0,0.0,0.0,0.0,0.0,0.0,0.0
gemma3,4.3B,1_Классификаторы_KNN_и_наивный_байес,Как выбрать количество соседей k в k-NN?,prompt2,dialog0032,analytics_gemma3_4b_prompt2_dialog0032,analytics,47.6,46.7,60.8,0.0,0.0,0.0,0.0,0.0,0.0,0.0
gemma3,4.3B,1_Классификаторы_KNN_и_наивный_байес,Что такое евклидова метрика?,prompt2,dialog0033,analytics_gemma3_4b_prompt2_dialog0033,analytics,47.6,46.7,60.8,0.0,0.0,0.0,0.0,0.0,0.0,0.0
gemma3,4.3B,1_Классификаторы_KNN_и_наивный_байес,В чем суть наивного байесовского классификатора?,prompt2,dialog0034,analytics_gemma3_4b_prompt2_dialog0034,analytics,47.6,46.7,60.8,0.0,0.0,0.0,0.0,0.0,0.0,0.0
gemma3,4.3B,1_Классификаторы_KNN_и_наивный_байес,Как работает сглаживание по Лапласу?,prompt2,dialog0035,analytics_gemma3_4b_prompt2_dialog0035,analytics,47.6,46.7,60.8,0.0,0.0,0.0,0.0,0.0,0.0,0.0
gemma3,4.3B,1_Классификаторы_KNN_и_наивный_байес,Что такое манхэттенское расстояние?,prompt2,dialog0036,analytics_gemma3_4b_prompt2_dialog0036,analytics,47.6,46.7,60.8,0.0,0.0,0.0,0.0,0.0,0.0,0.0
gemma3,4.3B,1_Классификаторы_KNN_и_наивный_байес,Как вычислить вероятность класса в Naive Bayes?,prompt2,dialog0037,analytics_gemma3_4b_prompt2_dialog0037,analytics,47.6,46.7,60.8,0.0,0.0,0.0,0.0,0.0,0.0,0.0
gemma3,4.3B,1_Классификаторы_KNN_и_наивный_байес,Что такое расстояние Чебышёва?,prompt2,dialog0038,analytics_gemma3_4b_prompt2_dialog0038,analytics,47.6,46.7,60.8,0.0,0.0,0.0,0.0,0.0,0.0,0.0
gemma3,4.3B,1_Классификаторы_KNN_и_наивный_байес,Как классифицировать письмо как спам в Naive Bayes?,prompt2,dialog0039,analytics_gemma3_4b_prompt2_dialog0039,analytics,47.6,46.7,60.8,0.0,0.0,0.0,0.0,0.0,0.0,0.0
gemma3,4.3B,1_Классификаторы_KNN_и_наивный_байес,В чем разница между k-NN и взвешенным k-NN?,prompt2,dialog0040,analytics_gemma3_4b_prompt2_dialog0040,analytics,47.6,46.7,60.8,0.0,0.0,0.0,0.0,0.0,0.0,0.0
gemma3,4.3B,1_Классификаторы_KNN_и_наивный_байес,Вычисли вероятность спама для слова 'приз' из примера.,prompt2,dialog0041,analytics_gemma3_4b_prompt2_dialog0041,analytics,47.6,46.7,60.8,0.0,0.0,0.0,0.0,0.0,0.0,0.0
gemma3,4.3B,1_Классификаторы_KNN_и_наивный_байес,"Вычисли расстояние Евклида между (1,2) и (3,4).",prompt2,dialog0042,analytics_gemma3_4b_prompt2_dialog0042,analytics,47.6,46.7,60.8,0.0,0.0,0.0,0.0,0.0,0.0,0.0
gemma3,4.3B,1_Классификаторы_KNN_и_наивный_байес,"В примере с погодой, вычисли F(да) для теста.",prompt2,dialog0043,analytics_gemma3_4b_prompt2_dialog0043,analytics,47.6,46.7,60.8,0.0,0.0,0.0,0.0,0.0,0.0,0.0
gemma3,4.3B,1_Классификаторы_KNN_и_наивный_байес,"Вычисли P(да | пасмурно, холодно, влажно, да).",prompt2,dialog0044,analytics_gemma3_4b_prompt2_dialog0044,analytics,47.6,46.7,60.8,0.0,0.0,0.0,0.0,0.0,0.0,0.0
gemma3,4.3B,1_Классификаторы_KNN_и_наивный_байес,"В спам-примере, вычисли P(win|спам) с Laplace.",prompt2,dialog0045,analytics_gemma3_4b_prompt2_dialog0045,analytics,47.6,46.7,60.8,0.0,0.0,0.0,0.0,0.0,0.0,0.0
gemma3,4.3B,3. Инструменты обучения НС,Что такое autograd?,prompt2,dialog0046,analytics_gemma3_4b_prompt2_dialog0046,analytics,47.6,46.7,60.8,0.0,0.0,0.0,0.0,0.0,0.0,0.0
gemma3,4.3B,3. Инструменты обучения НС,Что такое TensorFlow?,prompt2,dialog0047,analytics_gemma3_4b_prompt2_dialog0047,analytics,47.6,46.7,60.8,0.0,0.0,0.0,0.0,0.0,0.0,0.0
gemma3,4.3B,3. Инструменты обучения НС,Что такое Keras?,prompt2,dialog0048,analytics_gemma3_4b_prompt2_dialog0048,analytics,47.6,46.7,60.8,0.0,0.0,0.0,0.0,0.0,0.0,0.0
gemma3,4.3B,3. Инструменты обучения НС,Что такое over-fitting?,prompt2,dialog0049,analytics_gemma3_4b_prompt2_dialog0049,analytics,47.6,46.7,60.8,0.0,0.0,0.0,0.0,0.0,0.0,0.0
gemma3,4.3B,3. Инструменты обучения НС,Что такое SGD?,prompt2,dialog0050,analytics_gemma3_4b_prompt2_dialog0050,analytics,47.6,46.7,60.8,0.0,0.0,0.0,0.0,0.0,0.0,0.0
gemma3,4.3B,3. Инструменты обучения НС,Что такое Momentum в оптимизации?,prompt2,dialog0051,analytics_gemma3_4b_prompt2_dialog0051,analytics,47.6,46.7,60.8,0.0,0.0,0.0,0.0,0.0,0.0,0.0
gemma3,4.3B,3. Инструменты обучения НС,Что такое Adam?,prompt2,dialog0052,analytics_gemma3_4b_prompt2_dialog0052,analytics,47.6,46.7,60.8,0.0,0.0,0.0,0.0,0.0,0.0,0.0
gemma3,4.3B,3. Инструменты обучения НС,Что такое learning rate?,prompt2,dialog0053,analytics_gemma3_4b_prompt2_dialog0053,analytics,47.6,46.7,60.8,0.0,0.0,0.0,0.0,0.0,0.0,0.0
gemma3,4.3B,3. Инструменты обучения НС,Что такое метод Ньютона?,prompt2,dialog0054,analytics_gemma3_4b_prompt2_dialog0054,analytics,47.6,46.7,60.8,0.0,0.0,0.0,0.0,0.0,0.0,0.0
gemma3,4.3B,3. Инструменты обучения НС,Что такое RMSProp?,prompt2,dialog0055,analytics_gemma3_4b_prompt2_dialog0055,analytics,47.6,46.7,60.8,0.0,0.0,0.0,0.0,0.0,0.0,0.0
gemma3,4.3B,3. Инструменты обучения НС,"Вычисли шаг в SGD для L(w)=w^2, w=3, η=0.1.",prompt2,dialog0056,analytics_gemma3_4b_prompt2_dialog0056,analytics,47.6,46.7,60.8,0.0,0.0,0.0,0.0,0.0,0.0,0.0
gemma3,4.3B,3. Инструменты обучения НС,"Вычисли v_t в Momentum: γ=0.9, v_{t-1}=1, ∇L=2, η=0.1.",prompt2,dialog0057,analytics_gemma3_4b_prompt2_dialog0057,analytics,47.6,46.7,60.8,0.0,0.0,0.0,0.0,0.0,0.0,0.0
gemma3,4.3B,3. Инструменты обучения НС,"В Adagrad, G_{t-1,ii}=4, g_t=2, η=0.1, ε=1e-8.",prompt2,dialog0058,analytics_gemma3_4b_prompt2_dialog0058,analytics,47.6,46.7,60.8,0.0,0.0,0.0,0.0,0.0,0.0,0.0
gemma3,4.3B,3. Инструменты обучения НС,"Вычисли learning rate decay: η0=0.1, t=5, T=10, linear.",prompt2,dialog0059,analytics_gemma3_4b_prompt2_dialog0059,analytics,47.6,46.7,60.8,0.0,0.0,0.0,0.0,0.0,0.0,0.0
gemma3,4.3B,3. Инструменты обучения НС,"В Nesterov, вычисли ∇ в ω - γ v_{t-1}: γ=0.9, v=1, ∇=2.",prompt2,dialog0060,analytics_gemma3_4b_prompt2_dialog0060,analytics,47.6,46.7,60.8,0.0,0.0,0.0,0.0,0.0,0.0,0.0
gemma3,4.3B,1_Классификаторы_KNN_и_наивный_байес,Что такое метод k-ближайших соседей?,prompt5,dialog0121,analytics_gemma3_4b_prompt5_dialog0121,analytics,49.3,51.8,56.6,0.0,0.0,0.0,0.0,0.0,0.0,0.0
gemma3,4.3B,1_Классификаторы_KNN_и_наивный_байес,Как выбрать количество соседей k в k-NN?,prompt5,dialog0122,analytics_gemma3_4b_prompt5_dialog0122,analytics,49.3,51.8,56.6,0.0,0.0,0.0,0.0,0.0,0.0,0.0
gemma3,4.3B,1_Классификаторы_KNN_и_наивный_байес,Что такое евклидова метрика?,prompt5,dialog0123,analytics_gemma3_4b_prompt5_dialog0123,analytics,49.3,51.8,56.6,0.0,0.0,0.0,0.0,0.0,0.0,0.0
gemma3,4.3B,1_Классификаторы_KNN_и_наивный_байес,В чем суть наивного байесовского классификатора?,prompt5,dialog0124,analytics_gemma3_4b_prompt5_dialog0124,analytics,49.3,51.8,56.6,0.0,0.0,0.0,0.0,0.0,0.0,0.0
gemma3,4.3B,1_Классификаторы_KNN_и_наивный_байес,Как работает сглаживание по Лапласу?,prompt5,dialog0125,analytics_gemma3_4b_prompt5_dialog0125,analytics,49.3,51.8,56.6,0.0,0.0,0.0,0.0,0.0,0.0,0.0
gemma3,4.3B,1_Классификаторы_KNN_и_наивный_байес,Что такое манхэттенское расстояние?,prompt5,dialog0126,analytics_gemma3_4b_prompt5_dialog0126,analytics,49.3,51.8,56.6,0.0,0.0,0.0,0.0,0.0,0.0,0.0
gemma3,4.3B,1_Классификаторы_KNN_и_наивный_байес,Как вычислить вероятность класса в Naive Bayes?,prompt5,dialog0127,analytics_gemma3_4b_prompt5_dialog0127,analytics,49.3,51.8,56.6,0.0,0.0,0.0,0.0,0.0,0.0,0.0
gemma3,4.3B,1_Классификаторы_KNN_и_наивный_байес,Что такое расстояние Чебышёва?,prompt5,dialog0128,analytics_gemma3_4b_prompt5_dialog0128,analytics,49.3,51.8,56.6,0.0,0.0,0.0,0.0,0.0,0.0,0.0
gemma3,4.3B,1_Классификаторы_KNN_и_наивный_байес,Как классифицировать письмо как спам в Naive Bayes?,prompt5,dialog0129,analytics_gemma3_4b_prompt5_dialog0129,analytics,49.3,51.8,56.6,0.0,0.0,0.0,0.0,0.0,0.0,0.0
gemma3,4.3B,1_Классификаторы_KNN_и_наивный_байес,В чем разница между k-NN и взвешенным k-NN?,prompt5,dialog0130,analytics_gemma3_4b_prompt5_dialog0130,analytics,49.3,51.8,56.6,0.0,0.0,0.0,0.0,0.0,0.0,0.0
gemma3,4.3B,1_Классификаторы_KNN_и_наивный_байес,Вычисли вероятность спама для слова 'приз' из примера.,prompt5,dialog0131,analytics_gemma3_4b_prompt5_dialog0131,analytics,49.3,51.8,56.6,0.0,0.0,0.0,0.0,0.0,0.0,0.0
gemma3,4.3B,1_Классификаторы_KNN_и_наивный_байес,"Вычисли расстояние Евклида между (1,2) и (3,4).",prompt5,dialog0132,analytics_gemma3_4b_prompt5_dialog0132,analytics,49.3,51.8,56.6,0.0,0.0,0.0,0.0,0.0,0.0,0.0
gemma3,4.3B,1_Классификаторы_KNN_и_наивный_байес,"В примере с погодой, вычисли F(да) для теста.",prompt5,dialog0133,analytics_gemma3_4b_prompt5_dialog0133,analytics,49.3,51.8,56.6,0.0,0.0,0.0,0.0,0.0,0.0,0.0
gemma3,4.3B,1_Классификаторы_KNN_и_наивный_байес,"Вычисли P(да | пасмурно, холодно, влажно, да).",prompt5,dialog0134,analytics_gemma3_4b_prompt5_dialog0134,analytics,49.3,51.8,56.6,0.0,0.0,0.0,0.0,0.0,0.0,0.0
gemma3,4.3B,1_Классификаторы_KNN_и_наивный_байес,"В спам-примере, вычисли P(win|спам) с Laplace.",prompt5,dialog0135,analytics_gemma3_4b_prompt5_dialog0135,analytics,49.3,51.8,56.6,0.0,0.0,0.0,0.0,0.0,0.0,0.0
gemma3,4.3B,3. Инструменты обучения НС,Что такое autograd?,prompt5,dialog0136,analytics_gemma3_4b_prompt5_dialog0136,analytics,49.3,51.8,56.6,0.0,0.0,0.0,0.0,0.0,0.0,0.0
gemma3,4.3B,3. Инструменты обучения НС,Что такое TensorFlow?,prompt5,dialog0137,analytics_gemma3_4b_prompt5_dialog0137,analytics,49.3,51.8,56.6,0.0,0.0,0.0,0.0,0.0,0.0,0.0
gemma3,4.3B,3. Инструменты обучения НС,Что такое Keras?,prompt5,dialog0138,analytics_gemma3_4b_prompt5_dialog0138,analytics,49.3,51.8,56.6,0.0,0.0,0.0,0.0,0.0,0.0,0.0
gemma3,4.3B,3. Инструменты обучения НС,Что такое over-fitting?,prompt5,dialog0139,analytics_gemma3_4b_prompt5_dialog0139,analytics,49.3,51.8,56.6,0.0,0.0,0.0,0.0,0.0,0.0,0.0
gemma3,4.3B,3. Инструменты обучения НС,Что такое SGD?,prompt5,dialog0140,analytics_gemma3_4b_prompt5_dialog0140,analytics,49.3,51.8,56.6,0.0,0.0,0.0,0.0,0.0,0.0,0.0
gemma3,4.3B,3. Инструменты обучения НС,Что такое Momentum в оптимизации?,prompt5,dialog0141,analytics_gemma3_4b_prompt5_dialog0141,analytics,49.3,51.8,56.6,0.0,0.0,0.0,0.0,0.0,0.0,0.0
gemma3,4.3B,3. Инструменты обучения НС,Что такое Adam?,prompt5,dialog0142,analytics_gemma3_4b_prompt5_dialog0142,analytics,49.3,51.8,56.6,0.0,0.0,0.0,0.0,0.0,0.0,0.0
gemma3,4.3B,3. Инструменты обучения НС,Что такое learning rate?,prompt5,dialog0143,analytics_gemma3_4b_prompt5_dialog0143,analytics,49.3,51.8,56.6,0.0,0.0,0.0,0.0,0.0,0.0,0.0
gemma3,4.3B,3. Инструменты обучения НС,Что такое метод Ньютона?,prompt5,dialog0144,analytics_gemma3_4b_prompt5_dialog0144,analytics,49.3,51.8,56.6,0.0,0.0,0.0,0.0,0.0,0.0,0.0
gemma3,4.3B,3. Инструменты обучения НС,Что такое RMSProp?,prompt5,dialog0145,analytics_gemma3_4b_prompt5_dialog0145,analytics,49.3,51.8,56.6,0.0,0.0,0.0,0.0,0.0,0.0,0.0
gemma3,4.3B,3. Инструменты обучения НС,"Вычисли шаг в SGD для L(w)=w^2, w=3, η=0.1.",prompt5,dialog0146,analytics_gemma3_4b_prompt5_dialog0146,analytics,49.3,51.8,56.6,0.0,0.0,0.0,0.0,0.0,0.0,0.0
gemma3,4.3B,3. Инструменты обучения НС,"Вычисли v_t в Momentum: γ=0.9, v_{t-1}=1, ∇L=2, η=0.1.",prompt5,dialog0147,analytics_gemma3_4b_prompt5_dialog0147,analytics,49.3,51.8,56.6,0.0,0.0,0.0,0.0,0.0,0.0,0.0
gemma3,4.3B,3. Инструменты обучения НС,"В Adagrad, G_{t-1,ii}=4, g_t=2, η=0.1, ε=1e-8.",prompt5,dialog0148,analytics_gemma3_4b_prompt5_dialog0148,analytics,49.3,51.8,56.6,0.0,0.0,0.0,0.0,0.0,0.0,0.0
gemma3,4.3B,3. Инструменты обучения НС,"Вычисли learning rate decay: η0=0.1, t=5, T=10, linear.",prompt5,dialog0149,analytics_gemma3_4b_prompt5_dialog0149,analytics,49.3,51.8,56.6,0.0,0.0,0.0,0.0,0.0,0.0,0.0
gemma3,4.3B,3. Инструменты обучения НС,"В Nesterov, вычисли ∇ в ω - γ v_{t-1}: γ=0.9, v=1, ∇=2.",prompt5,dialog0150,analytics_gemma3_4b_prompt5_dialog0150,analytics,49.3,51.8,56.6,0.0,0.0,0.0,0.0,0.0,0.0,0.0
gemma3,4.3B,1_Классификаторы_KNN_и_наивный_байес,Что такое метод k-ближайших соседей?,prompt12,dialog0331,analytics_gemma3_4b_prompt12_dialog0331,analytics,46.8,45.3,57.1,0.0,0.0,0.0,0.0,0.0,0.0,0.0
gemma3,4.3B,1_Классификаторы_KNN_и_наивный_байес,Как выбрать количество соседей k в k-NN?,prompt12,dialog0332,analytics_gemma3_4b_prompt12_dialog0332,analytics,46.8,45.3,57.1,0.0,0.0,0.0,0.0,0.0,0.0,0.0
gemma3,4.3B,1_Классификаторы_KNN_и_наивный_байес,Что такое евклидова метрика?,prompt12,dialog0333,analytics_gemma3_4b_prompt12_dialog0333,analytics,46.8,45.3,57.1,0.0,0.0,0.0,0.0,0.0,0.0,0.0
gemma3,4.3B,1_Классификаторы_KNN_и_наивный_байес,В чем суть наивного байесовского классификатора?,prompt12,dialog0334,analytics_gemma3_4b_prompt12_dialog0334,analytics,46.8,45.3,57.1,0.0,0.0,0.0,0.0,0.0,0.0,0.0
gemma3,4.3B,1_Классификаторы_KNN_и_наивный_байес,Как работает сглаживание по Лапласу?,prompt12,dialog0335,analytics_gemma3_4b_prompt12_dialog0335,analytics,46.8,45.3,57.1,0.0,0.0,0.0,0.0,0.0,0.0,0.0
gemma3,4.3B,1_Классификаторы_KNN_и_наивный_байес,Что такое манхэттенское расстояние?,prompt12,dialog0336,analytics_gemma3_4b_prompt12_dialog0336,analytics,46.8,45.3,57.1,0.0,0.0,0.0,0.0,0.0,0.0,0.0
gemma3,4.3B,1_Классификаторы_KNN_и_наивный_байес,Как вычислить вероятность класса в Naive Bayes?,prompt12,dialog0337,analytics_gemma3_4b_prompt12_dialog0337,analytics,46.8,45.3,57.1,0.0,0.0,0.0,0.0,0.0,0.0,0.0
gemma3,4.3B,1_Классификаторы_KNN_и_наивный_байес,Что такое расстояние Чебышёва?,prompt12,dialog0338,analytics_gemma3_4b_prompt12_dialog0338,analytics,46.8,45.3,57.1,0.0,0.0,0.0,0.0,0.0,0.0,0.0
gemma3,4.3B,1_Классификаторы_KNN_и_наивный_байес,Как классифицировать письмо как спам в Naive Bayes?,prompt12,dialog0339,analytics_gemma3_4b_prompt12_dialog0339,analytics,46.8,45.3,57.1,0.0,0.0,0.0,0.0,0.0,0.0,0.0
gemma3,4.3B,1_Классификаторы_KNN_и_наивный_байес,В чем разница между k-NN и взвешенным k-NN?,prompt12,dialog0340,analytics_gemma3_4b_prompt12_dialog0340,analytics,46.8,45.3,57.1,0.0,0.0,0.0,0.0,0.0,0.0,0.0
gemma3,4.3B,1_Классификаторы_KNN_и_наивный_байес,Вычисли вероятность спама для слова 'приз' из примера.,prompt12,dialog0341,analytics_gemma3_4b_prompt12_dialog0341,analytics,46.8,45.3,57.1,0.0,0.0,0.0,0.0,0.0,0.0,0.0
gemma3,4.3B,1_Классификаторы_KNN_и_наивный_байес,"Вычисли расстояние Евклида между (1,2) и (3,4).",prompt12,dialog0342,analytics_gemma3_4b_prompt12_dialog0342,analytics,46.8,45.3,57.1,0.0,0.0,0.0,0.0,0.0,0.0,0.0
gemma3,4.3B,1_Классификаторы_KNN_и_наивный_байес,"В примере с погодой, вычисли F(да) для теста.",prompt12,dialog0343,analytics_gemma3_4b_prompt12_dialog0343,analytics,46.8,45.3,57.1,0.0,0.0,0.0,0.0,0.0,0.0,0.0
gemma3,4.3B,1_Классификаторы_KNN_и_наивный_байес,"Вычисли P(да | пасмурно, холодно, влажно, да).",prompt12,dialog0344,analytics_gemma3_4b_prompt12_dialog0344,analytics,46.8,45.3,57.1,0.0,0.0,0.0,0.0,0.0,0.0,0.0
gemma3,4.3B,1_Классификаторы_KNN_и_наивный_байес,"В спам-примере, вычисли P(win|спам) с Laplace.",prompt12,dialog0345,analytics_gemma3_4b_prompt12_dialog0345,analytics,46.8,45.3,57.1,0.0,0.0,0.0,0.0,0.0,0.0,0.0
gemma3,4.3B,3. Инструменты обучения НС,Что такое autograd?,prompt12,dialog0346,analytics_gemma3_4b_prompt12_dialog0346,analytics,46.8,45.3,57.1,0.0,0.0,0.0,0.0,0.0,0.0,0.0
gemma3,4.3B,3. Инструменты обучения НС,Что такое TensorFlow?,prompt12,dialog0347,analytics_gemma3_4b_prompt12_dialog0347,analytics,46.8,45.3,57.1,0.0,0.0,0.0,0.0,0.0,0.0,0.0
gemma3,4.3B,3. Инструменты обучения НС,Что такое Keras?,prompt12,dialog0348,analytics_gemma3_4b_prompt12_dialog0348,analytics,46.8,45.3,57.1,0.0,0.0,0.0,0.0,0.0,0.0,0.0
gemma3,4.3B,3. Инструменты обучения НС,Что такое over-fitting?,prompt12,dialog0349,analytics_gemma3_4b_prompt12_dialog0349,analytics,46.8,45.3,57.1,0.0,0.0,0.0,0.0,0.0,0.0,0.0
gemma3,4.3B,3. Инструменты обучения НС,Что такое SGD?,prompt12,dialog0350,analytics_gemma3_4b_prompt12_dialog0350,analytics,46.8,45.3,57.1,0.0,0.0,0.0,0.0,0.0,0.0,0.0
gemma3,4.3B,3. Инструменты обучения НС,Что такое Momentum в оптимизации?,prompt12,dialog0351,analytics_gemma3_4b_prompt12_dialog0351,analytics,46.8,45.3,57.1,0.0,0.0,0.0,0.0,0.0,0.0,0.0
gemma3,4.3B,3. Инструменты обучения НС,Что такое Adam?,prompt12,dialog0352,analytics_gemma3_4b_prompt12_dialog0352,analytics,46.8,45.3,57.1,0.0,0.0,0.0,0.0,0.0,0.0,0.0
gemma3,4.3B,3. Инструменты обучения НС,Что такое learning rate?,prompt12,dialog0353,analytics_gemma3_4b_prompt12_dialog0353,analytics,46.8,45.3,57.1,0.0,0.0,0.0,0.0,0.0,0.0,0.0
gemma3,4.3B,3. Инструменты обучения НС,Что такое метод Ньютона?,prompt12,dialog0354,analytics_gemma3_4b_prompt12_dialog0354,analytics,46.8,45.3,57.1,0.0,0.0,0.0,0.0,0.0,0.0,0.0
gemma3,4.3B,3. Инструменты обучения НС,Что такое RMSProp?,prompt12,dialog0355,analytics_gemma3_4b_prompt12_dialog0355,analytics,46.8,45.3,57.1,0.0,0.0,0.0,0.0,0.0,0.0,0.0
gemma3,4.3B,3. Инструменты обучения НС,"Вычисли шаг в SGD для L(w)=w^2, w=3, η=0.1.",prompt12,dialog0356,analytics_gemma3_4b_prompt12_dialog0356,analytics,46.8,45.3,57.1,0.0,0.0,0.0,0.0,0.0,0.0,0.0
gemma3,4.3B,3. Инструменты обучения НС,"Вычисли v_t в Momentum: γ=0.9, v_{t-1}=1, ∇L=2, η=0.1.",prompt12,dialog0357,analytics_gemma3_4b_prompt12_dialog0357,analytics,46.8,45.3,57.1,0.0,0.0,0.0,0.0,0.0,0.0,0.0
gemma3,4.3B,3. Инструменты обучения НС,"В Adagrad, G_{t-1,ii}=4, g_t=2, η=0.1, ε=1e-8.",prompt12,dialog0358,analytics_gemma3_4b_prompt12_dialog0358,analytics,46.8,45.3,57.1,0.0,0.0,0.0,0.0,0.0,0.0,0.0
gemma3,4.3B,3. Инструменты обучения НС,"Вычисли learning rate decay: η0=0.1, t=5, T=10, linear.",prompt12,dialog0359,analytics_gemma3_4b_prompt12_dialog0359,analytics,46.8,45.3,57.1,0.0,0.0,0.0,0.0,0.0,0.0,0.0
gemma3,4.3B,3. Инструменты обучения НС,"В Nesterov, вычисли ∇ в ω - γ v_{t-1}: γ=0.9, v=1, ∇=2.",prompt12,dialog0360,analytics_gemma3_4b_prompt12_dialog0360,analytics,46.8,45.3,57.1,0.0,0.0,0.0,0.0,0.0,0.0,0.0
gemma3,4.3B,1_Классификаторы_KNN_и_наивный_байес,Что такое метод k-ближайших соседей?,prompt15,dialog0421,analytics_gemma3_4b_prompt15_dialog0421,analytics,43.6,44.4,55.9,0.0,0.0,0.0,0.0,0.0,0.0,0.0
gemma3,4.3B,1_Классификаторы_KNN_и_наивный_байес,Как выбрать количество соседей k в k-NN?,prompt15,dialog0422,analytics_gemma3_4b_prompt15_dialog0422,analytics,43.6,44.4,55.9,0.0,0.0,0.0,0.0,0.0,0.0,0.0
gemma3,4.3B,1_Классификаторы_KNN_и_наивный_байес,Что такое евклидова метрика?,prompt15,dialog0423,analytics_gemma3_4b_prompt15_dialog0423,analytics,43.6,44.4,55.9,0.0,0.0,0.0,0.0,0.0,0.0,0.0
gemma3,4.3B,1_Классификаторы_KNN_и_наивный_байес,В чем суть наивного байесовского классификатора?,prompt15,dialog0424,analytics_gemma3_4b_prompt15_dialog0424,analytics,43.6,44.4,55.9,0.0,0.0,0.0,0.0,0.0,0.0,0.0
gemma3,4.3B,1_Классификаторы_KNN_и_наивный_байес,Как работает сглаживание по Лапласу?,prompt15,dialog0425,analytics_gemma3_4b_prompt15_dialog0425,analytics,43.6,44.4,55.9,0.0,0.0,0.0,0.0,0.0,0.0,0.0
gemma3,4.3B,1_Классификаторы_KNN_и_наивный_байес,Что такое манхэттенское расстояние?,prompt15,dialog0426,analytics_gemma3_4b_prompt15_dialog0426,analytics,43.6,44.4,55.9,0.0,0.0,0.0,0.0,0.0,0.0,0.0
gemma3,4.3B,1_Классификаторы_KNN_и_наивный_байес,Как вычислить вероятность класса в Naive Bayes?,prompt15,dialog0427,analytics_gemma3_4b_prompt15_dialog0427,analytics,43.6,44.4,55.9,0.0,0.0,0.0,0.0,0.0,0.0,0.0
gemma3,4.3B,1_Классификаторы_KNN_и_наивный_байес,Что такое расстояние Чебышёва?,prompt15,dialog0428,analytics_gemma3_4b_prompt15_dialog0428,analytics,43.6,44.4,55.9,0.0,0.0,0.0,0.0,0.0,0.0,0.0
gemma3,4.3B,1_Классификаторы_KNN_и_наивный_байес,Как классифицировать письмо как спам в Naive Bayes?,prompt15,dialog0429,analytics_gemma3_4b_prompt15_dialog0429,analytics,43.6,44.4,55.9,0.0,0.0,0.0,0.0,0.0,0.0,0.0
gemma3,4.3B,1_Классификаторы_KNN_и_наивный_байес,В чем разница между k-NN и взвешенным k-NN?,prompt15,dialog0430,analytics_gemma3_4b_prompt15_dialog0430,analytics,43.6,44.4,55.9,0.0,0.0,0.0,0.0,0.0,0.0,0.0
gemma3,4.3B,1_Классификаторы_KNN_и_наивный_байес,Вычисли вероятность спама для слова 'приз' из примера.,prompt15,dialog0431,analytics_gemma3_4b_prompt15_dialog0431,analytics,43.6,44.4,55.9,0.0,0.0,0.0,0.0,0.0,0.0,0.0
gemma3,4.3B,1_Классификаторы_KNN_и_наивный_байес,"Вычисли расстояние Евклида между (1,2) и (3,4).",prompt15,dialog0432,analytics_gemma3_4b_prompt15_dialog0432,analytics,43.6,44.4,55.9,0.0,0.0,0.0,0.0,0.0,0.0,0.0
gemma3,4.3B,1_Классификаторы_KNN_и_наивный_байес,"В примере с погодой, вычисли F(да) для теста.",prompt15,dialog0433,analytics_gemma3_4b_prompt15_dialog0433,analytics,43.6,44.4,55.9,0.0,0.0,0.0,0.0,0.0,0.0,0.0
gemma3,4.3B,1_Классификаторы_KNN_и_наивный_байес,"Вычисли P(да | пасмурно, холодно, влажно, да).",prompt15,dialog0434,analytics_gemma3_4b_prompt15_dialog0434,analytics,43.6,44.4,55.9,0.0,0.0,0.0,0.0,0.0,0.0,0.0
gemma3,4.3B,1_Классификаторы_KNN_и_наивный_байес,"В спам-примере, вычисли P(win|спам) с Laplace.",prompt15,dialog0435,analytics_gemma3_4b_prompt15_dialog0435,analytics,43.6,44.4,55.9,0.0,0.0,0.0,0.0,0.0,0.0,0.0
gemma3,4.3B,3. Инструменты обучения НС,Что такое autograd?,prompt15,dialog0436,analytics_gemma3_4b_prompt15_dialog0436,analytics,43.6,44.4,55.9,0.0,0.0,0.0,0.0,0.0,0.0,0.0
gemma3,4.3B,3. Инструменты обучения НС,Что такое TensorFlow?,prompt15,dialog0437,analytics_gemma3_4b_prompt15_dialog0437,analytics,43.6,44.4,55.9,0.0,0.0,0.0,0.0,0.0,0.0,0.0
gemma3,4.3B,3. Инструменты обучения НС,Что такое Keras?,prompt15,dialog0438,analytics_gemma3_4b_prompt15_dialog0438,analytics,43.6,44.4,55.9,0.0,0.0,0.0,0.0,0.0,0.0,0.0
gemma3,4.3B,3. Инструменты обучения НС,Что такое over-fitting?,prompt15,dialog0439,analytics_gemma3_4b_prompt15_dialog0439,analytics,43.6,44.4,55.9,0.0,0.0,0.0,0.0,0.0,0.0,0.0
gemma3,4.3B,3. Инструменты обучения НС,Что такое SGD?,prompt15,dialog0440,analytics_gemma3_4b_prompt15_dialog0440,analytics,43.6,44.4,55.9,0.0,0.0,0.0,0.0,0.0,0.0,0.0
gemma3,4.3B,3. Инструменты обучения НС,Что такое Momentum в оптимизации?,prompt15,dialog0441,analytics_gemma3_4b_prompt15_dialog0441,analytics,43.6,44.4,55.9,0.0,0.0,0.0,0.0,0.0,0.0,0.0
gemma3,4.3B,3. Инструменты обучения НС,Что такое Adam?,prompt15,dialog0442,analytics_gemma3_4b_prompt15_dialog0442,analytics,43.6,44.4,55.9,0.0,0.0,0.0,0.0,0.0,0.0,0.0
gemma3,4.3B,3. Инструменты обучения НС,Что такое learning rate?,prompt15,dialog0443,analytics_gemma3_4b_prompt15_dialog0443,analytics,43.6,44.4,55.9,0.0,0.0,0.0,0.0,0.0,0.0,0.0
gemma3,4.3B,3. Инструменты обучения НС,Что такое метод Ньютона?,prompt15,dialog0444,analytics_gemma3_4b_prompt15_dialog0444,analytics,43.6,44.4,55.9,0.0,0.0,0.0,0.0,0.0,0.0,0.0
gemma3,4.3B,3. Инструменты обучения НС,Что такое RMSProp?,prompt15,dialog0445,analytics_gemma3_4b_prompt15_dialog0445,analytics,43.6,44.4,55.9,0.0,0.0,0.0,0.0,0.0,0.0,0.0
gemma3,4.3B,3. Инструменты обучения НС,"Вычисли шаг в SGD для L(w)=w^2, w=3, η=0.1.",prompt15,dialog0446,analytics_gemma3_4b_prompt15_dialog0446,analytics,43.6,44.4,55.9,0.0,0.0,0.0,0.0,0.0,0.0,0.0
gemma3,4.3B,3. Инструменты обучения НС,"Вычисли v_t в Momentum: γ=0.9, v_{t-1}=1, ∇L=2, η=0.1.",prompt15,dialog0447,analytics_gemma3_4b_prompt15_dialog0447,analytics,43.6,44.4,55.9,0.0,0.0,0.0,0.0,0.0,0.0,0.0
gemma3,4.3B,3. Инструменты обучения НС,"В Adagrad, G_{t-1,ii}=4, g_t=2, η=0.1, ε=1e-8.",prompt15,dialog0448,analytics_gemma3_4b_prompt15_dialog0448,analytics,43.6,44.4,55.9,0.0,0.0,0.0,0.0,0.0,0.0,0.0
gemma3,4.3B,3. Инструменты обучения НС,"Вычисли learning rate decay: η0=0.1, t=5, T=10, linear.",prompt15,dialog0449,analytics_gemma3_4b_prompt15_dialog0449,analytics,43.6,44.4,55.9,0.0,0.0,0.0,0.0,0.0,0.0,0.0
gemma3,4.3B,3. Инструменты обучения НС,"В Nesterov, вычисли ∇ в ω - γ v_{t-1}: γ=0.9, v=1, ∇=2.",prompt15,dialog0450,analytics_gemma3_4b_prompt15_dialog0450,analytics,43.6,44.4,55.9,0.0,0.0,0.0,0.0,0.0,0.0,0.0
gemma3,4.3B,1_Классификаторы_KNN_и_наивный_байес,Что такое метод k-ближайших соседей?,prompt10,dialog0271,analytics_gemma3_4b_prompt10_dialog0271,analytics,43.5,42.1,55.2,0.0,0.0,0.0,0.0,0.0,0.0,0.0
gemma3,4.3B,1_Классификаторы_KNN_и_наивный_байес,Как выбрать количество соседей k в k-NN?,prompt10,dialog0272,analytics_gemma3_4b_prompt10_dialog0272,analytics,43.5,42.1,55.2,0.0,0.0,0.0,0.0,0.0,0.0,0.0
gemma3,4.3B,1_Классификаторы_KNN_и_наивный_байес,Что такое евклидова метрика?,prompt10,dialog0273,analytics_gemma3_4b_prompt10_dialog0273,analytics,43.5,42.1,55.2,0.0,0.0,0.0,0.0,0.0,0.0,0.0
gemma3,4.3B,1_Классификаторы_KNN_и_наивный_байес,В чем суть наивного байесовского классификатора?,prompt10,dialog0274,analytics_gemma3_4b_prompt10_dialog0274,analytics,43.5,42.1,55.2,0.0,0.0,0.0,0.0,0.0,0.0,0.0
gemma3,4.3B,1_Классификаторы_KNN_и_наивный_байес,Как работает сглаживание по Лапласу?,prompt10,dialog0275,analytics_gemma3_4b_prompt10_dialog0275,analytics,43.5,42.1,55.2,0.0,0.0,0.0,0.0,0.0,0.0,0.0
gemma3,4.3B,1_Классификаторы_KNN_и_наивный_байес,Что такое манхэттенское расстояние?,prompt10,dialog0276,analytics_gemma3_4b_prompt10_dialog0276,analytics,43.5,42.1,55.2,0.0,0.0,0.0,0.0,0.0,0.0,0.0
gemma3,4.3B,1_Классификаторы_KNN_и_наивный_байес,Как вычислить вероятность класса в Naive Bayes?,prompt10,dialog0277,analytics_gemma3_4b_prompt10_dialog0277,analytics,43.5,42.1,55.2,0.0,0.0,0.0,0.0,0.0,0.0,0.0
gemma3,4.3B,1_Классификаторы_KNN_и_наивный_байес,Что такое расстояние Чебышёва?,prompt10,dialog0278,analytics_gemma3_4b_prompt10_dialog0278,analytics,43.5,42.1,55.2,0.0,0.0,0.0,0.0,0.0,0.0,0.0
gemma3,4.3B,1_Классификаторы_KNN_и_наивный_байес,Как классифицировать письмо как спам в Naive Bayes?,prompt10,dialog0279,analytics_gemma3_4b_prompt10_dialog0279,analytics,43.5,42.1,55.2,0.0,0.0,0.0,0.0,0.0,0.0,0.0
gemma3,4.3B,1_Классификаторы_KNN_и_наивный_байес,В чем разница между k-NN и взвешенным k-NN?,prompt10,dialog0280,analytics_gemma3_4b_prompt10_dialog0280,analytics,43.5,42.1,55.2,0.0,0.0,0.0,0.0,0.0,0.0,0.0
gemma3,4.3B,1_Классификаторы_KNN_и_наивный_байес,Вычисли вероятность спама для слова 'приз' из примера.,prompt10,dialog0281,analytics_gemma3_4b_prompt10_dialog0281,analytics,43.5,42.1,55.2,0.0,0.0,0.0,0.0,0.0,0.0,0.0
gemma3,4.3B,1_Классификаторы_KNN_и_наивный_байес,"Вычисли расстояние Евклида между (1,2) и (3,4).",prompt10,dialog0282,analytics_gemma3_4b_prompt10_dialog0282,analytics,43.5,42.1,55.2,0.0,0.0,0.0,0.0,0.0,0.0,0.0
gemma3,4.3B,1_Классификаторы_KNN_и_наивный_байес,"В примере с погодой, вычисли F(да) для теста.",prompt10,dialog0283,analytics_gemma3_4b_prompt10_dialog0283,analytics,43.5,42.1,55.2,0.0,0.0,0.0,0.0,0.0,0.0,0.0
gemma3,4.3B,1_Классификаторы_KNN_и_наивный_байес,"Вычисли P(да | пасмурно, холодно, влажно, да).",prompt10,dialog0284,analytics_gemma3_4b_prompt10_dialog0284,analytics,43.5,42.1,55.2,0.0,0.0,0.0,0.0,0.0,0.0,0.0
gemma3,4.3B,1_Классификаторы_KNN_и_наивный_байес,"В спам-примере, вычисли P(win|спам) с Laplace.",prompt10,dialog0285,analytics_gemma3_4b_prompt10_dialog0285,analytics,43.5,42.1,55.2,0.0,0.0,0.0,0.0,0.0,0.0,0.0
gemma3,4.3B,3. Инструменты обучения НС,Что такое autograd?,prompt10,dialog0286,analytics_gemma3_4b_prompt10_dialog0286,analytics,43.5,42.1,55.2,0.0,0.0,0.0,0.0,0.0,0.0,0.0
gemma3,4.3B,3. Инструменты обучения НС,Что такое TensorFlow?,prompt10,dialog0287,analytics_gemma3_4b_prompt10_dialog0287,analytics,43.5,42.1,55.2,0.0,0.0,0.0,0.0,0.0,0.0,0.0
gemma3,4.3B,3. Инструменты обучения НС,Что такое Keras?,prompt10,dialog0288,analytics_gemma3_4b_prompt10_dialog0288,analytics,43.5,42.1,55.2,0.0,0.0,0.0,0.0,0.0,0.0,0.0
gemma3,4.3B,3. Инструменты обучения НС,Что такое over-fitting?,prompt10,dialog0289,analytics_gemma3_4b_prompt10_dialog0289,analytics,43.5,42.1,55.2,0.0,0.0,0.0,0.0,0.0,0.0,0.0
gemma3,4.3B,3. Инструменты обучения НС,Что такое SGD?,prompt10,dialog0290,analytics_gemma3_4b_prompt10_dialog0290,analytics,43.5,42.1,55.2,0.0,0.0,0.0,0.0,0.0,0.0,0.0
gemma3,4.3B,3. Инструменты обучения НС,Что такое Momentum в оптимизации?,prompt10,dialog0291,analytics_gemma3_4b_prompt10_dialog0291,analytics,43.5,42.1,55.2,0.0,0.0,0.0,0.0,0.0,0.0,0.0
gemma3,4.3B,3. Инструменты обучения НС,Что такое Adam?,prompt10,dialog0292,analytics_gemma3_4b_prompt10_dialog0292,analytics,43.5,42.1,55.2,0.0,0.0,0.0,0.0,0.0,0.0,0.0
gemma3,4.3B,3. Инструменты обучения НС,Что такое learning rate?,prompt10,dialog0293,analytics_gemma3_4b_prompt10_dialog0293,analytics,43.5,42.1,55.2,0.0,0.0,0.0,0.0,0.0,0.0,0.0
gemma3,4.3B,3. Инструменты обучения НС,Что такое метод Ньютона?,prompt10,dialog0294,analytics_gemma3_4b_prompt10_dialog0294,analytics,43.5,42.1,55.2,0.0,0.0,0.0,0.0,0.0,0.0,0.0
gemma3,4.3B,3. Инструменты обучения НС,Что такое RMSProp?,prompt10,dialog0295,analytics_gemma3_4b_prompt10_dialog0295,analytics,43.5,42.1,55.2,0.0,0.0,0.0,0.0,0.0,0.0,0.0
gemma3,4.3B,3. Инструменты обучения НС,"Вычисли шаг в SGD для L(w)=w^2, w=3, η=0.1.",prompt10,dialog0296,analytics_gemma3_4b_prompt10_dialog0296,analytics,43.5,42.1,55.2,0.0,0.0,0.0,0.0,0.0,0.0,0.0
gemma3,4.3B,3. Инструменты обучения НС,"Вычисли v_t в Momentum: γ=0.9, v_{t-1}=1, ∇L=2, η=0.1.",prompt10,dialog0297,analytics_gemma3_4b_prompt10_dialog0297,analytics,43.5,42.1,55.2,0.0,0.0,0.0,0.0,0.0,0.0,0.0
gemma3,4.3B,3. Инструменты обучения НС,"В Adagrad, G_{t-1,ii}=4, g_t=2, η=0.1, ε=1e-8.",prompt10,dialog0298,analytics_gemma3_4b_prompt10_dialog0298,analytics,43.5,42.1,55.2,0.0,0.0,0.0,0.0,0.0,0.0,0.0
gemma3,4.3B,3. Инструменты обучения НС,"Вычисли learning rate decay: η0=0.1, t=5, T=10, linear.",prompt10,dialog0299,analytics_gemma3_4b_prompt10_dialog0299,analytics,43.5,42.1,55.2,0.0,0.0,0.0,0.0,0.0,0.0,0.0
gemma3,4.3B,3. Инструменты обучения НС,"В Nesterov, вычисли ∇ в ω - γ v_{t-1}: γ=0.9, v=1, ∇=2.",prompt10,dialog0300,analytics_gemma3_4b_prompt10_dialog0300,analytics,43.5,42.1,55.2,0.0,0.0,0.0,0.0,0.0,0.0,0.0
gemma3,4.3B,1_Классификаторы_KNN_и_наивный_байес,Что такое метод k-ближайших соседей?,prompt9,dialog0241,analytics_gemma3_4b_prompt9_dialog0241,analytics,45.3,44.3,55.0,0.0,0.0,0.0,0.0,0.0,0.0,0.0
gemma3,4.3B,1_Классификаторы_KNN_и_наивный_байес,Как выбрать количество соседей k в k-NN?,prompt9,dialog0242,analytics_gemma3_4b_prompt9_dialog0242,analytics,45.3,44.3,55.0,0.0,0.0,0.0,0.0,0.0,0.0,0.0
gemma3,4.3B,1_Классификаторы_KNN_и_наивный_байес,Что такое евклидова метрика?,prompt9,dialog0243,analytics_gemma3_4b_prompt9_dialog0243,analytics,45.3,44.3,55.0,0.0,0.0,0.0,0.0,0.0,0.0,0.0
gemma3,4.3B,1_Классификаторы_KNN_и_наивный_байес,В чем суть наивного байесовского классификатора?,prompt9,dialog0244,analytics_gemma3_4b_prompt9_dialog0244,analytics,45.3,44.3,55.0,0.0,0.0,0.0,0.0,0.0,0.0,0.0
gemma3,4.3B,1_Классификаторы_KNN_и_наивный_байес,Как работает сглаживание по Лапласу?,prompt9,dialog0245,analytics_gemma3_4b_prompt9_dialog0245,analytics,45.3,44.3,55.0,0.0,0.0,0.0,0.0,0.0,0.0,0.0
gemma3,4.3B,1_Классификаторы_KNN_и_наивный_байес,Что такое манхэттенское расстояние?,prompt9,dialog0246,analytics_gemma3_4b_prompt9_dialog0246,analytics,45.3,44.3,55.0,0.0,0.0,0.0,0.0,0.0,0.0,0.0
gemma3,4.3B,1_Классификаторы_KNN_и_наивный_байес,Как вычислить вероятность класса в Naive Bayes?,prompt9,dialog0247,analytics_gemma3_4b_prompt9_dialog0247,analytics,45.3,44.3,55.0,0.0,0.0,0.0,0.0,0.0,0.0,0.0
gemma3,4.3B,1_Классификаторы_KNN_и_наивный_байес,Что такое расстояние Чебышёва?,prompt9,dialog0248,analytics_gemma3_4b_prompt9_dialog0248,analytics,45.3,44.3,55.0,0.0,0.0,0.0,0.0,0.0,0.0,0.0
gemma3,4.3B,1_Классификаторы_KNN_и_наивный_байес,Как классифицировать письмо как спам в Naive Bayes?,prompt9,dialog0249,analytics_gemma3_4b_prompt9_dialog0249,analytics,45.3,44.3,55.0,0.0,0.0,0.0,0.0,0.0,0.0,0.0
gemma3,4.3B,1_Классификаторы_KNN_и_наивный_байес,В чем разница между k-NN и взвешенным k-NN?,prompt9,dialog0250,analytics_gemma3_4b_prompt9_dialog0250,analytics,45.3,44.3,55.0,0.0,0.0,0.0,0.0,0.0,0.0,0.0
gemma3,4.3B,1_Классификаторы_KNN_и_наивный_байес,Вычисли вероятность спама для слова 'приз' из примера.,prompt9,dialog0251,analytics_gemma3_4b_prompt9_dialog0251,analytics,45.3,44.3,55.0,0.0,0.0,0.0,0.0,0.0,0.0,0.0
gemma3,4.3B,1_Классификаторы_KNN_и_наивный_байес,"Вычисли расстояние Евклида между (1,2) и (3,4).",prompt9,dialog0252,analytics_gemma3_4b_prompt9_dialog0252,analytics,45.3,44.3,55.0,0.0,0.0,0.0,0.0,0.0,0.0,0.0
gemma3,4.3B,1_Классификаторы_KNN_и_наивный_байес,"В примере с погодой, вычисли F(да) для теста.",prompt9,dialog0253,analytics_gemma3_4b_prompt9_dialog0253,analytics,45.3,44.3,55.0,0.0,0.0,0.0,0.0,0.0,0.0,0.0
gemma3,4.3B,1_Классификаторы_KNN_и_наивный_байес,"Вычисли P(да | пасмурно, холодно, влажно, да).",prompt9,dialog0254,analytics_gemma3_4b_prompt9_dialog0254,analytics,45.3,44.3,55.0,0.0,0.0,0.0,0.0,0.0,0.0,0.0
gemma3,4.3B,1_Классификаторы_KNN_и_наивный_байес,"В спам-примере, вычисли P(win|спам) с Laplace.",prompt9,dialog0255,analytics_gemma3_4b_prompt9_dialog0255,analytics,45.3,44.3,55.0,0.0,0.0,0.0,0.0,0.0,0.0,0.0
gemma3,4.3B,3. Инструменты обучения НС,Что такое autograd?,prompt9,dialog0256,analytics_gemma3_4b_prompt9_dialog0256,analytics,45.3,44.3,55.0,0.0,0.0,0.0,0.0,0.0,0.0,0.0
gemma3,4.3B,3. Инструменты обучения НС,Что такое TensorFlow?,prompt9,dialog0257,analytics_gemma3_4b_prompt9_dialog0257,analytics,45.3,44.3,55.0,0.0,0.0,0.0,0.0,0.0,0.0,0.0
gemma3,4.3B,3. Инструменты обучения НС,Что такое Keras?,prompt9,dialog0258,analytics_gemma3_4b_prompt9_dialog0258,analytics,45.3,44.3,55.0,0.0,0.0,0.0,0.0,0.0,0.0,0.0
gemma3,4.3B,3. Инструменты обучения НС,Что такое over-fitting?,prompt9,dialog0259,analytics_gemma3_4b_prompt9_dialog0259,analytics,45.3,44.3,55.0,0.0,0.0,0.0,0.0,0.0,0.0,0.0
gemma3,4.3B,3. Инструменты обучения НС,Что такое SGD?,prompt9,dialog0260,analytics_gemma3_4b_prompt9_dialog0260,analytics,45.3,44.3,55.0,0.0,0.0,0.0,0.0,0.0,0.0,0.0
gemma3,4.3B,3. Инструменты обучения НС,Что такое Momentum в оптимизации?,prompt9,dialog0261,analytics_gemma3_4b_prompt9_dialog0261,analytics,45.3,44.3,55.0,0.0,0.0,0.0,0.0,0.0,0.0,0.0
gemma3,4.3B,3. Инструменты обучения НС,Что такое Adam?,prompt9,dialog0262,analytics_gemma3_4b_prompt9_dialog0262,analytics,45.3,44.3,55.0,0.0,0.0,0.0,0.0,0.0,0.0,0.0
gemma3,4.3B,3. Инструменты обучения НС,Что такое learning rate?,prompt9,dialog0263,analytics_gemma3_4b_prompt9_dialog0263,analytics,45.3,44.3,55.0,0.0,0.0,0.0,0.0,0.0,0.0,0.0
gemma3,4.3B,3. Инструменты обучения НС,Что такое метод Ньютона?,prompt9,dialog0264,analytics_gemma3_4b_prompt9_dialog0264,analytics,45.3,44.3,55.0,0.0,0.0,0.0,0.0,0.0,0.0,0.0
gemma3,4.3B,3. Инструменты обучения НС,Что такое RMSProp?,prompt9,dialog0265,analytics_gemma3_4b_prompt9_dialog0265,analytics,45.3,44.3,55.0,0.0,0.0,0.0,0.0,0.0,0.0,0.0
gemma3,4.3B,3. Инструменты обучения НС,"Вычисли шаг в SGD для L(w)=w^2, w=3, η=0.1.",prompt9,dialog0266,analytics_gemma3_4b_prompt9_dialog0266,analytics,45.3,44.3,55.0,0.0,0.0,0.0,0.0,0.0,0.0,0.0
gemma3,4.3B,3. Инструменты обучения НС,"Вычисли v_t в Momentum: γ=0.9, v_{t-1}=1, ∇L=2, η=0.1.",prompt9,dialog0267,analytics_gemma3_4b_prompt9_dialog0267,analytics,45.3,44.3,55.0,0.0,0.0,0.0,0.0,0.0,0.0,0.0
gemma3,4.3B,3. Инструменты обучения НС,"В Adagrad, G_{t-1,ii}=4, g_t=2, η=0.1, ε=1e-8.",prompt9,dialog0268,analytics_gemma3_4b_prompt9_dialog0268,analytics,45.3,44.3,55.0,0.0,0.0,0.0,0.0,0.0,0.0,0.0
gemma3,4.3B,3. Инструменты обучения НС,"Вычисли learning rate decay: η0=0.1, t=5, T=10, linear.",prompt9,dialog0269,analytics_gemma3_4b_prompt9_dialog0269,analytics,45.3,44.3,55.0,0.0,0.0,0.0,0.0,0.0,0.0,0.0
gemma3,4.3B,3. Инструменты обучения НС,"В Nesterov, вычисли ∇ в ω - γ v_{t-1}: γ=0.9, v=1, ∇=2.",prompt9,dialog0270,analytics_gemma3_4b_prompt9_dialog0270,analytics,45.3,44.3,55.0,0.0,0.0,0.0,0.0,0.0,0.0,0.0
gemma3,4.3B,1_Классификаторы_KNN_и_наивный_байес,Что такое метод k-ближайших соседей?,prompt7,dialog0181,analytics_gemma3_4b_prompt7_dialog0181,analytics,42.1,42.9,54.6,0.0,0.0,0.0,0.0,0.0,0.0,0.0
gemma3,4.3B,1_Классификаторы_KNN_и_наивный_байес,Как выбрать количество соседей k в k-NN?,prompt7,dialog0182,analytics_gemma3_4b_prompt7_dialog0182,analytics,42.1,42.9,54.6,0.0,0.0,0.0,0.0,0.0,0.0,0.0
gemma3,4.3B,1_Классификаторы_KNN_и_наивный_байес,Что такое евклидова метрика?,prompt7,dialog0183,analytics_gemma3_4b_prompt7_dialog0183,analytics,42.1,42.9,54.6,0.0,0.0,0.0,0.0,0.0,0.0,0.0
gemma3,4.3B,1_Классификаторы_KNN_и_наивный_байес,В чем суть наивного байесовского классификатора?,prompt7,dialog0184,analytics_gemma3_4b_prompt7_dialog0184,analytics,42.1,42.9,54.6,0.0,0.0,0.0,0.0,0.0,0.0,0.0
gemma3,4.3B,1_Классификаторы_KNN_и_наивный_байес,Как работает сглаживание по Лапласу?,prompt7,dialog0185,analytics_gemma3_4b_prompt7_dialog0185,analytics,42.1,42.9,54.6,0.0,0.0,0.0,0.0,0.0,0.0,0.0
gemma3,4.3B,1_Классификаторы_KNN_и_наивный_байес,Что такое манхэттенское расстояние?,prompt7,dialog0186,analytics_gemma3_4b_prompt7_dialog0186,analytics,42.1,42.9,54.6,0.0,0.0,0.0,0.0,0.0,0.0,0.0
gemma3,4.3B,1_Классификаторы_KNN_и_наивный_байес,Как вычислить вероятность класса в Naive Bayes?,prompt7,dialog0187,analytics_gemma3_4b_prompt7_dialog0187,analytics,42.1,42.9,54.6,0.0,0.0,0.0,0.0,0.0,0.0,0.0
gemma3,4.3B,1_Классификаторы_KNN_и_наивный_байес,Что такое расстояние Чебышёва?,prompt7,dialog0188,analytics_gemma3_4b_prompt7_dialog0188,analytics,42.1,42.9,54.6,0.0,0.0,0.0,0.0,0.0,0.0,0.0
gemma3,4.3B,1_Классификаторы_KNN_и_наивный_байес,Как классифицировать письмо как спам в Naive Bayes?,prompt7,dialog0189,analytics_gemma3_4b_prompt7_dialog0189,analytics,42.1,42.9,54.6,0.0,0.0,0.0,0.0,0.0,0.0,0.0
gemma3,4.3B,1_Классификаторы_KNN_и_наивный_байес,В чем разница между k-NN и взвешенным k-NN?,prompt7,dialog0190,analytics_gemma3_4b_prompt7_dialog0190,analytics,42.1,42.9,54.6,0.0,0.0,0.0,0.0,0.0,0.0,0.0
gemma3,4.3B,1_Классификаторы_KNN_и_наивный_байес,Вычисли вероятность спама для слова 'приз' из примера.,prompt7,dialog0191,analytics_gemma3_4b_prompt7_dialog0191,analytics,42.1,42.9,54.6,0.0,0.0,0.0,0.0,0.0,0.0,0.0
gemma3,4.3B,1_Классификаторы_KNN_и_наивный_байес,"Вычисли расстояние Евклида между (1,2) и (3,4).",prompt7,dialog0192,analytics_gemma3_4b_prompt7_dialog0192,analytics,42.1,42.9,54.6,0.0,0.0,0.0,0.0,0.0,0.0,0.0
gemma3,4.3B,1_Классификаторы_KNN_и_наивный_байес,"В примере с погодой, вычисли F(да) для теста.",prompt7,dialog0193,analytics_gemma3_4b_prompt7_dialog0193,analytics,42.1,42.9,54.6,0.0,0.0,0.0,0.0,0.0,0.0,0.0
gemma3,4.3B,1_Классификаторы_KNN_и_наивный_байес,"Вычисли P(да | пасмурно, холодно, влажно, да).",prompt7,dialog0194,analytics_gemma3_4b_prompt7_dialog0194,analytics,42.1,42.9,54.6,0.0,0.0,0.0,0.0,0.0,0.0,0.0
gemma3,4.3B,1_Классификаторы_KNN_и_наивный_байес,"В спам-примере, вычисли P(win|спам) с Laplace.",prompt7,dialog0195,analytics_gemma3_4b_prompt7_dialog0195,analytics,42.1,42.9,54.6,0.0,0.0,0.0,0.0,0.0,0.0,0.0
gemma3,4.3B,3. Инструменты обучения НС,Что такое autograd?,prompt7,dialog0196,analytics_gemma3_4b_prompt7_dialog0196,analytics,42.1,42.9,54.6,0.0,0.0,0.0,0.0,0.0,0.0,0.0
gemma3,4.3B,3. Инструменты обучения НС,Что такое TensorFlow?,prompt7,dialog0197,analytics_gemma3_4b_prompt7_dialog0197,analytics,42.1,42.9,54.6,0.0,0.0,0.0,0.0,0.0,0.0,0.0
gemma3,4.3B,3. Инструменты обучения НС,Что такое Keras?,prompt7,dialog0198,analytics_gemma3_4b_prompt7_dialog0198,analytics,42.1,42.9,54.6,0.0,0.0,0.0,0.0,0.0,0.0,0.0
gemma3,4.3B,3. Инструменты обучения НС,Что такое over-fitting?,prompt7,dialog0199,analytics_gemma3_4b_prompt7_dialog0199,analytics,42.1,42.9,54.6,0.0,0.0,0.0,0.0,0.0,0.0,0.0
gemma3,4.3B,3. Инструменты обучения НС,Что такое SGD?,prompt7,dialog0200,analytics_gemma3_4b_prompt7_dialog0200,analytics,42.1,42.9,54.6,0.0,0.0,0.0,0.0,0.0,0.0,0.0
gemma3,4.3B,3. Инструменты обучения НС,Что такое Momentum в оптимизации?,prompt7,dialog0201,analytics_gemma3_4b_prompt7_dialog0201,analytics,42.1,42.9,54.6,0.0,0.0,0.0,0.0,0.0,0.0,0.0
gemma3,4.3B,3. Инструменты обучения НС,Что такое Adam?,prompt7,dialog0202,analytics_gemma3_4b_prompt7_dialog0202,analytics,42.1,42.9,54.6,0.0,0.0,0.0,0.0,0.0,0.0,0.0
gemma3,4.3B,3. Инструменты обучения НС,Что такое learning rate?,prompt7,dialog0203,analytics_gemma3_4b_prompt7_dialog0203,analytics,42.1,42.9,54.6,0.0,0.0,0.0,0.0,0.0,0.0,0.0
gemma3,4.3B,3. Инструменты обучения НС,Что такое метод Ньютона?,prompt7,dialog0204,analytics_gemma3_4b_prompt7_dialog0204,analytics,42.1,42.9,54.6,0.0,0.0,0.0,0.0,0.0,0.0,0.0
gemma3,4.3B,3. Инструменты обучения НС,Что такое RMSProp?,prompt7,dialog0205,analytics_gemma3_4b_prompt7_dialog0205,analytics,42.1,42.9,54.6,0.0,0.0,0.0,0.0,0.0,0.0,0.0
gemma3,4.3B,3. Инструменты обучения НС,"Вычисли шаг в SGD для L(w)=w^2, w=3, η=0.1.",prompt7,dialog0206,analytics_gemma3_4b_prompt7_dialog0206,analytics,42.1,42.9,54.6,0.0,0.0,0.0,0.0,0.0,0.0,0.0
gemma3,4.3B,3. Инструменты обучения НС,"Вычисли v_t в Momentum: γ=0.9, v_{t-1}=1, ∇L=2, η=0.1.",prompt7,dialog0207,analytics_gemma3_4b_prompt7_dialog0207,analytics,42.1,42.9,54.6,0.0,0.0,0.0,0.0,0.0,0.0,0.0
gemma3,4.3B,3. Инструменты обучения НС,"В Adagrad, G_{t-1,ii}=4, g_t=2, η=0.1, ε=1e-8.",prompt7,dialog0208,analytics_gemma3_4b_prompt7_dialog0208,analytics,42.1,42.9,54.6,0.0,0.0,0.0,0.0,0.0,0.0,0.0
gemma3,4.3B,3. Инструменты обучения НС,"Вычисли learning rate decay: η0=0.1, t=5, T=10, linear.",prompt7,dialog0209,analytics_gemma3_4b_prompt7_dialog0209,analytics,42.1,42.9,54.6,0.0,0.0,0.0,0.0,0.0,0.0,0.0
gemma3,4.3B,3. Инструменты обучения НС,"В Nesterov, вычисли ∇ в ω - γ v_{t-1}: γ=0.9, v=1, ∇=2.",prompt7,dialog0210,analytics_gemma3_4b_prompt7_dialog0210,analytics,42.1,42.9,54.6,0.0,0.0,0.0,0.0,0.0,0.0,0.0
gemma3,4.3B,1_Классификаторы_KNN_и_наивный_байес,Что такое метод k-ближайших соседей?,prompt6,dialog0151,analytics_gemma3_4b_prompt6_dialog0151,analytics,44.1,57.5,45.6,0.0,0.0,0.0,0.0,0.0,0.0,0.0
gemma3,4.3B,1_Классификаторы_KNN_и_наивный_байес,Как выбрать количество соседей k в k-NN?,prompt6,dialog0152,analytics_gemma3_4b_prompt6_dialog0152,analytics,44.1,57.5,45.6,0.0,0.0,0.0,0.0,0.0,0.0,0.0
gemma3,4.3B,1_Классификаторы_KNN_и_наивный_байес,Что такое евклидова метрика?,prompt6,dialog0153,analytics_gemma3_4b_prompt6_dialog0153,analytics,44.1,57.5,45.6,0.0,0.0,0.0,0.0,0.0,0.0,0.0
gemma3,4.3B,1_Классификаторы_KNN_и_наивный_байес,В чем суть наивного байесовского классификатора?,prompt6,dialog0154,analytics_gemma3_4b_prompt6_dialog0154,analytics,44.1,57.5,45.6,0.0,0.0,0.0,0.0,0.0,0.0,0.0
gemma3,4.3B,1_Классификаторы_KNN_и_наивный_байес,Как работает сглаживание по Лапласу?,prompt6,dialog0155,analytics_gemma3_4b_prompt6_dialog0155,analytics,44.1,57.5,45.6,0.0,0.0,0.0,0.0,0.0,0.0,0.0
gemma3,4.3B,1_Классификаторы_KNN_и_наивный_байес,Что такое манхэттенское расстояние?,prompt6,dialog0156,analytics_gemma3_4b_prompt6_dialog0156,analytics,44.1,57.5,45.6,0.0,0.0,0.0,0.0,0.0,0.0,0.0
gemma3,4.3B,1_Классификаторы_KNN_и_наивный_байес,Как вычислить вероятность класса в Naive Bayes?,prompt6,dialog0157,analytics_gemma3_4b_prompt6_dialog0157,analytics,44.1,57.5,45.6,0.0,0.0,0.0,0.0,0.0,0.0,0.0
gemma3,4.3B,1_Классификаторы_KNN_и_наивный_байес,Что такое расстояние Чебышёва?,prompt6,dialog0158,analytics_gemma3_4b_prompt6_dialog0158,analytics,44.1,57.5,45.6,0.0,0.0,0.0,0.0,0.0,0.0,0.0
gemma3,4.3B,1_Классификаторы_KNN_и_наивный_байес,Как классифицировать письмо как спам в Naive Bayes?,prompt6,dialog0159,analytics_gemma3_4b_prompt6_dialog0159,analytics,44.1,57.5,45.6,0.0,0.0,0.0,0.0,0.0,0.0,0.0
gemma3,4.3B,1_Классификаторы_KNN_и_наивный_байес,В чем разница между k-NN и взвешенным k-NN?,prompt6,dialog0160,analytics_gemma3_4b_prompt6_dialog0160,analytics,44.1,57.5,45.6,0.0,0.0,0.0,0.0,0.0,0.0,0.0
gemma3,4.3B,1_Классификаторы_KNN_и_наивный_байес,Вычисли вероятность спама для слова 'приз' из примера.,prompt6,dialog0161,analytics_gemma3_4b_prompt6_dialog0161,analytics,44.1,57.5,45.6,0.0,0.0,0.0,0.0,0.0,0.0,0.0
gemma3,4.3B,1_Классификаторы_KNN_и_наивный_байес,"Вычисли расстояние Евклида между (1,2) и (3,4).",prompt6,dialog0162,analytics_gemma3_4b_prompt6_dialog0162,analytics,44.1,57.5,45.6,0.0,0.0,0.0,0.0,0.0,0.0,0.0
gemma3,4.3B,1_Классификаторы_KNN_и_наивный_байес,"В примере с погодой, вычисли F(да) для теста.",prompt6,dialog0163,analytics_gemma3_4b_prompt6_dialog0163,analytics,44.1,57.5,45.6,0.0,0.0,0.0,0.0,0.0,0.0,0.0
gemma3,4.3B,1_Классификаторы_KNN_и_наивный_байес,"Вычисли P(да | пасмурно, холодно, влажно, да).",prompt6,dialog0164,analytics_gemma3_4b_prompt6_dialog0164,analytics,44.1,57.5,45.6,0.0,0.0,0.0,0.0,0.0,0.0,0.0
gemma3,4.3B,1_Классификаторы_KNN_и_наивный_байес,"В спам-примере, вычисли P(win|спам) с Laplace.",prompt6,dialog0165,analytics_gemma3_4b_prompt6_dialog0165,analytics,44.1,57.5,45.6,0.0,0.0,0.0,0.0,0.0,0.0,0.0
gemma3,4.3B,3. Инструменты обучения НС,Что такое autograd?,prompt6,dialog0166,analytics_gemma3_4b_prompt6_dialog0166,analytics,44.1,57.5,45.6,0.0,0.0,0.0,0.0,0.0,0.0,0.0
gemma3,4.3B,3. Инструменты обучения НС,Что такое TensorFlow?,prompt6,dialog0167,analytics_gemma3_4b_prompt6_dialog0167,analytics,44.1,57.5,45.6,0.0,0.0,0.0,0.0,0.0,0.0,0.0
gemma3,4.3B,3. Инструменты обучения НС,Что такое Keras?,prompt6,dialog0168,analytics_gemma3_4b_prompt6_dialog0168,analytics,44.1,57.5,45.6,0.0,0.0,0.0,0.0,0.0,0.0,0.0
gemma3,4.3B,3. Инструменты обучения НС,Что такое over-fitting?,prompt6,dialog0169,analytics_gemma3_4b_prompt6_dialog0169,analytics,44.1,57.5,45.6,0.0,0.0,0.0,0.0,0.0,0.0,0.0
gemma3,4.3B,3. Инструменты обучения НС,Что такое SGD?,prompt6,dialog0170,analytics_gemma3_4b_prompt6_dialog0170,analytics,44.1,57.5,45.6,0.0,0.0,0.0,0.0,0.0,0.0,0.0
gemma3,4.3B,3. Инструменты обучения НС,Что такое Momentum в оптимизации?,prompt6,dialog0171,analytics_gemma3_4b_prompt6_dialog0171,analytics,44.1,57.5,45.6,0.0,0.0,0.0,0.0,0.0,0.0,0.0
gemma3,4.3B,3. Инструменты обучения НС,Что такое Adam?,prompt6,dialog0172,analytics_gemma3_4b_prompt6_dialog0172,analytics,44.1,57.5,45.6,0.0,0.0,0.0,0.0,0.0,0.0,0.0
gemma3,4.3B,3. Инструменты обучения НС,Что такое learning rate?,prompt6,dialog0173,analytics_gemma3_4b_prompt6_dialog0173,analytics,44.1,57.5,45.6,0.0,0.0,0.0,0.0,0.0,0.0,0.0
gemma3,4.3B,3. Инструменты обучения НС,Что такое метод Ньютона?,prompt6,dialog0174,analytics_gemma3_4b_prompt6_dialog0174,analytics,44.1,57.5,45.6,0.0,0.0,0.0,0.0,0.0,0.0,0.0
gemma3,4.3B,3. Инструменты обучения НС,Что такое RMSProp?,prompt6,dialog0175,analytics_gemma3_4b_prompt6_dialog0175,analytics,44.1,57.5,45.6,0.0,0.0,0.0,0.0,0.0,0.0,0.0
gemma3,4.3B,3. Инструменты обучения НС,"Вычисли шаг в SGD для L(w)=w^2, w=3, η=0.1.",prompt6,dialog0176,analytics_gemma3_4b_prompt6_dialog0176,analytics,44.1,57.5,45.6,0.0,0.0,0.0,0.0,0.0,0.0,0.0
gemma3,4.3B,3. Инструменты обучения НС,"Вычисли v_t в Momentum: γ=0.9, v_{t-1}=1, ∇L=2, η=0.1.",prompt6,dialog0177,analytics_gemma3_4b_prompt6_dialog0177,analytics,44.1,57.5,45.6,0.0,0.0,0.0,0.0,0.0,0.0,0.0
gemma3,4.3B,3. Инструменты обучения НС,"В Adagrad, G_{t-1,ii}=4, g_t=2, η=0.1, ε=1e-8.",prompt6,dialog0178,analytics_gemma3_4b_prompt6_dialog0178,analytics,44.1,57.5,45.6,0.0,0.0,0.0,0.0,0.0,0.0,0.0
gemma3,4.3B,3. Инструменты обучения НС,"Вычисли learning rate decay: η0=0.1, t=5, T=10, linear.",prompt6,dialog0179,analytics_gemma3_4b_prompt6_dialog0179,analytics,44.1,57.5,45.6,0.0,0.0,0.0,0.0,0.0,0.0,0.0
gemma3,4.3B,3. Инструменты обучения НС,"В Nesterov, вычисли ∇ в ω - γ v_{t-1}: γ=0.9, v=1, ∇=2.",prompt6,dialog0180,analytics_gemma3_4b_prompt6_dialog0180,analytics,44.1,57.5,45.6,0.0,0.0,0.0,0.0,0.0,0.0,0.0
gemma3,4.3B,1_Классификаторы_KNN_и_наивный_байес,Что такое метод k-ближайших соседей?,prompt1,dialog0001,analytics_gemma3_4b_prompt1_dialog0001,analytics,41.9,41.7,52.8,0.0,0.0,0.0,0.0,0.0,0.0,0.0
gemma3,4.3B,1_Классификаторы_KNN_и_наивный_байес,Как выбрать количество соседей k в k-NN?,prompt1,dialog0002,analytics_gemma3_4b_prompt1_dialog0002,analytics,41.9,41.7,52.8,0.0,0.0,0.0,0.0,0.0,0.0,0.0
gemma3,4.3B,1_Классификаторы_KNN_и_наивный_байес,Что такое евклидова метрика?,prompt1,dialog0003,analytics_gemma3_4b_prompt1_dialog0003,analytics,41.9,41.7,52.8,0.0,0.0,0.0,0.0,0.0,0.0,0.0
gemma3,4.3B,1_Классификаторы_KNN_и_наивный_байес,В чем суть наивного байесовского классификатора?,prompt1,dialog0004,analytics_gemma3_4b_prompt1_dialog0004,analytics,41.9,41.7,52.8,0.0,0.0,0.0,0.0,0.0,0.0,0.0
gemma3,4.3B,1_Классификаторы_KNN_и_наивный_байес,Как работает сглаживание по Лапласу?,prompt1,dialog0005,analytics_gemma3_4b_prompt1_dialog0005,analytics,41.9,41.7,52.8,0.0,0.0,0.0,0.0,0.0,0.0,0.0
gemma3,4.3B,1_Классификаторы_KNN_и_наивный_байес,Что такое манхэттенское расстояние?,prompt1,dialog0006,analytics_gemma3_4b_prompt1_dialog0006,analytics,41.9,41.7,52.8,0.0,0.0,0.0,0.0,0.0,0.0,0.0
gemma3,4.3B,1_Классификаторы_KNN_и_наивный_байес,Как вычислить вероятность класса в Naive Bayes?,prompt1,dialog0007,analytics_gemma3_4b_prompt1_dialog0007,analytics,41.9,41.7,52.8,0.0,0.0,0.0,0.0,0.0,0.0,0.0
gemma3,4.3B,1_Классификаторы_KNN_и_наивный_байес,Что такое расстояние Чебышёва?,prompt1,dialog0008,analytics_gemma3_4b_prompt1_dialog0008,analytics,41.9,41.7,52.8,0.0,0.0,0.0,0.0,0.0,0.0,0.0
gemma3,4.3B,1_Классификаторы_KNN_и_наивный_байес,Как классифицировать письмо как спам в Naive Bayes?,prompt1,dialog0009,analytics_gemma3_4b_prompt1_dialog0009,analytics,41.9,41.7,52.8,0.0,0.0,0.0,0.0,0.0,0.0,0.0
gemma3,4.3B,1_Классификаторы_KNN_и_наивный_байес,В чем разница между k-NN и взвешенным k-NN?,prompt1,dialog0010,analytics_gemma3_4b_prompt1_dialog0010,analytics,41.9,41.7,52.8,0.0,0.0,0.0,0.0,0.0,0.0,0.0
gemma3,4.3B,1_Классификаторы_KNN_и_наивный_байес,Вычисли вероятность спама для слова 'приз' из примера.,prompt1,dialog0011,analytics_gemma3_4b_prompt1_dialog0011,analytics,41.9,41.7,52.8,0.0,0.0,0.0,0.0,0.0,0.0,0.0
gemma3,4.3B,1_Классификаторы_KNN_и_наивный_байес,"Вычисли расстояние Евклида между (1,2) и (3,4).",prompt1,dialog0012,analytics_gemma3_4b_prompt1_dialog0012,analytics,41.9,41.7,52.8,0.0,0.0,0.0,0.0,0.0,0.0,0.0
gemma3,4.3B,1_Классификаторы_KNN_и_наивный_байес,"В примере с погодой, вычисли F(да) для теста.",prompt1,dialog0013,analytics_gemma3_4b_prompt1_dialog0013,analytics,41.9,41.7,52.8,0.0,0.0,0.0,0.0,0.0,0.0,0.0
gemma3,4.3B,1_Классификаторы_KNN_и_наивный_байес,"Вычисли P(да | пасмурно, холодно, влажно, да).",prompt1,dialog0014,analytics_gemma3_4b_prompt1_dialog0014,analytics,41.9,41.7,52.8,0.0,0.0,0.0,0.0,0.0,0.0,0.0
gemma3,4.3B,1_Классификаторы_KNN_и_наивный_байес,"В спам-примере, вычисли P(win|спам) с Laplace.",prompt1,dialog0015,analytics_gemma3_4b_prompt1_dialog0015,analytics,41.9,41.7,52.8,0.0,0.0,0.0,0.0,0.0,0.0,0.0
gemma3,4.3B,3. Инструменты обучения НС,Что такое autograd?,prompt1,dialog0016,analytics_gemma3_4b_prompt1_dialog0016,analytics,41.9,41.7,52.8,0.0,0.0,0.0,0.0,0.0,0.0,0.0
gemma3,4.3B,3. Инструменты обучения НС,Что такое TensorFlow?,prompt1,dialog0017,analytics_gemma3_4b_prompt1_dialog0017,analytics,41.9,41.7,52.8,0.0,0.0,0.0,0.0,0.0,0.0,0.0
gemma3,4.3B,3. Инструменты обучения НС,Что такое Keras?,prompt1,dialog0018,analytics_gemma3_4b_prompt1_dialog0018,analytics,41.9,41.7,52.8,0.0,0.0,0.0,0.0,0.0,0.0,0.0
gemma3,4.3B,3. Инструменты обучения НС,Что такое over-fitting?,prompt1,dialog0019,analytics_gemma3_4b_prompt1_dialog0019,analytics,41.9,41.7,52.8,0.0,0.0,0.0,0.0,0.0,0.0,0.0
gemma3,4.3B,3. Инструменты обучения НС,Что такое SGD?,prompt1,dialog0020,analytics_gemma3_4b_prompt1_dialog0020,analytics,41.9,41.7,52.8,0.0,0.0,0.0,0.0,0.0,0.0,0.0
gemma3,4.3B,3. Инструменты обучения НС,Что такое Momentum в оптимизации?,prompt1,dialog0021,analytics_gemma3_4b_prompt1_dialog0021,analytics,41.9,41.7,52.8,0.0,0.0,0.0,0.0,0.0,0.0,0.0
gemma3,4.3B,3. Инструменты обучения НС,Что такое Adam?,prompt1,dialog0022,analytics_gemma3_4b_prompt1_dialog0022,analytics,41.9,41.7,52.8,0.0,0.0,0.0,0.0,0.0,0.0,0.0
gemma3,4.3B,3. Инструменты обучения НС,Что такое learning rate?,prompt1,dialog0023,analytics_gemma3_4b_prompt1_dialog0023,analytics,41.9,41.7,52.8,0.0,0.0,0.0,0.0,0.0,0.0,0.0
gemma3,4.3B,3. Инструменты обучения НС,Что такое метод Ньютона?,prompt1,dialog0024,analytics_gemma3_4b_prompt1_dialog0024,analytics,41.9,41.7,52.8,0.0,0.0,0.0,0.0,0.0,0.0,0.0
gemma3,4.3B,3. Инструменты обучения НС,Что такое RMSProp?,prompt1,dialog0025,analytics_gemma3_4b_prompt1_dialog0025,analytics,41.9,41.7,52.8,0.0,0.0,0.0,0.0,0.0,0.0,0.0
gemma3,4.3B,3. Инструменты обучения НС,"Вычисли шаг в SGD для L(w)=w^2, w=3, η=0.1.",prompt1,dialog0026,analytics_gemma3_4b_prompt1_dialog0026,analytics,41.9,41.7,52.8,0.0,0.0,0.0,0.0,0.0,0.0,0.0
gemma3,4.3B,3. Инструменты обучения НС,"Вычисли v_t в Momentum: γ=0.9, v_{t-1}=1, ∇L=2, η=0.1.",prompt1,dialog0027,analytics_gemma3_4b_prompt1_dialog0027,analytics,41.9,41.7,52.8,0.0,0.0,0.0,0.0,0.0,0.0,0.0
gemma3,4.3B,3. Инструменты обучения НС,"В Adagrad, G_{t-1,ii}=4, g_t=2, η=0.1, ε=1e-8.",prompt1,dialog0028,analytics_gemma3_4b_prompt1_dialog0028,analytics,41.9,41.7,52.8,0.0,0.0,0.0,0.0,0.0,0.0,0.0
gemma3,4.3B,3. Инструменты обучения НС,"Вычисли learning rate decay: η0=0.1, t=5, T=10, linear.",prompt1,dialog0029,analytics_gemma3_4b_prompt1_dialog0029,analytics,41.9,41.7,52.8,0.0,0.0,0.0,0.0,0.0,0.0,0.0
gemma3,4.3B,3. Инструменты обучения НС,"В Nesterov, вычисли ∇ в ω - γ v_{t-1}: γ=0.9, v=1, ∇=2.",prompt1,dialog0030,analytics_gemma3_4b_prompt1_dialog0030,analytics,41.9,41.7,52.8,0.0,0.0,0.0,0.0,0.0,0.0,0.0
gemma3,4.3B,1_Классификаторы_KNN_и_наивный_байес,Что такое метод k-ближайших соседей?,prompt8,dialog0211,analytics_gemma3_4b_prompt8_dialog0211,analytics,45.8,43.8,58.5,0.0,0.0,0.0,0.0,0.0,0.0,0.0
gemma3,4.3B,1_Классификаторы_KNN_и_наивный_байес,Как выбрать количество соседей k в k-NN?,prompt8,dialog0212,analytics_gemma3_4b_prompt8_dialog0212,analytics,45.8,43.8,58.5,0.0,0.0,0.0,0.0,0.0,0.0,0.0
gemma3,4.3B,1_Классификаторы_KNN_и_наивный_байес,Что такое евклидова метрика?,prompt8,dialog0213,analytics_gemma3_4b_prompt8_dialog0213,analytics,45.8,43.8,58.5,0.0,0.0,0.0,0.0,0.0,0.0,0.0
gemma3,4.3B,1_Классификаторы_KNN_и_наивный_байес,В чем суть наивного байесовского классификатора?,prompt8,dialog0214,analytics_gemma3_4b_prompt8_dialog0214,analytics,45.8,43.8,58.5,0.0,0.0,0.0,0.0,0.0,0.0,0.0
gemma3,4.3B,1_Классификаторы_KNN_и_наивный_байес,Как работает сглаживание по Лапласу?,prompt8,dialog0215,analytics_gemma3_4b_prompt8_dialog0215,analytics,45.8,43.8,58.5,0.0,0.0,0.0,0.0,0.0,0.0,0.0
gemma3,4.3B,1_Классификаторы_KNN_и_наивный_байес,Что такое манхэттенское расстояние?,prompt8,dialog0216,analytics_gemma3_4b_prompt8_dialog0216,analytics,45.8,43.8,58.5,0.0,0.0,0.0,0.0,0.0,0.0,0.0
gemma3,4.3B,1_Классификаторы_KNN_и_наивный_байес,Как вычислить вероятность класса в Naive Bayes?,prompt8,dialog0217,analytics_gemma3_4b_prompt8_dialog0217,analytics,45.8,43.8,58.5,0.0,0.0,0.0,0.0,0.0,0.0,0.0
gemma3,4.3B,1_Классификаторы_KNN_и_наивный_байес,Что такое расстояние Чебышёва?,prompt8,dialog0218,analytics_gemma3_4b_prompt8_dialog0218,analytics,45.8,43.8,58.5,0.0,0.0,0.0,0.0,0.0,0.0,0.0
gemma3,4.3B,1_Классификаторы_KNN_и_наивный_байес,Как классифицировать письмо как спам в Naive Bayes?,prompt8,dialog0219,analytics_gemma3_4b_prompt8_dialog0219,analytics,45.8,43.8,58.5,0.0,0.0,0.0,0.0,0.0,0.0,0.0
gemma3,4.3B,1_Классификаторы_KNN_и_наивный_байес,В чем разница между k-NN и взвешенным k-NN?,prompt8,dialog0220,analytics_gemma3_4b_prompt8_dialog0220,analytics,45.8,43.8,58.5,0.0,0.0,0.0,0.0,0.0,0.0,0.0
gemma3,4.3B,1_Классификаторы_KNN_и_наивный_байес,Вычисли вероятность спама для слова 'приз' из примера.,prompt8,dialog0221,analytics_gemma3_4b_prompt8_dialog0221,analytics,45.8,43.8,58.5,0.0,0.0,0.0,0.0,0.0,0.0,0.0
gemma3,4.3B,1_Классификаторы_KNN_и_наивный_байес,"Вычисли расстояние Евклида между (1,2) и (3,4).",prompt8,dialog0222,analytics_gemma3_4b_prompt8_dialog0222,analytics,45.8,43.8,58.5,0.0,0.0,0.0,0.0,0.0,0.0,0.0
gemma3,4.3B,1_Классификаторы_KNN_и_наивный_байес,"В примере с погодой, вычисли F(да) для теста.",prompt8,dialog0223,analytics_gemma3_4b_prompt8_dialog0223,analytics,45.8,43.8,58.5,0.0,0.0,0.0,0.0,0.0,0.0,0.0
gemma3,4.3B,1_Классификаторы_KNN_и_наивный_байес,"Вычисли P(да | пасмурно, холодно, влажно, да).",prompt8,dialog0224,analytics_gemma3_4b_prompt8_dialog0224,analytics,45.8,43.8,58.5,0.0,0.0,0.0,0.0,0.0,0.0,0.0
gemma3,4.3B,1_Классификаторы_KNN_и_наивный_байес,"В спам-примере, вычисли P(win|спам) с Laplace.",prompt8,dialog0225,analytics_gemma3_4b_prompt8_dialog0225,analytics,45.8,43.8,58.5,0.0,0.0,0.0,0.0,0.0,0.0,0.0
gemma3,4.3B,3. Инструменты обучения НС,Что такое autograd?,prompt8,dialog0226,analytics_gemma3_4b_prompt8_dialog0226,analytics,45.8,43.8,58.5,0.0,0.0,0.0,0.0,0.0,0.0,0.0
gemma3,4.3B,3. Инструменты обучения НС,Что такое TensorFlow?,prompt8,dialog0227,analytics_gemma3_4b_prompt8_dialog0227,analytics,45.8,43.8,58.5,0.0,0.0,0.0,0.0,0.0,0.0,0.0
gemma3,4.3B,3. Инструменты обучения НС,Что такое Keras?,prompt8,dialog0228,analytics_gemma3_4b_prompt8_dialog0228,analytics,45.8,43.8,58.5,0.0,0.0,0.0,0.0,0.0,0.0,0.0
gemma3,4.3B,3. Инструменты обучения НС,Что такое over-fitting?,prompt8,dialog0229,analytics_gemma3_4b_prompt8_dialog0229,analytics,45.8,43.8,58.5,0.0,0.0,0.0,0.0,0.0,0.0,0.0
gemma3,4.3B,3. Инструменты обучения НС,Что такое SGD?,prompt8,dialog0230,analytics_gemma3_4b_prompt8_dialog0230,analytics,45.8,43.8,58.5,0.0,0.0,0.0,0.0,0.0,0.0,0.0
gemma3,4.3B,3. Инструменты обучения НС,Что такое Momentum в оптимизации?,prompt8,dialog0231,analytics_gemma3_4b_prompt8_dialog0231,analytics,45.8,43.8,58.5,0.0,0.0,0.0,0.0,0.0,0.0,0.0
gemma3,4.3B,3. Инструменты обучения НС,Что такое Adam?,prompt8,dialog0232,analytics_gemma3_4b_prompt8_dialog0232,analytics,45.8,43.8,58.5,0.0,0.0,0.0,0.0,0.0,0.0,0.0
gemma3,4.3B,3. Инструменты обучения НС,Что такое learning rate?,prompt8,dialog0233,analytics_gemma3_4b_prompt8_dialog0233,analytics,45.8,43.8,58.5,0.0,0.0,0.0,0.0,0.0,0.0,0.0
gemma3,4.3B,3. Инструменты обучения НС,Что такое метод Ньютона?,prompt8,dialog0234,analytics_gemma3_4b_prompt8_dialog0234,analytics,45.8,43.8,58.5,0.0,0.0,0.0,0.0,0.0,0.0,0.0
gemma3,4.3B,3. Инструменты обучения НС,Что такое RMSProp?,prompt8,dialog0235,analytics_gemma3_4b_prompt8_dialog0235,analytics,45.8,43.8,58.5,0.0,0.0,0.0,0.0,0.0,0.0,0.0
gemma3,4.3B,3. Инструменты обучения НС,"Вычисли шаг в SGD для L(w)=w^2, w=3, η=0.1.",prompt8,dialog0236,analytics_gemma3_4b_prompt8_dialog0236,analytics,45.8,43.8,58.5,0.0,0.0,0.0,0.0,0.0,0.0,0.0
gemma3,4.3B,3. Инструменты обучения НС,"Вычисли v_t в Momentum: γ=0.9, v_{t-1}=1, ∇L=2, η=0.1.",prompt8,dialog0237,analytics_gemma3_4b_prompt8_dialog0237,analytics,45.8,43.8,58.5,0.0,0.0,0.0,0.0,0.0,0.0,0.0
gemma3,4.3B,3. Инструменты обучения НС,"В Adagrad, G_{t-1,ii}=4, g_t=2, η=0.1, ε=1e-8.",prompt8,dialog0238,analytics_gemma3_4b_prompt8_dialog0238,analytics,45.8,43.8,58.5,0.0,0.0,0.0,0.0,0.0,0.0,0.0
gemma3,4.3B,3. Инструменты обучения НС,"Вычисли learning rate decay: η0=0.1, t=5, T=10, linear.",prompt8,dialog0239,analytics_gemma3_4b_prompt8_dialog0239,analytics,45.8,43.8,58.5,0.0,0.0,0.0,0.0,0.0,0.0,0.0
gemma3,4.3B,3. Инструменты обучения НС,"В Nesterov, вычисли ∇ в ω - γ v_{t-1}: γ=0.9, v=1, ∇=2.",prompt8,dialog0240,analytics_gemma3_4b_prompt8_dialog0240,analytics,45.8,43.8,58.5,0.0,0.0,0.0,0.0,0.0,0.0,0.0
gemma3,4.3B,1_Классификаторы_KNN_и_наивный_байес,Что такое метод k-ближайших соседей?,prompt11,dialog0301,analytics_gemma3_4b_prompt11_dialog0301,analytics,45.3,41.3,60.0,0.0,0.0,0.0,0.0,0.0,0.0,0.0
gemma3,4.3B,1_Классификаторы_KNN_и_наивный_байес,Как выбрать количество соседей k в k-NN?,prompt11,dialog0302,analytics_gemma3_4b_prompt11_dialog0302,analytics,45.3,41.3,60.0,0.0,0.0,0.0,0.0,0.0,0.0,0.0
gemma3,4.3B,1_Классификаторы_KNN_и_наивный_байес,Что такое евклидова метрика?,prompt11,dialog0303,analytics_gemma3_4b_prompt11_dialog0303,analytics,45.3,41.3,60.0,0.0,0.0,0.0,0.0,0.0,0.0,0.0
gemma3,4.3B,1_Классификаторы_KNN_и_наивный_байес,В чем суть наивного байесовского классификатора?,prompt11,dialog0304,analytics_gemma3_4b_prompt11_dialog0304,analytics,45.3,41.3,60.0,0.0,0.0,0.0,0.0,0.0,0.0,0.0
gemma3,4.3B,1_Классификаторы_KNN_и_наивный_байес,Как работает сглаживание по Лапласу?,prompt11,dialog0305,analytics_gemma3_4b_prompt11_dialog0305,analytics,45.3,41.3,60.0,0.0,0.0,0.0,0.0,0.0,0.0,0.0
gemma3,4.3B,1_Классификаторы_KNN_и_наивный_байес,Что такое манхэттенское расстояние?,prompt11,dialog0306,analytics_gemma3_4b_prompt11_dialog0306,analytics,45.3,41.3,60.0,0.0,0.0,0.0,0.0,0.0,0.0,0.0
gemma3,4.3B,1_Классификаторы_KNN_и_наивный_байес,Как вычислить вероятность класса в Naive Bayes?,prompt11,dialog0307,analytics_gemma3_4b_prompt11_dialog0307,analytics,45.3,41.3,60.0,0.0,0.0,0.0,0.0,0.0,0.0,0.0
gemma3,4.3B,1_Классификаторы_KNN_и_наивный_байес,Что такое расстояние Чебышёва?,prompt11,dialog0308,analytics_gemma3_4b_prompt11_dialog0308,analytics,45.3,41.3,60.0,0.0,0.0,0.0,0.0,0.0,0.0,0.0
gemma3,4.3B,1_Классификаторы_KNN_и_наивный_байес,Как классифицировать письмо как спам в Naive Bayes?,prompt11,dialog0309,analytics_gemma3_4b_prompt11_dialog0309,analytics,45.3,41.3,60.0,0.0,0.0,0.0,0.0,0.0,0.0,0.0
gemma3,4.3B,1_Классификаторы_KNN_и_наивный_байес,В чем разница между k-NN и взвешенным k-NN?,prompt11,dialog0310,analytics_gemma3_4b_prompt11_dialog0310,analytics,45.3,41.3,60.0,0.0,0.0,0.0,0.0,0.0,0.0,0.0
gemma3,4.3B,1_Классификаторы_KNN_и_наивный_байес,Вычисли вероятность спама для слова 'приз' из примера.,prompt11,dialog0311,analytics_gemma3_4b_prompt11_dialog0311,analytics,45.3,41.3,60.0,0.0,0.0,0.0,0.0,0.0,0.0,0.0
gemma3,4.3B,1_Классификаторы_KNN_и_наивный_байес,"Вычисли расстояние Евклида между (1,2) и (3,4).",prompt11,dialog0312,analytics_gemma3_4b_prompt11_dialog0312,analytics,45.3,41.3,60.0,0.0,0.0,0.0,0.0,0.0,0.0,0.0
gemma3,4.3B,1_Классификаторы_KNN_и_наивный_байес,"В примере с погодой, вычисли F(да) для теста.",prompt11,dialog0313,analytics_gemma3_4b_prompt11_dialog0313,analytics,45.3,41.3,60.0,0.0,0.0,0.0,0.0,0.0,0.0,0.0
gemma3,4.3B,1_Классификаторы_KNN_и_наивный_байес,"Вычисли P(да | пасмурно, холодно, влажно, да).",prompt11,dialog0314,analytics_gemma3_4b_prompt11_dialog0314,analytics,45.3,41.3,60.0,0.0,0.0,0.0,0.0,0.0,0.0,0.0
gemma3,4.3B,1_Классификаторы_KNN_и_наивный_байес,"В спам-примере, вычисли P(win|спам) с Laplace.",prompt11,dialog0315,analytics_gemma3_4b_prompt11_dialog0315,analytics,45.3,41.3,60.0,0.0,0.0,0.0,0.0,0.0,0.0,0.0
gemma3,4.3B,3. Инструменты обучения НС,Что такое autograd?,prompt11,dialog0316,analytics_gemma3_4b_prompt11_dialog0316,analytics,45.3,41.3,60.0,0.0,0.0,0.0,0.0,0.0,0.0,0.0
gemma3,4.3B,3. Инструменты обучения НС,Что такое TensorFlow?,prompt11,dialog0317,analytics_gemma3_4b_prompt11_dialog0317,analytics,45.3,41.3,60.0,0.0,0.0,0.0,0.0,0.0,0.0,0.0
gemma3,4.3B,3. Инструменты обучения НС,Что такое Keras?,prompt11,dialog0318,analytics_gemma3_4b_prompt11_dialog0318,analytics,45.3,41.3,60.0,0.0,0.0,0.0,0.0,0.0,0.0,0.0
gemma3,4.3B,3. Инструменты обучения НС,Что такое over-fitting?,prompt11,dialog0319,analytics_gemma3_4b_prompt11_dialog0319,analytics,45.3,41.3,60.0,0.0,0.0,0.0,0.0,0.0,0.0,0.0
gemma3,4.3B,3. Инструменты обучения НС,Что такое SGD?,prompt11,dialog0320,analytics_gemma3_4b_prompt11_dialog0320,analytics,45.3,41.3,60.0,0.0,0.0,0.0,0.0,0.0,0.0,0.0
gemma3,4.3B,3. Инструменты обучения НС,Что такое Momentum в оптимизации?,prompt11,dialog0321,analytics_gemma3_4b_prompt11_dialog0321,analytics,45.3,41.3,60.0,0.0,0.0,0.0,0.0,0.0,0.0,0.0
gemma3,4.3B,3. Инструменты обучения НС,Что такое Adam?,prompt11,dialog0322,analytics_gemma3_4b_prompt11_dialog0322,analytics,45.3,41.3,60.0,0.0,0.0,0.0,0.0,0.0,0.0,0.0
gemma3,4.3B,3. Инструменты обучения НС,Что такое learning rate?,prompt11,dialog0323,analytics_gemma3_4b_prompt11_dialog0323,analytics,45.3,41.3,60.0,0.0,0.0,0.0,0.0,0.0,0.0,0.0
gemma3,4.3B,3. Инструменты обучения НС,Что такое метод Ньютона?,prompt11,dialog0324,analytics_gemma3_4b_prompt11_dialog0324,analytics,45.3,41.3,60.0,0.0,0.0,0.0,0.0,0.0,0.0,0.0
gemma3,4.3B,3. Инструменты обучения НС,Что такое RMSProp?,prompt11,dialog0325,analytics_gemma3_4b_prompt11_dialog0325,analytics,45.3,41.3,60.0,0.0,0.0,0.0,0.0,0.0,0.0,0.0
gemma3,4.3B,3. Инструменты обучения НС,"Вычисли шаг в SGD для L(w)=w^2, w=3, η=0.1.",prompt11,dialog0326,analytics_gemma3_4b_prompt11_dialog0326,analytics,45.3,41.3,60.0,0.0,0.0,0.0,0.0,0.0,0.0,0.0
gemma3,4.3B,3. Инструменты обучения НС,"Вычисли v_t в Momentum: γ=0.9, v_{t-1}=1, ∇L=2, η=0.1.",prompt11,dialog0327,analytics_gemma3_4b_prompt11_dialog0327,analytics,45.3,41.3,60.0,0.0,0.0,0.0,0.0,0.0,0.0,0.0
gemma3,4.3B,3. Инструменты обучения НС,"В Adagrad, G_{t-1,ii}=4, g_t=2, η=0.1, ε=1e-8.",prompt11,dialog0328,analytics_gemma3_4b_prompt11_dialog0328,analytics,45.3,41.3,60.0,0.0,0.0,0.0,0.0,0.0,0.0,0.0
gemma3,4.3B,3. Инструменты обучения НС,"Вычисли learning rate decay: η0=0.1, t=5, T=10, linear.",prompt11,dialog0329,analytics_gemma3_4b_prompt11_dialog0329,analytics,45.3,41.3,60.0,0.0,0.0,0.0,0.0,0.0,0.0,0.0
gemma3,4.3B,3. Инструменты обучения НС,"В Nesterov, вычисли ∇ в ω - γ v_{t-1}: γ=0.9, v=1, ∇=2.",prompt11,dialog0330,analytics_gemma3_4b_prompt11_dialog0330,analytics,45.3,41.3,60.0,0.0,0.0,0.0,0.0,0.0,0.0,0.0
phi4-mini,3.8B,1_Классификаторы_KNN_и_наивный_байес,Что такое метод k-ближайших соседей?,prompt14,dialog0841,analytics_phi4-mini_3.8b_prompt14_dialog0841,analytics,18.3,35.0,38.9,0.0,0.0,0.0,0.0,0.0,0.0,0.0
phi4-mini,3.8B,1_Классификаторы_KNN_и_наивный_байес,Как выбрать количество соседей k в k-NN?,prompt14,dialog0842,analytics_phi4-mini_3.8b_prompt14_dialog0842,analytics,18.3,35.0,38.9,0.0,0.0,0.0,0.0,0.0,0.0,0.0
phi4-mini,3.8B,1_Классификаторы_KNN_и_наивный_байес,Что такое евклидова метрика?,prompt14,dialog0843,analytics_phi4-mini_3.8b_prompt14_dialog0843,analytics,18.3,35.0,38.9,0.0,0.0,0.0,0.0,0.0,0.0,0.0
phi4-mini,3.8B,1_Классификаторы_KNN_и_наивный_байес,В чем суть наивного байесовского классификатора?,prompt14,dialog0844,analytics_phi4-mini_3.8b_prompt14_dialog0844,analytics,18.3,35.0,38.9,0.0,0.0,0.0,0.0,0.0,0.0,0.0
phi4-mini,3.8B,1_Классификаторы_KNN_и_наивный_байес,Как работает сглаживание по Лапласу?,prompt14,dialog0845,analytics_phi4-mini_3.8b_prompt14_dialog0845,analytics,18.3,35.0,38.9,0.0,0.0,0.0,0.0,0.0,0.0,0.0
phi4-mini,3.8B,1_Классификаторы_KNN_и_наивный_байес,Что такое манхэттенское расстояние?,prompt14,dialog0846,analytics_phi4-mini_3.8b_prompt14_dialog0846,analytics,18.3,35.0,38.9,0.0,0.0,0.0,0.0,0.0,0.0,0.0
phi4-mini,3.8B,1_Классификаторы_KNN_и_наивный_байес,Как вычислить вероятность класса в Naive Bayes?,prompt14,dialog0847,analytics_phi4-mini_3.8b_prompt14_dialog0847,analytics,18.3,35.0,38.9,0.0,0.0,0.0,0.0,0.0,0.0,0.0
phi4-mini,3.8B,1_Классификаторы_KNN_и_наивный_байес,Что такое расстояние Чебышёва?,prompt14,dialog0848,analytics_phi4-mini_3.8b_prompt14_dialog0848,analytics,18.3,35.0,38.9,0.0,0.0,0.0,0.0,0.0,0.0,0.0
phi4-mini,3.8B,1_Классификаторы_KNN_и_наивный_байес,Как классифицировать письмо как спам в Naive Bayes?,prompt14,dialog0849,analytics_phi4-mini_3.8b_prompt14_dialog0849,analytics,18.3,35.0,38.9,0.0,0.0,0.0,0.0,0.0,0.0,0.0
phi4-mini,3.8B,1_Классификаторы_KNN_и_наивный_байес,В чем разница между k-NN и взвешенным k-NN?,prompt14,dialog0850,analytics_phi4-mini_3.8b_prompt14_dialog0850,analytics,18.3,35.0,38.9,0.0,0.0,0.0,0.0,0.0,0.0,0.0
phi4-mini,3.8B,1_Классификаторы_KNN_и_наивный_байес,Вычисли вероятность спама для слова 'приз' из примера.,prompt14,dialog0851,analytics_phi4-mini_3.8b_prompt14_dialog0851,analytics,18.3,35.0,38.9,0.0,0.0,0.0,0.0,0.0,0.0,0.0
phi4-mini,3.8B,1_Классификаторы_KNN_и_наивный_байес,"Вычисли расстояние Евклида между (1,2) и (3,4).",prompt14,dialog0852,analytics_phi4-mini_3.8b_prompt14_dialog0852,analytics,18.3,35.0,38.9,0.0,0.0,0.0,0.0,0.0,0.0,0.0
phi4-mini,3.8B,1_Классификаторы_KNN_и_наивный_байес,"В примере с погодой, вычисли F(да) для теста.",prompt14,dialog0853,analytics_phi4-mini_3.8b_prompt14_dialog0853,analytics,18.3,35.0,38.9,0.0,0.0,0.0,0.0,0.0,0.0,0.0
phi4-mini,3.8B,1_Классификаторы_KNN_и_наивный_байес,"Вычисли P(да | пасмурно, холодно, влажно, да).",prompt14,dialog0854,analytics_phi4-mini_3.8b_prompt14_dialog0854,analytics,18.3,35.0,38.9,0.0,0.0,0.0,0.0,0.0,0.0,0.0
phi4-mini,3.8B,1_Классификаторы_KNN_и_наивный_байес,"В спам-примере, вычисли P(win|спам) с Laplace.",prompt14,dialog0855,analytics_phi4-mini_3.8b_prompt14_dialog0855,analytics,18.3,35.0,38.9,0.0,0.0,0.0,0.0,0.0,0.0,0.0
phi4-mini,3.8B,3. Инструменты обучения НС,Что такое autograd?,prompt14,dialog0856,analytics_phi4-mini_3.8b_prompt14_dialog0856,analytics,18.3,35.0,38.9,0.0,0.0,0.0,0.0,0.0,0.0,0.0
phi4-mini,3.8B,3. Инструменты обучения НС,Что такое TensorFlow?,prompt14,dialog0857,analytics_phi4-mini_3.8b_prompt14_dialog0857,analytics,18.3,35.0,38.9,0.0,0.0,0.0,0.0,0.0,0.0,0.0
phi4-mini,3.8B,3. Инструменты обучения НС,Что такое Keras?,prompt14,dialog0858,analytics_phi4-mini_3.8b_prompt14_dialog0858,analytics,18.3,35.0,38.9,0.0,0.0,0.0,0.0,0.0,0.0,0.0
phi4-mini,3.8B,3. Инструменты обучения НС,Что такое over-fitting?,prompt14,dialog0859,analytics_phi4-mini_3.8b_prompt14_dialog0859,analytics,18.3,35.0,38.9,0.0,0.0,0.0,0.0,0.0,0.0,0.0
phi4-mini,3.8B,3. Инструменты обучения НС,Что такое SGD?,prompt14,dialog0860,analytics_phi4-mini_3.8b_prompt14_dialog0860,analytics,18.3,35.0,38.9,0.0,0.0,0.0,0.0,0.0,0.0,0.0
phi4-mini,3.8B,3. Инструменты обучения НС,Что такое Momentum в оптимизации?,prompt14,dialog0861,analytics_phi4-mini_3.8b_prompt14_dialog0861,analytics,18.3,35.0,38.9,0.0,0.0,0.0,0.0,0.0,0.0,0.0
phi4-mini,3.8B,3. Инструменты обучения НС,Что такое Adam?,prompt14,dialog0862,analytics_phi4-mini_3.8b_prompt14_dialog0862,analytics,18.3,35.0,38.9,0.0,0.0,0.0,0.0,0.0,0.0,0.0
phi4-mini,3.8B,3. Инструменты обучения НС,Что такое learning rate?,prompt14,dialog0863,analytics_phi4-mini_3.8b_prompt14_dialog0863,analytics,18.3,35.0,38.9,0.0,0.0,0.0,0.0,0.0,0.0,0.0
phi4-mini,3.8B,3. Инструменты обучения НС,Что такое метод Ньютона?,prompt14,dialog0864,analytics_phi4-mini_3.8b_prompt14_dialog0864,analytics,18.3,35.0,38.9,0.0,0.0,0.0,0.0,0.0,0.0,0.0
phi4-mini,3.8B,3. Инструменты обучения НС,Что такое RMSProp?,prompt14,dialog0865,analytics_phi4-mini_3.8b_prompt14_dialog0865,analytics,18.3,35.0,38.9,0.0,0.0,0.0,0.0,0.0,0.0,0.0
phi4-mini,3.8B,3. Инструменты обучения НС,"Вычисли шаг в SGD для L(w)=w^2, w=3, η=0.1.",prompt14,dialog0866,analytics_phi4-mini_3.8b_prompt14_dialog0866,analytics,18.3,35.0,38.9,0.0,0.0,0.0,0.0,0.0,0.0,0.0
phi4-mini,3.8B,3. Инструменты обучения НС,"Вычисли v_t в Momentum: γ=0.9, v_{t-1}=1, ∇L=2, η=0.1.",prompt14,dialog0867,analytics_phi4-mini_3.8b_prompt14_dialog0867,analytics,18.3,35.0,38.9,0.0,0.0,0.0,0.0,0.0,0.0,0.0
phi4-mini,3.8B,3. Инструменты обучения НС,"В Adagrad, G_{t-1,ii}=4, g_t=2, η=0.1, ε=1e-8.",prompt14,dialog0868,analytics_phi4-mini_3.8b_prompt14_dialog0868,analytics,18.3,35.0,38.9,0.0,0.0,0.0,0.0,0.0,0.0,0.0
phi4-mini,3.8B,3. Инструменты обучения НС,"Вычисли learning rate decay: η0=0.1, t=5, T=10, linear.",prompt14,dialog0869,analytics_phi4-mini_3.8b_prompt14_dialog0869,analytics,18.3,35.0,38.9,0.0,0.0,0.0,0.0,0.0,0.0,0.0
phi4-mini,3.8B,3. Инструменты обучения НС,"В Nesterov, вычисли ∇ в ω - γ v_{t-1}: γ=0.9, v=1, ∇=2.",prompt14,dialog0870,analytics_phi4-mini_3.8b_prompt14_dialog0870,analytics,18.3,35.0,38.9,0.0,0.0,0.0,0.0,0.0,0.0,0.0
phi4-mini,3.8B,1_Классификаторы_KNN_и_наивный_байес,Что такое метод k-ближайших соседей?,prompt13,dialog0811,analytics_phi4-mini_3.8b_prompt13_dialog0811,analytics,31.1,37.0,56.7,0.0,0.0,0.0,0.0,0.0,0.0,0.0
phi4-mini,3.8B,1_Классификаторы_KNN_и_наивный_байес,Как выбрать количество соседей k в k-NN?,prompt13,dialog0812,analytics_phi4-mini_3.8b_prompt13_dialog0812,analytics,31.1,37.0,56.7,0.0,0.0,0.0,0.0,0.0,0.0,0.0
phi4-mini,3.8B,1_Классификаторы_KNN_и_наивный_байес,Что такое евклидова метрика?,prompt13,dialog0813,analytics_phi4-mini_3.8b_prompt13_dialog0813,analytics,31.1,37.0,56.7,0.0,0.0,0.0,0.0,0.0,0.0,0.0
phi4-mini,3.8B,1_Классификаторы_KNN_и_наивный_байес,В чем суть наивного байесовского классификатора?,prompt13,dialog0814,analytics_phi4-mini_3.8b_prompt13_dialog0814,analytics,31.1,37.0,56.7,0.0,0.0,0.0,0.0,0.0,0.0,0.0
phi4-mini,3.8B,1_Классификаторы_KNN_и_наивный_байес,Как работает сглаживание по Лапласу?,prompt13,dialog0815,analytics_phi4-mini_3.8b_prompt13_dialog0815,analytics,31.1,37.0,56.7,0.0,0.0,0.0,0.0,0.0,0.0,0.0
phi4-mini,3.8B,1_Классификаторы_KNN_и_наивный_байес,Что такое манхэттенское расстояние?,prompt13,dialog0816,analytics_phi4-mini_3.8b_prompt13_dialog0816,analytics,31.1,37.0,56.7,0.0,0.0,0.0,0.0,0.0,0.0,0.0
phi4-mini,3.8B,1_Классификаторы_KNN_и_наивный_байес,Как вычислить вероятность класса в Naive Bayes?,prompt13,dialog0817,analytics_phi4-mini_3.8b_prompt13_dialog0817,analytics,31.1,37.0,56.7,0.0,0.0,0.0,0.0,0.0,0.0,0.0
phi4-mini,3.8B,1_Классификаторы_KNN_и_наивный_байес,Что такое расстояние Чебышёва?,prompt13,dialog0818,analytics_phi4-mini_3.8b_prompt13_dialog0818,analytics,31.1,37.0,56.7,0.0,0.0,0.0,0.0,0.0,0.0,0.0
phi4-mini,3.8B,1_Классификаторы_KNN_и_наивный_байес,Как классифицировать письмо как спам в Naive Bayes?,prompt13,dialog0819,analytics_phi4-mini_3.8b_prompt13_dialog0819,analytics,31.1,37.0,56.7,0.0,0.0,0.0,0.0,0.0,0.0,0.0
phi4-mini,3.8B,1_Классификаторы_KNN_и_наивный_байес,В чем разница между k-NN и взвешенным k-NN?,prompt13,dialog0820,analytics_phi4-mini_3.8b_prompt13_dialog0820,analytics,31.1,37.0,56.7,0.0,0.0,0.0,0.0,0.0,0.0,0.0
phi4-mini,3.8B,1_Классификаторы_KNN_и_наивный_байес,Вычисли вероятность спама для слова 'приз' из примера.,prompt13,dialog0821,analytics_phi4-mini_3.8b_prompt13_dialog0821,analytics,31.1,37.0,56.7,0.0,0.0,0.0,0.0,0.0,0.0,0.0
phi4-mini,3.8B,1_Классификаторы_KNN_и_наивный_байес,"Вычисли расстояние Евклида между (1,2) и (3,4).",prompt13,dialog0822,analytics_phi4-mini_3.8b_prompt13_dialog0822,analytics,31.1,37.0,56.7,0.0,0.0,0.0,0.0,0.0,0.0,0.0
phi4-mini,3.8B,1_Классификаторы_KNN_и_наивный_байес,"В примере с погодой, вычисли F(да) для теста.",prompt13,dialog0823,analytics_phi4-mini_3.8b_prompt13_dialog0823,analytics,31.1,37.0,56.7,0.0,0.0,0.0,0.0,0.0,0.0,0.0
phi4-mini,3.8B,1_Классификаторы_KNN_и_наивный_байес,"Вычисли P(да | пасмурно, холодно, влажно, да).",prompt13,dialog0824,analytics_phi4-mini_3.8b_prompt13_dialog0824,analytics,31.1,37.0,56.7,0.0,0.0,0.0,0.0,0.0,0.0,0.0
phi4-mini,3.8B,1_Классификаторы_KNN_и_наивный_байес,"В спам-примере, вычисли P(win|спам) с Laplace.",prompt13,dialog0825,analytics_phi4-mini_3.8b_prompt13_dialog0825,analytics,31.1,37.0,56.7,0.0,0.0,0.0,0.0,0.0,0.0,0.0
phi4-mini,3.8B,3. Инструменты обучения НС,Что такое autograd?,prompt13,dialog0826,analytics_phi4-mini_3.8b_prompt13_dialog0826,analytics,31.1,37.0,56.7,0.0,0.0,0.0,0.0,0.0,0.0,0.0
phi4-mini,3.8B,3. Инструменты обучения НС,Что такое TensorFlow?,prompt13,dialog0827,analytics_phi4-mini_3.8b_prompt13_dialog0827,analytics,31.1,37.0,56.7,0.0,0.0,0.0,0.0,0.0,0.0,0.0
phi4-mini,3.8B,3. Инструменты обучения НС,Что такое Keras?,prompt13,dialog0828,analytics_phi4-mini_3.8b_prompt13_dialog0828,analytics,31.1,37.0,56.7,0.0,0.0,0.0,0.0,0.0,0.0,0.0
phi4-mini,3.8B,3. Инструменты обучения НС,Что такое over-fitting?,prompt13,dialog0829,analytics_phi4-mini_3.8b_prompt13_dialog0829,analytics,31.1,37.0,56.7,0.0,0.0,0.0,0.0,0.0,0.0,0.0
phi4-mini,3.8B,3. Инструменты обучения НС,Что такое SGD?,prompt13,dialog0830,analytics_phi4-mini_3.8b_prompt13_dialog0830,analytics,31.1,37.0,56.7,0.0,0.0,0.0,0.0,0.0,0.0,0.0
phi4-mini,3.8B,3. Инструменты обучения НС,Что такое Momentum в оптимизации?,prompt13,dialog0831,analytics_phi4-mini_3.8b_prompt13_dialog0831,analytics,31.1,37.0,56.7,0.0,0.0,0.0,0.0,0.0,0.0,0.0
phi4-mini,3.8B,3. Инструменты обучения НС,Что такое Adam?,prompt13,dialog0832,analytics_phi4-mini_3.8b_prompt13_dialog0832,analytics,31.1,37.0,56.7,0.0,0.0,0.0,0.0,0.0,0.0,0.0
phi4-mini,3.8B,3. Инструменты обучения НС,Что такое learning rate?,prompt13,dialog0833,analytics_phi4-mini_3.8b_prompt13_dialog0833,analytics,31.1,37.0,56.7,0.0,0.0,0.0,0.0,0.0,0.0,0.0
phi4-mini,3.8B,3. Инструменты обучения НС,Что такое метод Ньютона?,prompt13,dialog0834,analytics_phi4-mini_3.8b_prompt13_dialog0834,analytics,31.1,37.0,56.7,0.0,0.0,0.0,0.0,0.0,0.0,0.0
phi4-mini,3.8B,3. Инструменты обучения НС,Что такое RMSProp?,prompt13,dialog0835,analytics_phi4-mini_3.8b_prompt13_dialog0835,analytics,31.1,37.0,56.7,0.0,0.0,0.0,0.0,0.0,0.0,0.0
phi4-mini,3.8B,3. Инструменты обучения НС,"Вычисли шаг в SGD для L(w)=w^2, w=3, η=0.1.",prompt13,dialog0836,analytics_phi4-mini_3.8b_prompt13_dialog0836,analytics,31.1,37.0,56.7,0.0,0.0,0.0,0.0,0.0,0.0,0.0
phi4-mini,3.8B,3. Инструменты обучения НС,"Вычисли v_t в Momentum: γ=0.9, v_{t-1}=1, ∇L=2, η=0.1.",prompt13,dialog0837,analytics_phi4-mini_3.8b_prompt13_dialog0837,analytics,31.1,37.0,56.7,0.0,0.0,0.0,0.0,0.0,0.0,0.0
phi4-mini,3.8B,3. Инструменты обучения НС,"В Adagrad, G_{t-1,ii}=4, g_t=2, η=0.1, ε=1e-8.",prompt13,dialog0838,analytics_phi4-mini_3.8b_prompt13_dialog0838,analytics,31.1,37.0,56.7,0.0,0.0,0.0,0.0,0.0,0.0,0.0
phi4-mini,3.8B,3. Инструменты обучения НС,"Вычисли learning rate decay: η0=0.1, t=5, T=10, linear.",prompt13,dialog0839,analytics_phi4-mini_3.8b_prompt13_dialog0839,analytics,31.1,37.0,56.7,0.0,0.0,0.0,0.0,0.0,0.0,0.0
phi4-mini,3.8B,3. Инструменты обучения НС,"В Nesterov, вычисли ∇ в ω - γ v_{t-1}: γ=0.9, v=1, ∇=2.",prompt13,dialog0840,analytics_phi4-mini_3.8b_prompt13_dialog0840,analytics,31.1,37.0,56.7,0.0,0.0,0.0,0.0,0.0,0.0,0.0
phi4-mini,3.8B,1_Классификаторы_KNN_и_наивный_байес,Что такое метод k-ближайших соседей?,prompt4,dialog0541,analytics_phi4-mini_3.8b_prompt4_dialog0541,analytics,31.4,43.8,51.9,0.0,0.0,0.0,0.0,0.0,0.0,0.0
phi4-mini,3.8B,1_Классификаторы_KNN_и_наивный_байес,Как выбрать количество соседей k в k-NN?,prompt4,dialog0542,analytics_phi4-mini_3.8b_prompt4_dialog0542,analytics,31.4,43.8,51.9,0.0,0.0,0.0,0.0,0.0,0.0,0.0
phi4-mini,3.8B,1_Классификаторы_KNN_и_наивный_байес,Что такое евклидова метрика?,prompt4,dialog0543,analytics_phi4-mini_3.8b_prompt4_dialog0543,analytics,31.4,43.8,51.9,0.0,0.0,0.0,0.0,0.0,0.0,0.0
phi4-mini,3.8B,1_Классификаторы_KNN_и_наивный_байес,В чем суть наивного байесовского классификатора?,prompt4,dialog0544,analytics_phi4-mini_3.8b_prompt4_dialog0544,analytics,31.4,43.8,51.9,0.0,0.0,0.0,0.0,0.0,0.0,0.0
phi4-mini,3.8B,1_Классификаторы_KNN_и_наивный_байес,Как работает сглаживание по Лапласу?,prompt4,dialog0545,analytics_phi4-mini_3.8b_prompt4_dialog0545,analytics,31.4,43.8,51.9,0.0,0.0,0.0,0.0,0.0,0.0,0.0
phi4-mini,3.8B,1_Классификаторы_KNN_и_наивный_байес,Что такое манхэттенское расстояние?,prompt4,dialog0546,analytics_phi4-mini_3.8b_prompt4_dialog0546,analytics,31.4,43.8,51.9,0.0,0.0,0.0,0.0,0.0,0.0,0.0
phi4-mini,3.8B,1_Классификаторы_KNN_и_наивный_байес,Как вычислить вероятность класса в Naive Bayes?,prompt4,dialog0547,analytics_phi4-mini_3.8b_prompt4_dialog0547,analytics,31.4,43.8,51.9,0.0,0.0,0.0,0.0,0.0,0.0,0.0
phi4-mini,3.8B,1_Классификаторы_KNN_и_наивный_байес,Что такое расстояние Чебышёва?,prompt4,dialog0548,analytics_phi4-mini_3.8b_prompt4_dialog0548,analytics,31.4,43.8,51.9,0.0,0.0,0.0,0.0,0.0,0.0,0.0
phi4-mini,3.8B,1_Классификаторы_KNN_и_наивный_байес,Как классифицировать письмо как спам в Naive Bayes?,prompt4,dialog0549,analytics_phi4-mini_3.8b_prompt4_dialog0549,analytics,31.4,43.8,51.9,0.0,0.0,0.0,0.0,0.0,0.0,0.0
phi4-mini,3.8B,1_Классификаторы_KNN_и_наивный_байес,В чем разница между k-NN и взвешенным k-NN?,prompt4,dialog0550,analytics_phi4-mini_3.8b_prompt4_dialog0550,analytics,31.4,43.8,51.9,0.0,0.0,0.0,0.0,0.0,0.0,0.0
phi4-mini,3.8B,1_Классификаторы_KNN_и_наивный_байес,Вычисли вероятность спама для слова 'приз' из примера.,prompt4,dialog0551,analytics_phi4-mini_3.8b_prompt4_dialog0551,analytics,31.4,43.8,51.9,0.0,0.0,0.0,0.0,0.0,0.0,0.0
phi4-mini,3.8B,1_Классификаторы_KNN_и_наивный_байес,"Вычисли расстояние Евклида между (1,2) и (3,4).",prompt4,dialog0552,analytics_phi4-mini_3.8b_prompt4_dialog0552,analytics,31.4,43.8,51.9,0.0,0.0,0.0,0.0,0.0,0.0,0.0
phi4-mini,3.8B,1_Классификаторы_KNN_и_наивный_байес,"В примере с погодой, вычисли F(да) для теста.",prompt4,dialog0553,analytics_phi4-mini_3.8b_prompt4_dialog0553,analytics,31.4,43.8,51.9,0.0,0.0,0.0,0.0,0.0,0.0,0.0
phi4-mini,3.8B,1_Классификаторы_KNN_и_наивный_байес,"Вычисли P(да | пасмурно, холодно, влажно, да).",prompt4,dialog0554,analytics_phi4-mini_3.8b_prompt4_dialog0554,analytics,31.4,43.8,51.9,0.0,0.0,0.0,0.0,0.0,0.0,0.0
phi4-mini,3.8B,1_Классификаторы_KNN_и_наивный_байес,"В спам-примере, вычисли P(win|спам) с Laplace.",prompt4,dialog0555,analytics_phi4-mini_3.8b_prompt4_dialog0555,analytics,31.4,43.8,51.9,0.0,0.0,0.0,0.0,0.0,0.0,0.0
phi4-mini,3.8B,3. Инструменты обучения НС,Что такое autograd?,prompt4,dialog0556,analytics_phi4-mini_3.8b_prompt4_dialog0556,analytics,31.4,43.8,51.9,0.0,0.0,0.0,0.0,0.0,0.0,0.0
phi4-mini,3.8B,3. Инструменты обучения НС,Что такое TensorFlow?,prompt4,dialog0557,analytics_phi4-mini_3.8b_prompt4_dialog0557,analytics,31.4,43.8,51.9,0.0,0.0,0.0,0.0,0.0,0.0,0.0
phi4-mini,3.8B,3. Инструменты обучения НС,Что такое Keras?,prompt4,dialog0558,analytics_phi4-mini_3.8b_prompt4_dialog0558,analytics,31.4,43.8,51.9,0.0,0.0,0.0,0.0,0.0,0.0,0.0
phi4-mini,3.8B,3. Инструменты обучения НС,Что такое over-fitting?,prompt4,dialog0559,analytics_phi4-mini_3.8b_prompt4_dialog0559,analytics,31.4,43.8,51.9,0.0,0.0,0.0,0.0,0.0,0.0,0.0
phi4-mini,3.8B,3. Инструменты обучения НС,Что такое SGD?,prompt4,dialog0560,analytics_phi4-mini_3.8b_prompt4_dialog0560,analytics,31.4,43.8,51.9,0.0,0.0,0.0,0.0,0.0,0.0,0.0
phi4-mini,3.8B,3. Инструменты обучения НС,Что такое Momentum в оптимизации?,prompt4,dialog0561,analytics_phi4-mini_3.8b_prompt4_dialog0561,analytics,31.4,43.8,51.9,0.0,0.0,0.0,0.0,0.0,0.0,0.0
phi4-mini,3.8B,3. Инструменты обучения НС,Что такое Adam?,prompt4,dialog0562,analytics_phi4-mini_3.8b_prompt4_dialog0562,analytics,31.4,43.8,51.9,0.0,0.0,0.0,0.0,0.0,0.0,0.0
phi4-mini,3.8B,3. Инструменты обучения НС,Что такое learning rate?,prompt4,dialog0563,analytics_phi4-mini_3.8b_prompt4_dialog0563,analytics,31.4,43.8,51.9,0.0,0.0,0.0,0.0,0.0,0.0,0.0
phi4-mini,3.8B,3. Инструменты обучения НС,Что такое метод Ньютона?,prompt4,dialog0564,analytics_phi4-mini_3.8b_prompt4_dialog0564,analytics,31.4,43.8,51.9,0.0,0.0,0.0,0.0,0.0,0.0,0.0
phi4-mini,3.8B,3. Инструменты обучения НС,Что такое RMSProp?,prompt4,dialog0565,analytics_phi4-mini_3.8b_prompt4_dialog0565,analytics,31.4,43.8,51.9,0.0,0.0,0.0,0.0,0.0,0.0,0.0
phi4-mini,3.8B,3. Инструменты обучения НС,"Вычисли шаг в SGD для L(w)=w^2, w=3, η=0.1.",prompt4,dialog0566,analytics_phi4-mini_3.8b_prompt4_dialog0566,analytics,31.4,43.8,51.9,0.0,0.0,0.0,0.0,0.0,0.0,0.0
phi4-mini,3.8B,3. Инструменты обучения НС,"Вычисли v_t в Momentum: γ=0.9, v_{t-1}=1, ∇L=2, η=0.1.",prompt4,dialog0567,analytics_phi4-mini_3.8b_prompt4_dialog0567,analytics,31.4,43.8,51.9,0.0,0.0,0.0,0.0,0.0,0.0,0.0
phi4-mini,3.8B,3. Инструменты обучения НС,"В Adagrad, G_{t-1,ii}=4, g_t=2, η=0.1, ε=1e-8.",prompt4,dialog0568,analytics_phi4-mini_3.8b_prompt4_dialog0568,analytics,31.4,43.8,51.9,0.0,0.0,0.0,0.0,0.0,0.0,0.0
phi4-mini,3.8B,3. Инструменты обучения НС,"Вычисли learning rate decay: η0=0.1, t=5, T=10, linear.",prompt4,dialog0569,analytics_phi4-mini_3.8b_prompt4_dialog0569,analytics,31.4,43.8,51.9,0.0,0.0,0.0,0.0,0.0,0.0,0.0
phi4-mini,3.8B,3. Инструменты обучения НС,"В Nesterov, вычисли ∇ в ω - γ v_{t-1}: γ=0.9, v=1, ∇=2.",prompt4,dialog0570,analytics_phi4-mini_3.8b_prompt4_dialog0570,analytics,31.4,43.8,51.9,0.0,0.0,0.0,0.0,0.0,0.0,0.0
phi4-mini,3.8B,1_Классификаторы_KNN_и_наивный_байес,Что такое метод k-ближайших соседей?,prompt3,dialog0511,analytics_phi4-mini_3.8b_prompt3_dialog0511,analytics,29.3,32.4,60.3,0.0,0.0,0.0,0.0,0.0,0.0,0.0
phi4-mini,3.8B,1_Классификаторы_KNN_и_наивный_байес,Как выбрать количество соседей k в k-NN?,prompt3,dialog0512,analytics_phi4-mini_3.8b_prompt3_dialog0512,analytics,29.3,32.4,60.3,0.0,0.0,0.0,0.0,0.0,0.0,0.0
phi4-mini,3.8B,1_Классификаторы_KNN_и_наивный_байес,Что такое евклидова метрика?,prompt3,dialog0513,analytics_phi4-mini_3.8b_prompt3_dialog0513,analytics,29.3,32.4,60.3,0.0,0.0,0.0,0.0,0.0,0.0,0.0
phi4-mini,3.8B,1_Классификаторы_KNN_и_наивный_байес,В чем суть наивного байесовского классификатора?,prompt3,dialog0514,analytics_phi4-mini_3.8b_prompt3_dialog0514,analytics,29.3,32.4,60.3,0.0,0.0,0.0,0.0,0.0,0.0,0.0
phi4-mini,3.8B,1_Классификаторы_KNN_и_наивный_байес,Как работает сглаживание по Лапласу?,prompt3,dialog0515,analytics_phi4-mini_3.8b_prompt3_dialog0515,analytics,29.3,32.4,60.3,0.0,0.0,0.0,0.0,0.0,0.0,0.0
phi4-mini,3.8B,1_Классификаторы_KNN_и_наивный_байес,Что такое манхэттенское расстояние?,prompt3,dialog0516,analytics_phi4-mini_3.8b_prompt3_dialog0516,analytics,29.3,32.4,60.3,0.0,0.0,0.0,0.0,0.0,0.0,0.0
phi4-mini,3.8B,1_Классификаторы_KNN_и_наивный_байес,Как вычислить вероятность класса в Naive Bayes?,prompt3,dialog0517,analytics_phi4-mini_3.8b_prompt3_dialog0517,analytics,29.3,32.4,60.3,0.0,0.0,0.0,0.0,0.0,0.0,0.0
phi4-mini,3.8B,1_Классификаторы_KNN_и_наивный_байес,Что такое расстояние Чебышёва?,prompt3,dialog0518,analytics_phi4-mini_3.8b_prompt3_dialog0518,analytics,29.3,32.4,60.3,0.0,0.0,0.0,0.0,0.0,0.0,0.0
phi4-mini,3.8B,1_Классификаторы_KNN_и_наивный_байес,Как классифицировать письмо как спам в Naive Bayes?,prompt3,dialog0519,analytics_phi4-mini_3.8b_prompt3_dialog0519,analytics,29.3,32.4,60.3,0.0,0.0,0.0,0.0,0.0,0.0,0.0
phi4-mini,3.8B,1_Классификаторы_KNN_и_наивный_байес,В чем разница между k-NN и взвешенным k-NN?,prompt3,dialog0520,analytics_phi4-mini_3.8b_prompt3_dialog0520,analytics,29.3,32.4,60.3,0.0,0.0,0.0,0.0,0.0,0.0,0.0
phi4-mini,3.8B,1_Классификаторы_KNN_и_наивный_байес,Вычисли вероятность спама для слова 'приз' из примера.,prompt3,dialog0521,analytics_phi4-mini_3.8b_prompt3_dialog0521,analytics,29.3,32.4,60.3,0.0,0.0,0.0,0.0,0.0,0.0,0.0
phi4-mini,3.8B,1_Классификаторы_KNN_и_наивный_байес,"Вычисли расстояние Евклида между (1,2) и (3,4).",prompt3,dialog0522,analytics_phi4-mini_3.8b_prompt3_dialog0522,analytics,29.3,32.4,60.3,0.0,0.0,0.0,0.0,0.0,0.0,0.0
phi4-mini,3.8B,1_Классификаторы_KNN_и_наивный_байес,"В примере с погодой, вычисли F(да) для теста.",prompt3,dialog0523,analytics_phi4-mini_3.8b_prompt3_dialog0523,analytics,29.3,32.4,60.3,0.0,0.0,0.0,0.0,0.0,0.0,0.0
phi4-mini,3.8B,1_Классификаторы_KNN_и_наивный_байес,"Вычисли P(да | пасмурно, холодно, влажно, да).",prompt3,dialog0524,analytics_phi4-mini_3.8b_prompt3_dialog0524,analytics,29.3,32.4,60.3,0.0,0.0,0.0,0.0,0.0,0.0,0.0
phi4-mini,3.8B,1_Классификаторы_KNN_и_наивный_байес,"В спам-примере, вычисли P(win|спам) с Laplace.",prompt3,dialog0525,analytics_phi4-mini_3.8b_prompt3_dialog0525,analytics,29.3,32.4,60.3,0.0,0.0,0.0,0.0,0.0,0.0,0.0
phi4-mini,3.8B,3. Инструменты обучения НС,Что такое autograd?,prompt3,dialog0526,analytics_phi4-mini_3.8b_prompt3_dialog0526,analytics,29.3,32.4,60.3,0.0,0.0,0.0,0.0,0.0,0.0,0.0
phi4-mini,3.8B,3. Инструменты обучения НС,Что такое TensorFlow?,prompt3,dialog0527,analytics_phi4-mini_3.8b_prompt3_dialog0527,analytics,29.3,32.4,60.3,0.0,0.0,0.0,0.0,0.0,0.0,0.0
phi4-mini,3.8B,3. Инструменты обучения НС,Что такое Keras?,prompt3,dialog0528,analytics_phi4-mini_3.8b_prompt3_dialog0528,analytics,29.3,32.4,60.3,0.0,0.0,0.0,0.0,0.0,0.0,0.0
phi4-mini,3.8B,3. Инструменты обучения НС,Что такое over-fitting?,prompt3,dialog0529,analytics_phi4-mini_3.8b_prompt3_dialog0529,analytics,29.3,32.4,60.3,0.0,0.0,0.0,0.0,0.0,0.0,0.0
phi4-mini,3.8B,3. Инструменты обучения НС,Что такое SGD?,prompt3,dialog0530,analytics_phi4-mini_3.8b_prompt3_dialog0530,analytics,29.3,32.4,60.3,0.0,0.0,0.0,0.0,0.0,0.0,0.0
phi4-mini,3.8B,3. Инструменты обучения НС,Что такое Momentum в оптимизации?,prompt3,dialog0531,analytics_phi4-mini_3.8b_prompt3_dialog0531,analytics,29.3,32.4,60.3,0.0,0.0,0.0,0.0,0.0,0.0,0.0
phi4-mini,3.8B,3. Инструменты обучения НС,Что такое Adam?,prompt3,dialog0532,analytics_phi4-mini_3.8b_prompt3_dialog0532,analytics,29.3,32.4,60.3,0.0,0.0,0.0,0.0,0.0,0.0,0.0
phi4-mini,3.8B,3. Инструменты обучения НС,Что такое learning rate?,prompt3,dialog0533,analytics_phi4-mini_3.8b_prompt3_dialog0533,analytics,29.3,32.4,60.3,0.0,0.0,0.0,0.0,0.0,0.0,0.0
phi4-mini,3.8B,3. Инструменты обучения НС,Что такое метод Ньютона?,prompt3,dialog0534,analytics_phi4-mini_3.8b_prompt3_dialog0534,analytics,29.3,32.4,60.3,0.0,0.0,0.0,0.0,0.0,0.0,0.0
phi4-mini,3.8B,3. Инструменты обучения НС,Что такое RMSProp?,prompt3,dialog0535,analytics_phi4-mini_3.8b_prompt3_dialog0535,analytics,29.3,32.4,60.3,0.0,0.0,0.0,0.0,0.0,0.0,0.0
phi4-mini,3.8B,3. Инструменты обучения НС,"Вычисли шаг в SGD для L(w)=w^2, w=3, η=0.1.",prompt3,dialog0536,analytics_phi4-mini_3.8b_prompt3_dialog0536,analytics,29.3,32.4,60.3,0.0,0.0,0.0,0.0,0.0,0.0,0.0
phi4-mini,3.8B,3. Инструменты обучения НС,"Вычисли v_t в Momentum: γ=0.9, v_{t-1}=1, ∇L=2, η=0.1.",prompt3,dialog0537,analytics_phi4-mini_3.8b_prompt3_dialog0537,analytics,29.3,32.4,60.3,0.0,0.0,0.0,0.0,0.0,0.0,0.0
phi4-mini,3.8B,3. Инструменты обучения НС,"В Adagrad, G_{t-1,ii}=4, g_t=2, η=0.1, ε=1e-8.",prompt3,dialog0538,analytics_phi4-mini_3.8b_prompt3_dialog0538,analytics,29.3,32.4,60.3,0.0,0.0,0.0,0.0,0.0,0.0,0.0
phi4-mini,3.8B,3. Инструменты обучения НС,"Вычисли learning rate decay: η0=0.1, t=5, T=10, linear.",prompt3,dialog0539,analytics_phi4-mini_3.8b_prompt3_dialog0539,analytics,29.3,32.4,60.3,0.0,0.0,0.0,0.0,0.0,0.0,0.0
phi4-mini,3.8B,3. Инструменты обучения НС,"В Nesterov, вычисли ∇ в ω - γ v_{t-1}: γ=0.9, v=1, ∇=2.",prompt3,dialog0540,analytics_phi4-mini_3.8b_prompt3_dialog0540,analytics,29.3,32.4,60.3,0.0,0.0,0.0,0.0,0.0,0.0,0.0
phi4-mini,3.8B,1_Классификаторы_KNN_и_наивный_байес,Что такое метод k-ближайших соседей?,prompt2,dialog0481,analytics_phi4-mini_3.8b_prompt2_dialog0481,analytics,40.4,43.6,57.8,0.0,0.0,0.0,0.0,0.0,0.0,0.0
phi4-mini,3.8B,1_Классификаторы_KNN_и_наивный_байес,Как выбрать количество соседей k в k-NN?,prompt2,dialog0482,analytics_phi4-mini_3.8b_prompt2_dialog0482,analytics,40.4,43.6,57.8,0.0,0.0,0.0,0.0,0.0,0.0,0.0
phi4-mini,3.8B,1_Классификаторы_KNN_и_наивный_байес,Что такое евклидова метрика?,prompt2,dialog0483,analytics_phi4-mini_3.8b_prompt2_dialog0483,analytics,40.4,43.6,57.8,0.0,0.0,0.0,0.0,0.0,0.0,0.0
phi4-mini,3.8B,1_Классификаторы_KNN_и_наивный_байес,В чем суть наивного байесовского классификатора?,prompt2,dialog0484,analytics_phi4-mini_3.8b_prompt2_dialog0484,analytics,40.4,43.6,57.8,0.0,0.0,0.0,0.0,0.0,0.0,0.0
phi4-mini,3.8B,1_Классификаторы_KNN_и_наивный_байес,Как работает сглаживание по Лапласу?,prompt2,dialog0485,analytics_phi4-mini_3.8b_prompt2_dialog0485,analytics,40.4,43.6,57.8,0.0,0.0,0.0,0.0,0.0,0.0,0.0
phi4-mini,3.8B,1_Классификаторы_KNN_и_наивный_байес,Что такое манхэттенское расстояние?,prompt2,dialog0486,analytics_phi4-mini_3.8b_prompt2_dialog0486,analytics,40.4,43.6,57.8,0.0,0.0,0.0,0.0,0.0,0.0,0.0
phi4-mini,3.8B,1_Классификаторы_KNN_и_наивный_байес,Как вычислить вероятность класса в Naive Bayes?,prompt2,dialog0487,analytics_phi4-mini_3.8b_prompt2_dialog0487,analytics,40.4,43.6,57.8,0.0,0.0,0.0,0.0,0.0,0.0,0.0
phi4-mini,3.8B,1_Классификаторы_KNN_и_наивный_байес,Что такое расстояние Чебышёва?,prompt2,dialog0488,analytics_phi4-mini_3.8b_prompt2_dialog0488,analytics,40.4,43.6,57.8,0.0,0.0,0.0,0.0,0.0,0.0,0.0
phi4-mini,3.8B,1_Классификаторы_KNN_и_наивный_байес,Как классифицировать письмо как спам в Naive Bayes?,prompt2,dialog0489,analytics_phi4-mini_3.8b_prompt2_dialog0489,analytics,40.4,43.6,57.8,0.0,0.0,0.0,0.0,0.0,0.0,0.0
phi4-mini,3.8B,1_Классификаторы_KNN_и_наивный_байес,В чем разница между k-NN и взвешенным k-NN?,prompt2,dialog0490,analytics_phi4-mini_3.8b_prompt2_dialog0490,analytics,40.4,43.6,57.8,0.0,0.0,0.0,0.0,0.0,0.0,0.0
phi4-mini,3.8B,1_Классификаторы_KNN_и_наивный_байес,Вычисли вероятность спама для слова 'приз' из примера.,prompt2,dialog0491,analytics_phi4-mini_3.8b_prompt2_dialog0491,analytics,40.4,43.6,57.8,0.0,0.0,0.0,0.0,0.0,0.0,0.0
phi4-mini,3.8B,1_Классификаторы_KNN_и_наивный_байес,"Вычисли расстояние Евклида между (1,2) и (3,4).",prompt2,dialog0492,analytics_phi4-mini_3.8b_prompt2_dialog0492,analytics,40.4,43.6,57.8,0.0,0.0,0.0,0.0,0.0,0.0,0.0
phi4-mini,3.8B,1_Классификаторы_KNN_и_наивный_байес,"В примере с погодой, вычисли F(да) для теста.",prompt2,dialog0493,analytics_phi4-mini_3.8b_prompt2_dialog0493,analytics,40.4,43.6,57.8,0.0,0.0,0.0,0.0,0.0,0.0,0.0
phi4-mini,3.8B,1_Классификаторы_KNN_и_наивный_байес,"Вычисли P(да | пасмурно, холодно, влажно, да).",prompt2,dialog0494,analytics_phi4-mini_3.8b_prompt2_dialog0494,analytics,40.4,43.6,57.8,0.0,0.0,0.0,0.0,0.0,0.0,0.0
phi4-mini,3.8B,1_Классификаторы_KNN_и_наивный_байес,"В спам-примере, вычисли P(win|спам) с Laplace.",prompt2,dialog0495,analytics_phi4-mini_3.8b_prompt2_dialog0495,analytics,40.4,43.6,57.8,0.0,0.0,0.0,0.0,0.0,0.0,0.0
phi4-mini,3.8B,3. Инструменты обучения НС,Что такое autograd?,prompt2,dialog0496,analytics_phi4-mini_3.8b_prompt2_dialog0496,analytics,40.4,43.6,57.8,0.0,0.0,0.0,0.0,0.0,0.0,0.0
phi4-mini,3.8B,3. Инструменты обучения НС,Что такое TensorFlow?,prompt2,dialog0497,analytics_phi4-mini_3.8b_prompt2_dialog0497,analytics,40.4,43.6,57.8,0.0,0.0,0.0,0.0,0.0,0.0,0.0
phi4-mini,3.8B,3. Инструменты обучения НС,Что такое Keras?,prompt2,dialog0498,analytics_phi4-mini_3.8b_prompt2_dialog0498,analytics,40.4,43.6,57.8,0.0,0.0,0.0,0.0,0.0,0.0,0.0
phi4-mini,3.8B,3. Инструменты обучения НС,Что такое over-fitting?,prompt2,dialog0499,analytics_phi4-mini_3.8b_prompt2_dialog0499,analytics,40.4,43.6,57.8,0.0,0.0,0.0,0.0,0.0,0.0,0.0
phi4-mini,3.8B,3. Инструменты обучения НС,Что такое SGD?,prompt2,dialog0500,analytics_phi4-mini_3.8b_prompt2_dialog0500,analytics,40.4,43.6,57.8,0.0,0.0,0.0,0.0,0.0,0.0,0.0
phi4-mini,3.8B,3. Инструменты обучения НС,Что такое Momentum в оптимизации?,prompt2,dialog0501,analytics_phi4-mini_3.8b_prompt2_dialog0501,analytics,40.4,43.6,57.8,0.0,0.0,0.0,0.0,0.0,0.0,0.0
phi4-mini,3.8B,3. Инструменты обучения НС,Что такое Adam?,prompt2,dialog0502,analytics_phi4-mini_3.8b_prompt2_dialog0502,analytics,40.4,43.6,57.8,0.0,0.0,0.0,0.0,0.0,0.0,0.0
phi4-mini,3.8B,3. Инструменты обучения НС,Что такое learning rate?,prompt2,dialog0503,analytics_phi4-mini_3.8b_prompt2_dialog0503,analytics,40.4,43.6,57.8,0.0,0.0,0.0,0.0,0.0,0.0,0.0
phi4-mini,3.8B,3. Инструменты обучения НС,Что такое метод Ньютона?,prompt2,dialog0504,analytics_phi4-mini_3.8b_prompt2_dialog0504,analytics,40.4,43.6,57.8,0.0,0.0,0.0,0.0,0.0,0.0,0.0
phi4-mini,3.8B,3. Инструменты обучения НС,Что такое RMSProp?,prompt2,dialog0505,analytics_phi4-mini_3.8b_prompt2_dialog0505,analytics,40.4,43.6,57.8,0.0,0.0,0.0,0.0,0.0,0.0,0.0
phi4-mini,3.8B,3. Инструменты обучения НС,"Вычисли шаг в SGD для L(w)=w^2, w=3, η=0.1.",prompt2,dialog0506,analytics_phi4-mini_3.8b_prompt2_dialog0506,analytics,40.4,43.6,57.8,0.0,0.0,0.0,0.0,0.0,0.0,0.0
phi4-mini,3.8B,3. Инструменты обучения НС,"Вычисли v_t в Momentum: γ=0.9, v_{t-1}=1, ∇L=2, η=0.1.",prompt2,dialog0507,analytics_phi4-mini_3.8b_prompt2_dialog0507,analytics,40.4,43.6,57.8,0.0,0.0,0.0,0.0,0.0,0.0,0.0
phi4-mini,3.8B,3. Инструменты обучения НС,"В Adagrad, G_{t-1,ii}=4, g_t=2, η=0.1, ε=1e-8.",prompt2,dialog0508,analytics_phi4-mini_3.8b_prompt2_dialog0508,analytics,40.4,43.6,57.8,0.0,0.0,0.0,0.0,0.0,0.0,0.0
phi4-mini,3.8B,3. Инструменты обучения НС,"Вычисли learning rate decay: η0=0.1, t=5, T=10, linear.",prompt2,dialog0509,analytics_phi4-mini_3.8b_prompt2_dialog0509,analytics,40.4,43.6,57.8,0.0,0.0,0.0,0.0,0.0,0.0,0.0
phi4-mini,3.8B,3. Инструменты обучения НС,"В Nesterov, вычисли ∇ в ω - γ v_{t-1}: γ=0.9, v=1, ∇=2.",prompt2,dialog0510,analytics_phi4-mini_3.8b_prompt2_dialog0510,analytics,40.4,43.6,57.8,0.0,0.0,0.0,0.0,0.0,0.0,0.0
phi4-mini,3.8B,1_Классификаторы_KNN_и_наивный_байес,Что такое метод k-ближайших соседей?,prompt5,dialog0571,analytics_phi4-mini_3.8b_prompt5_dialog0571,analytics,40.2,46.7,58.1,0.0,0.0,0.0,0.0,0.0,0.0,0.0
phi4-mini,3.8B,1_Классификаторы_KNN_и_наивный_байес,Как выбрать количество соседей k в k-NN?,prompt5,dialog0572,analytics_phi4-mini_3.8b_prompt5_dialog0572,analytics,40.2,46.7,58.1,0.0,0.0,0.0,0.0,0.0,0.0,0.0
phi4-mini,3.8B,1_Классификаторы_KNN_и_наивный_байес,Что такое евклидова метрика?,prompt5,dialog0573,analytics_phi4-mini_3.8b_prompt5_dialog0573,analytics,40.2,46.7,58.1,0.0,0.0,0.0,0.0,0.0,0.0,0.0
phi4-mini,3.8B,1_Классификаторы_KNN_и_наивный_байес,В чем суть наивного байесовского классификатора?,prompt5,dialog0574,analytics_phi4-mini_3.8b_prompt5_dialog0574,analytics,40.2,46.7,58.1,0.0,0.0,0.0,0.0,0.0,0.0,0.0
phi4-mini,3.8B,1_Классификаторы_KNN_и_наивный_байес,Как работает сглаживание по Лапласу?,prompt5,dialog0575,analytics_phi4-mini_3.8b_prompt5_dialog0575,analytics,40.2,46.7,58.1,0.0,0.0,0.0,0.0,0.0,0.0,0.0
phi4-mini,3.8B,1_Классификаторы_KNN_и_наивный_байес,Что такое манхэттенское расстояние?,prompt5,dialog0576,analytics_phi4-mini_3.8b_prompt5_dialog0576,analytics,40.2,46.7,58.1,0.0,0.0,0.0,0.0,0.0,0.0,0.0
phi4-mini,3.8B,1_Классификаторы_KNN_и_наивный_байес,Как вычислить вероятность класса в Naive Bayes?,prompt5,dialog0577,analytics_phi4-mini_3.8b_prompt5_dialog0577,analytics,40.2,46.7,58.1,0.0,0.0,0.0,0.0,0.0,0.0,0.0
phi4-mini,3.8B,1_Классификаторы_KNN_и_наивный_байес,Что такое расстояние Чебышёва?,prompt5,dialog0578,analytics_phi4-mini_3.8b_prompt5_dialog0578,analytics,40.2,46.7,58.1,0.0,0.0,0.0,0.0,0.0,0.0,0.0
phi4-mini,3.8B,1_Классификаторы_KNN_и_наивный_байес,Как классифицировать письмо как спам в Naive Bayes?,prompt5,dialog0579,analytics_phi4-mini_3.8b_prompt5_dialog0579,analytics,40.2,46.7,58.1,0.0,0.0,0.0,0.0,0.0,0.0,0.0
phi4-mini,3.8B,1_Классификаторы_KNN_и_наивный_байес,В чем разница между k-NN и взвешенным k-NN?,prompt5,dialog0580,analytics_phi4-mini_3.8b_prompt5_dialog0580,analytics,40.2,46.7,58.1,0.0,0.0,0.0,0.0,0.0,0.0,0.0
phi4-mini,3.8B,1_Классификаторы_KNN_и_наивный_байес,Вычисли вероятность спама для слова 'приз' из примера.,prompt5,dialog0581,analytics_phi4-mini_3.8b_prompt5_dialog0581,analytics,40.2,46.7,58.1,0.0,0.0,0.0,0.0,0.0,0.0,0.0
phi4-mini,3.8B,1_Классификаторы_KNN_и_наивный_байес,"Вычисли расстояние Евклида между (1,2) и (3,4).",prompt5,dialog0582,analytics_phi4-mini_3.8b_prompt5_dialog0582,analytics,40.2,46.7,58.1,0.0,0.0,0.0,0.0,0.0,0.0,0.0
phi4-mini,3.8B,1_Классификаторы_KNN_и_наивный_байес,"В примере с погодой, вычисли F(да) для теста.",prompt5,dialog0583,analytics_phi4-mini_3.8b_prompt5_dialog0583,analytics,40.2,46.7,58.1,0.0,0.0,0.0,0.0,0.0,0.0,0.0
phi4-mini,3.8B,1_Классификаторы_KNN_и_наивный_байес,"Вычисли P(да | пасмурно, холодно, влажно, да).",prompt5,dialog0584,analytics_phi4-mini_3.8b_prompt5_dialog0584,analytics,40.2,46.7,58.1,0.0,0.0,0.0,0.0,0.0,0.0,0.0
phi4-mini,3.8B,1_Классификаторы_KNN_и_наивный_байес,"В спам-примере, вычисли P(win|спам) с Laplace.",prompt5,dialog0585,analytics_phi4-mini_3.8b_prompt5_dialog0585,analytics,40.2,46.7,58.1,0.0,0.0,0.0,0.0,0.0,0.0,0.0
phi4-mini,3.8B,3. Инструменты обучения НС,Что такое autograd?,prompt5,dialog0586,analytics_phi4-mini_3.8b_prompt5_dialog0586,analytics,40.2,46.7,58.1,0.0,0.0,0.0,0.0,0.0,0.0,0.0
phi4-mini,3.8B,3. Инструменты обучения НС,Что такое TensorFlow?,prompt5,dialog0587,analytics_phi4-mini_3.8b_prompt5_dialog0587,analytics,40.2,46.7,58.1,0.0,0.0,0.0,0.0,0.0,0.0,0.0
phi4-mini,3.8B,3. Инструменты обучения НС,Что такое Keras?,prompt5,dialog0588,analytics_phi4-mini_3.8b_prompt5_dialog0588,analytics,40.2,46.7,58.1,0.0,0.0,0.0,0.0,0.0,0.0,0.0
phi4-mini,3.8B,3. Инструменты обучения НС,Что такое over-fitting?,prompt5,dialog0589,analytics_phi4-mini_3.8b_prompt5_dialog0589,analytics,40.2,46.7,58.1,0.0,0.0,0.0,0.0,0.0,0.0,0.0
phi4-mini,3.8B,3. Инструменты обучения НС,Что такое SGD?,prompt5,dialog0590,analytics_phi4-mini_3.8b_prompt5_dialog0590,analytics,40.2,46.7,58.1,0.0,0.0,0.0,0.0,0.0,0.0,0.0
phi4-mini,3.8B,3. Инструменты обучения НС,Что такое Momentum в оптимизации?,prompt5,dialog0591,analytics_phi4-mini_3.8b_prompt5_dialog0591,analytics,40.2,46.7,58.1,0.0,0.0,0.0,0.0,0.0,0.0,0.0
phi4-mini,3.8B,3. Инструменты обучения НС,Что такое Adam?,prompt5,dialog0592,analytics_phi4-mini_3.8b_prompt5_dialog0592,analytics,40.2,46.7,58.1,0.0,0.0,0.0,0.0,0.0,0.0,0.0
phi4-mini,3.8B,3. Инструменты обучения НС,Что такое learning rate?,prompt5,dialog0593,analytics_phi4-mini_3.8b_prompt5_dialog0593,analytics,40.2,46.7,58.1,0.0,0.0,0.0,0.0,0.0,0.0,0.0
phi4-mini,3.8B,3. Инструменты обучения НС,Что такое метод Ньютона?,prompt5,dialog0594,analytics_phi4-mini_3.8b_prompt5_dialog0594,analytics,40.2,46.7,58.1,0.0,0.0,0.0,0.0,0.0,0.0,0.0
phi4-mini,3.8B,3. Инструменты обучения НС,Что такое RMSProp?,prompt5,dialog0595,analytics_phi4-mini_3.8b_prompt5_dialog0595,analytics,40.2,46.7,58.1,0.0,0.0,0.0,0.0,0.0,0.0,0.0
phi4-mini,3.8B,3. Инструменты обучения НС,"Вычисли шаг в SGD для L(w)=w^2, w=3, η=0.1.",prompt5,dialog0596,analytics_phi4-mini_3.8b_prompt5_dialog0596,analytics,40.2,46.7,58.1,0.0,0.0,0.0,0.0,0.0,0.0,0.0
phi4-mini,3.8B,3. Инструменты обучения НС,"Вычисли v_t в Momentum: γ=0.9, v_{t-1}=1, ∇L=2, η=0.1.",prompt5,dialog0597,analytics_phi4-mini_3.8b_prompt5_dialog0597,analytics,40.2,46.7,58.1,0.0,0.0,0.0,0.0,0.0,0.0,0.0
phi4-mini,3.8B,3. Инструменты обучения НС,"В Adagrad, G_{t-1,ii}=4, g_t=2, η=0.1, ε=1e-8.",prompt5,dialog0598,analytics_phi4-mini_3.8b_prompt5_dialog0598,analytics,40.2,46.7,58.1,0.0,0.0,0.0,0.0,0.0,0.0,0.0
phi4-mini,3.8B,3. Инструменты обучения НС,"Вычисли learning rate decay: η0=0.1, t=5, T=10, linear.",prompt5,dialog0599,analytics_phi4-mini_3.8b_prompt5_dialog0599,analytics,40.2,46.7,58.1,0.0,0.0,0.0,0.0,0.0,0.0,0.0
phi4-mini,3.8B,3. Инструменты обучения НС,"В Nesterov, вычисли ∇ в ω - γ v_{t-1}: γ=0.9, v=1, ∇=2.",prompt5,dialog0600,analytics_phi4-mini_3.8b_prompt5_dialog0600,analytics,40.2,46.7,58.1,0.0,0.0,0.0,0.0,0.0,0.0,0.0
phi4-mini,3.8B,1_Классификаторы_KNN_и_наивный_байес,Что такое метод k-ближайших соседей?,prompt12,dialog0781,analytics_phi4-mini_3.8b_prompt12_dialog0781,analytics,31.7,32.7,65.8,0.0,0.0,0.0,0.0,0.0,0.0,0.0
phi4-mini,3.8B,1_Классификаторы_KNN_и_наивный_байес,Как выбрать количество соседей k в k-NN?,prompt12,dialog0782,analytics_phi4-mini_3.8b_prompt12_dialog0782,analytics,31.7,32.7,65.8,0.0,0.0,0.0,0.0,0.0,0.0,0.0
phi4-mini,3.8B,1_Классификаторы_KNN_и_наивный_байес,Что такое евклидова метрика?,prompt12,dialog0783,analytics_phi4-mini_3.8b_prompt12_dialog0783,analytics,31.7,32.7,65.8,0.0,0.0,0.0,0.0,0.0,0.0,0.0
phi4-mini,3.8B,1_Классификаторы_KNN_и_наивный_байес,В чем суть наивного байесовского классификатора?,prompt12,dialog0784,analytics_phi4-mini_3.8b_prompt12_dialog0784,analytics,31.7,32.7,65.8,0.0,0.0,0.0,0.0,0.0,0.0,0.0
phi4-mini,3.8B,1_Классификаторы_KNN_и_наивный_байес,Как работает сглаживание по Лапласу?,prompt12,dialog0785,analytics_phi4-mini_3.8b_prompt12_dialog0785,analytics,31.7,32.7,65.8,0.0,0.0,0.0,0.0,0.0,0.0,0.0
phi4-mini,3.8B,1_Классификаторы_KNN_и_наивный_байес,Что такое манхэттенское расстояние?,prompt12,dialog0786,analytics_phi4-mini_3.8b_prompt12_dialog0786,analytics,31.7,32.7,65.8,0.0,0.0,0.0,0.0,0.0,0.0,0.0
phi4-mini,3.8B,1_Классификаторы_KNN_и_наивный_байес,Как вычислить вероятность класса в Naive Bayes?,prompt12,dialog0787,analytics_phi4-mini_3.8b_prompt12_dialog0787,analytics,31.7,32.7,65.8,0.0,0.0,0.0,0.0,0.0,0.0,0.0
phi4-mini,3.8B,1_Классификаторы_KNN_и_наивный_байес,Что такое расстояние Чебышёва?,prompt12,dialog0788,analytics_phi4-mini_3.8b_prompt12_dialog0788,analytics,31.7,32.7,65.8,0.0,0.0,0.0,0.0,0.0,0.0,0.0
phi4-mini,3.8B,1_Классификаторы_KNN_и_наивный_байес,Как классифицировать письмо как спам в Naive Bayes?,prompt12,dialog0789,analytics_phi4-mini_3.8b_prompt12_dialog0789,analytics,31.7,32.7,65.8,0.0,0.0,0.0,0.0,0.0,0.0,0.0
phi4-mini,3.8B,1_Классификаторы_KNN_и_наивный_байес,В чем разница между k-NN и взвешенным k-NN?,prompt12,dialog0790,analytics_phi4-mini_3.8b_prompt12_dialog0790,analytics,31.7,32.7,65.8,0.0,0.0,0.0,0.0,0.0,0.0,0.0
phi4-mini,3.8B,1_Классификаторы_KNN_и_наивный_байес,Вычисли вероятность спама для слова 'приз' из примера.,prompt12,dialog0791,analytics_phi4-mini_3.8b_prompt12_dialog0791,analytics,31.7,32.7,65.8,0.0,0.0,0.0,0.0,0.0,0.0,0.0
phi4-mini,3.8B,1_Классификаторы_KNN_и_наивный_байес,"Вычисли расстояние Евклида между (1,2) и (3,4).",prompt12,dialog0792,analytics_phi4-mini_3.8b_prompt12_dialog0792,analytics,31.7,32.7,65.8,0.0,0.0,0.0,0.0,0.0,0.0,0.0
phi4-mini,3.8B,1_Классификаторы_KNN_и_наивный_байес,"В примере с погодой, вычисли F(да) для теста.",prompt12,dialog0793,analytics_phi4-mini_3.8b_prompt12_dialog0793,analytics,31.7,32.7,65.8,0.0,0.0,0.0,0.0,0.0,0.0,0.0
phi4-mini,3.8B,1_Классификаторы_KNN_и_наивный_байес,"Вычисли P(да | пасмурно, холодно, влажно, да).",prompt12,dialog0794,analytics_phi4-mini_3.8b_prompt12_dialog0794,analytics,31.7,32.7,65.8,0.0,0.0,0.0,0.0,0.0,0.0,0.0
phi4-mini,3.8B,1_Классификаторы_KNN_и_наивный_байес,"В спам-примере, вычисли P(win|спам) с Laplace.",prompt12,dialog0795,analytics_phi4-mini_3.8b_prompt12_dialog0795,analytics,31.7,32.7,65.8,0.0,0.0,0.0,0.0,0.0,0.0,0.0
phi4-mini,3.8B,3. Инструменты обучения НС,Что такое autograd?,prompt12,dialog0796,analytics_phi4-mini_3.8b_prompt12_dialog0796,analytics,31.7,32.7,65.8,0.0,0.0,0.0,0.0,0.0,0.0,0.0
phi4-mini,3.8B,3. Инструменты обучения НС,Что такое TensorFlow?,prompt12,dialog0797,analytics_phi4-mini_3.8b_prompt12_dialog0797,analytics,31.7,32.7,65.8,0.0,0.0,0.0,0.0,0.0,0.0,0.0
phi4-mini,3.8B,3. Инструменты обучения НС,Что такое Keras?,prompt12,dialog0798,analytics_phi4-mini_3.8b_prompt12_dialog0798,analytics,31.7,32.7,65.8,0.0,0.0,0.0,0.0,0.0,0.0,0.0
phi4-mini,3.8B,3. Инструменты обучения НС,Что такое over-fitting?,prompt12,dialog0799,analytics_phi4-mini_3.8b_prompt12_dialog0799,analytics,31.7,32.7,65.8,0.0,0.0,0.0,0.0,0.0,0.0,0.0
phi4-mini,3.8B,3. Инструменты обучения НС,Что такое SGD?,prompt12,dialog0800,analytics_phi4-mini_3.8b_prompt12_dialog0800,analytics,31.7,32.7,65.8,0.0,0.0,0.0,0.0,0.0,0.0,0.0
phi4-mini,3.8B,3. Инструменты обучения НС,Что такое Momentum в оптимизации?,prompt12,dialog0801,analytics_phi4-mini_3.8b_prompt12_dialog0801,analytics,31.7,32.7,65.8,0.0,0.0,0.0,0.0,0.0,0.0,0.0
phi4-mini,3.8B,3. Инструменты обучения НС,Что такое Adam?,prompt12,dialog0802,analytics_phi4-mini_3.8b_prompt12_dialog0802,analytics,31.7,32.7,65.8,0.0,0.0,0.0,0.0,0.0,0.0,0.0
phi4-mini,3.8B,3. Инструменты обучения НС,Что такое learning rate?,prompt12,dialog0803,analytics_phi4-mini_3.8b_prompt12_dialog0803,analytics,31.7,32.7,65.8,0.0,0.0,0.0,0.0,0.0,0.0,0.0
phi4-mini,3.8B,3. Инструменты обучения НС,Что такое метод Ньютона?,prompt12,dialog0804,analytics_phi4-mini_3.8b_prompt12_dialog0804,analytics,31.7,32.7,65.8,0.0,0.0,0.0,0.0,0.0,0.0,0.0
phi4-mini,3.8B,3. Инструменты обучения НС,Что такое RMSProp?,prompt12,dialog0805,analytics_phi4-mini_3.8b_prompt12_dialog0805,analytics,31.7,32.7,65.8,0.0,0.0,0.0,0.0,0.0,0.0,0.0
phi4-mini,3.8B,3. Инструменты обучения НС,"Вычисли шаг в SGD для L(w)=w^2, w=3, η=0.1.",prompt12,dialog0806,analytics_phi4-mini_3.8b_prompt12_dialog0806,analytics,31.7,32.7,65.8,0.0,0.0,0.0,0.0,0.0,0.0,0.0
phi4-mini,3.8B,3. Инструменты обучения НС,"Вычисли v_t в Momentum: γ=0.9, v_{t-1}=1, ∇L=2, η=0.1.",prompt12,dialog0807,analytics_phi4-mini_3.8b_prompt12_dialog0807,analytics,31.7,32.7,65.8,0.0,0.0,0.0,0.0,0.0,0.0,0.0
phi4-mini,3.8B,3. Инструменты обучения НС,"В Adagrad, G_{t-1,ii}=4, g_t=2, η=0.1, ε=1e-8.",prompt12,dialog0808,analytics_phi4-mini_3.8b_prompt12_dialog0808,analytics,31.7,32.7,65.8,0.0,0.0,0.0,0.0,0.0,0.0,0.0
phi4-mini,3.8B,3. Инструменты обучения НС,"Вычисли learning rate decay: η0=0.1, t=5, T=10, linear.",prompt12,dialog0809,analytics_phi4-mini_3.8b_prompt12_dialog0809,analytics,31.7,32.7,65.8,0.0,0.0,0.0,0.0,0.0,0.0,0.0
phi4-mini,3.8B,3. Инструменты обучения НС,"В Nesterov, вычисли ∇ в ω - γ v_{t-1}: γ=0.9, v=1, ∇=2.",prompt12,dialog0810,analytics_phi4-mini_3.8b_prompt12_dialog0810,analytics,31.7,32.7,65.8,0.0,0.0,0.0,0.0,0.0,0.0,0.0
phi4-mini,3.8B,1_Классификаторы_KNN_и_наивный_байес,Что такое метод k-ближайших соседей?,prompt15,dialog0871,analytics_phi4-mini_3.8b_prompt15_dialog0871,analytics,34.1,42.0,56.7,0.0,0.0,0.0,0.0,0.0,0.0,0.0
phi4-mini,3.8B,1_Классификаторы_KNN_и_наивный_байес,Как выбрать количество соседей k в k-NN?,prompt15,dialog0872,analytics_phi4-mini_3.8b_prompt15_dialog0872,analytics,34.1,42.0,56.7,0.0,0.0,0.0,0.0,0.0,0.0,0.0
phi4-mini,3.8B,1_Классификаторы_KNN_и_наивный_байес,Что такое евклидова метрика?,prompt15,dialog0873,analytics_phi4-mini_3.8b_prompt15_dialog0873,analytics,34.1,42.0,56.7,0.0,0.0,0.0,0.0,0.0,0.0,0.0
phi4-mini,3.8B,1_Классификаторы_KNN_и_наивный_байес,В чем суть наивного байесовского классификатора?,prompt15,dialog0874,analytics_phi4-mini_3.8b_prompt15_dialog0874,analytics,34.1,42.0,56.7,0.0,0.0,0.0,0.0,0.0,0.0,0.0
phi4-mini,3.8B,1_Классификаторы_KNN_и_наивный_байес,Как работает сглаживание по Лапласу?,prompt15,dialog0875,analytics_phi4-mini_3.8b_prompt15_dialog0875,analytics,34.1,42.0,56.7,0.0,0.0,0.0,0.0,0.0,0.0,0.0
phi4-mini,3.8B,1_Классификаторы_KNN_и_наивный_байес,Что такое манхэттенское расстояние?,prompt15,dialog0876,analytics_phi4-mini_3.8b_prompt15_dialog0876,analytics,34.1,42.0,56.7,0.0,0.0,0.0,0.0,0.0,0.0,0.0
phi4-mini,3.8B,1_Классификаторы_KNN_и_наивный_байес,Как вычислить вероятность класса в Naive Bayes?,prompt15,dialog0877,analytics_phi4-mini_3.8b_prompt15_dialog0877,analytics,34.1,42.0,56.7,0.0,0.0,0.0,0.0,0.0,0.0,0.0
phi4-mini,3.8B,1_Классификаторы_KNN_и_наивный_байес,Что такое расстояние Чебышёва?,prompt15,dialog0878,analytics_phi4-mini_3.8b_prompt15_dialog0878,analytics,34.1,42.0,56.7,0.0,0.0,0.0,0.0,0.0,0.0,0.0
phi4-mini,3.8B,1_Классификаторы_KNN_и_наивный_байес,Как классифицировать письмо как спам в Naive Bayes?,prompt15,dialog0879,analytics_phi4-mini_3.8b_prompt15_dialog0879,analytics,34.1,42.0,56.7,0.0,0.0,0.0,0.0,0.0,0.0,0.0
phi4-mini,3.8B,1_Классификаторы_KNN_и_наивный_байес,В чем разница между k-NN и взвешенным k-NN?,prompt15,dialog0880,analytics_phi4-mini_3.8b_prompt15_dialog0880,analytics,34.1,42.0,56.7,0.0,0.0,0.0,0.0,0.0,0.0,0.0
phi4-mini,3.8B,1_Классификаторы_KNN_и_наивный_байес,Вычисли вероятность спама для слова 'приз' из примера.,prompt15,dialog0881,analytics_phi4-mini_3.8b_prompt15_dialog0881,analytics,34.1,42.0,56.7,0.0,0.0,0.0,0.0,0.0,0.0,0.0
phi4-mini,3.8B,1_Классификаторы_KNN_и_наивный_байес,"Вычисли расстояние Евклида между (1,2) и (3,4).",prompt15,dialog0882,analytics_phi4-mini_3.8b_prompt15_dialog0882,analytics,34.1,42.0,56.7,0.0,0.0,0.0,0.0,0.0,0.0,0.0
phi4-mini,3.8B,1_Классификаторы_KNN_и_наивный_байес,"В примере с погодой, вычисли F(да) для теста.",prompt15,dialog0883,analytics_phi4-mini_3.8b_prompt15_dialog0883,analytics,34.1,42.0,56.7,0.0,0.0,0.0,0.0,0.0,0.0,0.0
phi4-mini,3.8B,1_Классификаторы_KNN_и_наивный_байес,"Вычисли P(да | пасмурно, холодно, влажно, да).",prompt15,dialog0884,analytics_phi4-mini_3.8b_prompt15_dialog0884,analytics,34.1,42.0,56.7,0.0,0.0,0.0,0.0,0.0,0.0,0.0
phi4-mini,3.8B,1_Классификаторы_KNN_и_наивный_байес,"В спам-примере, вычисли P(win|спам) с Laplace.",prompt15,dialog0885,analytics_phi4-mini_3.8b_prompt15_dialog0885,analytics,34.1,42.0,56.7,0.0,0.0,0.0,0.0,0.0,0.0,0.0
phi4-mini,3.8B,3. Инструменты обучения НС,Что такое autograd?,prompt15,dialog0886,analytics_phi4-mini_3.8b_prompt15_dialog0886,analytics,34.1,42.0,56.7,0.0,0.0,0.0,0.0,0.0,0.0,0.0
phi4-mini,3.8B,3. Инструменты обучения НС,Что такое TensorFlow?,prompt15,dialog0887,analytics_phi4-mini_3.8b_prompt15_dialog0887,analytics,34.1,42.0,56.7,0.0,0.0,0.0,0.0,0.0,0.0,0.0
phi4-mini,3.8B,3. Инструменты обучения НС,Что такое Keras?,prompt15,dialog0888,analytics_phi4-mini_3.8b_prompt15_dialog0888,analytics,34.1,42.0,56.7,0.0,0.0,0.0,0.0,0.0,0.0,0.0
phi4-mini,3.8B,3. Инструменты обучения НС,Что такое over-fitting?,prompt15,dialog0889,analytics_phi4-mini_3.8b_prompt15_dialog0889,analytics,34.1,42.0,56.7,0.0,0.0,0.0,0.0,0.0,0.0,0.0
phi4-mini,3.8B,3. Инструменты обучения НС,Что такое SGD?,prompt15,dialog0890,analytics_phi4-mini_3.8b_prompt15_dialog0890,analytics,34.1,42.0,56.7,0.0,0.0,0.0,0.0,0.0,0.0,0.0
phi4-mini,3.8B,3. Инструменты обучения НС,Что такое Momentum в оптимизации?,prompt15,dialog0891,analytics_phi4-mini_3.8b_prompt15_dialog0891,analytics,34.1,42.0,56.7,0.0,0.0,0.0,0.0,0.0,0.0,0.0
phi4-mini,3.8B,3. Инструменты обучения НС,Что такое Adam?,prompt15,dialog0892,analytics_phi4-mini_3.8b_prompt15_dialog0892,analytics,34.1,42.0,56.7,0.0,0.0,0.0,0.0,0.0,0.0,0.0
phi4-mini,3.8B,3. Инструменты обучения НС,Что такое learning rate?,prompt15,dialog0893,analytics_phi4-mini_3.8b_prompt15_dialog0893,analytics,34.1,42.0,56.7,0.0,0.0,0.0,0.0,0.0,0.0,0.0
phi4-mini,3.8B,3. Инструменты обучения НС,Что такое метод Ньютона?,prompt15,dialog0894,analytics_phi4-mini_3.8b_prompt15_dialog0894,analytics,34.1,42.0,56.7,0.0,0.0,0.0,0.0,0.0,0.0,0.0
phi4-mini,3.8B,3. Инструменты обучения НС,Что такое RMSProp?,prompt15,dialog0895,analytics_phi4-mini_3.8b_prompt15_dialog0895,analytics,34.1,42.0,56.7,0.0,0.0,0.0,0.0,0.0,0.0,0.0
phi4-mini,3.8B,3. Инструменты обучения НС,"Вычисли шаг в SGD для L(w)=w^2, w=3, η=0.1.",prompt15,dialog0896,analytics_phi4-mini_3.8b_prompt15_dialog0896,analytics,34.1,42.0,56.7,0.0,0.0,0.0,0.0,0.0,0.0,0.0
phi4-mini,3.8B,3. Инструменты обучения НС,"Вычисли v_t в Momentum: γ=0.9, v_{t-1}=1, ∇L=2, η=0.1.",prompt15,dialog0897,analytics_phi4-mini_3.8b_prompt15_dialog0897,analytics,34.1,42.0,56.7,0.0,0.0,0.0,0.0,0.0,0.0,0.0
phi4-mini,3.8B,3. Инструменты обучения НС,"В Adagrad, G_{t-1,ii}=4, g_t=2, η=0.1, ε=1e-8.",prompt15,dialog0898,analytics_phi4-mini_3.8b_prompt15_dialog0898,analytics,34.1,42.0,56.7,0.0,0.0,0.0,0.0,0.0,0.0,0.0
phi4-mini,3.8B,3. Инструменты обучения НС,"Вычисли learning rate decay: η0=0.1, t=5, T=10, linear.",prompt15,dialog0899,analytics_phi4-mini_3.8b_prompt15_dialog0899,analytics,34.1,42.0,56.7,0.0,0.0,0.0,0.0,0.0,0.0,0.0
phi4-mini,3.8B,3. Инструменты обучения НС,"В Nesterov, вычисли ∇ в ω - γ v_{t-1}: γ=0.9, v=1, ∇=2.",prompt15,dialog0900,analytics_phi4-mini_3.8b_prompt15_dialog0900,analytics,34.1,42.0,56.7,0.0,0.0,0.0,0.0,0.0,0.0,0.0
phi4-mini,3.8B,1_Классификаторы_KNN_и_наивный_байес,Что такое метод k-ближайших соседей?,prompt10,dialog0721,analytics_phi4-mini_3.8b_prompt10_dialog0721,analytics,37.0,44.8,58.6,0.0,0.0,0.0,0.0,0.0,0.0,0.0
phi4-mini,3.8B,1_Классификаторы_KNN_и_наивный_байес,Как выбрать количество соседей k в k-NN?,prompt10,dialog0722,analytics_phi4-mini_3.8b_prompt10_dialog0722,analytics,37.0,44.8,58.6,0.0,0.0,0.0,0.0,0.0,0.0,0.0
phi4-mini,3.8B,1_Классификаторы_KNN_и_наивный_байес,Что такое евклидова метрика?,prompt10,dialog0723,analytics_phi4-mini_3.8b_prompt10_dialog0723,analytics,37.0,44.8,58.6,0.0,0.0,0.0,0.0,0.0,0.0,0.0
phi4-mini,3.8B,1_Классификаторы_KNN_и_наивный_байес,В чем суть наивного байесовского классификатора?,prompt10,dialog0724,analytics_phi4-mini_3.8b_prompt10_dialog0724,analytics,37.0,44.8,58.6,0.0,0.0,0.0,0.0,0.0,0.0,0.0
phi4-mini,3.8B,1_Классификаторы_KNN_и_наивный_байес,Как работает сглаживание по Лапласу?,prompt10,dialog0725,analytics_phi4-mini_3.8b_prompt10_dialog0725,analytics,37.0,44.8,58.6,0.0,0.0,0.0,0.0,0.0,0.0,0.0
phi4-mini,3.8B,1_Классификаторы_KNN_и_наивный_байес,Что такое манхэттенское расстояние?,prompt10,dialog0726,analytics_phi4-mini_3.8b_prompt10_dialog0726,analytics,37.0,44.8,58.6,0.0,0.0,0.0,0.0,0.0,0.0,0.0
phi4-mini,3.8B,1_Классификаторы_KNN_и_наивный_байес,Как вычислить вероятность класса в Naive Bayes?,prompt10,dialog0727,analytics_phi4-mini_3.8b_prompt10_dialog0727,analytics,37.0,44.8,58.6,0.0,0.0,0.0,0.0,0.0,0.0,0.0
phi4-mini,3.8B,1_Классификаторы_KNN_и_наивный_байес,Что такое расстояние Чебышёва?,prompt10,dialog0728,analytics_phi4-mini_3.8b_prompt10_dialog0728,analytics,37.0,44.8,58.6,0.0,0.0,0.0,0.0,0.0,0.0,0.0
phi4-mini,3.8B,1_Классификаторы_KNN_и_наивный_байес,Как классифицировать письмо как спам в Naive Bayes?,prompt10,dialog0729,analytics_phi4-mini_3.8b_prompt10_dialog0729,analytics,37.0,44.8,58.6,0.0,0.0,0.0,0.0,0.0,0.0,0.0
phi4-mini,3.8B,1_Классификаторы_KNN_и_наивный_байес,В чем разница между k-NN и взвешенным k-NN?,prompt10,dialog0730,analytics_phi4-mini_3.8b_prompt10_dialog0730,analytics,37.0,44.8,58.6,0.0,0.0,0.0,0.0,0.0,0.0,0.0
phi4-mini,3.8B,1_Классификаторы_KNN_и_наивный_байес,Вычисли вероятность спама для слова 'приз' из примера.,prompt10,dialog0731,analytics_phi4-mini_3.8b_prompt10_dialog0731,analytics,37.0,44.8,58.6,0.0,0.0,0.0,0.0,0.0,0.0,0.0
phi4-mini,3.8B,1_Классификаторы_KNN_и_наивный_байес,"Вычисли расстояние Евклида между (1,2) и (3,4).",prompt10,dialog0732,analytics_phi4-mini_3.8b_prompt10_dialog0732,analytics,37.0,44.8,58.6,0.0,0.0,0.0,0.0,0.0,0.0,0.0
phi4-mini,3.8B,1_Классификаторы_KNN_и_наивный_байес,"В примере с погодой, вычисли F(да) для теста.",prompt10,dialog0733,analytics_phi4-mini_3.8b_prompt10_dialog0733,analytics,37.0,44.8,58.6,0.0,0.0,0.0,0.0,0.0,0.0,0.0
phi4-mini,3.8B,1_Классификаторы_KNN_и_наивный_байес,"Вычисли P(да | пасмурно, холодно, влажно, да).",prompt10,dialog0734,analytics_phi4-mini_3.8b_prompt10_dialog0734,analytics,37.0,44.8,58.6,0.0,0.0,0.0,0.0,0.0,0.0,0.0
phi4-mini,3.8B,1_Классификаторы_KNN_и_наивный_байес,"В спам-примере, вычисли P(win|спам) с Laplace.",prompt10,dialog0735,analytics_phi4-mini_3.8b_prompt10_dialog0735,analytics,37.0,44.8,58.6,0.0,0.0,0.0,0.0,0.0,0.0,0.0
phi4-mini,3.8B,3. Инструменты обучения НС,Что такое autograd?,prompt10,dialog0736,analytics_phi4-mini_3.8b_prompt10_dialog0736,analytics,37.0,44.8,58.6,0.0,0.0,0.0,0.0,0.0,0.0,0.0
phi4-mini,3.8B,3. Инструменты обучения НС,Что такое TensorFlow?,prompt10,dialog0737,analytics_phi4-mini_3.8b_prompt10_dialog0737,analytics,37.0,44.8,58.6,0.0,0.0,0.0,0.0,0.0,0.0,0.0
phi4-mini,3.8B,3. Инструменты обучения НС,Что такое Keras?,prompt10,dialog0738,analytics_phi4-mini_3.8b_prompt10_dialog0738,analytics,37.0,44.8,58.6,0.0,0.0,0.0,0.0,0.0,0.0,0.0
phi4-mini,3.8B,3. Инструменты обучения НС,Что такое over-fitting?,prompt10,dialog0739,analytics_phi4-mini_3.8b_prompt10_dialog0739,analytics,37.0,44.8,58.6,0.0,0.0,0.0,0.0,0.0,0.0,0.0
phi4-mini,3.8B,3. Инструменты обучения НС,Что такое SGD?,prompt10,dialog0740,analytics_phi4-mini_3.8b_prompt10_dialog0740,analytics,37.0,44.8,58.6,0.0,0.0,0.0,0.0,0.0,0.0,0.0
phi4-mini,3.8B,3. Инструменты обучения НС,Что такое Momentum в оптимизации?,prompt10,dialog0741,analytics_phi4-mini_3.8b_prompt10_dialog0741,analytics,37.0,44.8,58.6,0.0,0.0,0.0,0.0,0.0,0.0,0.0
phi4-mini,3.8B,3. Инструменты обучения НС,Что такое Adam?,prompt10,dialog0742,analytics_phi4-mini_3.8b_prompt10_dialog0742,analytics,37.0,44.8,58.6,0.0,0.0,0.0,0.0,0.0,0.0,0.0
phi4-mini,3.8B,3. Инструменты обучения НС,Что такое learning rate?,prompt10,dialog0743,analytics_phi4-mini_3.8b_prompt10_dialog0743,analytics,37.0,44.8,58.6,0.0,0.0,0.0,0.0,0.0,0.0,0.0
phi4-mini,3.8B,3. Инструменты обучения НС,Что такое метод Ньютона?,prompt10,dialog0744,analytics_phi4-mini_3.8b_prompt10_dialog0744,analytics,37.0,44.8,58.6,0.0,0.0,0.0,0.0,0.0,0.0,0.0
phi4-mini,3.8B,3. Инструменты обучения НС,Что такое RMSProp?,prompt10,dialog0745,analytics_phi4-mini_3.8b_prompt10_dialog0745,analytics,37.0,44.8,58.6,0.0,0.0,0.0,0.0,0.0,0.0,0.0
phi4-mini,3.8B,3. Инструменты обучения НС,"Вычисли шаг в SGD для L(w)=w^2, w=3, η=0.1.",prompt10,dialog0746,analytics_phi4-mini_3.8b_prompt10_dialog0746,analytics,37.0,44.8,58.6,0.0,0.0,0.0,0.0,0.0,0.0,0.0
phi4-mini,3.8B,3. Инструменты обучения НС,"Вычисли v_t в Momentum: γ=0.9, v_{t-1}=1, ∇L=2, η=0.1.",prompt10,dialog0747,analytics_phi4-mini_3.8b_prompt10_dialog0747,analytics,37.0,44.8,58.6,0.0,0.0,0.0,0.0,0.0,0.0,0.0
phi4-mini,3.8B,3. Инструменты обучения НС,"В Adagrad, G_{t-1,ii}=4, g_t=2, η=0.1, ε=1e-8.",prompt10,dialog0748,analytics_phi4-mini_3.8b_prompt10_dialog0748,analytics,37.0,44.8,58.6,0.0,0.0,0.0,0.0,0.0,0.0,0.0
phi4-mini,3.8B,3. Инструменты обучения НС,"Вычисли learning rate decay: η0=0.1, t=5, T=10, linear.",prompt10,dialog0749,analytics_phi4-mini_3.8b_prompt10_dialog0749,analytics,37.0,44.8,58.6,0.0,0.0,0.0,0.0,0.0,0.0,0.0
phi4-mini,3.8B,3. Инструменты обучения НС,"В Nesterov, вычисли ∇ в ω - γ v_{t-1}: γ=0.9, v=1, ∇=2.",prompt10,dialog0750,analytics_phi4-mini_3.8b_prompt10_dialog0750,analytics,37.0,44.8,58.6,0.0,0.0,0.0,0.0,0.0,0.0,0.0
phi4-mini,3.8B,1_Классификаторы_KNN_и_наивный_байес,Что такое метод k-ближайших соседей?,prompt9,dialog0691,analytics_phi4-mini_3.8b_prompt9_dialog0691,analytics,40.4,45.6,64.3,0.0,0.0,0.0,0.0,0.0,0.0,0.0
phi4-mini,3.8B,1_Классификаторы_KNN_и_наивный_байес,Как выбрать количество соседей k в k-NN?,prompt9,dialog0692,analytics_phi4-mini_3.8b_prompt9_dialog0692,analytics,40.4,45.6,64.3,0.0,0.0,0.0,0.0,0.0,0.0,0.0
phi4-mini,3.8B,1_Классификаторы_KNN_и_наивный_байес,Что такое евклидова метрика?,prompt9,dialog0693,analytics_phi4-mini_3.8b_prompt9_dialog0693,analytics,40.4,45.6,64.3,0.0,0.0,0.0,0.0,0.0,0.0,0.0
phi4-mini,3.8B,1_Классификаторы_KNN_и_наивный_байес,В чем суть наивного байесовского классификатора?,prompt9,dialog0694,analytics_phi4-mini_3.8b_prompt9_dialog0694,analytics,40.4,45.6,64.3,0.0,0.0,0.0,0.0,0.0,0.0,0.0
phi4-mini,3.8B,1_Классификаторы_KNN_и_наивный_байес,Как работает сглаживание по Лапласу?,prompt9,dialog0695,analytics_phi4-mini_3.8b_prompt9_dialog0695,analytics,40.4,45.6,64.3,0.0,0.0,0.0,0.0,0.0,0.0,0.0
phi4-mini,3.8B,1_Классификаторы_KNN_и_наивный_байес,Что такое манхэттенское расстояние?,prompt9,dialog0696,analytics_phi4-mini_3.8b_prompt9_dialog0696,analytics,40.4,45.6,64.3,0.0,0.0,0.0,0.0,0.0,0.0,0.0
phi4-mini,3.8B,1_Классификаторы_KNN_и_наивный_байес,Как вычислить вероятность класса в Naive Bayes?,prompt9,dialog0697,analytics_phi4-mini_3.8b_prompt9_dialog0697,analytics,40.4,45.6,64.3,0.0,0.0,0.0,0.0,0.0,0.0,0.0
phi4-mini,3.8B,1_Классификаторы_KNN_и_наивный_байес,Что такое расстояние Чебышёва?,prompt9,dialog0698,analytics_phi4-mini_3.8b_prompt9_dialog0698,analytics,40.4,45.6,64.3,0.0,0.0,0.0,0.0,0.0,0.0,0.0
phi4-mini,3.8B,1_Классификаторы_KNN_и_наивный_байес,Как классифицировать письмо как спам в Naive Bayes?,prompt9,dialog0699,analytics_phi4-mini_3.8b_prompt9_dialog0699,analytics,40.4,45.6,64.3,0.0,0.0,0.0,0.0,0.0,0.0,0.0
phi4-mini,3.8B,1_Классификаторы_KNN_и_наивный_байес,В чем разница между k-NN и взвешенным k-NN?,prompt9,dialog0700,analytics_phi4-mini_3.8b_prompt9_dialog0700,analytics,40.4,45.6,64.3,0.0,0.0,0.0,0.0,0.0,0.0,0.0
phi4-mini,3.8B,1_Классификаторы_KNN_и_наивный_байес,Вычисли вероятность спама для слова 'приз' из примера.,prompt9,dialog0701,analytics_phi4-mini_3.8b_prompt9_dialog0701,analytics,40.4,45.6,64.3,0.0,0.0,0.0,0.0,0.0,0.0,0.0
phi4-mini,3.8B,1_Классификаторы_KNN_и_наивный_байес,"Вычисли расстояние Евклида между (1,2) и (3,4).",prompt9,dialog0702,analytics_phi4-mini_3.8b_prompt9_dialog0702,analytics,40.4,45.6,64.3,0.0,0.0,0.0,0.0,0.0,0.0,0.0
phi4-mini,3.8B,1_Классификаторы_KNN_и_наивный_байес,"В примере с погодой, вычисли F(да) для теста.",prompt9,dialog0703,analytics_phi4-mini_3.8b_prompt9_dialog0703,analytics,40.4,45.6,64.3,0.0,0.0,0.0,0.0,0.0,0.0,0.0
phi4-mini,3.8B,1_Классификаторы_KNN_и_наивный_байес,"Вычисли P(да | пасмурно, холодно, влажно, да).",prompt9,dialog0704,analytics_phi4-mini_3.8b_prompt9_dialog0704,analytics,40.4,45.6,64.3,0.0,0.0,0.0,0.0,0.0,0.0,0.0
phi4-mini,3.8B,1_Классификаторы_KNN_и_наивный_байес,"В спам-примере, вычисли P(win|спам) с Laplace.",prompt9,dialog0705,analytics_phi4-mini_3.8b_prompt9_dialog0705,analytics,40.4,45.6,64.3,0.0,0.0,0.0,0.0,0.0,0.0,0.0
phi4-mini,3.8B,3. Инструменты обучения НС,Что такое autograd?,prompt9,dialog0706,analytics_phi4-mini_3.8b_prompt9_dialog0706,analytics,40.4,45.6,64.3,0.0,0.0,0.0,0.0,0.0,0.0,0.0
phi4-mini,3.8B,3. Инструменты обучения НС,Что такое TensorFlow?,prompt9,dialog0707,analytics_phi4-mini_3.8b_prompt9_dialog0707,analytics,40.4,45.6,64.3,0.0,0.0,0.0,0.0,0.0,0.0,0.0
phi4-mini,3.8B,3. Инструменты обучения НС,Что такое Keras?,prompt9,dialog0708,analytics_phi4-mini_3.8b_prompt9_dialog0708,analytics,40.4,45.6,64.3,0.0,0.0,0.0,0.0,0.0,0.0,0.0
phi4-mini,3.8B,3. Инструменты обучения НС,Что такое over-fitting?,prompt9,dialog0709,analytics_phi4-mini_3.8b_prompt9_dialog0709,analytics,40.4,45.6,64.3,0.0,0.0,0.0,0.0,0.0,0.0,0.0
phi4-mini,3.8B,3. Инструменты обучения НС,Что такое SGD?,prompt9,dialog0710,analytics_phi4-mini_3.8b_prompt9_dialog0710,analytics,40.4,45.6,64.3,0.0,0.0,0.0,0.0,0.0,0.0,0.0
phi4-mini,3.8B,3. Инструменты обучения НС,Что такое Momentum в оптимизации?,prompt9,dialog0711,analytics_phi4-mini_3.8b_prompt9_dialog0711,analytics,40.4,45.6,64.3,0.0,0.0,0.0,0.0,0.0,0.0,0.0
phi4-mini,3.8B,3. Инструменты обучения НС,Что такое Adam?,prompt9,dialog0712,analytics_phi4-mini_3.8b_prompt9_dialog0712,analytics,40.4,45.6,64.3,0.0,0.0,0.0,0.0,0.0,0.0,0.0
phi4-mini,3.8B,3. Инструменты обучения НС,Что такое learning rate?,prompt9,dialog0713,analytics_phi4-mini_3.8b_prompt9_dialog0713,analytics,40.4,45.6,64.3,0.0,0.0,0.0,0.0,0.0,0.0,0.0
phi4-mini,3.8B,3. Инструменты обучения НС,Что такое метод Ньютона?,prompt9,dialog0714,analytics_phi4-mini_3.8b_prompt9_dialog0714,analytics,40.4,45.6,64.3,0.0,0.0,0.0,0.0,0.0,0.0,0.0
phi4-mini,3.8B,3. Инструменты обучения НС,Что такое RMSProp?,prompt9,dialog0715,analytics_phi4-mini_3.8b_prompt9_dialog0715,analytics,40.4,45.6,64.3,0.0,0.0,0.0,0.0,0.0,0.0,0.0
phi4-mini,3.8B,3. Инструменты обучения НС,"Вычисли шаг в SGD для L(w)=w^2, w=3, η=0.1.",prompt9,dialog0716,analytics_phi4-mini_3.8b_prompt9_dialog0716,analytics,40.4,45.6,64.3,0.0,0.0,0.0,0.0,0.0,0.0,0.0
phi4-mini,3.8B,3. Инструменты обучения НС,"Вычисли v_t в Momentum: γ=0.9, v_{t-1}=1, ∇L=2, η=0.1.",prompt9,dialog0717,analytics_phi4-mini_3.8b_prompt9_dialog0717,analytics,40.4,45.6,64.3,0.0,0.0,0.0,0.0,0.0,0.0,0.0
phi4-mini,3.8B,3. Инструменты обучения НС,"В Adagrad, G_{t-1,ii}=4, g_t=2, η=0.1, ε=1e-8.",prompt9,dialog0718,analytics_phi4-mini_3.8b_prompt9_dialog0718,analytics,40.4,45.6,64.3,0.0,0.0,0.0,0.0,0.0,0.0,0.0
phi4-mini,3.8B,3. Инструменты обучения НС,"Вычисли learning rate decay: η0=0.1, t=5, T=10, linear.",prompt9,dialog0719,analytics_phi4-mini_3.8b_prompt9_dialog0719,analytics,40.4,45.6,64.3,0.0,0.0,0.0,0.0,0.0,0.0,0.0
phi4-mini,3.8B,3. Инструменты обучения НС,"В Nesterov, вычисли ∇ в ω - γ v_{t-1}: γ=0.9, v=1, ∇=2.",prompt9,dialog0720,analytics_phi4-mini_3.8b_prompt9_dialog0720,analytics,40.4,45.6,64.3,0.0,0.0,0.0,0.0,0.0,0.0,0.0
phi4-mini,3.8B,1_Классификаторы_KNN_и_наивный_байес,Что такое метод k-ближайших соседей?,prompt7,dialog0631,analytics_phi4-mini_3.8b_prompt7_dialog0631,analytics,30.4,39.8,54.7,0.0,0.0,0.0,0.0,0.0,0.0,0.0
phi4-mini,3.8B,1_Классификаторы_KNN_и_наивный_байес,Как выбрать количество соседей k в k-NN?,prompt7,dialog0632,analytics_phi4-mini_3.8b_prompt7_dialog0632,analytics,30.4,39.8,54.7,0.0,0.0,0.0,0.0,0.0,0.0,0.0
phi4-mini,3.8B,1_Классификаторы_KNN_и_наивный_байес,Что такое евклидова метрика?,prompt7,dialog0633,analytics_phi4-mini_3.8b_prompt7_dialog0633,analytics,30.4,39.8,54.7,0.0,0.0,0.0,0.0,0.0,0.0,0.0
phi4-mini,3.8B,1_Классификаторы_KNN_и_наивный_байес,В чем суть наивного байесовского классификатора?,prompt7,dialog0634,analytics_phi4-mini_3.8b_prompt7_dialog0634,analytics,30.4,39.8,54.7,0.0,0.0,0.0,0.0,0.0,0.0,0.0
phi4-mini,3.8B,1_Классификаторы_KNN_и_наивный_байес,Как работает сглаживание по Лапласу?,prompt7,dialog0635,analytics_phi4-mini_3.8b_prompt7_dialog0635,analytics,30.4,39.8,54.7,0.0,0.0,0.0,0.0,0.0,0.0,0.0
phi4-mini,3.8B,1_Классификаторы_KNN_и_наивный_байес,Что такое манхэттенское расстояние?,prompt7,dialog0636,analytics_phi4-mini_3.8b_prompt7_dialog0636,analytics,30.4,39.8,54.7,0.0,0.0,0.0,0.0,0.0,0.0,0.0
phi4-mini,3.8B,1_Классификаторы_KNN_и_наивный_байес,Как вычислить вероятность класса в Naive Bayes?,prompt7,dialog0637,analytics_phi4-mini_3.8b_prompt7_dialog0637,analytics,30.4,39.8,54.7,0.0,0.0,0.0,0.0,0.0,0.0,0.0
phi4-mini,3.8B,1_Классификаторы_KNN_и_наивный_байес,Что такое расстояние Чебышёва?,prompt7,dialog0638,analytics_phi4-mini_3.8b_prompt7_dialog0638,analytics,30.4,39.8,54.7,0.0,0.0,0.0,0.0,0.0,0.0,0.0
phi4-mini,3.8B,1_Классификаторы_KNN_и_наивный_байес,Как классифицировать письмо как спам в Naive Bayes?,prompt7,dialog0639,analytics_phi4-mini_3.8b_prompt7_dialog0639,analytics,30.4,39.8,54.7,0.0,0.0,0.0,0.0,0.0,0.0,0.0
phi4-mini,3.8B,1_Классификаторы_KNN_и_наивный_байес,В чем разница между k-NN и взвешенным k-NN?,prompt7,dialog0640,analytics_phi4-mini_3.8b_prompt7_dialog0640,analytics,30.4,39.8,54.7,0.0,0.0,0.0,0.0,0.0,0.0,0.0
phi4-mini,3.8B,1_Классификаторы_KNN_и_наивный_байес,Вычисли вероятность спама для слова 'приз' из примера.,prompt7,dialog0641,analytics_phi4-mini_3.8b_prompt7_dialog0641,analytics,30.4,39.8,54.7,0.0,0.0,0.0,0.0,0.0,0.0,0.0
phi4-mini,3.8B,1_Классификаторы_KNN_и_наивный_байес,"Вычисли расстояние Евклида между (1,2) и (3,4).",prompt7,dialog0642,analytics_phi4-mini_3.8b_prompt7_dialog0642,analytics,30.4,39.8,54.7,0.0,0.0,0.0,0.0,0.0,0.0,0.0
phi4-mini,3.8B,1_Классификаторы_KNN_и_наивный_байес,"В примере с погодой, вычисли F(да) для теста.",prompt7,dialog0643,analytics_phi4-mini_3.8b_prompt7_dialog0643,analytics,30.4,39.8,54.7,0.0,0.0,0.0,0.0,0.0,0.0,0.0
phi4-mini,3.8B,1_Классификаторы_KNN_и_наивный_байес,"Вычисли P(да | пасмурно, холодно, влажно, да).",prompt7,dialog0644,analytics_phi4-mini_3.8b_prompt7_dialog0644,analytics,30.4,39.8,54.7,0.0,0.0,0.0,0.0,0.0,0.0,0.0
phi4-mini,3.8B,1_Классификаторы_KNN_и_наивный_байес,"В спам-примере, вычисли P(win|спам) с Laplace.",prompt7,dialog0645,analytics_phi4-mini_3.8b_prompt7_dialog0645,analytics,30.4,39.8,54.7,0.0,0.0,0.0,0.0,0.0,0.0,0.0
phi4-mini,3.8B,3. Инструменты обучения НС,Что такое autograd?,prompt7,dialog0646,analytics_phi4-mini_3.8b_prompt7_dialog0646,analytics,30.4,39.8,54.7,0.0,0.0,0.0,0.0,0.0,0.0,0.0
phi4-mini,3.8B,3. Инструменты обучения НС,Что такое TensorFlow?,prompt7,dialog0647,analytics_phi4-mini_3.8b_prompt7_dialog0647,analytics,30.4,39.8,54.7,0.0,0.0,0.0,0.0,0.0,0.0,0.0
phi4-mini,3.8B,3. Инструменты обучения НС,Что такое Keras?,prompt7,dialog0648,analytics_phi4-mini_3.8b_prompt7_dialog0648,analytics,30.4,39.8,54.7,0.0,0.0,0.0,0.0,0.0,0.0,0.0
phi4-mini,3.8B,3. Инструменты обучения НС,Что такое over-fitting?,prompt7,dialog0649,analytics_phi4-mini_3.8b_prompt7_dialog0649,analytics,30.4,39.8,54.7,0.0,0.0,0.0,0.0,0.0,0.0,0.0
phi4-mini,3.8B,3. Инструменты обучения НС,Что такое SGD?,prompt7,dialog0650,analytics_phi4-mini_3.8b_prompt7_dialog0650,analytics,30.4,39.8,54.7,0.0,0.0,0.0,0.0,0.0,0.0,0.0
phi4-mini,3.8B,3. Инструменты обучения НС,Что такое Momentum в оптимизации?,prompt7,dialog0651,analytics_phi4-mini_3.8b_prompt7_dialog0651,analytics,30.4,39.8,54.7,0.0,0.0,0.0,0.0,0.0,0.0,0.0
phi4-mini,3.8B,3. Инструменты обучения НС,Что такое Adam?,prompt7,dialog0652,analytics_phi4-mini_3.8b_prompt7_dialog0652,analytics,30.4,39.8,54.7,0.0,0.0,0.0,0.0,0.0,0.0,0.0
phi4-mini,3.8B,3. Инструменты обучения НС,Что такое learning rate?,prompt7,dialog0653,analytics_phi4-mini_3.8b_prompt7_dialog0653,analytics,30.4,39.8,54.7,0.0,0.0,0.0,0.0,0.0,0.0,0.0
phi4-mini,3.8B,3. Инструменты обучения НС,Что такое метод Ньютона?,prompt7,dialog0654,analytics_phi4-mini_3.8b_prompt7_dialog0654,analytics,30.4,39.8,54.7,0.0,0.0,0.0,0.0,0.0,0.0,0.0
phi4-mini,3.8B,3. Инструменты обучения НС,Что такое RMSProp?,prompt7,dialog0655,analytics_phi4-mini_3.8b_prompt7_dialog0655,analytics,30.4,39.8,54.7,0.0,0.0,0.0,0.0,0.0,0.0,0.0
phi4-mini,3.8B,3. Инструменты обучения НС,"Вычисли шаг в SGD для L(w)=w^2, w=3, η=0.1.",prompt7,dialog0656,analytics_phi4-mini_3.8b_prompt7_dialog0656,analytics,30.4,39.8,54.7,0.0,0.0,0.0,0.0,0.0,0.0,0.0
phi4-mini,3.8B,3. Инструменты обучения НС,"Вычисли v_t в Momentum: γ=0.9, v_{t-1}=1, ∇L=2, η=0.1.",prompt7,dialog0657,analytics_phi4-mini_3.8b_prompt7_dialog0657,analytics,30.4,39.8,54.7,0.0,0.0,0.0,0.0,0.0,0.0,0.0
phi4-mini,3.8B,3. Инструменты обучения НС,"В Adagrad, G_{t-1,ii}=4, g_t=2, η=0.1, ε=1e-8.",prompt7,dialog0658,analytics_phi4-mini_3.8b_prompt7_dialog0658,analytics,30.4,39.8,54.7,0.0,0.0,0.0,0.0,0.0,0.0,0.0
phi4-mini,3.8B,3. Инструменты обучения НС,"Вычисли learning rate decay: η0=0.1, t=5, T=10, linear.",prompt7,dialog0659,analytics_phi4-mini_3.8b_prompt7_dialog0659,analytics,30.4,39.8,54.7,0.0,0.0,0.0,0.0,0.0,0.0,0.0
phi4-mini,3.8B,3. Инструменты обучения НС,"В Nesterov, вычисли ∇ в ω - γ v_{t-1}: γ=0.9, v=1, ∇=2.",prompt7,dialog0660,analytics_phi4-mini_3.8b_prompt7_dialog0660,analytics,30.4,39.8,54.7,0.0,0.0,0.0,0.0,0.0,0.0,0.0
phi4-mini,3.8B,1_Классификаторы_KNN_и_наивный_байес,Что такое метод k-ближайших соседей?,prompt6,dialog0601,analytics_phi4-mini_3.8b_prompt6_dialog0601,analytics,32.6,40.3,52.0,0.0,0.0,0.0,0.0,0.0,0.0,0.0
phi4-mini,3.8B,1_Классификаторы_KNN_и_наивный_байес,Как выбрать количество соседей k в k-NN?,prompt6,dialog0602,analytics_phi4-mini_3.8b_prompt6_dialog0602,analytics,32.6,40.3,52.0,0.0,0.0,0.0,0.0,0.0,0.0,0.0
phi4-mini,3.8B,1_Классификаторы_KNN_и_наивный_байес,Что такое евклидова метрика?,prompt6,dialog0603,analytics_phi4-mini_3.8b_prompt6_dialog0603,analytics,32.6,40.3,52.0,0.0,0.0,0.0,0.0,0.0,0.0,0.0
phi4-mini,3.8B,1_Классификаторы_KNN_и_наивный_байес,В чем суть наивного байесовского классификатора?,prompt6,dialog0604,analytics_phi4-mini_3.8b_prompt6_dialog0604,analytics,32.6,40.3,52.0,0.0,0.0,0.0,0.0,0.0,0.0,0.0
phi4-mini,3.8B,1_Классификаторы_KNN_и_наивный_байес,Как работает сглаживание по Лапласу?,prompt6,dialog0605,analytics_phi4-mini_3.8b_prompt6_dialog0605,analytics,32.6,40.3,52.0,0.0,0.0,0.0,0.0,0.0,0.0,0.0
phi4-mini,3.8B,1_Классификаторы_KNN_и_наивный_байес,Что такое манхэттенское расстояние?,prompt6,dialog0606,analytics_phi4-mini_3.8b_prompt6_dialog0606,analytics,32.6,40.3,52.0,0.0,0.0,0.0,0.0,0.0,0.0,0.0
phi4-mini,3.8B,1_Классификаторы_KNN_и_наивный_байес,Как вычислить вероятность класса в Naive Bayes?,prompt6,dialog0607,analytics_phi4-mini_3.8b_prompt6_dialog0607,analytics,32.6,40.3,52.0,0.0,0.0,0.0,0.0,0.0,0.0,0.0
phi4-mini,3.8B,1_Классификаторы_KNN_и_наивный_байес,Что такое расстояние Чебышёва?,prompt6,dialog0608,analytics_phi4-mini_3.8b_prompt6_dialog0608,analytics,32.6,40.3,52.0,0.0,0.0,0.0,0.0,0.0,0.0,0.0
phi4-mini,3.8B,1_Классификаторы_KNN_и_наивный_байес,Как классифицировать письмо как спам в Naive Bayes?,prompt6,dialog0609,analytics_phi4-mini_3.8b_prompt6_dialog0609,analytics,32.6,40.3,52.0,0.0,0.0,0.0,0.0,0.0,0.0,0.0
phi4-mini,3.8B,1_Классификаторы_KNN_и_наивный_байес,В чем разница между k-NN и взвешенным k-NN?,prompt6,dialog0610,analytics_phi4-mini_3.8b_prompt6_dialog0610,analytics,32.6,40.3,52.0,0.0,0.0,0.0,0.0,0.0,0.0,0.0
phi4-mini,3.8B,1_Классификаторы_KNN_и_наивный_байес,Вычисли вероятность спама для слова 'приз' из примера.,prompt6,dialog0611,analytics_phi4-mini_3.8b_prompt6_dialog0611,analytics,32.6,40.3,52.0,0.0,0.0,0.0,0.0,0.0,0.0,0.0
phi4-mini,3.8B,1_Классификаторы_KNN_и_наивный_байес,"Вычисли расстояние Евклида между (1,2) и (3,4).",prompt6,dialog0612,analytics_phi4-mini_3.8b_prompt6_dialog0612,analytics,32.6,40.3,52.0,0.0,0.0,0.0,0.0,0.0,0.0,0.0
phi4-mini,3.8B,1_Классификаторы_KNN_и_наивный_байес,"В примере с погодой, вычисли F(да) для теста.",prompt6,dialog0613,analytics_phi4-mini_3.8b_prompt6_dialog0613,analytics,32.6,40.3,52.0,0.0,0.0,0.0,0.0,0.0,0.0,0.0
phi4-mini,3.8B,1_Классификаторы_KNN_и_наивный_байес,"Вычисли P(да | пасмурно, холодно, влажно, да).",prompt6,dialog0614,analytics_phi4-mini_3.8b_prompt6_dialog0614,analytics,32.6,40.3,52.0,0.0,0.0,0.0,0.0,0.0,0.0,0.0
phi4-mini,3.8B,1_Классификаторы_KNN_и_наивный_байес,"В спам-примере, вычисли P(win|спам) с Laplace.",prompt6,dialog0615,analytics_phi4-mini_3.8b_prompt6_dialog0615,analytics,32.6,40.3,52.0,0.0,0.0,0.0,0.0,0.0,0.0,0.0
phi4-mini,3.8B,3. Инструменты обучения НС,Что такое autograd?,prompt6,dialog0616,analytics_phi4-mini_3.8b_prompt6_dialog0616,analytics,32.6,40.3,52.0,0.0,0.0,0.0,0.0,0.0,0.0,0.0
phi4-mini,3.8B,3. Инструменты обучения НС,Что такое TensorFlow?,prompt6,dialog0617,analytics_phi4-mini_3.8b_prompt6_dialog0617,analytics,32.6,40.3,52.0,0.0,0.0,0.0,0.0,0.0,0.0,0.0
phi4-mini,3.8B,3. Инструменты обучения НС,Что такое Keras?,prompt6,dialog0618,analytics_phi4-mini_3.8b_prompt6_dialog0618,analytics,32.6,40.3,52.0,0.0,0.0,0.0,0.0,0.0,0.0,0.0
phi4-mini,3.8B,3. Инструменты обучения НС,Что такое over-fitting?,prompt6,dialog0619,analytics_phi4-mini_3.8b_prompt6_dialog0619,analytics,32.6,40.3,52.0,0.0,0.0,0.0,0.0,0.0,0.0,0.0
phi4-mini,3.8B,3. Инструменты обучения НС,Что такое SGD?,prompt6,dialog0620,analytics_phi4-mini_3.8b_prompt6_dialog0620,analytics,32.6,40.3,52.0,0.0,0.0,0.0,0.0,0.0,0.0,0.0
phi4-mini,3.8B,3. Инструменты обучения НС,Что такое Momentum в оптимизации?,prompt6,dialog0621,analytics_phi4-mini_3.8b_prompt6_dialog0621,analytics,32.6,40.3,52.0,0.0,0.0,0.0,0.0,0.0,0.0,0.0
phi4-mini,3.8B,3. Инструменты обучения НС,Что такое Adam?,prompt6,dialog0622,analytics_phi4-mini_3.8b_prompt6_dialog0622,analytics,32.6,40.3,52.0,0.0,0.0,0.0,0.0,0.0,0.0,0.0
phi4-mini,3.8B,3. Инструменты обучения НС,Что такое learning rate?,prompt6,dialog0623,analytics_phi4-mini_3.8b_prompt6_dialog0623,analytics,32.6,40.3,52.0,0.0,0.0,0.0,0.0,0.0,0.0,0.0
phi4-mini,3.8B,3. Инструменты обучения НС,Что такое метод Ньютона?,prompt6,dialog0624,analytics_phi4-mini_3.8b_prompt6_dialog0624,analytics,32.6,40.3,52.0,0.0,0.0,0.0,0.0,0.0,0.0,0.0
phi4-mini,3.8B,3. Инструменты обучения НС,Что такое RMSProp?,prompt6,dialog0625,analytics_phi4-mini_3.8b_prompt6_dialog0625,analytics,32.6,40.3,52.0,0.0,0.0,0.0,0.0,0.0,0.0,0.0
phi4-mini,3.8B,3. Инструменты обучения НС,"Вычисли шаг в SGD для L(w)=w^2, w=3, η=0.1.",prompt6,dialog0626,analytics_phi4-mini_3.8b_prompt6_dialog0626,analytics,32.6,40.3,52.0,0.0,0.0,0.0,0.0,0.0,0.0,0.0
phi4-mini,3.8B,3. Инструменты обучения НС,"Вычисли v_t в Momentum: γ=0.9, v_{t-1}=1, ∇L=2, η=0.1.",prompt6,dialog0627,analytics_phi4-mini_3.8b_prompt6_dialog0627,analytics,32.6,40.3,52.0,0.0,0.0,0.0,0.0,0.0,0.0,0.0
phi4-mini,3.8B,3. Инструменты обучения НС,"В Adagrad, G_{t-1,ii}=4, g_t=2, η=0.1, ε=1e-8.",prompt6,dialog0628,analytics_phi4-mini_3.8b_prompt6_dialog0628,analytics,32.6,40.3,52.0,0.0,0.0,0.0,0.0,0.0,0.0,0.0
phi4-mini,3.8B,3. Инструменты обучения НС,"Вычисли learning rate decay: η0=0.1, t=5, T=10, linear.",prompt6,dialog0629,analytics_phi4-mini_3.8b_prompt6_dialog0629,analytics,32.6,40.3,52.0,0.0,0.0,0.0,0.0,0.0,0.0,0.0
phi4-mini,3.8B,3. Инструменты обучения НС,"В Nesterov, вычисли ∇ в ω - γ v_{t-1}: γ=0.9, v=1, ∇=2.",prompt6,dialog0630,analytics_phi4-mini_3.8b_prompt6_dialog0630,analytics,32.6,40.3,52.0,0.0,0.0,0.0,0.0,0.0,0.0,0.0
phi4-mini,3.8B,1_Классификаторы_KNN_и_наивный_байес,Что такое метод k-ближайших соседей?,prompt1,dialog0451,analytics_phi4-mini_3.8b_prompt1_dialog0451,analytics,31.4,44.0,56.4,0.0,0.0,0.0,0.0,0.0,0.0,0.0
phi4-mini,3.8B,1_Классификаторы_KNN_и_наивный_байес,Как выбрать количество соседей k в k-NN?,prompt1,dialog0452,analytics_phi4-mini_3.8b_prompt1_dialog0452,analytics,31.4,44.0,56.4,0.0,0.0,0.0,0.0,0.0,0.0,0.0
phi4-mini,3.8B,1_Классификаторы_KNN_и_наивный_байес,Что такое евклидова метрика?,prompt1,dialog0453,analytics_phi4-mini_3.8b_prompt1_dialog0453,analytics,31.4,44.0,56.4,0.0,0.0,0.0,0.0,0.0,0.0,0.0
phi4-mini,3.8B,1_Классификаторы_KNN_и_наивный_байес,В чем суть наивного байесовского классификатора?,prompt1,dialog0454,analytics_phi4-mini_3.8b_prompt1_dialog0454,analytics,31.4,44.0,56.4,0.0,0.0,0.0,0.0,0.0,0.0,0.0
phi4-mini,3.8B,1_Классификаторы_KNN_и_наивный_байес,Как работает сглаживание по Лапласу?,prompt1,dialog0455,analytics_phi4-mini_3.8b_prompt1_dialog0455,analytics,31.4,44.0,56.4,0.0,0.0,0.0,0.0,0.0,0.0,0.0
phi4-mini,3.8B,1_Классификаторы_KNN_и_наивный_байес,Что такое манхэттенское расстояние?,prompt1,dialog0456,analytics_phi4-mini_3.8b_prompt1_dialog0456,analytics,31.4,44.0,56.4,0.0,0.0,0.0,0.0,0.0,0.0,0.0
phi4-mini,3.8B,1_Классификаторы_KNN_и_наивный_байес,Как вычислить вероятность класса в Naive Bayes?,prompt1,dialog0457,analytics_phi4-mini_3.8b_prompt1_dialog0457,analytics,31.4,44.0,56.4,0.0,0.0,0.0,0.0,0.0,0.0,0.0
phi4-mini,3.8B,1_Классификаторы_KNN_и_наивный_байес,Что такое расстояние Чебышёва?,prompt1,dialog0458,analytics_phi4-mini_3.8b_prompt1_dialog0458,analytics,31.4,44.0,56.4,0.0,0.0,0.0,0.0,0.0,0.0,0.0
phi4-mini,3.8B,1_Классификаторы_KNN_и_наивный_байес,Как классифицировать письмо как спам в Naive Bayes?,prompt1,dialog0459,analytics_phi4-mini_3.8b_prompt1_dialog0459,analytics,31.4,44.0,56.4,0.0,0.0,0.0,0.0,0.0,0.0,0.0
phi4-mini,3.8B,1_Классификаторы_KNN_и_наивный_байес,В чем разница между k-NN и взвешенным k-NN?,prompt1,dialog0460,analytics_phi4-mini_3.8b_prompt1_dialog0460,analytics,31.4,44.0,56.4,0.0,0.0,0.0,0.0,0.0,0.0,0.0
phi4-mini,3.8B,1_Классификаторы_KNN_и_наивный_байес,Вычисли вероятность спама для слова 'приз' из примера.,prompt1,dialog0461,analytics_phi4-mini_3.8b_prompt1_dialog0461,analytics,31.4,44.0,56.4,0.0,0.0,0.0,0.0,0.0,0.0,0.0
phi4-mini,3.8B,1_Классификаторы_KNN_и_наивный_байес,"Вычисли расстояние Евклида между (1,2) и (3,4).",prompt1,dialog0462,analytics_phi4-mini_3.8b_prompt1_dialog0462,analytics,31.4,44.0,56.4,0.0,0.0,0.0,0.0,0.0,0.0,0.0
phi4-mini,3.8B,1_Классификаторы_KNN_и_наивный_байес,"В примере с погодой, вычисли F(да) для теста.",prompt1,dialog0463,analytics_phi4-mini_3.8b_prompt1_dialog0463,analytics,31.4,44.0,56.4,0.0,0.0,0.0,0.0,0.0,0.0,0.0
phi4-mini,3.8B,1_Классификаторы_KNN_и_наивный_байес,"Вычисли P(да | пасмурно, холодно, влажно, да).",prompt1,dialog0464,analytics_phi4-mini_3.8b_prompt1_dialog0464,analytics,31.4,44.0,56.4,0.0,0.0,0.0,0.0,0.0,0.0,0.0
phi4-mini,3.8B,1_Классификаторы_KNN_и_наивный_байес,"В спам-примере, вычисли P(win|спам) с Laplace.",prompt1,dialog0465,analytics_phi4-mini_3.8b_prompt1_dialog0465,analytics,31.4,44.0,56.4,0.0,0.0,0.0,0.0,0.0,0.0,0.0
phi4-mini,3.8B,3. Инструменты обучения НС,Что такое autograd?,prompt1,dialog0466,analytics_phi4-mini_3.8b_prompt1_dialog0466,analytics,31.4,44.0,56.4,0.0,0.0,0.0,0.0,0.0,0.0,0.0
phi4-mini,3.8B,3. Инструменты обучения НС,Что такое TensorFlow?,prompt1,dialog0467,analytics_phi4-mini_3.8b_prompt1_dialog0467,analytics,31.4,44.0,56.4,0.0,0.0,0.0,0.0,0.0,0.0,0.0
phi4-mini,3.8B,3. Инструменты обучения НС,Что такое Keras?,prompt1,dialog0468,analytics_phi4-mini_3.8b_prompt1_dialog0468,analytics,31.4,44.0,56.4,0.0,0.0,0.0,0.0,0.0,0.0,0.0
phi4-mini,3.8B,3. Инструменты обучения НС,Что такое over-fitting?,prompt1,dialog0469,analytics_phi4-mini_3.8b_prompt1_dialog0469,analytics,31.4,44.0,56.4,0.0,0.0,0.0,0.0,0.0,0.0,0.0
phi4-mini,3.8B,3. Инструменты обучения НС,Что такое SGD?,prompt1,dialog0470,analytics_phi4-mini_3.8b_prompt1_dialog0470,analytics,31.4,44.0,56.4,0.0,0.0,0.0,0.0,0.0,0.0,0.0
phi4-mini,3.8B,3. Инструменты обучения НС,Что такое Momentum в оптимизации?,prompt1,dialog0471,analytics_phi4-mini_3.8b_prompt1_dialog0471,analytics,31.4,44.0,56.4,0.0,0.0,0.0,0.0,0.0,0.0,0.0
phi4-mini,3.8B,3. Инструменты обучения НС,Что такое Adam?,prompt1,dialog0472,analytics_phi4-mini_3.8b_prompt1_dialog0472,analytics,31.4,44.0,56.4,0.0,0.0,0.0,0.0,0.0,0.0,0.0
phi4-mini,3.8B,3. Инструменты обучения НС,Что такое learning rate?,prompt1,dialog0473,analytics_phi4-mini_3.8b_prompt1_dialog0473,analytics,31.4,44.0,56.4,0.0,0.0,0.0,0.0,0.0,0.0,0.0
phi4-mini,3.8B,3. Инструменты обучения НС,Что такое метод Ньютона?,prompt1,dialog0474,analytics_phi4-mini_3.8b_prompt1_dialog0474,analytics,31.4,44.0,56.4,0.0,0.0,0.0,0.0,0.0,0.0,0.0
phi4-mini,3.8B,3. Инструменты обучения НС,Что такое RMSProp?,prompt1,dialog0475,analytics_phi4-mini_3.8b_prompt1_dialog0475,analytics,31.4,44.0,56.4,0.0,0.0,0.0,0.0,0.0,0.0,0.0
phi4-mini,3.8B,3. Инструменты обучения НС,"Вычисли шаг в SGD для L(w)=w^2, w=3, η=0.1.",prompt1,dialog0476,analytics_phi4-mini_3.8b_prompt1_dialog0476,analytics,31.4,44.0,56.4,0.0,0.0,0.0,0.0,0.0,0.0,0.0
phi4-mini,3.8B,3. Инструменты обучения НС,"Вычисли v_t в Momentum: γ=0.9, v_{t-1}=1, ∇L=2, η=0.1.",prompt1,dialog0477,analytics_phi4-mini_3.8b_prompt1_dialog0477,analytics,31.4,44.0,56.4,0.0,0.0,0.0,0.0,0.0,0.0,0.0
phi4-mini,3.8B,3. Инструменты обучения НС,"В Adagrad, G_{t-1,ii}=4, g_t=2, η=0.1, ε=1e-8.",prompt1,dialog0478,analytics_phi4-mini_3.8b_prompt1_dialog0478,analytics,31.4,44.0,56.4,0.0,0.0,0.0,0.0,0.0,0.0,0.0
phi4-mini,3.8B,3. Инструменты обучения НС,"Вычисли learning rate decay: η0=0.1, t=5, T=10, linear.",prompt1,dialog0479,analytics_phi4-mini_3.8b_prompt1_dialog0479,analytics,31.4,44.0,56.4,0.0,0.0,0.0,0.0,0.0,0.0,0.0
phi4-mini,3.8B,3. Инструменты обучения НС,"В Nesterov, вычисли ∇ в ω - γ v_{t-1}: γ=0.9, v=1, ∇=2.",prompt1,dialog0480,analytics_phi4-mini_3.8b_prompt1_dialog0480,analytics,31.4,44.0,56.4,0.0,0.0,0.0,0.0,0.0,0.0,0.0
phi4-mini,3.8B,1_Классификаторы_KNN_и_наивный_байес,Что такое метод k-ближайших соседей?,prompt8,dialog0661,analytics_phi4-mini_3.8b_prompt8_dialog0661,analytics,41.1,52.4,61.4,0.0,0.0,0.0,0.0,0.0,0.0,0.0
phi4-mini,3.8B,1_Классификаторы_KNN_и_наивный_байес,Как выбрать количество соседей k в k-NN?,prompt8,dialog0662,analytics_phi4-mini_3.8b_prompt8_dialog0662,analytics,41.1,52.4,61.4,0.0,0.0,0.0,0.0,0.0,0.0,0.0
phi4-mini,3.8B,1_Классификаторы_KNN_и_наивный_байес,Что такое евклидова метрика?,prompt8,dialog0663,analytics_phi4-mini_3.8b_prompt8_dialog0663,analytics,41.1,52.4,61.4,0.0,0.0,0.0,0.0,0.0,0.0,0.0
phi4-mini,3.8B,1_Классификаторы_KNN_и_наивный_байес,В чем суть наивного байесовского классификатора?,prompt8,dialog0664,analytics_phi4-mini_3.8b_prompt8_dialog0664,analytics,41.1,52.4,61.4,0.0,0.0,0.0,0.0,0.0,0.0,0.0
phi4-mini,3.8B,1_Классификаторы_KNN_и_наивный_байес,Как работает сглаживание по Лапласу?,prompt8,dialog0665,analytics_phi4-mini_3.8b_prompt8_dialog0665,analytics,41.1,52.4,61.4,0.0,0.0,0.0,0.0,0.0,0.0,0.0
phi4-mini,3.8B,1_Классификаторы_KNN_и_наивный_байес,Что такое манхэттенское расстояние?,prompt8,dialog0666,analytics_phi4-mini_3.8b_prompt8_dialog0666,analytics,41.1,52.4,61.4,0.0,0.0,0.0,0.0,0.0,0.0,0.0
phi4-mini,3.8B,1_Классификаторы_KNN_и_наивный_байес,Как вычислить вероятность класса в Naive Bayes?,prompt8,dialog0667,analytics_phi4-mini_3.8b_prompt8_dialog0667,analytics,41.1,52.4,61.4,0.0,0.0,0.0,0.0,0.0,0.0,0.0
phi4-mini,3.8B,1_Классификаторы_KNN_и_наивный_байес,Что такое расстояние Чебышёва?,prompt8,dialog0668,analytics_phi4-mini_3.8b_prompt8_dialog0668,analytics,41.1,52.4,61.4,0.0,0.0,0.0,0.0,0.0,0.0,0.0
phi4-mini,3.8B,1_Классификаторы_KNN_и_наивный_байес,Как классифицировать письмо как спам в Naive Bayes?,prompt8,dialog0669,analytics_phi4-mini_3.8b_prompt8_dialog0669,analytics,41.1,52.4,61.4,0.0,0.0,0.0,0.0,0.0,0.0,0.0
phi4-mini,3.8B,1_Классификаторы_KNN_и_наивный_байес,В чем разница между k-NN и взвешенным k-NN?,prompt8,dialog0670,analytics_phi4-mini_3.8b_prompt8_dialog0670,analytics,41.1,52.4,61.4,0.0,0.0,0.0,0.0,0.0,0.0,0.0
phi4-mini,3.8B,1_Классификаторы_KNN_и_наивный_байес,Вычисли вероятность спама для слова 'приз' из примера.,prompt8,dialog0671,analytics_phi4-mini_3.8b_prompt8_dialog0671,analytics,41.1,52.4,61.4,0.0,0.0,0.0,0.0,0.0,0.0,0.0
phi4-mini,3.8B,1_Классификаторы_KNN_и_наивный_байес,"Вычисли расстояние Евклида между (1,2) и (3,4).",prompt8,dialog0672,analytics_phi4-mini_3.8b_prompt8_dialog0672,analytics,41.1,52.4,61.4,0.0,0.0,0.0,0.0,0.0,0.0,0.0
phi4-mini,3.8B,1_Классификаторы_KNN_и_наивный_байес,"В примере с погодой, вычисли F(да) для теста.",prompt8,dialog0673,analytics_phi4-mini_3.8b_prompt8_dialog0673,analytics,41.1,52.4,61.4,0.0,0.0,0.0,0.0,0.0,0.0,0.0
phi4-mini,3.8B,1_Классификаторы_KNN_и_наивный_байес,"Вычисли P(да | пасмурно, холодно, влажно, да).",prompt8,dialog0674,analytics_phi4-mini_3.8b_prompt8_dialog0674,analytics,41.1,52.4,61.4,0.0,0.0,0.0,0.0,0.0,0.0,0.0
phi4-mini,3.8B,1_Классификаторы_KNN_и_наивный_байес,"В спам-примере, вычисли P(win|спам) с Laplace.",prompt8,dialog0675,analytics_phi4-mini_3.8b_prompt8_dialog0675,analytics,41.1,52.4,61.4,0.0,0.0,0.0,0.0,0.0,0.0,0.0
phi4-mini,3.8B,3. Инструменты обучения НС,Что такое autograd?,prompt8,dialog0676,analytics_phi4-mini_3.8b_prompt8_dialog0676,analytics,41.1,52.4,61.4,0.0,0.0,0.0,0.0,0.0,0.0,0.0
phi4-mini,3.8B,3. Инструменты обучения НС,Что такое TensorFlow?,prompt8,dialog0677,analytics_phi4-mini_3.8b_prompt8_dialog0677,analytics,41.1,52.4,61.4,0.0,0.0,0.0,0.0,0.0,0.0,0.0
phi4-mini,3.8B,3. Инструменты обучения НС,Что такое Keras?,prompt8,dialog0678,analytics_phi4-mini_3.8b_prompt8_dialog0678,analytics,41.1,52.4,61.4,0.0,0.0,0.0,0.0,0.0,0.0,0.0
phi4-mini,3.8B,3. Инструменты обучения НС,Что такое over-fitting?,prompt8,dialog0679,analytics_phi4-mini_3.8b_prompt8_dialog0679,analytics,41.1,52.4,61.4,0.0,0.0,0.0,0.0,0.0,0.0,0.0
phi4-mini,3.8B,3. Инструменты обучения НС,Что такое SGD?,prompt8,dialog0680,analytics_phi4-mini_3.8b_prompt8_dialog0680,analytics,41.1,52.4,61.4,0.0,0.0,0.0,0.0,0.0,0.0,0.0
phi4-mini,3.8B,3. Инструменты обучения НС,Что такое Momentum в оптимизации?,prompt8,dialog0681,analytics_phi4-mini_3.8b_prompt8_dialog0681,analytics,41.1,52.4,61.4,0.0,0.0,0.0,0.0,0.0,0.0,0.0
phi4-mini,3.8B,3. Инструменты обучения НС,Что такое Adam?,prompt8,dialog0682,analytics_phi4-mini_3.8b_prompt8_dialog0682,analytics,41.1,52.4,61.4,0.0,0.0,0.0,0.0,0.0,0.0,0.0
phi4-mini,3.8B,3. Инструменты обучения НС,Что такое learning rate?,prompt8,dialog0683,analytics_phi4-mini_3.8b_prompt8_dialog0683,analytics,41.1,52.4,61.4,0.0,0.0,0.0,0.0,0.0,0.0,0.0
phi4-mini,3.8B,3. Инструменты обучения НС,Что такое метод Ньютона?,prompt8,dialog0684,analytics_phi4-mini_3.8b_prompt8_dialog0684,analytics,41.1,52.4,61.4,0.0,0.0,0.0,0.0,0.0,0.0,0.0
phi4-mini,3.8B,3. Инструменты обучения НС,Что такое RMSProp?,prompt8,dialog0685,analytics_phi4-mini_3.8b_prompt8_dialog0685,analytics,41.1,52.4,61.4,0.0,0.0,0.0,0.0,0.0,0.0,0.0
phi4-mini,3.8B,3. Инструменты обучения НС,"Вычисли шаг в SGD для L(w)=w^2, w=3, η=0.1.",prompt8,dialog0686,analytics_phi4-mini_3.8b_prompt8_dialog0686,analytics,41.1,52.4,61.4,0.0,0.0,0.0,0.0,0.0,0.0,0.0
phi4-mini,3.8B,3. Инструменты обучения НС,"Вычисли v_t в Momentum: γ=0.9, v_{t-1}=1, ∇L=2, η=0.1.",prompt8,dialog0687,analytics_phi4-mini_3.8b_prompt8_dialog0687,analytics,41.1,52.4,61.4,0.0,0.0,0.0,0.0,0.0,0.0,0.0
phi4-mini,3.8B,3. Инструменты обучения НС,"В Adagrad, G_{t-1,ii}=4, g_t=2, η=0.1, ε=1e-8.",prompt8,dialog0688,analytics_phi4-mini_3.8b_prompt8_dialog0688,analytics,41.1,52.4,61.4,0.0,0.0,0.0,0.0,0.0,0.0,0.0
phi4-mini,3.8B,3. Инструменты обучения НС,"Вычисли learning rate decay: η0=0.1, t=5, T=10, linear.",prompt8,dialog0689,analytics_phi4-mini_3.8b_prompt8_dialog0689,analytics,41.1,52.4,61.4,0.0,0.0,0.0,0.0,0.0,0.0,0.0
phi4-mini,3.8B,3. Инструменты обучения НС,"В Nesterov, вычисли ∇ в ω - γ v_{t-1}: γ=0.9, v=1, ∇=2.",prompt8,dialog0690,analytics_phi4-mini_3.8b_prompt8_dialog0690,analytics,41.1,52.4,61.4,0.0,0.0,0.0,0.0,0.0,0.0,0.0
phi4-mini,3.8B,1_Классификаторы_KNN_и_наивный_байес,Что такое метод k-ближайших соседей?,prompt11,dialog0751,analytics_phi4-mini_3.8b_prompt11_dialog0751,analytics,30.0,39.7,62.7,0.0,0.0,0.0,0.0,0.0,0.0,0.0
phi4-mini,3.8B,1_Классификаторы_KNN_и_наивный_байес,Как выбрать количество соседей k в k-NN?,prompt11,dialog0752,analytics_phi4-mini_3.8b_prompt11_dialog0752,analytics,30.0,39.7,62.7,0.0,0.0,0.0,0.0,0.0,0.0,0.0
phi4-mini,3.8B,1_Классификаторы_KNN_и_наивный_байес,Что такое евклидова метрика?,prompt11,dialog0753,analytics_phi4-mini_3.8b_prompt11_dialog0753,analytics,30.0,39.7,62.7,0.0,0.0,0.0,0.0,0.0,0.0,0.0
phi4-mini,3.8B,1_Классификаторы_KNN_и_наивный_байес,В чем суть наивного байесовского классификатора?,prompt11,dialog0754,analytics_phi4-mini_3.8b_prompt11_dialog0754,analytics,30.0,39.7,62.7,0.0,0.0,0.0,0.0,0.0,0.0,0.0
phi4-mini,3.8B,1_Классификаторы_KNN_и_наивный_байес,Как работает сглаживание по Лапласу?,prompt11,dialog0755,analytics_phi4-mini_3.8b_prompt11_dialog0755,analytics,30.0,39.7,62.7,0.0,0.0,0.0,0.0,0.0,0.0,0.0
phi4-mini,3.8B,1_Классификаторы_KNN_и_наивный_байес,Что такое манхэттенское расстояние?,prompt11,dialog0756,analytics_phi4-mini_3.8b_prompt11_dialog0756,analytics,30.0,39.7,62.7,0.0,0.0,0.0,0.0,0.0,0.0,0.0
phi4-mini,3.8B,1_Классификаторы_KNN_и_наивный_байес,Как вычислить вероятность класса в Naive Bayes?,prompt11,dialog0757,analytics_phi4-mini_3.8b_prompt11_dialog0757,analytics,30.0,39.7,62.7,0.0,0.0,0.0,0.0,0.0,0.0,0.0
phi4-mini,3.8B,1_Классификаторы_KNN_и_наивный_байес,Что такое расстояние Чебышёва?,prompt11,dialog0758,analytics_phi4-mini_3.8b_prompt11_dialog0758,analytics,30.0,39.7,62.7,0.0,0.0,0.0,0.0,0.0,0.0,0.0
phi4-mini,3.8B,1_Классификаторы_KNN_и_наивный_байес,Как классифицировать письмо как спам в Naive Bayes?,prompt11,dialog0759,analytics_phi4-mini_3.8b_prompt11_dialog0759,analytics,30.0,39.7,62.7,0.0,0.0,0.0,0.0,0.0,0.0,0.0
phi4-mini,3.8B,1_Классификаторы_KNN_и_наивный_байес,В чем разница между k-NN и взвешенным k-NN?,prompt11,dialog0760,analytics_phi4-mini_3.8b_prompt11_dialog0760,analytics,30.0,39.7,62.7,0.0,0.0,0.0,0.0,0.0,0.0,0.0
phi4-mini,3.8B,1_Классификаторы_KNN_и_наивный_байес,Вычисли вероятность спама для слова 'приз' из примера.,prompt11,dialog0761,analytics_phi4-mini_3.8b_prompt11_dialog0761,analytics,30.0,39.7,62.7,0.0,0.0,0.0,0.0,0.0,0.0,0.0
phi4-mini,3.8B,1_Классификаторы_KNN_и_наивный_байес,"Вычисли расстояние Евклида между (1,2) и (3,4).",prompt11,dialog0762,analytics_phi4-mini_3.8b_prompt11_dialog0762,analytics,30.0,39.7,62.7,0.0,0.0,0.0,0.0,0.0,0.0,0.0
phi4-mini,3.8B,1_Классификаторы_KNN_и_наивный_байес,"В примере с погодой, вычисли F(да) для теста.",prompt11,dialog0763,analytics_phi4-mini_3.8b_prompt11_dialog0763,analytics,30.0,39.7,62.7,0.0,0.0,0.0,0.0,0.0,0.0,0.0
phi4-mini,3.8B,1_Классификаторы_KNN_и_наивный_байес,"Вычисли P(да | пасмурно, холодно, влажно, да).",prompt11,dialog0764,analytics_phi4-mini_3.8b_prompt11_dialog0764,analytics,30.0,39.7,62.7,0.0,0.0,0.0,0.0,0.0,0.0,0.0
phi4-mini,3.8B,1_Классификаторы_KNN_и_наивный_байес,"В спам-примере, вычисли P(win|спам) с Laplace.",prompt11,dialog0765,analytics_phi4-mini_3.8b_prompt11_dialog0765,analytics,30.0,39.7,62.7,0.0,0.0,0.0,0.0,0.0,0.0,0.0
phi4-mini,3.8B,3. Инструменты обучения НС,Что такое autograd?,prompt11,dialog0766,analytics_phi4-mini_3.8b_prompt11_dialog0766,analytics,30.0,39.7,62.7,0.0,0.0,0.0,0.0,0.0,0.0,0.0
phi4-mini,3.8B,3. Инструменты обучения НС,Что такое TensorFlow?,prompt11,dialog0767,analytics_phi4-mini_3.8b_prompt11_dialog0767,analytics,30.0,39.7,62.7,0.0,0.0,0.0,0.0,0.0,0.0,0.0
phi4-mini,3.8B,3. Инструменты обучения НС,Что такое Keras?,prompt11,dialog0768,analytics_phi4-mini_3.8b_prompt11_dialog0768,analytics,30.0,39.7,62.7,0.0,0.0,0.0,0.0,0.0,0.0,0.0
phi4-mini,3.8B,3. Инструменты обучения НС,Что такое over-fitting?,prompt11,dialog0769,analytics_phi4-mini_3.8b_prompt11_dialog0769,analytics,30.0,39.7,62.7,0.0,0.0,0.0,0.0,0.0,0.0,0.0
phi4-mini,3.8B,3. Инструменты обучения НС,Что такое SGD?,prompt11,dialog0770,analytics_phi4-mini_3.8b_prompt11_dialog0770,analytics,30.0,39.7,62.7,0.0,0.0,0.0,0.0,0.0,0.0,0.0
phi4-mini,3.8B,3. Инструменты обучения НС,Что такое Momentum в оптимизации?,prompt11,dialog0771,analytics_phi4-mini_3.8b_prompt11_dialog0771,analytics,30.0,39.7,62.7,0.0,0.0,0.0,0.0,0.0,0.0,0.0
phi4-mini,3.8B,3. Инструменты обучения НС,Что такое Adam?,prompt11,dialog0772,analytics_phi4-mini_3.8b_prompt11_dialog0772,analytics,30.0,39.7,62.7,0.0,0.0,0.0,0.0,0.0,0.0,0.0
phi4-mini,3.8B,3. Инструменты обучения НС,Что такое learning rate?,prompt11,dialog0773,analytics_phi4-mini_3.8b_prompt11_dialog0773,analytics,30.0,39.7,62.7,0.0,0.0,0.0,0.0,0.0,0.0,0.0
phi4-mini,3.8B,3. Инструменты обучения НС,Что такое метод Ньютона?,prompt11,dialog0774,analytics_phi4-mini_3.8b_prompt11_dialog0774,analytics,30.0,39.7,62.7,0.0,0.0,0.0,0.0,0.0,0.0,0.0
phi4-mini,3.8B,3. Инструменты обучения НС,Что такое RMSProp?,prompt11,dialog0775,analytics_phi4-mini_3.8b_prompt11_dialog0775,analytics,30.0,39.7,62.7,0.0,0.0,0.0,0.0,0.0,0.0,0.0
phi4-mini,3.8B,3. Инструменты обучения НС,"Вычисли шаг в SGD для L(w)=w^2, w=3, η=0.1.",prompt11,dialog0776,analytics_phi4-mini_3.8b_prompt11_dialog0776,analytics,30.0,39.7,62.7,0.0,0.0,0.0,0.0,0.0,0.0,0.0
phi4-mini,3.8B,3. Инструменты обучения НС,"Вычисли v_t в Momentum: γ=0.9, v_{t-1}=1, ∇L=2, η=0.1.",prompt11,dialog0777,analytics_phi4-mini_3.8b_prompt11_dialog0777,analytics,30.0,39.7,62.7,0.0,0.0,0.0,0.0,0.0,0.0,0.0
phi4-mini,3.8B,3. Инструменты обучения НС,"В Adagrad, G_{t-1,ii}=4, g_t=2, η=0.1, ε=1e-8.",prompt11,dialog0778,analytics_phi4-mini_3.8b_prompt11_dialog0778,analytics,30.0,39.7,62.7,0.0,0.0,0.0,0.0,0.0,0.0,0.0
phi4-mini,3.8B,3. Инструменты обучения НС,"Вычисли learning rate decay: η0=0.1, t=5, T=10, linear.",prompt11,dialog0779,analytics_phi4-mini_3.8b_prompt11_dialog0779,analytics,30.0,39.7,62.7,0.0,0.0,0.0,0.0,0.0,0.0,0.0
phi4-mini,3.8B,3. Инструменты обучения НС,"В Nesterov, вычисли ∇ в ω - γ v_{t-1}: γ=0.9, v=1, ∇=2.",prompt11,dialog0780,analytics_phi4-mini_3.8b_prompt11_dialog0780,analytics,30.0,39.7,62.7,0.0,0.0,0.0,0.0,0.0,0.0,0.0
llama3.2,1.0B,1_Классификаторы_KNN_и_наивный_байес,Что такое метод k-ближайших соседей?,prompt14,dialog2641,analytics_llama3.2_1b_prompt14_dialog2641,analytics,29.4,25.5,48.3,0.0,0.0,0.0,0.0,0.0,0.0,0.0
llama3.2,1.0B,1_Классификаторы_KNN_и_наивный_байес,Как выбрать количество соседей k в k-NN?,prompt14,dialog2642,analytics_llama3.2_1b_prompt14_dialog2642,analytics,29.4,25.5,48.3,0.0,0.0,0.0,0.0,0.0,0.0,0.0
llama3.2,1.0B,1_Классификаторы_KNN_и_наивный_байес,Что такое евклидова метрика?,prompt14,dialog2643,analytics_llama3.2_1b_prompt14_dialog2643,analytics,29.4,25.5,48.3,0.0,0.0,0.0,0.0,0.0,0.0,0.0
llama3.2,1.0B,1_Классификаторы_KNN_и_наивный_байес,В чем суть наивного байесовского классификатора?,prompt14,dialog2644,analytics_llama3.2_1b_prompt14_dialog2644,analytics,29.4,25.5,48.3,0.0,0.0,0.0,0.0,0.0,0.0,0.0
llama3.2,1.0B,1_Классификаторы_KNN_и_наивный_байес,Как работает сглаживание по Лапласу?,prompt14,dialog2645,analytics_llama3.2_1b_prompt14_dialog2645,analytics,29.4,25.5,48.3,0.0,0.0,0.0,0.0,0.0,0.0,0.0
llama3.2,1.0B,1_Классификаторы_KNN_и_наивный_байес,Что такое манхэттенское расстояние?,prompt14,dialog2646,analytics_llama3.2_1b_prompt14_dialog2646,analytics,29.4,25.5,48.3,0.0,0.0,0.0,0.0,0.0,0.0,0.0
llama3.2,1.0B,1_Классификаторы_KNN_и_наивный_байес,Как вычислить вероятность класса в Naive Bayes?,prompt14,dialog2647,analytics_llama3.2_1b_prompt14_dialog2647,analytics,29.4,25.5,48.3,0.0,0.0,0.0,0.0,0.0,0.0,0.0
llama3.2,1.0B,1_Классификаторы_KNN_и_наивный_байес,Что такое расстояние Чебышёва?,prompt14,dialog2648,analytics_llama3.2_1b_prompt14_dialog2648,analytics,29.4,25.5,48.3,0.0,0.0,0.0,0.0,0.0,0.0,0.0
llama3.2,1.0B,1_Классификаторы_KNN_и_наивный_байес,Как классифицировать письмо как спам в Naive Bayes?,prompt14,dialog2649,analytics_llama3.2_1b_prompt14_dialog2649,analytics,29.4,25.5,48.3,0.0,0.0,0.0,0.0,0.0,0.0,0.0
llama3.2,1.0B,1_Классификаторы_KNN_и_наивный_байес,В чем разница между k-NN и взвешенным k-NN?,prompt14,dialog2650,analytics_llama3.2_1b_prompt14_dialog2650,analytics,29.4,25.5,48.3,0.0,0.0,0.0,0.0,0.0,0.0,0.0
llama3.2,1.0B,1_Классификаторы_KNN_и_наивный_байес,Вычисли вероятность спама для слова 'приз' из примера.,prompt14,dialog2651,analytics_llama3.2_1b_prompt14_dialog2651,analytics,29.4,25.5,48.3,0.0,0.0,0.0,0.0,0.0,0.0,0.0
llama3.2,1.0B,1_Классификаторы_KNN_и_наивный_байес,"Вычисли расстояние Евклида между (1,2) и (3,4).",prompt14,dialog2652,analytics_llama3.2_1b_prompt14_dialog2652,analytics,29.4,25.5,48.3,0.0,0.0,0.0,0.0,0.0,0.0,0.0
llama3.2,1.0B,1_Классификаторы_KNN_и_наивный_байес,"В примере с погодой, вычисли F(да) для теста.",prompt14,dialog2653,analytics_llama3.2_1b_prompt14_dialog2653,analytics,29.4,25.5,48.3,0.0,0.0,0.0,0.0,0.0,0.0,0.0
llama3.2,1.0B,1_Классификаторы_KNN_и_наивный_байес,"Вычисли P(да | пасмурно, холодно, влажно, да).",prompt14,dialog2654,analytics_llama3.2_1b_prompt14_dialog2654,analytics,29.4,25.5,48.3,0.0,0.0,0.0,0.0,0.0,0.0,0.0
llama3.2,1.0B,1_Классификаторы_KNN_и_наивный_байес,"В спам-примере, вычисли P(win|спам) с Laplace.",prompt14,dialog2655,analytics_llama3.2_1b_prompt14_dialog2655,analytics,29.4,25.5,48.3,0.0,0.0,0.0,0.0,0.0,0.0,0.0
llama3.2,1.0B,3. Инструменты обучения НС,Что такое autograd?,prompt14,dialog2656,analytics_llama3.2_1b_prompt14_dialog2656,analytics,29.4,25.5,48.3,0.0,0.0,0.0,0.0,0.0,0.0,0.0
llama3.2,1.0B,3. Инструменты обучения НС,Что такое TensorFlow?,prompt14,dialog2657,analytics_llama3.2_1b_prompt14_dialog2657,analytics,29.4,25.5,48.3,0.0,0.0,0.0,0.0,0.0,0.0,0.0
llama3.2,1.0B,3. Инструменты обучения НС,Что такое Keras?,prompt14,dialog2658,analytics_llama3.2_1b_prompt14_dialog2658,analytics,29.4,25.5,48.3,0.0,0.0,0.0,0.0,0.0,0.0,0.0
llama3.2,1.0B,3. Инструменты обучения НС,Что такое over-fitting?,prompt14,dialog2659,analytics_llama3.2_1b_prompt14_dialog2659,analytics,29.4,25.5,48.3,0.0,0.0,0.0,0.0,0.0,0.0,0.0
llama3.2,1.0B,3. Инструменты обучения НС,Что такое SGD?,prompt14,dialog2660,analytics_llama3.2_1b_prompt14_dialog2660,analytics,29.4,25.5,48.3,0.0,0.0,0.0,0.0,0.0,0.0,0.0
llama3.2,1.0B,3. Инструменты обучения НС,Что такое Momentum в оптимизации?,prompt14,dialog2661,analytics_llama3.2_1b_prompt14_dialog2661,analytics,29.4,25.5,48.3,0.0,0.0,0.0,0.0,0.0,0.0,0.0
llama3.2,1.0B,3. Инструменты обучения НС,Что такое Adam?,prompt14,dialog2662,analytics_llama3.2_1b_prompt14_dialog2662,analytics,29.4,25.5,48.3,0.0,0.0,0.0,0.0,0.0,0.0,0.0
llama3.2,1.0B,3. Инструменты обучения НС,Что такое learning rate?,prompt14,dialog2663,analytics_llama3.2_1b_prompt14_dialog2663,analytics,29.4,25.5,48.3,0.0,0.0,0.0,0.0,0.0,0.0,0.0
llama3.2,1.0B,3. Инструменты обучения НС,Что такое метод Ньютона?,prompt14,dialog2664,analytics_llama3.2_1b_prompt14_dialog2664,analytics,29.4,25.5,48.3,0.0,0.0,0.0,0.0,0.0,0.0,0.0
llama3.2,1.0B,3. Инструменты обучения НС,Что такое RMSProp?,prompt14,dialog2665,analytics_llama3.2_1b_prompt14_dialog2665,analytics,29.4,25.5,48.3,0.0,0.0,0.0,0.0,0.0,0.0,0.0
llama3.2,1.0B,3. Инструменты обучения НС,"Вычисли шаг в SGD для L(w)=w^2, w=3, η=0.1.",prompt14,dialog2666,analytics_llama3.2_1b_prompt14_dialog2666,analytics,29.4,25.5,48.3,0.0,0.0,0.0,0.0,0.0,0.0,0.0
llama3.2,1.0B,3. Инструменты обучения НС,"Вычисли v_t в Momentum: γ=0.9, v_{t-1}=1, ∇L=2, η=0.1.",prompt14,dialog2667,analytics_llama3.2_1b_prompt14_dialog2667,analytics,29.4,25.5,48.3,0.0,0.0,0.0,0.0,0.0,0.0,0.0
llama3.2,1.0B,3. Инструменты обучения НС,"В Adagrad, G_{t-1,ii}=4, g_t=2, η=0.1, ε=1e-8.",prompt14,dialog2668,analytics_llama3.2_1b_prompt14_dialog2668,analytics,29.4,25.5,48.3,0.0,0.0,0.0,0.0,0.0,0.0,0.0
llama3.2,1.0B,3. Инструменты обучения НС,"Вычисли learning rate decay: η0=0.1, t=5, T=10, linear.",prompt14,dialog2669,analytics_llama3.2_1b_prompt14_dialog2669,analytics,29.4,25.5,48.3,0.0,0.0,0.0,0.0,0.0,0.0,0.0
llama3.2,1.0B,3. Инструменты обучения НС,"В Nesterov, вычисли ∇ в ω - γ v_{t-1}: γ=0.9, v=1, ∇=2.",prompt14,dialog2670,analytics_llama3.2_1b_prompt14_dialog2670,analytics,29.4,25.5,48.3,0.0,0.0,0.0,0.0,0.0,0.0,0.0
llama3.2,1.0B,1_Классификаторы_KNN_и_наивный_байес,Что такое метод k-ближайших соседей?,prompt13,dialog2611,analytics_llama3.2_1b_prompt13_dialog2611,analytics,31.6,31.4,44.4,0.0,0.0,0.0,0.0,0.0,0.0,0.0
llama3.2,1.0B,1_Классификаторы_KNN_и_наивный_байес,Как выбрать количество соседей k в k-NN?,prompt13,dialog2612,analytics_llama3.2_1b_prompt13_dialog2612,analytics,31.6,31.4,44.4,0.0,0.0,0.0,0.0,0.0,0.0,0.0
llama3.2,1.0B,1_Классификаторы_KNN_и_наивный_байес,Что такое евклидова метрика?,prompt13,dialog2613,analytics_llama3.2_1b_prompt13_dialog2613,analytics,31.6,31.4,44.4,0.0,0.0,0.0,0.0,0.0,0.0,0.0
llama3.2,1.0B,1_Классификаторы_KNN_и_наивный_байес,В чем суть наивного байесовского классификатора?,prompt13,dialog2614,analytics_llama3.2_1b_prompt13_dialog2614,analytics,31.6,31.4,44.4,0.0,0.0,0.0,0.0,0.0,0.0,0.0
llama3.2,1.0B,1_Классификаторы_KNN_и_наивный_байес,Как работает сглаживание по Лапласу?,prompt13,dialog2615,analytics_llama3.2_1b_prompt13_dialog2615,analytics,31.6,31.4,44.4,0.0,0.0,0.0,0.0,0.0,0.0,0.0
llama3.2,1.0B,1_Классификаторы_KNN_и_наивный_байес,Что такое манхэттенское расстояние?,prompt13,dialog2616,analytics_llama3.2_1b_prompt13_dialog2616,analytics,31.6,31.4,44.4,0.0,0.0,0.0,0.0,0.0,0.0,0.0
llama3.2,1.0B,1_Классификаторы_KNN_и_наивный_байес,Как вычислить вероятность класса в Naive Bayes?,prompt13,dialog2617,analytics_llama3.2_1b_prompt13_dialog2617,analytics,31.6,31.4,44.4,0.0,0.0,0.0,0.0,0.0,0.0,0.0
llama3.2,1.0B,1_Классификаторы_KNN_и_наивный_байес,Что такое расстояние Чебышёва?,prompt13,dialog2618,analytics_llama3.2_1b_prompt13_dialog2618,analytics,31.6,31.4,44.4,0.0,0.0,0.0,0.0,0.0,0.0,0.0
llama3.2,1.0B,1_Классификаторы_KNN_и_наивный_байес,Как классифицировать письмо как спам в Naive Bayes?,prompt13,dialog2619,analytics_llama3.2_1b_prompt13_dialog2619,analytics,31.6,31.4,44.4,0.0,0.0,0.0,0.0,0.0,0.0,0.0
llama3.2,1.0B,1_Классификаторы_KNN_и_наивный_байес,В чем разница между k-NN и взвешенным k-NN?,prompt13,dialog2620,analytics_llama3.2_1b_prompt13_dialog2620,analytics,31.6,31.4,44.4,0.0,0.0,0.0,0.0,0.0,0.0,0.0
llama3.2,1.0B,1_Классификаторы_KNN_и_наивный_байес,Вычисли вероятность спама для слова 'приз' из примера.,prompt13,dialog2621,analytics_llama3.2_1b_prompt13_dialog2621,analytics,31.6,31.4,44.4,0.0,0.0,0.0,0.0,0.0,0.0,0.0
llama3.2,1.0B,1_Классификаторы_KNN_и_наивный_байес,"Вычисли расстояние Евклида между (1,2) и (3,4).",prompt13,dialog2622,analytics_llama3.2_1b_prompt13_dialog2622,analytics,31.6,31.4,44.4,0.0,0.0,0.0,0.0,0.0,0.0,0.0
llama3.2,1.0B,1_Классификаторы_KNN_и_наивный_байес,"В примере с погодой, вычисли F(да) для теста.",prompt13,dialog2623,analytics_llama3.2_1b_prompt13_dialog2623,analytics,31.6,31.4,44.4,0.0,0.0,0.0,0.0,0.0,0.0,0.0
llama3.2,1.0B,1_Классификаторы_KNN_и_наивный_байес,"Вычисли P(да | пасмурно, холодно, влажно, да).",prompt13,dialog2624,analytics_llama3.2_1b_prompt13_dialog2624,analytics,31.6,31.4,44.4,0.0,0.0,0.0,0.0,0.0,0.0,0.0
llama3.2,1.0B,1_Классификаторы_KNN_и_наивный_байес,"В спам-примере, вычисли P(win|спам) с Laplace.",prompt13,dialog2625,analytics_llama3.2_1b_prompt13_dialog2625,analytics,31.6,31.4,44.4,0.0,0.0,0.0,0.0,0.0,0.0,0.0
llama3.2,1.0B,3. Инструменты обучения НС,Что такое autograd?,prompt13,dialog2626,analytics_llama3.2_1b_prompt13_dialog2626,analytics,31.6,31.4,44.4,0.0,0.0,0.0,0.0,0.0,0.0,0.0
llama3.2,1.0B,3. Инструменты обучения НС,Что такое TensorFlow?,prompt13,dialog2627,analytics_llama3.2_1b_prompt13_dialog2627,analytics,31.6,31.4,44.4,0.0,0.0,0.0,0.0,0.0,0.0,0.0
llama3.2,1.0B,3. Инструменты обучения НС,Что такое Keras?,prompt13,dialog2628,analytics_llama3.2_1b_prompt13_dialog2628,analytics,31.6,31.4,44.4,0.0,0.0,0.0,0.0,0.0,0.0,0.0
llama3.2,1.0B,3. Инструменты обучения НС,Что такое over-fitting?,prompt13,dialog2629,analytics_llama3.2_1b_prompt13_dialog2629,analytics,31.6,31.4,44.4,0.0,0.0,0.0,0.0,0.0,0.0,0.0
llama3.2,1.0B,3. Инструменты обучения НС,Что такое SGD?,prompt13,dialog2630,analytics_llama3.2_1b_prompt13_dialog2630,analytics,31.6,31.4,44.4,0.0,0.0,0.0,0.0,0.0,0.0,0.0
llama3.2,1.0B,3. Инструменты обучения НС,Что такое Momentum в оптимизации?,prompt13,dialog2631,analytics_llama3.2_1b_prompt13_dialog2631,analytics,31.6,31.4,44.4,0.0,0.0,0.0,0.0,0.0,0.0,0.0
llama3.2,1.0B,3. Инструменты обучения НС,Что такое Adam?,prompt13,dialog2632,analytics_llama3.2_1b_prompt13_dialog2632,analytics,31.6,31.4,44.4,0.0,0.0,0.0,0.0,0.0,0.0,0.0
llama3.2,1.0B,3. Инструменты обучения НС,Что такое learning rate?,prompt13,dialog2633,analytics_llama3.2_1b_prompt13_dialog2633,analytics,31.6,31.4,44.4,0.0,0.0,0.0,0.0,0.0,0.0,0.0
llama3.2,1.0B,3. Инструменты обучения НС,Что такое метод Ньютона?,prompt13,dialog2634,analytics_llama3.2_1b_prompt13_dialog2634,analytics,31.6,31.4,44.4,0.0,0.0,0.0,0.0,0.0,0.0,0.0
llama3.2,1.0B,3. Инструменты обучения НС,Что такое RMSProp?,prompt13,dialog2635,analytics_llama3.2_1b_prompt13_dialog2635,analytics,31.6,31.4,44.4,0.0,0.0,0.0,0.0,0.0,0.0,0.0
llama3.2,1.0B,3. Инструменты обучения НС,"Вычисли шаг в SGD для L(w)=w^2, w=3, η=0.1.",prompt13,dialog2636,analytics_llama3.2_1b_prompt13_dialog2636,analytics,31.6,31.4,44.4,0.0,0.0,0.0,0.0,0.0,0.0,0.0
llama3.2,1.0B,3. Инструменты обучения НС,"Вычисли v_t в Momentum: γ=0.9, v_{t-1}=1, ∇L=2, η=0.1.",prompt13,dialog2637,analytics_llama3.2_1b_prompt13_dialog2637,analytics,31.6,31.4,44.4,0.0,0.0,0.0,0.0,0.0,0.0,0.0
llama3.2,1.0B,3. Инструменты обучения НС,"В Adagrad, G_{t-1,ii}=4, g_t=2, η=0.1, ε=1e-8.",prompt13,dialog2638,analytics_llama3.2_1b_prompt13_dialog2638,analytics,31.6,31.4,44.4,0.0,0.0,0.0,0.0,0.0,0.0,0.0
llama3.2,1.0B,3. Инструменты обучения НС,"Вычисли learning rate decay: η0=0.1, t=5, T=10, linear.",prompt13,dialog2639,analytics_llama3.2_1b_prompt13_dialog2639,analytics,31.6,31.4,44.4,0.0,0.0,0.0,0.0,0.0,0.0,0.0
llama3.2,1.0B,3. Инструменты обучения НС,"В Nesterov, вычисли ∇ в ω - γ v_{t-1}: γ=0.9, v=1, ∇=2.",prompt13,dialog2640,analytics_llama3.2_1b_prompt13_dialog2640,analytics,31.6,31.4,44.4,0.0,0.0,0.0,0.0,0.0,0.0,0.0
llama3.2,1.0B,1_Классификаторы_KNN_и_наивный_байес,Что такое метод k-ближайших соседей?,prompt4,dialog2341,analytics_llama3.2_1b_prompt4_dialog2341,analytics,26.3,31.6,44.4,0.0,0.0,0.0,0.0,0.0,0.0,0.0
llama3.2,1.0B,1_Классификаторы_KNN_и_наивный_байес,Как выбрать количество соседей k в k-NN?,prompt4,dialog2342,analytics_llama3.2_1b_prompt4_dialog2342,analytics,26.3,31.6,44.4,0.0,0.0,0.0,0.0,0.0,0.0,0.0
llama3.2,1.0B,1_Классификаторы_KNN_и_наивный_байес,Что такое евклидова метрика?,prompt4,dialog2343,analytics_llama3.2_1b_prompt4_dialog2343,analytics,26.3,31.6,44.4,0.0,0.0,0.0,0.0,0.0,0.0,0.0
llama3.2,1.0B,1_Классификаторы_KNN_и_наивный_байес,В чем суть наивного байесовского классификатора?,prompt4,dialog2344,analytics_llama3.2_1b_prompt4_dialog2344,analytics,26.3,31.6,44.4,0.0,0.0,0.0,0.0,0.0,0.0,0.0
llama3.2,1.0B,1_Классификаторы_KNN_и_наивный_байес,Как работает сглаживание по Лапласу?,prompt4,dialog2345,analytics_llama3.2_1b_prompt4_dialog2345,analytics,26.3,31.6,44.4,0.0,0.0,0.0,0.0,0.0,0.0,0.0
llama3.2,1.0B,1_Классификаторы_KNN_и_наивный_байес,Что такое манхэттенское расстояние?,prompt4,dialog2346,analytics_llama3.2_1b_prompt4_dialog2346,analytics,26.3,31.6,44.4,0.0,0.0,0.0,0.0,0.0,0.0,0.0
llama3.2,1.0B,1_Классификаторы_KNN_и_наивный_байес,Как вычислить вероятность класса в Naive Bayes?,prompt4,dialog2347,analytics_llama3.2_1b_prompt4_dialog2347,analytics,26.3,31.6,44.4,0.0,0.0,0.0,0.0,0.0,0.0,0.0
llama3.2,1.0B,1_Классификаторы_KNN_и_наивный_байес,Что такое расстояние Чебышёва?,prompt4,dialog2348,analytics_llama3.2_1b_prompt4_dialog2348,analytics,26.3,31.6,44.4,0.0,0.0,0.0,0.0,0.0,0.0,0.0
llama3.2,1.0B,1_Классификаторы_KNN_и_наивный_байес,Как классифицировать письмо как спам в Naive Bayes?,prompt4,dialog2349,analytics_llama3.2_1b_prompt4_dialog2349,analytics,26.3,31.6,44.4,0.0,0.0,0.0,0.0,0.0,0.0,0.0
llama3.2,1.0B,1_Классификаторы_KNN_и_наивный_байес,В чем разница между k-NN и взвешенным k-NN?,prompt4,dialog2350,analytics_llama3.2_1b_prompt4_dialog2350,analytics,26.3,31.6,44.4,0.0,0.0,0.0,0.0,0.0,0.0,0.0
llama3.2,1.0B,1_Классификаторы_KNN_и_наивный_байес,Вычисли вероятность спама для слова 'приз' из примера.,prompt4,dialog2351,analytics_llama3.2_1b_prompt4_dialog2351,analytics,26.3,31.6,44.4,0.0,0.0,0.0,0.0,0.0,0.0,0.0
llama3.2,1.0B,1_Классификаторы_KNN_и_наивный_байес,"Вычисли расстояние Евклида между (1,2) и (3,4).",prompt4,dialog2352,analytics_llama3.2_1b_prompt4_dialog2352,analytics,26.3,31.6,44.4,0.0,0.0,0.0,0.0,0.0,0.0,0.0
llama3.2,1.0B,1_Классификаторы_KNN_и_наивный_байес,"В примере с погодой, вычисли F(да) для теста.",prompt4,dialog2353,analytics_llama3.2_1b_prompt4_dialog2353,analytics,26.3,31.6,44.4,0.0,0.0,0.0,0.0,0.0,0.0,0.0
llama3.2,1.0B,1_Классификаторы_KNN_и_наивный_байес,"Вычисли P(да | пасмурно, холодно, влажно, да).",prompt4,dialog2354,analytics_llama3.2_1b_prompt4_dialog2354,analytics,26.3,31.6,44.4,0.0,0.0,0.0,0.0,0.0,0.0,0.0
llama3.2,1.0B,1_Классификаторы_KNN_и_наивный_байес,"В спам-примере, вычисли P(win|спам) с Laplace.",prompt4,dialog2355,analytics_llama3.2_1b_prompt4_dialog2355,analytics,26.3,31.6,44.4,0.0,0.0,0.0,0.0,0.0,0.0,0.0
llama3.2,1.0B,3. Инструменты обучения НС,Что такое autograd?,prompt4,dialog2356,analytics_llama3.2_1b_prompt4_dialog2356,analytics,26.3,31.6,44.4,0.0,0.0,0.0,0.0,0.0,0.0,0.0
llama3.2,1.0B,3. Инструменты обучения НС,Что такое TensorFlow?,prompt4,dialog2357,analytics_llama3.2_1b_prompt4_dialog2357,analytics,26.3,31.6,44.4,0.0,0.0,0.0,0.0,0.0,0.0,0.0
llama3.2,1.0B,3. Инструменты обучения НС,Что такое Keras?,prompt4,dialog2358,analytics_llama3.2_1b_prompt4_dialog2358,analytics,26.3,31.6,44.4,0.0,0.0,0.0,0.0,0.0,0.0,0.0
llama3.2,1.0B,3. Инструменты обучения НС,Что такое over-fitting?,prompt4,dialog2359,analytics_llama3.2_1b_prompt4_dialog2359,analytics,26.3,31.6,44.4,0.0,0.0,0.0,0.0,0.0,0.0,0.0
llama3.2,1.0B,3. Инструменты обучения НС,Что такое SGD?,prompt4,dialog2360,analytics_llama3.2_1b_prompt4_dialog2360,analytics,26.3,31.6,44.4,0.0,0.0,0.0,0.0,0.0,0.0,0.0
llama3.2,1.0B,3. Инструменты обучения НС,Что такое Momentum в оптимизации?,prompt4,dialog2361,analytics_llama3.2_1b_prompt4_dialog2361,analytics,26.3,31.6,44.4,0.0,0.0,0.0,0.0,0.0,0.0,0.0
llama3.2,1.0B,3. Инструменты обучения НС,Что такое Adam?,prompt4,dialog2362,analytics_llama3.2_1b_prompt4_dialog2362,analytics,26.3,31.6,44.4,0.0,0.0,0.0,0.0,0.0,0.0,0.0
llama3.2,1.0B,3. Инструменты обучения НС,Что такое learning rate?,prompt4,dialog2363,analytics_llama3.2_1b_prompt4_dialog2363,analytics,26.3,31.6,44.4,0.0,0.0,0.0,0.0,0.0,0.0,0.0
llama3.2,1.0B,3. Инструменты обучения НС,Что такое метод Ньютона?,prompt4,dialog2364,analytics_llama3.2_1b_prompt4_dialog2364,analytics,26.3,31.6,44.4,0.0,0.0,0.0,0.0,0.0,0.0,0.0
llama3.2,1.0B,3. Инструменты обучения НС,Что такое RMSProp?,prompt4,dialog2365,analytics_llama3.2_1b_prompt4_dialog2365,analytics,26.3,31.6,44.4,0.0,0.0,0.0,0.0,0.0,0.0,0.0
llama3.2,1.0B,3. Инструменты обучения НС,"Вычисли шаг в SGD для L(w)=w^2, w=3, η=0.1.",prompt4,dialog2366,analytics_llama3.2_1b_prompt4_dialog2366,analytics,26.3,31.6,44.4,0.0,0.0,0.0,0.0,0.0,0.0,0.0
llama3.2,1.0B,3. Инструменты обучения НС,"Вычисли v_t в Momentum: γ=0.9, v_{t-1}=1, ∇L=2, η=0.1.",prompt4,dialog2367,analytics_llama3.2_1b_prompt4_dialog2367,analytics,26.3,31.6,44.4,0.0,0.0,0.0,0.0,0.0,0.0,0.0
llama3.2,1.0B,3. Инструменты обучения НС,"В Adagrad, G_{t-1,ii}=4, g_t=2, η=0.1, ε=1e-8.",prompt4,dialog2368,analytics_llama3.2_1b_prompt4_dialog2368,analytics,26.3,31.6,44.4,0.0,0.0,0.0,0.0,0.0,0.0,0.0
llama3.2,1.0B,3. Инструменты обучения НС,"Вычисли learning rate decay: η0=0.1, t=5, T=10, linear.",prompt4,dialog2369,analytics_llama3.2_1b_prompt4_dialog2369,analytics,26.3,31.6,44.4,0.0,0.0,0.0,0.0,0.0,0.0,0.0
llama3.2,1.0B,3. Инструменты обучения НС,"В Nesterov, вычисли ∇ в ω - γ v_{t-1}: γ=0.9, v=1, ∇=2.",prompt4,dialog2370,analytics_llama3.2_1b_prompt4_dialog2370,analytics,26.3,31.6,44.4,0.0,0.0,0.0,0.0,0.0,0.0,0.0
llama3.2,1.0B,1_Классификаторы_KNN_и_наивный_байес,Что такое метод k-ближайших соседей?,prompt3,dialog2311,analytics_llama3.2_1b_prompt3_dialog2311,analytics,21.0,23.5,39.2,0.0,0.0,0.0,0.0,0.0,0.0,0.0
llama3.2,1.0B,1_Классификаторы_KNN_и_наивный_байес,Как выбрать количество соседей k в k-NN?,prompt3,dialog2312,analytics_llama3.2_1b_prompt3_dialog2312,analytics,21.0,23.5,39.2,0.0,0.0,0.0,0.0,0.0,0.0,0.0
llama3.2,1.0B,1_Классификаторы_KNN_и_наивный_байес,Что такое евклидова метрика?,prompt3,dialog2313,analytics_llama3.2_1b_prompt3_dialog2313,analytics,21.0,23.5,39.2,0.0,0.0,0.0,0.0,0.0,0.0,0.0
llama3.2,1.0B,1_Классификаторы_KNN_и_наивный_байес,В чем суть наивного байесовского классификатора?,prompt3,dialog2314,analytics_llama3.2_1b_prompt3_dialog2314,analytics,21.0,23.5,39.2,0.0,0.0,0.0,0.0,0.0,0.0,0.0
llama3.2,1.0B,1_Классификаторы_KNN_и_наивный_байес,Как работает сглаживание по Лапласу?,prompt3,dialog2315,analytics_llama3.2_1b_prompt3_dialog2315,analytics,21.0,23.5,39.2,0.0,0.0,0.0,0.0,0.0,0.0,0.0
llama3.2,1.0B,1_Классификаторы_KNN_и_наивный_байес,Что такое манхэттенское расстояние?,prompt3,dialog2316,analytics_llama3.2_1b_prompt3_dialog2316,analytics,21.0,23.5,39.2,0.0,0.0,0.0,0.0,0.0,0.0,0.0
llama3.2,1.0B,1_Классификаторы_KNN_и_наивный_байес,Как вычислить вероятность класса в Naive Bayes?,prompt3,dialog2317,analytics_llama3.2_1b_prompt3_dialog2317,analytics,21.0,23.5,39.2,0.0,0.0,0.0,0.0,0.0,0.0,0.0
llama3.2,1.0B,1_Классификаторы_KNN_и_наивный_байес,Что такое расстояние Чебышёва?,prompt3,dialog2318,analytics_llama3.2_1b_prompt3_dialog2318,analytics,21.0,23.5,39.2,0.0,0.0,0.0,0.0,0.0,0.0,0.0
llama3.2,1.0B,1_Классификаторы_KNN_и_наивный_байес,Как классифицировать письмо как спам в Naive Bayes?,prompt3,dialog2319,analytics_llama3.2_1b_prompt3_dialog2319,analytics,21.0,23.5,39.2,0.0,0.0,0.0,0.0,0.0,0.0,0.0
llama3.2,1.0B,1_Классификаторы_KNN_и_наивный_байес,В чем разница между k-NN и взвешенным k-NN?,prompt3,dialog2320,analytics_llama3.2_1b_prompt3_dialog2320,analytics,21.0,23.5,39.2,0.0,0.0,0.0,0.0,0.0,0.0,0.0
llama3.2,1.0B,1_Классификаторы_KNN_и_наивный_байес,Вычисли вероятность спама для слова 'приз' из примера.,prompt3,dialog2321,analytics_llama3.2_1b_prompt3_dialog2321,analytics,21.0,23.5,39.2,0.0,0.0,0.0,0.0,0.0,0.0,0.0
llama3.2,1.0B,1_Классификаторы_KNN_и_наивный_байес,"Вычисли расстояние Евклида между (1,2) и (3,4).",prompt3,dialog2322,analytics_llama3.2_1b_prompt3_dialog2322,analytics,21.0,23.5,39.2,0.0,0.0,0.0,0.0,0.0,0.0,0.0
llama3.2,1.0B,1_Классификаторы_KNN_и_наивный_байес,"В примере с погодой, вычисли F(да) для теста.",prompt3,dialog2323,analytics_llama3.2_1b_prompt3_dialog2323,analytics,21.0,23.5,39.2,0.0,0.0,0.0,0.0,0.0,0.0,0.0
llama3.2,1.0B,1_Классификаторы_KNN_и_наивный_байес,"Вычисли P(да | пасмурно, холодно, влажно, да).",prompt3,dialog2324,analytics_llama3.2_1b_prompt3_dialog2324,analytics,21.0,23.5,39.2,0.0,0.0,0.0,0.0,0.0,0.0,0.0
llama3.2,1.0B,1_Классификаторы_KNN_и_наивный_байес,"В спам-примере, вычисли P(win|спам) с Laplace.",prompt3,dialog2325,analytics_llama3.2_1b_prompt3_dialog2325,analytics,21.0,23.5,39.2,0.0,0.0,0.0,0.0,0.0,0.0,0.0
llama3.2,1.0B,3. Инструменты обучения НС,Что такое autograd?,prompt3,dialog2326,analytics_llama3.2_1b_prompt3_dialog2326,analytics,21.0,23.5,39.2,0.0,0.0,0.0,0.0,0.0,0.0,0.0
llama3.2,1.0B,3. Инструменты обучения НС,Что такое TensorFlow?,prompt3,dialog2327,analytics_llama3.2_1b_prompt3_dialog2327,analytics,21.0,23.5,39.2,0.0,0.0,0.0,0.0,0.0,0.0,0.0
llama3.2,1.0B,3. Инструменты обучения НС,Что такое Keras?,prompt3,dialog2328,analytics_llama3.2_1b_prompt3_dialog2328,analytics,21.0,23.5,39.2,0.0,0.0,0.0,0.0,0.0,0.0,0.0
llama3.2,1.0B,3. Инструменты обучения НС,Что такое over-fitting?,prompt3,dialog2329,analytics_llama3.2_1b_prompt3_dialog2329,analytics,21.0,23.5,39.2,0.0,0.0,0.0,0.0,0.0,0.0,0.0
llama3.2,1.0B,3. Инструменты обучения НС,Что такое SGD?,prompt3,dialog2330,analytics_llama3.2_1b_prompt3_dialog2330,analytics,21.0,23.5,39.2,0.0,0.0,0.0,0.0,0.0,0.0,0.0
llama3.2,1.0B,3. Инструменты обучения НС,Что такое Momentum в оптимизации?,prompt3,dialog2331,analytics_llama3.2_1b_prompt3_dialog2331,analytics,21.0,23.5,39.2,0.0,0.0,0.0,0.0,0.0,0.0,0.0
llama3.2,1.0B,3. Инструменты обучения НС,Что такое Adam?,prompt3,dialog2332,analytics_llama3.2_1b_prompt3_dialog2332,analytics,21.0,23.5,39.2,0.0,0.0,0.0,0.0,0.0,0.0,0.0
llama3.2,1.0B,3. Инструменты обучения НС,Что такое learning rate?,prompt3,dialog2333,analytics_llama3.2_1b_prompt3_dialog2333,analytics,21.0,23.5,39.2,0.0,0.0,0.0,0.0,0.0,0.0,0.0
llama3.2,1.0B,3. Инструменты обучения НС,Что такое метод Ньютона?,prompt3,dialog2334,analytics_llama3.2_1b_prompt3_dialog2334,analytics,21.0,23.5,39.2,0.0,0.0,0.0,0.0,0.0,0.0,0.0
llama3.2,1.0B,3. Инструменты обучения НС,Что такое RMSProp?,prompt3,dialog2335,analytics_llama3.2_1b_prompt3_dialog2335,analytics,21.0,23.5,39.2,0.0,0.0,0.0,0.0,0.0,0.0,0.0
llama3.2,1.0B,3. Инструменты обучения НС,"Вычисли шаг в SGD для L(w)=w^2, w=3, η=0.1.",prompt3,dialog2336,analytics_llama3.2_1b_prompt3_dialog2336,analytics,21.0,23.5,39.2,0.0,0.0,0.0,0.0,0.0,0.0,0.0
llama3.2,1.0B,3. Инструменты обучения НС,"Вычисли v_t в Momentum: γ=0.9, v_{t-1}=1, ∇L=2, η=0.1.",prompt3,dialog2337,analytics_llama3.2_1b_prompt3_dialog2337,analytics,21.0,23.5,39.2,0.0,0.0,0.0,0.0,0.0,0.0,0.0
llama3.2,1.0B,3. Инструменты обучения НС,"В Adagrad, G_{t-1,ii}=4, g_t=2, η=0.1, ε=1e-8.",prompt3,dialog2338,analytics_llama3.2_1b_prompt3_dialog2338,analytics,21.0,23.5,39.2,0.0,0.0,0.0,0.0,0.0,0.0,0.0
llama3.2,1.0B,3. Инструменты обучения НС,"Вычисли learning rate decay: η0=0.1, t=5, T=10, linear.",prompt3,dialog2339,analytics_llama3.2_1b_prompt3_dialog2339,analytics,21.0,23.5,39.2,0.0,0.0,0.0,0.0,0.0,0.0,0.0
llama3.2,1.0B,3. Инструменты обучения НС,"В Nesterov, вычисли ∇ в ω - γ v_{t-1}: γ=0.9, v=1, ∇=2.",prompt3,dialog2340,analytics_llama3.2_1b_prompt3_dialog2340,analytics,21.0,23.5,39.2,0.0,0.0,0.0,0.0,0.0,0.0,0.0
llama3.2,1.0B,1_Классификаторы_KNN_и_наивный_байес,Что такое метод k-ближайших соседей?,prompt2,dialog2281,analytics_llama3.2_1b_prompt2_dialog2281,analytics,29.1,28.8,38.2,0.0,0.0,0.0,0.0,0.0,0.0,0.0
llama3.2,1.0B,1_Классификаторы_KNN_и_наивный_байес,Как выбрать количество соседей k в k-NN?,prompt2,dialog2282,analytics_llama3.2_1b_prompt2_dialog2282,analytics,29.1,28.8,38.2,0.0,0.0,0.0,0.0,0.0,0.0,0.0
llama3.2,1.0B,1_Классификаторы_KNN_и_наивный_байес,Что такое евклидова метрика?,prompt2,dialog2283,analytics_llama3.2_1b_prompt2_dialog2283,analytics,29.1,28.8,38.2,0.0,0.0,0.0,0.0,0.0,0.0,0.0
llama3.2,1.0B,1_Классификаторы_KNN_и_наивный_байес,В чем суть наивного байесовского классификатора?,prompt2,dialog2284,analytics_llama3.2_1b_prompt2_dialog2284,analytics,29.1,28.8,38.2,0.0,0.0,0.0,0.0,0.0,0.0,0.0
llama3.2,1.0B,1_Классификаторы_KNN_и_наивный_байес,Как работает сглаживание по Лапласу?,prompt2,dialog2285,analytics_llama3.2_1b_prompt2_dialog2285,analytics,29.1,28.8,38.2,0.0,0.0,0.0,0.0,0.0,0.0,0.0
llama3.2,1.0B,1_Классификаторы_KNN_и_наивный_байес,Что такое манхэттенское расстояние?,prompt2,dialog2286,analytics_llama3.2_1b_prompt2_dialog2286,analytics,29.1,28.8,38.2,0.0,0.0,0.0,0.0,0.0,0.0,0.0
llama3.2,1.0B,1_Классификаторы_KNN_и_наивный_байес,Как вычислить вероятность класса в Naive Bayes?,prompt2,dialog2287,analytics_llama3.2_1b_prompt2_dialog2287,analytics,29.1,28.8,38.2,0.0,0.0,0.0,0.0,0.0,0.0,0.0
llama3.2,1.0B,1_Классификаторы_KNN_и_наивный_байес,Что такое расстояние Чебышёва?,prompt2,dialog2288,analytics_llama3.2_1b_prompt2_dialog2288,analytics,29.1,28.8,38.2,0.0,0.0,0.0,0.0,0.0,0.0,0.0
llama3.2,1.0B,1_Классификаторы_KNN_и_наивный_байес,Как классифицировать письмо как спам в Naive Bayes?,prompt2,dialog2289,analytics_llama3.2_1b_prompt2_dialog2289,analytics,29.1,28.8,38.2,0.0,0.0,0.0,0.0,0.0,0.0,0.0
llama3.2,1.0B,1_Классификаторы_KNN_и_наивный_байес,В чем разница между k-NN и взвешенным k-NN?,prompt2,dialog2290,analytics_llama3.2_1b_prompt2_dialog2290,analytics,29.1,28.8,38.2,0.0,0.0,0.0,0.0,0.0,0.0,0.0
llama3.2,1.0B,1_Классификаторы_KNN_и_наивный_байес,Вычисли вероятность спама для слова 'приз' из примера.,prompt2,dialog2291,analytics_llama3.2_1b_prompt2_dialog2291,analytics,29.1,28.8,38.2,0.0,0.0,0.0,0.0,0.0,0.0,0.0
llama3.2,1.0B,1_Классификаторы_KNN_и_наивный_байес,"Вычисли расстояние Евклида между (1,2) и (3,4).",prompt2,dialog2292,analytics_llama3.2_1b_prompt2_dialog2292,analytics,29.1,28.8,38.2,0.0,0.0,0.0,0.0,0.0,0.0,0.0
llama3.2,1.0B,1_Классификаторы_KNN_и_наивный_байес,"В примере с погодой, вычисли F(да) для теста.",prompt2,dialog2293,analytics_llama3.2_1b_prompt2_dialog2293,analytics,29.1,28.8,38.2,0.0,0.0,0.0,0.0,0.0,0.0,0.0
llama3.2,1.0B,1_Классификаторы_KNN_и_наивный_байес,"Вычисли P(да | пасмурно, холодно, влажно, да).",prompt2,dialog2294,analytics_llama3.2_1b_prompt2_dialog2294,analytics,29.1,28.8,38.2,0.0,0.0,0.0,0.0,0.0,0.0,0.0
llama3.2,1.0B,1_Классификаторы_KNN_и_наивный_байес,"В спам-примере, вычисли P(win|спам) с Laplace.",prompt2,dialog2295,analytics_llama3.2_1b_prompt2_dialog2295,analytics,29.1,28.8,38.2,0.0,0.0,0.0,0.0,0.0,0.0,0.0
llama3.2,1.0B,3. Инструменты обучения НС,Что такое autograd?,prompt2,dialog2296,analytics_llama3.2_1b_prompt2_dialog2296,analytics,29.1,28.8,38.2,0.0,0.0,0.0,0.0,0.0,0.0,0.0
llama3.2,1.0B,3. Инструменты обучения НС,Что такое TensorFlow?,prompt2,dialog2297,analytics_llama3.2_1b_prompt2_dialog2297,analytics,29.1,28.8,38.2,0.0,0.0,0.0,0.0,0.0,0.0,0.0
llama3.2,1.0B,3. Инструменты обучения НС,Что такое Keras?,prompt2,dialog2298,analytics_llama3.2_1b_prompt2_dialog2298,analytics,29.1,28.8,38.2,0.0,0.0,0.0,0.0,0.0,0.0,0.0
llama3.2,1.0B,3. Инструменты обучения НС,Что такое over-fitting?,prompt2,dialog2299,analytics_llama3.2_1b_prompt2_dialog2299,analytics,29.1,28.8,38.2,0.0,0.0,0.0,0.0,0.0,0.0,0.0
llama3.2,1.0B,3. Инструменты обучения НС,Что такое SGD?,prompt2,dialog2300,analytics_llama3.2_1b_prompt2_dialog2300,analytics,29.1,28.8,38.2,0.0,0.0,0.0,0.0,0.0,0.0,0.0
llama3.2,1.0B,3. Инструменты обучения НС,Что такое Momentum в оптимизации?,prompt2,dialog2301,analytics_llama3.2_1b_prompt2_dialog2301,analytics,29.1,28.8,38.2,0.0,0.0,0.0,0.0,0.0,0.0,0.0
llama3.2,1.0B,3. Инструменты обучения НС,Что такое Adam?,prompt2,dialog2302,analytics_llama3.2_1b_prompt2_dialog2302,analytics,29.1,28.8,38.2,0.0,0.0,0.0,0.0,0.0,0.0,0.0
llama3.2,1.0B,3. Инструменты обучения НС,Что такое learning rate?,prompt2,dialog2303,analytics_llama3.2_1b_prompt2_dialog2303,analytics,29.1,28.8,38.2,0.0,0.0,0.0,0.0,0.0,0.0,0.0
llama3.2,1.0B,3. Инструменты обучения НС,Что такое метод Ньютона?,prompt2,dialog2304,analytics_llama3.2_1b_prompt2_dialog2304,analytics,29.1,28.8,38.2,0.0,0.0,0.0,0.0,0.0,0.0,0.0
llama3.2,1.0B,3. Инструменты обучения НС,Что такое RMSProp?,prompt2,dialog2305,analytics_llama3.2_1b_prompt2_dialog2305,analytics,29.1,28.8,38.2,0.0,0.0,0.0,0.0,0.0,0.0,0.0
llama3.2,1.0B,3. Инструменты обучения НС,"Вычисли шаг в SGD для L(w)=w^2, w=3, η=0.1.",prompt2,dialog2306,analytics_llama3.2_1b_prompt2_dialog2306,analytics,29.1,28.8,38.2,0.0,0.0,0.0,0.0,0.0,0.0,0.0
llama3.2,1.0B,3. Инструменты обучения НС,"Вычисли v_t в Momentum: γ=0.9, v_{t-1}=1, ∇L=2, η=0.1.",prompt2,dialog2307,analytics_llama3.2_1b_prompt2_dialog2307,analytics,29.1,28.8,38.2,0.0,0.0,0.0,0.0,0.0,0.0,0.0
llama3.2,1.0B,3. Инструменты обучения НС,"В Adagrad, G_{t-1,ii}=4, g_t=2, η=0.1, ε=1e-8.",prompt2,dialog2308,analytics_llama3.2_1b_prompt2_dialog2308,analytics,29.1,28.8,38.2,0.0,0.0,0.0,0.0,0.0,0.0,0.0
llama3.2,1.0B,3. Инструменты обучения НС,"Вычисли learning rate decay: η0=0.1, t=5, T=10, linear.",prompt2,dialog2309,analytics_llama3.2_1b_prompt2_dialog2309,analytics,29.1,28.8,38.2,0.0,0.0,0.0,0.0,0.0,0.0,0.0
llama3.2,1.0B,3. Инструменты обучения НС,"В Nesterov, вычисли ∇ в ω - γ v_{t-1}: γ=0.9, v=1, ∇=2.",prompt2,dialog2310,analytics_llama3.2_1b_prompt2_dialog2310,analytics,29.1,28.8,38.2,0.0,0.0,0.0,0.0,0.0,0.0,0.0
llama3.2,1.0B,1_Классификаторы_KNN_и_наивный_байес,Что такое метод k-ближайших соседей?,prompt5,dialog2371,analytics_llama3.2_1b_prompt5_dialog2371,analytics,32.9,38.6,40.4,0.0,0.0,0.0,0.0,0.0,0.0,0.0
llama3.2,1.0B,1_Классификаторы_KNN_и_наивный_байес,Как выбрать количество соседей k в k-NN?,prompt5,dialog2372,analytics_llama3.2_1b_prompt5_dialog2372,analytics,32.9,38.6,40.4,0.0,0.0,0.0,0.0,0.0,0.0,0.0
llama3.2,1.0B,1_Классификаторы_KNN_и_наивный_байес,Что такое евклидова метрика?,prompt5,dialog2373,analytics_llama3.2_1b_prompt5_dialog2373,analytics,32.9,38.6,40.4,0.0,0.0,0.0,0.0,0.0,0.0,0.0
llama3.2,1.0B,1_Классификаторы_KNN_и_наивный_байес,В чем суть наивного байесовского классификатора?,prompt5,dialog2374,analytics_llama3.2_1b_prompt5_dialog2374,analytics,32.9,38.6,40.4,0.0,0.0,0.0,0.0,0.0,0.0,0.0
llama3.2,1.0B,1_Классификаторы_KNN_и_наивный_байес,Как работает сглаживание по Лапласу?,prompt5,dialog2375,analytics_llama3.2_1b_prompt5_dialog2375,analytics,32.9,38.6,40.4,0.0,0.0,0.0,0.0,0.0,0.0,0.0
llama3.2,1.0B,1_Классификаторы_KNN_и_наивный_байес,Что такое манхэттенское расстояние?,prompt5,dialog2376,analytics_llama3.2_1b_prompt5_dialog2376,analytics,32.9,38.6,40.4,0.0,0.0,0.0,0.0,0.0,0.0,0.0
llama3.2,1.0B,1_Классификаторы_KNN_и_наивный_байес,Как вычислить вероятность класса в Naive Bayes?,prompt5,dialog2377,analytics_llama3.2_1b_prompt5_dialog2377,analytics,32.9,38.6,40.4,0.0,0.0,0.0,0.0,0.0,0.0,0.0
llama3.2,1.0B,1_Классификаторы_KNN_и_наивный_байес,Что такое расстояние Чебышёва?,prompt5,dialog2378,analytics_llama3.2_1b_prompt5_dialog2378,analytics,32.9,38.6,40.4,0.0,0.0,0.0,0.0,0.0,0.0,0.0
llama3.2,1.0B,1_Классификаторы_KNN_и_наивный_байес,Как классифицировать письмо как спам в Naive Bayes?,prompt5,dialog2379,analytics_llama3.2_1b_prompt5_dialog2379,analytics,32.9,38.6,40.4,0.0,0.0,0.0,0.0,0.0,0.0,0.0
llama3.2,1.0B,1_Классификаторы_KNN_и_наивный_байес,В чем разница между k-NN и взвешенным k-NN?,prompt5,dialog2380,analytics_llama3.2_1b_prompt5_dialog2380,analytics,32.9,38.6,40.4,0.0,0.0,0.0,0.0,0.0,0.0,0.0
llama3.2,1.0B,1_Классификаторы_KNN_и_наивный_байес,Вычисли вероятность спама для слова 'приз' из примера.,prompt5,dialog2381,analytics_llama3.2_1b_prompt5_dialog2381,analytics,32.9,38.6,40.4,0.0,0.0,0.0,0.0,0.0,0.0,0.0
llama3.2,1.0B,1_Классификаторы_KNN_и_наивный_байес,"Вычисли расстояние Евклида между (1,2) и (3,4).",prompt5,dialog2382,analytics_llama3.2_1b_prompt5_dialog2382,analytics,32.9,38.6,40.4,0.0,0.0,0.0,0.0,0.0,0.0,0.0
llama3.2,1.0B,1_Классификаторы_KNN_и_наивный_байес,"В примере с погодой, вычисли F(да) для теста.",prompt5,dialog2383,analytics_llama3.2_1b_prompt5_dialog2383,analytics,32.9,38.6,40.4,0.0,0.0,0.0,0.0,0.0,0.0,0.0
llama3.2,1.0B,1_Классификаторы_KNN_и_наивный_байес,"Вычисли P(да | пасмурно, холодно, влажно, да).",prompt5,dialog2384,analytics_llama3.2_1b_prompt5_dialog2384,analytics,32.9,38.6,40.4,0.0,0.0,0.0,0.0,0.0,0.0,0.0
llama3.2,1.0B,1_Классификаторы_KNN_и_наивный_байес,"В спам-примере, вычисли P(win|спам) с Laplace.",prompt5,dialog2385,analytics_llama3.2_1b_prompt5_dialog2385,analytics,32.9,38.6,40.4,0.0,0.0,0.0,0.0,0.0,0.0,0.0
llama3.2,1.0B,3. Инструменты обучения НС,Что такое autograd?,prompt5,dialog2386,analytics_llama3.2_1b_prompt5_dialog2386,analytics,32.9,38.6,40.4,0.0,0.0,0.0,0.0,0.0,0.0,0.0
llama3.2,1.0B,3. Инструменты обучения НС,Что такое TensorFlow?,prompt5,dialog2387,analytics_llama3.2_1b_prompt5_dialog2387,analytics,32.9,38.6,40.4,0.0,0.0,0.0,0.0,0.0,0.0,0.0
llama3.2,1.0B,3. Инструменты обучения НС,Что такое Keras?,prompt5,dialog2388,analytics_llama3.2_1b_prompt5_dialog2388,analytics,32.9,38.6,40.4,0.0,0.0,0.0,0.0,0.0,0.0,0.0
llama3.2,1.0B,3. Инструменты обучения НС,Что такое over-fitting?,prompt5,dialog2389,analytics_llama3.2_1b_prompt5_dialog2389,analytics,32.9,38.6,40.4,0.0,0.0,0.0,0.0,0.0,0.0,0.0
llama3.2,1.0B,3. Инструменты обучения НС,Что такое SGD?,prompt5,dialog2390,analytics_llama3.2_1b_prompt5_dialog2390,analytics,32.9,38.6,40.4,0.0,0.0,0.0,0.0,0.0,0.0,0.0
llama3.2,1.0B,3. Инструменты обучения НС,Что такое Momentum в оптимизации?,prompt5,dialog2391,analytics_llama3.2_1b_prompt5_dialog2391,analytics,32.9,38.6,40.4,0.0,0.0,0.0,0.0,0.0,0.0,0.0
llama3.2,1.0B,3. Инструменты обучения НС,Что такое Adam?,prompt5,dialog2392,analytics_llama3.2_1b_prompt5_dialog2392,analytics,32.9,38.6,40.4,0.0,0.0,0.0,0.0,0.0,0.0,0.0
llama3.2,1.0B,3. Инструменты обучения НС,Что такое learning rate?,prompt5,dialog2393,analytics_llama3.2_1b_prompt5_dialog2393,analytics,32.9,38.6,40.4,0.0,0.0,0.0,0.0,0.0,0.0,0.0
llama3.2,1.0B,3. Инструменты обучения НС,Что такое метод Ньютона?,prompt5,dialog2394,analytics_llama3.2_1b_prompt5_dialog2394,analytics,32.9,38.6,40.4,0.0,0.0,0.0,0.0,0.0,0.0,0.0
llama3.2,1.0B,3. Инструменты обучения НС,Что такое RMSProp?,prompt5,dialog2395,analytics_llama3.2_1b_prompt5_dialog2395,analytics,32.9,38.6,40.4,0.0,0.0,0.0,0.0,0.0,0.0,0.0
llama3.2,1.0B,3. Инструменты обучения НС,"Вычисли шаг в SGD для L(w)=w^2, w=3, η=0.1.",prompt5,dialog2396,analytics_llama3.2_1b_prompt5_dialog2396,analytics,32.9,38.6,40.4,0.0,0.0,0.0,0.0,0.0,0.0,0.0
llama3.2,1.0B,3. Инструменты обучения НС,"Вычисли v_t в Momentum: γ=0.9, v_{t-1}=1, ∇L=2, η=0.1.",prompt5,dialog2397,analytics_llama3.2_1b_prompt5_dialog2397,analytics,32.9,38.6,40.4,0.0,0.0,0.0,0.0,0.0,0.0,0.0
llama3.2,1.0B,3. Инструменты обучения НС,"В Adagrad, G_{t-1,ii}=4, g_t=2, η=0.1, ε=1e-8.",prompt5,dialog2398,analytics_llama3.2_1b_prompt5_dialog2398,analytics,32.9,38.6,40.4,0.0,0.0,0.0,0.0,0.0,0.0,0.0
llama3.2,1.0B,3. Инструменты обучения НС,"Вычисли learning rate decay: η0=0.1, t=5, T=10, linear.",prompt5,dialog2399,analytics_llama3.2_1b_prompt5_dialog2399,analytics,32.9,38.6,40.4,0.0,0.0,0.0,0.0,0.0,0.0,0.0
llama3.2,1.0B,3. Инструменты обучения НС,"В Nesterov, вычисли ∇ в ω - γ v_{t-1}: γ=0.9, v=1, ∇=2.",prompt5,dialog2400,analytics_llama3.2_1b_prompt5_dialog2400,analytics,32.9,38.6,40.4,0.0,0.0,0.0,0.0,0.0,0.0,0.0
llama3.2,1.0B,1_Классификаторы_KNN_и_наивный_байес,Что такое метод k-ближайших соседей?,prompt12,dialog2581,analytics_llama3.2_1b_prompt12_dialog2581,analytics,26.8,27.3,42.3,0.0,0.0,0.0,0.0,0.0,0.0,0.0
llama3.2,1.0B,1_Классификаторы_KNN_и_наивный_байес,Как выбрать количество соседей k в k-NN?,prompt12,dialog2582,analytics_llama3.2_1b_prompt12_dialog2582,analytics,26.8,27.3,42.3,0.0,0.0,0.0,0.0,0.0,0.0,0.0
llama3.2,1.0B,1_Классификаторы_KNN_и_наивный_байес,Что такое евклидова метрика?,prompt12,dialog2583,analytics_llama3.2_1b_prompt12_dialog2583,analytics,26.8,27.3,42.3,0.0,0.0,0.0,0.0,0.0,0.0,0.0
llama3.2,1.0B,1_Классификаторы_KNN_и_наивный_байес,В чем суть наивного байесовского классификатора?,prompt12,dialog2584,analytics_llama3.2_1b_prompt12_dialog2584,analytics,26.8,27.3,42.3,0.0,0.0,0.0,0.0,0.0,0.0,0.0
llama3.2,1.0B,1_Классификаторы_KNN_и_наивный_байес,Как работает сглаживание по Лапласу?,prompt12,dialog2585,analytics_llama3.2_1b_prompt12_dialog2585,analytics,26.8,27.3,42.3,0.0,0.0,0.0,0.0,0.0,0.0,0.0
llama3.2,1.0B,1_Классификаторы_KNN_и_наивный_байес,Что такое манхэттенское расстояние?,prompt12,dialog2586,analytics_llama3.2_1b_prompt12_dialog2586,analytics,26.8,27.3,42.3,0.0,0.0,0.0,0.0,0.0,0.0,0.0
llama3.2,1.0B,1_Классификаторы_KNN_и_наивный_байес,Как вычислить вероятность класса в Naive Bayes?,prompt12,dialog2587,analytics_llama3.2_1b_prompt12_dialog2587,analytics,26.8,27.3,42.3,0.0,0.0,0.0,0.0,0.0,0.0,0.0
llama3.2,1.0B,1_Классификаторы_KNN_и_наивный_байес,Что такое расстояние Чебышёва?,prompt12,dialog2588,analytics_llama3.2_1b_prompt12_dialog2588,analytics,26.8,27.3,42.3,0.0,0.0,0.0,0.0,0.0,0.0,0.0
llama3.2,1.0B,1_Классификаторы_KNN_и_наивный_байес,Как классифицировать письмо как спам в Naive Bayes?,prompt12,dialog2589,analytics_llama3.2_1b_prompt12_dialog2589,analytics,26.8,27.3,42.3,0.0,0.0,0.0,0.0,0.0,0.0,0.0
llama3.2,1.0B,1_Классификаторы_KNN_и_наивный_байес,В чем разница между k-NN и взвешенным k-NN?,prompt12,dialog2590,analytics_llama3.2_1b_prompt12_dialog2590,analytics,26.8,27.3,42.3,0.0,0.0,0.0,0.0,0.0,0.0,0.0
llama3.2,1.0B,1_Классификаторы_KNN_и_наивный_байес,Вычисли вероятность спама для слова 'приз' из примера.,prompt12,dialog2591,analytics_llama3.2_1b_prompt12_dialog2591,analytics,26.8,27.3,42.3,0.0,0.0,0.0,0.0,0.0,0.0,0.0
llama3.2,1.0B,1_Классификаторы_KNN_и_наивный_байес,"Вычисли расстояние Евклида между (1,2) и (3,4).",prompt12,dialog2592,analytics_llama3.2_1b_prompt12_dialog2592,analytics,26.8,27.3,42.3,0.0,0.0,0.0,0.0,0.0,0.0,0.0
llama3.2,1.0B,1_Классификаторы_KNN_и_наивный_байес,"В примере с погодой, вычисли F(да) для теста.",prompt12,dialog2593,analytics_llama3.2_1b_prompt12_dialog2593,analytics,26.8,27.3,42.3,0.0,0.0,0.0,0.0,0.0,0.0,0.0
llama3.2,1.0B,1_Классификаторы_KNN_и_наивный_байес,"Вычисли P(да | пасмурно, холодно, влажно, да).",prompt12,dialog2594,analytics_llama3.2_1b_prompt12_dialog2594,analytics,26.8,27.3,42.3,0.0,0.0,0.0,0.0,0.0,0.0,0.0
llama3.2,1.0B,1_Классификаторы_KNN_и_наивный_байес,"В спам-примере, вычисли P(win|спам) с Laplace.",prompt12,dialog2595,analytics_llama3.2_1b_prompt12_dialog2595,analytics,26.8,27.3,42.3,0.0,0.0,0.0,0.0,0.0,0.0,0.0
llama3.2,1.0B,3. Инструменты обучения НС,Что такое autograd?,prompt12,dialog2596,analytics_llama3.2_1b_prompt12_dialog2596,analytics,26.8,27.3,42.3,0.0,0.0,0.0,0.0,0.0,0.0,0.0
llama3.2,1.0B,3. Инструменты обучения НС,Что такое TensorFlow?,prompt12,dialog2597,analytics_llama3.2_1b_prompt12_dialog2597,analytics,26.8,27.3,42.3,0.0,0.0,0.0,0.0,0.0,0.0,0.0
llama3.2,1.0B,3. Инструменты обучения НС,Что такое Keras?,prompt12,dialog2598,analytics_llama3.2_1b_prompt12_dialog2598,analytics,26.8,27.3,42.3,0.0,0.0,0.0,0.0,0.0,0.0,0.0
llama3.2,1.0B,3. Инструменты обучения НС,Что такое over-fitting?,prompt12,dialog2599,analytics_llama3.2_1b_prompt12_dialog2599,analytics,26.8,27.3,42.3,0.0,0.0,0.0,0.0,0.0,0.0,0.0
llama3.2,1.0B,3. Инструменты обучения НС,Что такое SGD?,prompt12,dialog2600,analytics_llama3.2_1b_prompt12_dialog2600,analytics,26.8,27.3,42.3,0.0,0.0,0.0,0.0,0.0,0.0,0.0
llama3.2,1.0B,3. Инструменты обучения НС,Что такое Momentum в оптимизации?,prompt12,dialog2601,analytics_llama3.2_1b_prompt12_dialog2601,analytics,26.8,27.3,42.3,0.0,0.0,0.0,0.0,0.0,0.0,0.0
llama3.2,1.0B,3. Инструменты обучения НС,Что такое Adam?,prompt12,dialog2602,analytics_llama3.2_1b_prompt12_dialog2602,analytics,26.8,27.3,42.3,0.0,0.0,0.0,0.0,0.0,0.0,0.0
llama3.2,1.0B,3. Инструменты обучения НС,Что такое learning rate?,prompt12,dialog2603,analytics_llama3.2_1b_prompt12_dialog2603,analytics,26.8,27.3,42.3,0.0,0.0,0.0,0.0,0.0,0.0,0.0
llama3.2,1.0B,3. Инструменты обучения НС,Что такое метод Ньютона?,prompt12,dialog2604,analytics_llama3.2_1b_prompt12_dialog2604,analytics,26.8,27.3,42.3,0.0,0.0,0.0,0.0,0.0,0.0,0.0
llama3.2,1.0B,3. Инструменты обучения НС,Что такое RMSProp?,prompt12,dialog2605,analytics_llama3.2_1b_prompt12_dialog2605,analytics,26.8,27.3,42.3,0.0,0.0,0.0,0.0,0.0,0.0,0.0
llama3.2,1.0B,3. Инструменты обучения НС,"Вычисли шаг в SGD для L(w)=w^2, w=3, η=0.1.",prompt12,dialog2606,analytics_llama3.2_1b_prompt12_dialog2606,analytics,26.8,27.3,42.3,0.0,0.0,0.0,0.0,0.0,0.0,0.0
llama3.2,1.0B,3. Инструменты обучения НС,"Вычисли v_t в Momentum: γ=0.9, v_{t-1}=1, ∇L=2, η=0.1.",prompt12,dialog2607,analytics_llama3.2_1b_prompt12_dialog2607,analytics,26.8,27.3,42.3,0.0,0.0,0.0,0.0,0.0,0.0,0.0
llama3.2,1.0B,3. Инструменты обучения НС,"В Adagrad, G_{t-1,ii}=4, g_t=2, η=0.1, ε=1e-8.",prompt12,dialog2608,analytics_llama3.2_1b_prompt12_dialog2608,analytics,26.8,27.3,42.3,0.0,0.0,0.0,0.0,0.0,0.0,0.0
llama3.2,1.0B,3. Инструменты обучения НС,"Вычисли learning rate decay: η0=0.1, t=5, T=10, linear.",prompt12,dialog2609,analytics_llama3.2_1b_prompt12_dialog2609,analytics,26.8,27.3,42.3,0.0,0.0,0.0,0.0,0.0,0.0,0.0
llama3.2,1.0B,3. Инструменты обучения НС,"В Nesterov, вычисли ∇ в ω - γ v_{t-1}: γ=0.9, v=1, ∇=2.",prompt12,dialog2610,analytics_llama3.2_1b_prompt12_dialog2610,analytics,26.8,27.3,42.3,0.0,0.0,0.0,0.0,0.0,0.0,0.0
llama3.2,1.0B,1_Классификаторы_KNN_и_наивный_байес,Что такое метод k-ближайших соседей?,prompt15,dialog2671,analytics_llama3.2_1b_prompt15_dialog2671,analytics,25.8,26.8,44.3,0.0,0.0,0.0,0.0,0.0,0.0,0.0
llama3.2,1.0B,1_Классификаторы_KNN_и_наивный_байес,Как выбрать количество соседей k в k-NN?,prompt15,dialog2672,analytics_llama3.2_1b_prompt15_dialog2672,analytics,25.8,26.8,44.3,0.0,0.0,0.0,0.0,0.0,0.0,0.0
llama3.2,1.0B,1_Классификаторы_KNN_и_наивный_байес,Что такое евклидова метрика?,prompt15,dialog2673,analytics_llama3.2_1b_prompt15_dialog2673,analytics,25.8,26.8,44.3,0.0,0.0,0.0,0.0,0.0,0.0,0.0
llama3.2,1.0B,1_Классификаторы_KNN_и_наивный_байес,В чем суть наивного байесовского классификатора?,prompt15,dialog2674,analytics_llama3.2_1b_prompt15_dialog2674,analytics,25.8,26.8,44.3,0.0,0.0,0.0,0.0,0.0,0.0,0.0
llama3.2,1.0B,1_Классификаторы_KNN_и_наивный_байес,Как работает сглаживание по Лапласу?,prompt15,dialog2675,analytics_llama3.2_1b_prompt15_dialog2675,analytics,25.8,26.8,44.3,0.0,0.0,0.0,0.0,0.0,0.0,0.0
llama3.2,1.0B,1_Классификаторы_KNN_и_наивный_байес,Что такое манхэттенское расстояние?,prompt15,dialog2676,analytics_llama3.2_1b_prompt15_dialog2676,analytics,25.8,26.8,44.3,0.0,0.0,0.0,0.0,0.0,0.0,0.0
llama3.2,1.0B,1_Классификаторы_KNN_и_наивный_байес,Как вычислить вероятность класса в Naive Bayes?,prompt15,dialog2677,analytics_llama3.2_1b_prompt15_dialog2677,analytics,25.8,26.8,44.3,0.0,0.0,0.0,0.0,0.0,0.0,0.0
llama3.2,1.0B,1_Классификаторы_KNN_и_наивный_байес,Что такое расстояние Чебышёва?,prompt15,dialog2678,analytics_llama3.2_1b_prompt15_dialog2678,analytics,25.8,26.8,44.3,0.0,0.0,0.0,0.0,0.0,0.0,0.0
llama3.2,1.0B,1_Классификаторы_KNN_и_наивный_байес,Как классифицировать письмо как спам в Naive Bayes?,prompt15,dialog2679,analytics_llama3.2_1b_prompt15_dialog2679,analytics,25.8,26.8,44.3,0.0,0.0,0.0,0.0,0.0,0.0,0.0
llama3.2,1.0B,1_Классификаторы_KNN_и_наивный_байес,В чем разница между k-NN и взвешенным k-NN?,prompt15,dialog2680,analytics_llama3.2_1b_prompt15_dialog2680,analytics,25.8,26.8,44.3,0.0,0.0,0.0,0.0,0.0,0.0,0.0
llama3.2,1.0B,1_Классификаторы_KNN_и_наивный_байес,Вычисли вероятность спама для слова 'приз' из примера.,prompt15,dialog2681,analytics_llama3.2_1b_prompt15_dialog2681,analytics,25.8,26.8,44.3,0.0,0.0,0.0,0.0,0.0,0.0,0.0
llama3.2,1.0B,1_Классификаторы_KNN_и_наивный_байес,"Вычисли расстояние Евклида между (1,2) и (3,4).",prompt15,dialog2682,analytics_llama3.2_1b_prompt15_dialog2682,analytics,25.8,26.8,44.3,0.0,0.0,0.0,0.0,0.0,0.0,0.0
llama3.2,1.0B,1_Классификаторы_KNN_и_наивный_байес,"В примере с погодой, вычисли F(да) для теста.",prompt15,dialog2683,analytics_llama3.2_1b_prompt15_dialog2683,analytics,25.8,26.8,44.3,0.0,0.0,0.0,0.0,0.0,0.0,0.0
llama3.2,1.0B,1_Классификаторы_KNN_и_наивный_байес,"Вычисли P(да | пасмурно, холодно, влажно, да).",prompt15,dialog2684,analytics_llama3.2_1b_prompt15_dialog2684,analytics,25.8,26.8,44.3,0.0,0.0,0.0,0.0,0.0,0.0,0.0
llama3.2,1.0B,1_Классификаторы_KNN_и_наивный_байес,"В спам-примере, вычисли P(win|спам) с Laplace.",prompt15,dialog2685,analytics_llama3.2_1b_prompt15_dialog2685,analytics,25.8,26.8,44.3,0.0,0.0,0.0,0.0,0.0,0.0,0.0
llama3.2,1.0B,3. Инструменты обучения НС,Что такое autograd?,prompt15,dialog2686,analytics_llama3.2_1b_prompt15_dialog2686,analytics,25.8,26.8,44.3,0.0,0.0,0.0,0.0,0.0,0.0,0.0
llama3.2,1.0B,3. Инструменты обучения НС,Что такое TensorFlow?,prompt15,dialog2687,analytics_llama3.2_1b_prompt15_dialog2687,analytics,25.8,26.8,44.3,0.0,0.0,0.0,0.0,0.0,0.0,0.0
llama3.2,1.0B,3. Инструменты обучения НС,Что такое Keras?,prompt15,dialog2688,analytics_llama3.2_1b_prompt15_dialog2688,analytics,25.8,26.8,44.3,0.0,0.0,0.0,0.0,0.0,0.0,0.0
llama3.2,1.0B,3. Инструменты обучения НС,Что такое over-fitting?,prompt15,dialog2689,analytics_llama3.2_1b_prompt15_dialog2689,analytics,25.8,26.8,44.3,0.0,0.0,0.0,0.0,0.0,0.0,0.0
llama3.2,1.0B,3. Инструменты обучения НС,Что такое SGD?,prompt15,dialog2690,analytics_llama3.2_1b_prompt15_dialog2690,analytics,25.8,26.8,44.3,0.0,0.0,0.0,0.0,0.0,0.0,0.0
llama3.2,1.0B,3. Инструменты обучения НС,Что такое Momentum в оптимизации?,prompt15,dialog2691,analytics_llama3.2_1b_prompt15_dialog2691,analytics,25.8,26.8,44.3,0.0,0.0,0.0,0.0,0.0,0.0,0.0
llama3.2,1.0B,3. Инструменты обучения НС,Что такое Adam?,prompt15,dialog2692,analytics_llama3.2_1b_prompt15_dialog2692,analytics,25.8,26.8,44.3,0.0,0.0,0.0,0.0,0.0,0.0,0.0
llama3.2,1.0B,3. Инструменты обучения НС,Что такое learning rate?,prompt15,dialog2693,analytics_llama3.2_1b_prompt15_dialog2693,analytics,25.8,26.8,44.3,0.0,0.0,0.0,0.0,0.0,0.0,0.0
llama3.2,1.0B,3. Инструменты обучения НС,Что такое метод Ньютона?,prompt15,dialog2694,analytics_llama3.2_1b_prompt15_dialog2694,analytics,25.8,26.8,44.3,0.0,0.0,0.0,0.0,0.0,0.0,0.0
llama3.2,1.0B,3. Инструменты обучения НС,Что такое RMSProp?,prompt15,dialog2695,analytics_llama3.2_1b_prompt15_dialog2695,analytics,25.8,26.8,44.3,0.0,0.0,0.0,0.0,0.0,0.0,0.0
llama3.2,1.0B,3. Инструменты обучения НС,"Вычисли шаг в SGD для L(w)=w^2, w=3, η=0.1.",prompt15,dialog2696,analytics_llama3.2_1b_prompt15_dialog2696,analytics,25.8,26.8,44.3,0.0,0.0,0.0,0.0,0.0,0.0,0.0
llama3.2,1.0B,3. Инструменты обучения НС,"Вычисли v_t в Momentum: γ=0.9, v_{t-1}=1, ∇L=2, η=0.1.",prompt15,dialog2697,analytics_llama3.2_1b_prompt15_dialog2697,analytics,25.8,26.8,44.3,0.0,0.0,0.0,0.0,0.0,0.0,0.0
llama3.2,1.0B,3. Инструменты обучения НС,"В Adagrad, G_{t-1,ii}=4, g_t=2, η=0.1, ε=1e-8.",prompt15,dialog2698,analytics_llama3.2_1b_prompt15_dialog2698,analytics,25.8,26.8,44.3,0.0,0.0,0.0,0.0,0.0,0.0,0.0
llama3.2,1.0B,3. Инструменты обучения НС,"Вычисли learning rate decay: η0=0.1, t=5, T=10, linear.",prompt15,dialog2699,analytics_llama3.2_1b_prompt15_dialog2699,analytics,25.8,26.8,44.3,0.0,0.0,0.0,0.0,0.0,0.0,0.0
llama3.2,1.0B,3. Инструменты обучения НС,"В Nesterov, вычисли ∇ в ω - γ v_{t-1}: γ=0.9, v=1, ∇=2.",prompt15,dialog2700,analytics_llama3.2_1b_prompt15_dialog2700,analytics,25.8,26.8,44.3,0.0,0.0,0.0,0.0,0.0,0.0,0.0
llama3.2,1.0B,1_Классификаторы_KNN_и_наивный_байес,Что такое метод k-ближайших соседей?,prompt10,dialog2521,analytics_llama3.2_1b_prompt10_dialog2521,analytics,27.4,29.2,44.0,0.0,0.0,0.0,0.0,0.0,0.0,0.0
llama3.2,1.0B,1_Классификаторы_KNN_и_наивный_байес,Как выбрать количество соседей k в k-NN?,prompt10,dialog2522,analytics_llama3.2_1b_prompt10_dialog2522,analytics,27.4,29.2,44.0,0.0,0.0,0.0,0.0,0.0,0.0,0.0
llama3.2,1.0B,1_Классификаторы_KNN_и_наивный_байес,Что такое евклидова метрика?,prompt10,dialog2523,analytics_llama3.2_1b_prompt10_dialog2523,analytics,27.4,29.2,44.0,0.0,0.0,0.0,0.0,0.0,0.0,0.0
llama3.2,1.0B,1_Классификаторы_KNN_и_наивный_байес,В чем суть наивного байесовского классификатора?,prompt10,dialog2524,analytics_llama3.2_1b_prompt10_dialog2524,analytics,27.4,29.2,44.0,0.0,0.0,0.0,0.0,0.0,0.0,0.0
llama3.2,1.0B,1_Классификаторы_KNN_и_наивный_байес,Как работает сглаживание по Лапласу?,prompt10,dialog2525,analytics_llama3.2_1b_prompt10_dialog2525,analytics,27.4,29.2,44.0,0.0,0.0,0.0,0.0,0.0,0.0,0.0
llama3.2,1.0B,1_Классификаторы_KNN_и_наивный_байес,Что такое манхэттенское расстояние?,prompt10,dialog2526,analytics_llama3.2_1b_prompt10_dialog2526,analytics,27.4,29.2,44.0,0.0,0.0,0.0,0.0,0.0,0.0,0.0
llama3.2,1.0B,1_Классификаторы_KNN_и_наивный_байес,Как вычислить вероятность класса в Naive Bayes?,prompt10,dialog2527,analytics_llama3.2_1b_prompt10_dialog2527,analytics,27.4,29.2,44.0,0.0,0.0,0.0,0.0,0.0,0.0,0.0
llama3.2,1.0B,1_Классификаторы_KNN_и_наивный_байес,Что такое расстояние Чебышёва?,prompt10,dialog2528,analytics_llama3.2_1b_prompt10_dialog2528,analytics,27.4,29.2,44.0,0.0,0.0,0.0,0.0,0.0,0.0,0.0
llama3.2,1.0B,1_Классификаторы_KNN_и_наивный_байес,Как классифицировать письмо как спам в Naive Bayes?,prompt10,dialog2529,analytics_llama3.2_1b_prompt10_dialog2529,analytics,27.4,29.2,44.0,0.0,0.0,0.0,0.0,0.0,0.0,0.0
llama3.2,1.0B,1_Классификаторы_KNN_и_наивный_байес,В чем разница между k-NN и взвешенным k-NN?,prompt10,dialog2530,analytics_llama3.2_1b_prompt10_dialog2530,analytics,27.4,29.2,44.0,0.0,0.0,0.0,0.0,0.0,0.0,0.0
llama3.2,1.0B,1_Классификаторы_KNN_и_наивный_байес,Вычисли вероятность спама для слова 'приз' из примера.,prompt10,dialog2531,analytics_llama3.2_1b_prompt10_dialog2531,analytics,27.4,29.2,44.0,0.0,0.0,0.0,0.0,0.0,0.0,0.0
llama3.2,1.0B,1_Классификаторы_KNN_и_наивный_байес,"Вычисли расстояние Евклида между (1,2) и (3,4).",prompt10,dialog2532,analytics_llama3.2_1b_prompt10_dialog2532,analytics,27.4,29.2,44.0,0.0,0.0,0.0,0.0,0.0,0.0,0.0
llama3.2,1.0B,1_Классификаторы_KNN_и_наивный_байес,"В примере с погодой, вычисли F(да) для теста.",prompt10,dialog2533,analytics_llama3.2_1b_prompt10_dialog2533,analytics,27.4,29.2,44.0,0.0,0.0,0.0,0.0,0.0,0.0,0.0
llama3.2,1.0B,1_Классификаторы_KNN_и_наивный_байес,"Вычисли P(да | пасмурно, холодно, влажно, да).",prompt10,dialog2534,analytics_llama3.2_1b_prompt10_dialog2534,analytics,27.4,29.2,44.0,0.0,0.0,0.0,0.0,0.0,0.0,0.0
llama3.2,1.0B,1_Классификаторы_KNN_и_наивный_байес,"В спам-примере, вычисли P(win|спам) с Laplace.",prompt10,dialog2535,analytics_llama3.2_1b_prompt10_dialog2535,analytics,27.4,29.2,44.0,0.0,0.0,0.0,0.0,0.0,0.0,0.0
llama3.2,1.0B,3. Инструменты обучения НС,Что такое autograd?,prompt10,dialog2536,analytics_llama3.2_1b_prompt10_dialog2536,analytics,27.4,29.2,44.0,0.0,0.0,0.0,0.0,0.0,0.0,0.0
llama3.2,1.0B,3. Инструменты обучения НС,Что такое TensorFlow?,prompt10,dialog2537,analytics_llama3.2_1b_prompt10_dialog2537,analytics,27.4,29.2,44.0,0.0,0.0,0.0,0.0,0.0,0.0,0.0
llama3.2,1.0B,3. Инструменты обучения НС,Что такое Keras?,prompt10,dialog2538,analytics_llama3.2_1b_prompt10_dialog2538,analytics,27.4,29.2,44.0,0.0,0.0,0.0,0.0,0.0,0.0,0.0
llama3.2,1.0B,3. Инструменты обучения НС,Что такое over-fitting?,prompt10,dialog2539,analytics_llama3.2_1b_prompt10_dialog2539,analytics,27.4,29.2,44.0,0.0,0.0,0.0,0.0,0.0,0.0,0.0
llama3.2,1.0B,3. Инструменты обучения НС,Что такое SGD?,prompt10,dialog2540,analytics_llama3.2_1b_prompt10_dialog2540,analytics,27.4,29.2,44.0,0.0,0.0,0.0,0.0,0.0,0.0,0.0
llama3.2,1.0B,3. Инструменты обучения НС,Что такое Momentum в оптимизации?,prompt10,dialog2541,analytics_llama3.2_1b_prompt10_dialog2541,analytics,27.4,29.2,44.0,0.0,0.0,0.0,0.0,0.0,0.0,0.0
llama3.2,1.0B,3. Инструменты обучения НС,Что такое Adam?,prompt10,dialog2542,analytics_llama3.2_1b_prompt10_dialog2542,analytics,27.4,29.2,44.0,0.0,0.0,0.0,0.0,0.0,0.0,0.0
llama3.2,1.0B,3. Инструменты обучения НС,Что такое learning rate?,prompt10,dialog2543,analytics_llama3.2_1b_prompt10_dialog2543,analytics,27.4,29.2,44.0,0.0,0.0,0.0,0.0,0.0,0.0,0.0
llama3.2,1.0B,3. Инструменты обучения НС,Что такое метод Ньютона?,prompt10,dialog2544,analytics_llama3.2_1b_prompt10_dialog2544,analytics,27.4,29.2,44.0,0.0,0.0,0.0,0.0,0.0,0.0,0.0
llama3.2,1.0B,3. Инструменты обучения НС,Что такое RMSProp?,prompt10,dialog2545,analytics_llama3.2_1b_prompt10_dialog2545,analytics,27.4,29.2,44.0,0.0,0.0,0.0,0.0,0.0,0.0,0.0
llama3.2,1.0B,3. Инструменты обучения НС,"Вычисли шаг в SGD для L(w)=w^2, w=3, η=0.1.",prompt10,dialog2546,analytics_llama3.2_1b_prompt10_dialog2546,analytics,27.4,29.2,44.0,0.0,0.0,0.0,0.0,0.0,0.0,0.0
llama3.2,1.0B,3. Инструменты обучения НС,"Вычисли v_t в Momentum: γ=0.9, v_{t-1}=1, ∇L=2, η=0.1.",prompt10,dialog2547,analytics_llama3.2_1b_prompt10_dialog2547,analytics,27.4,29.2,44.0,0.0,0.0,0.0,0.0,0.0,0.0,0.0
llama3.2,1.0B,3. Инструменты обучения НС,"В Adagrad, G_{t-1,ii}=4, g_t=2, η=0.1, ε=1e-8.",prompt10,dialog2548,analytics_llama3.2_1b_prompt10_dialog2548,analytics,27.4,29.2,44.0,0.0,0.0,0.0,0.0,0.0,0.0,0.0
llama3.2,1.0B,3. Инструменты обучения НС,"Вычисли learning rate decay: η0=0.1, t=5, T=10, linear.",prompt10,dialog2549,analytics_llama3.2_1b_prompt10_dialog2549,analytics,27.4,29.2,44.0,0.0,0.0,0.0,0.0,0.0,0.0,0.0
llama3.2,1.0B,3. Инструменты обучения НС,"В Nesterov, вычисли ∇ в ω - γ v_{t-1}: γ=0.9, v=1, ∇=2.",prompt10,dialog2550,analytics_llama3.2_1b_prompt10_dialog2550,analytics,27.4,29.2,44.0,0.0,0.0,0.0,0.0,0.0,0.0,0.0
llama3.2,1.0B,1_Классификаторы_KNN_и_наивный_байес,Что такое метод k-ближайших соседей?,prompt9,dialog2491,analytics_llama3.2_1b_prompt9_dialog2491,analytics,32.8,36.0,42.6,0.0,0.0,0.0,0.0,0.0,0.0,0.0
llama3.2,1.0B,1_Классификаторы_KNN_и_наивный_байес,Как выбрать количество соседей k в k-NN?,prompt9,dialog2492,analytics_llama3.2_1b_prompt9_dialog2492,analytics,32.8,36.0,42.6,0.0,0.0,0.0,0.0,0.0,0.0,0.0
llama3.2,1.0B,1_Классификаторы_KNN_и_наивный_байес,Что такое евклидова метрика?,prompt9,dialog2493,analytics_llama3.2_1b_prompt9_dialog2493,analytics,32.8,36.0,42.6,0.0,0.0,0.0,0.0,0.0,0.0,0.0
llama3.2,1.0B,1_Классификаторы_KNN_и_наивный_байес,В чем суть наивного байесовского классификатора?,prompt9,dialog2494,analytics_llama3.2_1b_prompt9_dialog2494,analytics,32.8,36.0,42.6,0.0,0.0,0.0,0.0,0.0,0.0,0.0
llama3.2,1.0B,1_Классификаторы_KNN_и_наивный_байес,Как работает сглаживание по Лапласу?,prompt9,dialog2495,analytics_llama3.2_1b_prompt9_dialog2495,analytics,32.8,36.0,42.6,0.0,0.0,0.0,0.0,0.0,0.0,0.0
llama3.2,1.0B,1_Классификаторы_KNN_и_наивный_байес,Что такое манхэттенское расстояние?,prompt9,dialog2496,analytics_llama3.2_1b_prompt9_dialog2496,analytics,32.8,36.0,42.6,0.0,0.0,0.0,0.0,0.0,0.0,0.0
llama3.2,1.0B,1_Классификаторы_KNN_и_наивный_байес,Как вычислить вероятность класса в Naive Bayes?,prompt9,dialog2497,analytics_llama3.2_1b_prompt9_dialog2497,analytics,32.8,36.0,42.6,0.0,0.0,0.0,0.0,0.0,0.0,0.0
llama3.2,1.0B,1_Классификаторы_KNN_и_наивный_байес,Что такое расстояние Чебышёва?,prompt9,dialog2498,analytics_llama3.2_1b_prompt9_dialog2498,analytics,32.8,36.0,42.6,0.0,0.0,0.0,0.0,0.0,0.0,0.0
llama3.2,1.0B,1_Классификаторы_KNN_и_наивный_байес,Как классифицировать письмо как спам в Naive Bayes?,prompt9,dialog2499,analytics_llama3.2_1b_prompt9_dialog2499,analytics,32.8,36.0,42.6,0.0,0.0,0.0,0.0,0.0,0.0,0.0
llama3.2,1.0B,1_Классификаторы_KNN_и_наивный_байес,В чем разница между k-NN и взвешенным k-NN?,prompt9,dialog2500,analytics_llama3.2_1b_prompt9_dialog2500,analytics,32.8,36.0,42.6,0.0,0.0,0.0,0.0,0.0,0.0,0.0
llama3.2,1.0B,1_Классификаторы_KNN_и_наивный_байес,Вычисли вероятность спама для слова 'приз' из примера.,prompt9,dialog2501,analytics_llama3.2_1b_prompt9_dialog2501,analytics,32.8,36.0,42.6,0.0,0.0,0.0,0.0,0.0,0.0,0.0
llama3.2,1.0B,1_Классификаторы_KNN_и_наивный_байес,"Вычисли расстояние Евклида между (1,2) и (3,4).",prompt9,dialog2502,analytics_llama3.2_1b_prompt9_dialog2502,analytics,32.8,36.0,42.6,0.0,0.0,0.0,0.0,0.0,0.0,0.0
llama3.2,1.0B,1_Классификаторы_KNN_и_наивный_байес,"В примере с погодой, вычисли F(да) для теста.",prompt9,dialog2503,analytics_llama3.2_1b_prompt9_dialog2503,analytics,32.8,36.0,42.6,0.0,0.0,0.0,0.0,0.0,0.0,0.0
llama3.2,1.0B,1_Классификаторы_KNN_и_наивный_байес,"Вычисли P(да | пасмурно, холодно, влажно, да).",prompt9,dialog2504,analytics_llama3.2_1b_prompt9_dialog2504,analytics,32.8,36.0,42.6,0.0,0.0,0.0,0.0,0.0,0.0,0.0
llama3.2,1.0B,1_Классификаторы_KNN_и_наивный_байес,"В спам-примере, вычисли P(win|спам) с Laplace.",prompt9,dialog2505,analytics_llama3.2_1b_prompt9_dialog2505,analytics,32.8,36.0,42.6,0.0,0.0,0.0,0.0,0.0,0.0,0.0
llama3.2,1.0B,3. Инструменты обучения НС,Что такое autograd?,prompt9,dialog2506,analytics_llama3.2_1b_prompt9_dialog2506,analytics,32.8,36.0,42.6,0.0,0.0,0.0,0.0,0.0,0.0,0.0
llama3.2,1.0B,3. Инструменты обучения НС,Что такое TensorFlow?,prompt9,dialog2507,analytics_llama3.2_1b_prompt9_dialog2507,analytics,32.8,36.0,42.6,0.0,0.0,0.0,0.0,0.0,0.0,0.0
llama3.2,1.0B,3. Инструменты обучения НС,Что такое Keras?,prompt9,dialog2508,analytics_llama3.2_1b_prompt9_dialog2508,analytics,32.8,36.0,42.6,0.0,0.0,0.0,0.0,0.0,0.0,0.0
llama3.2,1.0B,3. Инструменты обучения НС,Что такое over-fitting?,prompt9,dialog2509,analytics_llama3.2_1b_prompt9_dialog2509,analytics,32.8,36.0,42.6,0.0,0.0,0.0,0.0,0.0,0.0,0.0
llama3.2,1.0B,3. Инструменты обучения НС,Что такое SGD?,prompt9,dialog2510,analytics_llama3.2_1b_prompt9_dialog2510,analytics,32.8,36.0,42.6,0.0,0.0,0.0,0.0,0.0,0.0,0.0
llama3.2,1.0B,3. Инструменты обучения НС,Что такое Momentum в оптимизации?,prompt9,dialog2511,analytics_llama3.2_1b_prompt9_dialog2511,analytics,32.8,36.0,42.6,0.0,0.0,0.0,0.0,0.0,0.0,0.0
llama3.2,1.0B,3. Инструменты обучения НС,Что такое Adam?,prompt9,dialog2512,analytics_llama3.2_1b_prompt9_dialog2512,analytics,32.8,36.0,42.6,0.0,0.0,0.0,0.0,0.0,0.0,0.0
llama3.2,1.0B,3. Инструменты обучения НС,Что такое learning rate?,prompt9,dialog2513,analytics_llama3.2_1b_prompt9_dialog2513,analytics,32.8,36.0,42.6,0.0,0.0,0.0,0.0,0.0,0.0,0.0
llama3.2,1.0B,3. Инструменты обучения НС,Что такое метод Ньютона?,prompt9,dialog2514,analytics_llama3.2_1b_prompt9_dialog2514,analytics,32.8,36.0,42.6,0.0,0.0,0.0,0.0,0.0,0.0,0.0
llama3.2,1.0B,3. Инструменты обучения НС,Что такое RMSProp?,prompt9,dialog2515,analytics_llama3.2_1b_prompt9_dialog2515,analytics,32.8,36.0,42.6,0.0,0.0,0.0,0.0,0.0,0.0,0.0
llama3.2,1.0B,3. Инструменты обучения НС,"Вычисли шаг в SGD для L(w)=w^2, w=3, η=0.1.",prompt9,dialog2516,analytics_llama3.2_1b_prompt9_dialog2516,analytics,32.8,36.0,42.6,0.0,0.0,0.0,0.0,0.0,0.0,0.0
llama3.2,1.0B,3. Инструменты обучения НС,"Вычисли v_t в Momentum: γ=0.9, v_{t-1}=1, ∇L=2, η=0.1.",prompt9,dialog2517,analytics_llama3.2_1b_prompt9_dialog2517,analytics,32.8,36.0,42.6,0.0,0.0,0.0,0.0,0.0,0.0,0.0
llama3.2,1.0B,3. Инструменты обучения НС,"В Adagrad, G_{t-1,ii}=4, g_t=2, η=0.1, ε=1e-8.",prompt9,dialog2518,analytics_llama3.2_1b_prompt9_dialog2518,analytics,32.8,36.0,42.6,0.0,0.0,0.0,0.0,0.0,0.0,0.0
llama3.2,1.0B,3. Инструменты обучения НС,"Вычисли learning rate decay: η0=0.1, t=5, T=10, linear.",prompt9,dialog2519,analytics_llama3.2_1b_prompt9_dialog2519,analytics,32.8,36.0,42.6,0.0,0.0,0.0,0.0,0.0,0.0,0.0
llama3.2,1.0B,3. Инструменты обучения НС,"В Nesterov, вычисли ∇ в ω - γ v_{t-1}: γ=0.9, v=1, ∇=2.",prompt9,dialog2520,analytics_llama3.2_1b_prompt9_dialog2520,analytics,32.8,36.0,42.6,0.0,0.0,0.0,0.0,0.0,0.0,0.0
llama3.2,1.0B,1_Классификаторы_KNN_и_наивный_байес,Что такое метод k-ближайших соседей?,prompt7,dialog2431,analytics_llama3.2_1b_prompt7_dialog2431,analytics,28.1,25.6,49.7,0.0,0.0,0.0,0.0,0.0,0.0,0.0
llama3.2,1.0B,1_Классификаторы_KNN_и_наивный_байес,Как выбрать количество соседей k в k-NN?,prompt7,dialog2432,analytics_llama3.2_1b_prompt7_dialog2432,analytics,28.1,25.6,49.7,0.0,0.0,0.0,0.0,0.0,0.0,0.0
llama3.2,1.0B,1_Классификаторы_KNN_и_наивный_байес,Что такое евклидова метрика?,prompt7,dialog2433,analytics_llama3.2_1b_prompt7_dialog2433,analytics,28.1,25.6,49.7,0.0,0.0,0.0,0.0,0.0,0.0,0.0
llama3.2,1.0B,1_Классификаторы_KNN_и_наивный_байес,В чем суть наивного байесовского классификатора?,prompt7,dialog2434,analytics_llama3.2_1b_prompt7_dialog2434,analytics,28.1,25.6,49.7,0.0,0.0,0.0,0.0,0.0,0.0,0.0
llama3.2,1.0B,1_Классификаторы_KNN_и_наивный_байес,Как работает сглаживание по Лапласу?,prompt7,dialog2435,analytics_llama3.2_1b_prompt7_dialog2435,analytics,28.1,25.6,49.7,0.0,0.0,0.0,0.0,0.0,0.0,0.0
llama3.2,1.0B,1_Классификаторы_KNN_и_наивный_байес,Что такое манхэттенское расстояние?,prompt7,dialog2436,analytics_llama3.2_1b_prompt7_dialog2436,analytics,28.1,25.6,49.7,0.0,0.0,0.0,0.0,0.0,0.0,0.0
llama3.2,1.0B,1_Классификаторы_KNN_и_наивный_байес,Как вычислить вероятность класса в Naive Bayes?,prompt7,dialog2437,analytics_llama3.2_1b_prompt7_dialog2437,analytics,28.1,25.6,49.7,0.0,0.0,0.0,0.0,0.0,0.0,0.0
llama3.2,1.0B,1_Классификаторы_KNN_и_наивный_байес,Что такое расстояние Чебышёва?,prompt7,dialog2438,analytics_llama3.2_1b_prompt7_dialog2438,analytics,28.1,25.6,49.7,0.0,0.0,0.0,0.0,0.0,0.0,0.0
llama3.2,1.0B,1_Классификаторы_KNN_и_наивный_байес,Как классифицировать письмо как спам в Naive Bayes?,prompt7,dialog2439,analytics_llama3.2_1b_prompt7_dialog2439,analytics,28.1,25.6,49.7,0.0,0.0,0.0,0.0,0.0,0.0,0.0
llama3.2,1.0B,1_Классификаторы_KNN_и_наивный_байес,В чем разница между k-NN и взвешенным k-NN?,prompt7,dialog2440,analytics_llama3.2_1b_prompt7_dialog2440,analytics,28.1,25.6,49.7,0.0,0.0,0.0,0.0,0.0,0.0,0.0
llama3.2,1.0B,1_Классификаторы_KNN_и_наивный_байес,Вычисли вероятность спама для слова 'приз' из примера.,prompt7,dialog2441,analytics_llama3.2_1b_prompt7_dialog2441,analytics,28.1,25.6,49.7,0.0,0.0,0.0,0.0,0.0,0.0,0.0
llama3.2,1.0B,1_Классификаторы_KNN_и_наивный_байес,"Вычисли расстояние Евклида между (1,2) и (3,4).",prompt7,dialog2442,analytics_llama3.2_1b_prompt7_dialog2442,analytics,28.1,25.6,49.7,0.0,0.0,0.0,0.0,0.0,0.0,0.0
llama3.2,1.0B,1_Классификаторы_KNN_и_наивный_байес,"В примере с погодой, вычисли F(да) для теста.",prompt7,dialog2443,analytics_llama3.2_1b_prompt7_dialog2443,analytics,28.1,25.6,49.7,0.0,0.0,0.0,0.0,0.0,0.0,0.0
llama3.2,1.0B,1_Классификаторы_KNN_и_наивный_байес,"Вычисли P(да | пасмурно, холодно, влажно, да).",prompt7,dialog2444,analytics_llama3.2_1b_prompt7_dialog2444,analytics,28.1,25.6,49.7,0.0,0.0,0.0,0.0,0.0,0.0,0.0
llama3.2,1.0B,1_Классификаторы_KNN_и_наивный_байес,"В спам-примере, вычисли P(win|спам) с Laplace.",prompt7,dialog2445,analytics_llama3.2_1b_prompt7_dialog2445,analytics,28.1,25.6,49.7,0.0,0.0,0.0,0.0,0.0,0.0,0.0
llama3.2,1.0B,3. Инструменты обучения НС,Что такое autograd?,prompt7,dialog2446,analytics_llama3.2_1b_prompt7_dialog2446,analytics,28.1,25.6,49.7,0.0,0.0,0.0,0.0,0.0,0.0,0.0
llama3.2,1.0B,3. Инструменты обучения НС,Что такое TensorFlow?,prompt7,dialog2447,analytics_llama3.2_1b_prompt7_dialog2447,analytics,28.1,25.6,49.7,0.0,0.0,0.0,0.0,0.0,0.0,0.0
llama3.2,1.0B,3. Инструменты обучения НС,Что такое Keras?,prompt7,dialog2448,analytics_llama3.2_1b_prompt7_dialog2448,analytics,28.1,25.6,49.7,0.0,0.0,0.0,0.0,0.0,0.0,0.0
llama3.2,1.0B,3. Инструменты обучения НС,Что такое over-fitting?,prompt7,dialog2449,analytics_llama3.2_1b_prompt7_dialog2449,analytics,28.1,25.6,49.7,0.0,0.0,0.0,0.0,0.0,0.0,0.0
llama3.2,1.0B,3. Инструменты обучения НС,Что такое SGD?,prompt7,dialog2450,analytics_llama3.2_1b_prompt7_dialog2450,analytics,28.1,25.6,49.7,0.0,0.0,0.0,0.0,0.0,0.0,0.0
llama3.2,1.0B,3. Инструменты обучения НС,Что такое Momentum в оптимизации?,prompt7,dialog2451,analytics_llama3.2_1b_prompt7_dialog2451,analytics,28.1,25.6,49.7,0.0,0.0,0.0,0.0,0.0,0.0,0.0
llama3.2,1.0B,3. Инструменты обучения НС,Что такое Adam?,prompt7,dialog2452,analytics_llama3.2_1b_prompt7_dialog2452,analytics,28.1,25.6,49.7,0.0,0.0,0.0,0.0,0.0,0.0,0.0
llama3.2,1.0B,3. Инструменты обучения НС,Что такое learning rate?,prompt7,dialog2453,analytics_llama3.2_1b_prompt7_dialog2453,analytics,28.1,25.6,49.7,0.0,0.0,0.0,0.0,0.0,0.0,0.0
llama3.2,1.0B,3. Инструменты обучения НС,Что такое метод Ньютона?,prompt7,dialog2454,analytics_llama3.2_1b_prompt7_dialog2454,analytics,28.1,25.6,49.7,0.0,0.0,0.0,0.0,0.0,0.0,0.0
llama3.2,1.0B,3. Инструменты обучения НС,Что такое RMSProp?,prompt7,dialog2455,analytics_llama3.2_1b_prompt7_dialog2455,analytics,28.1,25.6,49.7,0.0,0.0,0.0,0.0,0.0,0.0,0.0
llama3.2,1.0B,3. Инструменты обучения НС,"Вычисли шаг в SGD для L(w)=w^2, w=3, η=0.1.",prompt7,dialog2456,analytics_llama3.2_1b_prompt7_dialog2456,analytics,28.1,25.6,49.7,0.0,0.0,0.0,0.0,0.0,0.0,0.0
llama3.2,1.0B,3. Инструменты обучения НС,"Вычисли v_t в Momentum: γ=0.9, v_{t-1}=1, ∇L=2, η=0.1.",prompt7,dialog2457,analytics_llama3.2_1b_prompt7_dialog2457,analytics,28.1,25.6,49.7,0.0,0.0,0.0,0.0,0.0,0.0,0.0
llama3.2,1.0B,3. Инструменты обучения НС,"В Adagrad, G_{t-1,ii}=4, g_t=2, η=0.1, ε=1e-8.",prompt7,dialog2458,analytics_llama3.2_1b_prompt7_dialog2458,analytics,28.1,25.6,49.7,0.0,0.0,0.0,0.0,0.0,0.0,0.0
llama3.2,1.0B,3. Инструменты обучения НС,"Вычисли learning rate decay: η0=0.1, t=5, T=10, linear.",prompt7,dialog2459,analytics_llama3.2_1b_prompt7_dialog2459,analytics,28.1,25.6,49.7,0.0,0.0,0.0,0.0,0.0,0.0,0.0
llama3.2,1.0B,3. Инструменты обучения НС,"В Nesterov, вычисли ∇ в ω - γ v_{t-1}: γ=0.9, v=1, ∇=2.",prompt7,dialog2460,analytics_llama3.2_1b_prompt7_dialog2460,analytics,28.1,25.6,49.7,0.0,0.0,0.0,0.0,0.0,0.0,0.0
llama3.2,1.0B,1_Классификаторы_KNN_и_наивный_байес,Что такое метод k-ближайших соседей?,prompt6,dialog2401,analytics_llama3.2_1b_prompt6_dialog2401,analytics,23.1,26.0,40.2,0.0,0.0,0.0,0.0,0.0,0.0,0.0
llama3.2,1.0B,1_Классификаторы_KNN_и_наивный_байес,Как выбрать количество соседей k в k-NN?,prompt6,dialog2402,analytics_llama3.2_1b_prompt6_dialog2402,analytics,23.1,26.0,40.2,0.0,0.0,0.0,0.0,0.0,0.0,0.0
llama3.2,1.0B,1_Классификаторы_KNN_и_наивный_байес,Что такое евклидова метрика?,prompt6,dialog2403,analytics_llama3.2_1b_prompt6_dialog2403,analytics,23.1,26.0,40.2,0.0,0.0,0.0,0.0,0.0,0.0,0.0
llama3.2,1.0B,1_Классификаторы_KNN_и_наивный_байес,В чем суть наивного байесовского классификатора?,prompt6,dialog2404,analytics_llama3.2_1b_prompt6_dialog2404,analytics,23.1,26.0,40.2,0.0,0.0,0.0,0.0,0.0,0.0,0.0
llama3.2,1.0B,1_Классификаторы_KNN_и_наивный_байес,Как работает сглаживание по Лапласу?,prompt6,dialog2405,analytics_llama3.2_1b_prompt6_dialog2405,analytics,23.1,26.0,40.2,0.0,0.0,0.0,0.0,0.0,0.0,0.0
llama3.2,1.0B,1_Классификаторы_KNN_и_наивный_байес,Что такое манхэттенское расстояние?,prompt6,dialog2406,analytics_llama3.2_1b_prompt6_dialog2406,analytics,23.1,26.0,40.2,0.0,0.0,0.0,0.0,0.0,0.0,0.0
llama3.2,1.0B,1_Классификаторы_KNN_и_наивный_байес,Как вычислить вероятность класса в Naive Bayes?,prompt6,dialog2407,analytics_llama3.2_1b_prompt6_dialog2407,analytics,23.1,26.0,40.2,0.0,0.0,0.0,0.0,0.0,0.0,0.0
llama3.2,1.0B,1_Классификаторы_KNN_и_наивный_байес,Что такое расстояние Чебышёва?,prompt6,dialog2408,analytics_llama3.2_1b_prompt6_dialog2408,analytics,23.1,26.0,40.2,0.0,0.0,0.0,0.0,0.0,0.0,0.0
llama3.2,1.0B,1_Классификаторы_KNN_и_наивный_байес,Как классифицировать письмо как спам в Naive Bayes?,prompt6,dialog2409,analytics_llama3.2_1b_prompt6_dialog2409,analytics,23.1,26.0,40.2,0.0,0.0,0.0,0.0,0.0,0.0,0.0
llama3.2,1.0B,1_Классификаторы_KNN_и_наивный_байес,В чем разница между k-NN и взвешенным k-NN?,prompt6,dialog2410,analytics_llama3.2_1b_prompt6_dialog2410,analytics,23.1,26.0,40.2,0.0,0.0,0.0,0.0,0.0,0.0,0.0
llama3.2,1.0B,1_Классификаторы_KNN_и_наивный_байес,Вычисли вероятность спама для слова 'приз' из примера.,prompt6,dialog2411,analytics_llama3.2_1b_prompt6_dialog2411,analytics,23.1,26.0,40.2,0.0,0.0,0.0,0.0,0.0,0.0,0.0
llama3.2,1.0B,1_Классификаторы_KNN_и_наивный_байес,"Вычисли расстояние Евклида между (1,2) и (3,4).",prompt6,dialog2412,analytics_llama3.2_1b_prompt6_dialog2412,analytics,23.1,26.0,40.2,0.0,0.0,0.0,0.0,0.0,0.0,0.0
llama3.2,1.0B,1_Классификаторы_KNN_и_наивный_байес,"В примере с погодой, вычисли F(да) для теста.",prompt6,dialog2413,analytics_llama3.2_1b_prompt6_dialog2413,analytics,23.1,26.0,40.2,0.0,0.0,0.0,0.0,0.0,0.0,0.0
llama3.2,1.0B,1_Классификаторы_KNN_и_наивный_байес,"Вычисли P(да | пасмурно, холодно, влажно, да).",prompt6,dialog2414,analytics_llama3.2_1b_prompt6_dialog2414,analytics,23.1,26.0,40.2,0.0,0.0,0.0,0.0,0.0,0.0,0.0
llama3.2,1.0B,1_Классификаторы_KNN_и_наивный_байес,"В спам-примере, вычисли P(win|спам) с Laplace.",prompt6,dialog2415,analytics_llama3.2_1b_prompt6_dialog2415,analytics,23.1,26.0,40.2,0.0,0.0,0.0,0.0,0.0,0.0,0.0
llama3.2,1.0B,3. Инструменты обучения НС,Что такое autograd?,prompt6,dialog2416,analytics_llama3.2_1b_prompt6_dialog2416,analytics,23.1,26.0,40.2,0.0,0.0,0.0,0.0,0.0,0.0,0.0
llama3.2,1.0B,3. Инструменты обучения НС,Что такое TensorFlow?,prompt6,dialog2417,analytics_llama3.2_1b_prompt6_dialog2417,analytics,23.1,26.0,40.2,0.0,0.0,0.0,0.0,0.0,0.0,0.0
llama3.2,1.0B,3. Инструменты обучения НС,Что такое Keras?,prompt6,dialog2418,analytics_llama3.2_1b_prompt6_dialog2418,analytics,23.1,26.0,40.2,0.0,0.0,0.0,0.0,0.0,0.0,0.0
llama3.2,1.0B,3. Инструменты обучения НС,Что такое over-fitting?,prompt6,dialog2419,analytics_llama3.2_1b_prompt6_dialog2419,analytics,23.1,26.0,40.2,0.0,0.0,0.0,0.0,0.0,0.0,0.0
llama3.2,1.0B,3. Инструменты обучения НС,Что такое SGD?,prompt6,dialog2420,analytics_llama3.2_1b_prompt6_dialog2420,analytics,23.1,26.0,40.2,0.0,0.0,0.0,0.0,0.0,0.0,0.0
llama3.2,1.0B,3. Инструменты обучения НС,Что такое Momentum в оптимизации?,prompt6,dialog2421,analytics_llama3.2_1b_prompt6_dialog2421,analytics,23.1,26.0,40.2,0.0,0.0,0.0,0.0,0.0,0.0,0.0
llama3.2,1.0B,3. Инструменты обучения НС,Что такое Adam?,prompt6,dialog2422,analytics_llama3.2_1b_prompt6_dialog2422,analytics,23.1,26.0,40.2,0.0,0.0,0.0,0.0,0.0,0.0,0.0
llama3.2,1.0B,3. Инструменты обучения НС,Что такое learning rate?,prompt6,dialog2423,analytics_llama3.2_1b_prompt6_dialog2423,analytics,23.1,26.0,40.2,0.0,0.0,0.0,0.0,0.0,0.0,0.0
llama3.2,1.0B,3. Инструменты обучения НС,Что такое метод Ньютона?,prompt6,dialog2424,analytics_llama3.2_1b_prompt6_dialog2424,analytics,23.1,26.0,40.2,0.0,0.0,0.0,0.0,0.0,0.0,0.0
llama3.2,1.0B,3. Инструменты обучения НС,Что такое RMSProp?,prompt6,dialog2425,analytics_llama3.2_1b_prompt6_dialog2425,analytics,23.1,26.0,40.2,0.0,0.0,0.0,0.0,0.0,0.0,0.0
llama3.2,1.0B,3. Инструменты обучения НС,"Вычисли шаг в SGD для L(w)=w^2, w=3, η=0.1.",prompt6,dialog2426,analytics_llama3.2_1b_prompt6_dialog2426,analytics,23.1,26.0,40.2,0.0,0.0,0.0,0.0,0.0,0.0,0.0
llama3.2,1.0B,3. Инструменты обучения НС,"Вычисли v_t в Momentum: γ=0.9, v_{t-1}=1, ∇L=2, η=0.1.",prompt6,dialog2427,analytics_llama3.2_1b_prompt6_dialog2427,analytics,23.1,26.0,40.2,0.0,0.0,0.0,0.0,0.0,0.0,0.0
llama3.2,1.0B,3. Инструменты обучения НС,"В Adagrad, G_{t-1,ii}=4, g_t=2, η=0.1, ε=1e-8.",prompt6,dialog2428,analytics_llama3.2_1b_prompt6_dialog2428,analytics,23.1,26.0,40.2,0.0,0.0,0.0,0.0,0.0,0.0,0.0
llama3.2,1.0B,3. Инструменты обучения НС,"Вычисли learning rate decay: η0=0.1, t=5, T=10, linear.",prompt6,dialog2429,analytics_llama3.2_1b_prompt6_dialog2429,analytics,23.1,26.0,40.2,0.0,0.0,0.0,0.0,0.0,0.0,0.0
llama3.2,1.0B,3. Инструменты обучения НС,"В Nesterov, вычисли ∇ в ω - γ v_{t-1}: γ=0.9, v=1, ∇=2.",prompt6,dialog2430,analytics_llama3.2_1b_prompt6_dialog2430,analytics,23.1,26.0,40.2,0.0,0.0,0.0,0.0,0.0,0.0,0.0
llama3.2,1.0B,1_Классификаторы_KNN_и_наивный_байес,Что такое метод k-ближайших соседей?,prompt1,dialog2251,analytics_llama3.2_1b_prompt1_dialog2251,analytics,34.5,38.6,38.8,0.0,0.0,0.0,0.0,0.0,0.0,0.0
llama3.2,1.0B,1_Классификаторы_KNN_и_наивный_байес,Как выбрать количество соседей k в k-NN?,prompt1,dialog2252,analytics_llama3.2_1b_prompt1_dialog2252,analytics,34.5,38.6,38.8,0.0,0.0,0.0,0.0,0.0,0.0,0.0
llama3.2,1.0B,1_Классификаторы_KNN_и_наивный_байес,Что такое евклидова метрика?,prompt1,dialog2253,analytics_llama3.2_1b_prompt1_dialog2253,analytics,34.5,38.6,38.8,0.0,0.0,0.0,0.0,0.0,0.0,0.0
llama3.2,1.0B,1_Классификаторы_KNN_и_наивный_байес,В чем суть наивного байесовского классификатора?,prompt1,dialog2254,analytics_llama3.2_1b_prompt1_dialog2254,analytics,34.5,38.6,38.8,0.0,0.0,0.0,0.0,0.0,0.0,0.0
llama3.2,1.0B,1_Классификаторы_KNN_и_наивный_байес,Как работает сглаживание по Лапласу?,prompt1,dialog2255,analytics_llama3.2_1b_prompt1_dialog2255,analytics,34.5,38.6,38.8,0.0,0.0,0.0,0.0,0.0,0.0,0.0
llama3.2,1.0B,1_Классификаторы_KNN_и_наивный_байес,Что такое манхэттенское расстояние?,prompt1,dialog2256,analytics_llama3.2_1b_prompt1_dialog2256,analytics,34.5,38.6,38.8,0.0,0.0,0.0,0.0,0.0,0.0,0.0
llama3.2,1.0B,1_Классификаторы_KNN_и_наивный_байес,Как вычислить вероятность класса в Naive Bayes?,prompt1,dialog2257,analytics_llama3.2_1b_prompt1_dialog2257,analytics,34.5,38.6,38.8,0.0,0.0,0.0,0.0,0.0,0.0,0.0
llama3.2,1.0B,1_Классификаторы_KNN_и_наивный_байес,Что такое расстояние Чебышёва?,prompt1,dialog2258,analytics_llama3.2_1b_prompt1_dialog2258,analytics,34.5,38.6,38.8,0.0,0.0,0.0,0.0,0.0,0.0,0.0
llama3.2,1.0B,1_Классификаторы_KNN_и_наивный_байес,Как классифицировать письмо как спам в Naive Bayes?,prompt1,dialog2259,analytics_llama3.2_1b_prompt1_dialog2259,analytics,34.5,38.6,38.8,0.0,0.0,0.0,0.0,0.0,0.0,0.0
llama3.2,1.0B,1_Классификаторы_KNN_и_наивный_байес,В чем разница между k-NN и взвешенным k-NN?,prompt1,dialog2260,analytics_llama3.2_1b_prompt1_dialog2260,analytics,34.5,38.6,38.8,0.0,0.0,0.0,0.0,0.0,0.0,0.0
llama3.2,1.0B,1_Классификаторы_KNN_и_наивный_байес,Вычисли вероятность спама для слова 'приз' из примера.,prompt1,dialog2261,analytics_llama3.2_1b_prompt1_dialog2261,analytics,34.5,38.6,38.8,0.0,0.0,0.0,0.0,0.0,0.0,0.0
llama3.2,1.0B,1_Классификаторы_KNN_и_наивный_байес,"Вычисли расстояние Евклида между (1,2) и (3,4).",prompt1,dialog2262,analytics_llama3.2_1b_prompt1_dialog2262,analytics,34.5,38.6,38.8,0.0,0.0,0.0,0.0,0.0,0.0,0.0
llama3.2,1.0B,1_Классификаторы_KNN_и_наивный_байес,"В примере с погодой, вычисли F(да) для теста.",prompt1,dialog2263,analytics_llama3.2_1b_prompt1_dialog2263,analytics,34.5,38.6,38.8,0.0,0.0,0.0,0.0,0.0,0.0,0.0
llama3.2,1.0B,1_Классификаторы_KNN_и_наивный_байес,"Вычисли P(да | пасмурно, холодно, влажно, да).",prompt1,dialog2264,analytics_llama3.2_1b_prompt1_dialog2264,analytics,34.5,38.6,38.8,0.0,0.0,0.0,0.0,0.0,0.0,0.0
llama3.2,1.0B,1_Классификаторы_KNN_и_наивный_байес,"В спам-примере, вычисли P(win|спам) с Laplace.",prompt1,dialog2265,analytics_llama3.2_1b_prompt1_dialog2265,analytics,34.5,38.6,38.8,0.0,0.0,0.0,0.0,0.0,0.0,0.0
llama3.2,1.0B,3. Инструменты обучения НС,Что такое autograd?,prompt1,dialog2266,analytics_llama3.2_1b_prompt1_dialog2266,analytics,34.5,38.6,38.8,0.0,0.0,0.0,0.0,0.0,0.0,0.0
llama3.2,1.0B,3. Инструменты обучения НС,Что такое TensorFlow?,prompt1,dialog2267,analytics_llama3.2_1b_prompt1_dialog2267,analytics,34.5,38.6,38.8,0.0,0.0,0.0,0.0,0.0,0.0,0.0
llama3.2,1.0B,3. Инструменты обучения НС,Что такое Keras?,prompt1,dialog2268,analytics_llama3.2_1b_prompt1_dialog2268,analytics,34.5,38.6,38.8,0.0,0.0,0.0,0.0,0.0,0.0,0.0
llama3.2,1.0B,3. Инструменты обучения НС,Что такое over-fitting?,prompt1,dialog2269,analytics_llama3.2_1b_prompt1_dialog2269,analytics,34.5,38.6,38.8,0.0,0.0,0.0,0.0,0.0,0.0,0.0
llama3.2,1.0B,3. Инструменты обучения НС,Что такое SGD?,prompt1,dialog2270,analytics_llama3.2_1b_prompt1_dialog2270,analytics,34.5,38.6,38.8,0.0,0.0,0.0,0.0,0.0,0.0,0.0
llama3.2,1.0B,3. Инструменты обучения НС,Что такое Momentum в оптимизации?,prompt1,dialog2271,analytics_llama3.2_1b_prompt1_dialog2271,analytics,34.5,38.6,38.8,0.0,0.0,0.0,0.0,0.0,0.0,0.0
llama3.2,1.0B,3. Инструменты обучения НС,Что такое Adam?,prompt1,dialog2272,analytics_llama3.2_1b_prompt1_dialog2272,analytics,34.5,38.6,38.8,0.0,0.0,0.0,0.0,0.0,0.0,0.0
llama3.2,1.0B,3. Инструменты обучения НС,Что такое learning rate?,prompt1,dialog2273,analytics_llama3.2_1b_prompt1_dialog2273,analytics,34.5,38.6,38.8,0.0,0.0,0.0,0.0,0.0,0.0,0.0
llama3.2,1.0B,3. Инструменты обучения НС,Что такое метод Ньютона?,prompt1,dialog2274,analytics_llama3.2_1b_prompt1_dialog2274,analytics,34.5,38.6,38.8,0.0,0.0,0.0,0.0,0.0,0.0,0.0
llama3.2,1.0B,3. Инструменты обучения НС,Что такое RMSProp?,prompt1,dialog2275,analytics_llama3.2_1b_prompt1_dialog2275,analytics,34.5,38.6,38.8,0.0,0.0,0.0,0.0,0.0,0.0,0.0
llama3.2,1.0B,3. Инструменты обучения НС,"Вычисли шаг в SGD для L(w)=w^2, w=3, η=0.1.",prompt1,dialog2276,analytics_llama3.2_1b_prompt1_dialog2276,analytics,34.5,38.6,38.8,0.0,0.0,0.0,0.0,0.0,0.0,0.0
llama3.2,1.0B,3. Инструменты обучения НС,"Вычисли v_t в Momentum: γ=0.9, v_{t-1}=1, ∇L=2, η=0.1.",prompt1,dialog2277,analytics_llama3.2_1b_prompt1_dialog2277,analytics,34.5,38.6,38.8,0.0,0.0,0.0,0.0,0.0,0.0,0.0
llama3.2,1.0B,3. Инструменты обучения НС,"В Adagrad, G_{t-1,ii}=4, g_t=2, η=0.1, ε=1e-8.",prompt1,dialog2278,analytics_llama3.2_1b_prompt1_dialog2278,analytics,34.5,38.6,38.8,0.0,0.0,0.0,0.0,0.0,0.0,0.0
llama3.2,1.0B,3. Инструменты обучения НС,"Вычисли learning rate decay: η0=0.1, t=5, T=10, linear.",prompt1,dialog2279,analytics_llama3.2_1b_prompt1_dialog2279,analytics,34.5,38.6,38.8,0.0,0.0,0.0,0.0,0.0,0.0,0.0
llama3.2,1.0B,3. Инструменты обучения НС,"В Nesterov, вычисли ∇ в ω - γ v_{t-1}: γ=0.9, v=1, ∇=2.",prompt1,dialog2280,analytics_llama3.2_1b_prompt1_dialog2280,analytics,34.5,38.6,38.8,0.0,0.0,0.0,0.0,0.0,0.0,0.0
llama3.2,1.0B,1_Классификаторы_KNN_и_наивный_байес,Что такое метод k-ближайших соседей?,prompt8,dialog2461,analytics_llama3.2_1b_prompt8_dialog2461,analytics,35.5,37.9,46.3,0.0,0.0,0.0,0.0,0.0,0.0,0.0
llama3.2,1.0B,1_Классификаторы_KNN_и_наивный_байес,Как выбрать количество соседей k в k-NN?,prompt8,dialog2462,analytics_llama3.2_1b_prompt8_dialog2462,analytics,35.5,37.9,46.3,0.0,0.0,0.0,0.0,0.0,0.0,0.0
llama3.2,1.0B,1_Классификаторы_KNN_и_наивный_байес,Что такое евклидова метрика?,prompt8,dialog2463,analytics_llama3.2_1b_prompt8_dialog2463,analytics,35.5,37.9,46.3,0.0,0.0,0.0,0.0,0.0,0.0,0.0
llama3.2,1.0B,1_Классификаторы_KNN_и_наивный_байес,В чем суть наивного байесовского классификатора?,prompt8,dialog2464,analytics_llama3.2_1b_prompt8_dialog2464,analytics,35.5,37.9,46.3,0.0,0.0,0.0,0.0,0.0,0.0,0.0
llama3.2,1.0B,1_Классификаторы_KNN_и_наивный_байес,Как работает сглаживание по Лапласу?,prompt8,dialog2465,analytics_llama3.2_1b_prompt8_dialog2465,analytics,35.5,37.9,46.3,0.0,0.0,0.0,0.0,0.0,0.0,0.0
llama3.2,1.0B,1_Классификаторы_KNN_и_наивный_байес,Что такое манхэттенское расстояние?,prompt8,dialog2466,analytics_llama3.2_1b_prompt8_dialog2466,analytics,35.5,37.9,46.3,0.0,0.0,0.0,0.0,0.0,0.0,0.0
llama3.2,1.0B,1_Классификаторы_KNN_и_наивный_байес,Как вычислить вероятность класса в Naive Bayes?,prompt8,dialog2467,analytics_llama3.2_1b_prompt8_dialog2467,analytics,35.5,37.9,46.3,0.0,0.0,0.0,0.0,0.0,0.0,0.0
llama3.2,1.0B,1_Классификаторы_KNN_и_наивный_байес,Что такое расстояние Чебышёва?,prompt8,dialog2468,analytics_llama3.2_1b_prompt8_dialog2468,analytics,35.5,37.9,46.3,0.0,0.0,0.0,0.0,0.0,0.0,0.0
llama3.2,1.0B,1_Классификаторы_KNN_и_наивный_байес,Как классифицировать письмо как спам в Naive Bayes?,prompt8,dialog2469,analytics_llama3.2_1b_prompt8_dialog2469,analytics,35.5,37.9,46.3,0.0,0.0,0.0,0.0,0.0,0.0,0.0
llama3.2,1.0B,1_Классификаторы_KNN_и_наивный_байес,В чем разница между k-NN и взвешенным k-NN?,prompt8,dialog2470,analytics_llama3.2_1b_prompt8_dialog2470,analytics,35.5,37.9,46.3,0.0,0.0,0.0,0.0,0.0,0.0,0.0
llama3.2,1.0B,1_Классификаторы_KNN_и_наивный_байес,Вычисли вероятность спама для слова 'приз' из примера.,prompt8,dialog2471,analytics_llama3.2_1b_prompt8_dialog2471,analytics,35.5,37.9,46.3,0.0,0.0,0.0,0.0,0.0,0.0,0.0
llama3.2,1.0B,1_Классификаторы_KNN_и_наивный_байес,"Вычисли расстояние Евклида между (1,2) и (3,4).",prompt8,dialog2472,analytics_llama3.2_1b_prompt8_dialog2472,analytics,35.5,37.9,46.3,0.0,0.0,0.0,0.0,0.0,0.0,0.0
llama3.2,1.0B,1_Классификаторы_KNN_и_наивный_байес,"В примере с погодой, вычисли F(да) для теста.",prompt8,dialog2473,analytics_llama3.2_1b_prompt8_dialog2473,analytics,35.5,37.9,46.3,0.0,0.0,0.0,0.0,0.0,0.0,0.0
llama3.2,1.0B,1_Классификаторы_KNN_и_наивный_байес,"Вычисли P(да | пасмурно, холодно, влажно, да).",prompt8,dialog2474,analytics_llama3.2_1b_prompt8_dialog2474,analytics,35.5,37.9,46.3,0.0,0.0,0.0,0.0,0.0,0.0,0.0
llama3.2,1.0B,1_Классификаторы_KNN_и_наивный_байес,"В спам-примере, вычисли P(win|спам) с Laplace.",prompt8,dialog2475,analytics_llama3.2_1b_prompt8_dialog2475,analytics,35.5,37.9,46.3,0.0,0.0,0.0,0.0,0.0,0.0,0.0
llama3.2,1.0B,3. Инструменты обучения НС,Что такое autograd?,prompt8,dialog2476,analytics_llama3.2_1b_prompt8_dialog2476,analytics,35.5,37.9,46.3,0.0,0.0,0.0,0.0,0.0,0.0,0.0
llama3.2,1.0B,3. Инструменты обучения НС,Что такое TensorFlow?,prompt8,dialog2477,analytics_llama3.2_1b_prompt8_dialog2477,analytics,35.5,37.9,46.3,0.0,0.0,0.0,0.0,0.0,0.0,0.0
llama3.2,1.0B,3. Инструменты обучения НС,Что такое Keras?,prompt8,dialog2478,analytics_llama3.2_1b_prompt8_dialog2478,analytics,35.5,37.9,46.3,0.0,0.0,0.0,0.0,0.0,0.0,0.0
llama3.2,1.0B,3. Инструменты обучения НС,Что такое over-fitting?,prompt8,dialog2479,analytics_llama3.2_1b_prompt8_dialog2479,analytics,35.5,37.9,46.3,0.0,0.0,0.0,0.0,0.0,0.0,0.0
llama3.2,1.0B,3. Инструменты обучения НС,Что такое SGD?,prompt8,dialog2480,analytics_llama3.2_1b_prompt8_dialog2480,analytics,35.5,37.9,46.3,0.0,0.0,0.0,0.0,0.0,0.0,0.0
llama3.2,1.0B,3. Инструменты обучения НС,Что такое Momentum в оптимизации?,prompt8,dialog2481,analytics_llama3.2_1b_prompt8_dialog2481,analytics,35.5,37.9,46.3,0.0,0.0,0.0,0.0,0.0,0.0,0.0
llama3.2,1.0B,3. Инструменты обучения НС,Что такое Adam?,prompt8,dialog2482,analytics_llama3.2_1b_prompt8_dialog2482,analytics,35.5,37.9,46.3,0.0,0.0,0.0,0.0,0.0,0.0,0.0
llama3.2,1.0B,3. Инструменты обучения НС,Что такое learning rate?,prompt8,dialog2483,analytics_llama3.2_1b_prompt8_dialog2483,analytics,35.5,37.9,46.3,0.0,0.0,0.0,0.0,0.0,0.0,0.0
llama3.2,1.0B,3. Инструменты обучения НС,Что такое метод Ньютона?,prompt8,dialog2484,analytics_llama3.2_1b_prompt8_dialog2484,analytics,35.5,37.9,46.3,0.0,0.0,0.0,0.0,0.0,0.0,0.0
llama3.2,1.0B,3. Инструменты обучения НС,Что такое RMSProp?,prompt8,dialog2485,analytics_llama3.2_1b_prompt8_dialog2485,analytics,35.5,37.9,46.3,0.0,0.0,0.0,0.0,0.0,0.0,0.0
llama3.2,1.0B,3. Инструменты обучения НС,"Вычисли шаг в SGD для L(w)=w^2, w=3, η=0.1.",prompt8,dialog2486,analytics_llama3.2_1b_prompt8_dialog2486,analytics,35.5,37.9,46.3,0.0,0.0,0.0,0.0,0.0,0.0,0.0
llama3.2,1.0B,3. Инструменты обучения НС,"Вычисли v_t в Momentum: γ=0.9, v_{t-1}=1, ∇L=2, η=0.1.",prompt8,dialog2487,analytics_llama3.2_1b_prompt8_dialog2487,analytics,35.5,37.9,46.3,0.0,0.0,0.0,0.0,0.0,0.0,0.0
llama3.2,1.0B,3. Инструменты обучения НС,"В Adagrad, G_{t-1,ii}=4, g_t=2, η=0.1, ε=1e-8.",prompt8,dialog2488,analytics_llama3.2_1b_prompt8_dialog2488,analytics,35.5,37.9,46.3,0.0,0.0,0.0,0.0,0.0,0.0,0.0
llama3.2,1.0B,3. Инструменты обучения НС,"Вычисли learning rate decay: η0=0.1, t=5, T=10, linear.",prompt8,dialog2489,analytics_llama3.2_1b_prompt8_dialog2489,analytics,35.5,37.9,46.3,0.0,0.0,0.0,0.0,0.0,0.0,0.0
llama3.2,1.0B,3. Инструменты обучения НС,"В Nesterov, вычисли ∇ в ω - γ v_{t-1}: γ=0.9, v=1, ∇=2.",prompt8,dialog2490,analytics_llama3.2_1b_prompt8_dialog2490,analytics,35.5,37.9,46.3,0.0,0.0,0.0,0.0,0.0,0.0,0.0
llama3.2,1.0B,1_Классификаторы_KNN_и_наивный_байес,Что такое метод k-ближайших соседей?,prompt11,dialog2551,analytics_llama3.2_1b_prompt11_dialog2551,analytics,28.4,32.6,36.8,0.0,0.0,0.0,0.0,0.0,0.0,0.0
llama3.2,1.0B,1_Классификаторы_KNN_и_наивный_байес,Как выбрать количество соседей k в k-NN?,prompt11,dialog2552,analytics_llama3.2_1b_prompt11_dialog2552,analytics,28.4,32.6,36.8,0.0,0.0,0.0,0.0,0.0,0.0,0.0
llama3.2,1.0B,1_Классификаторы_KNN_и_наивный_байес,Что такое евклидова метрика?,prompt11,dialog2553,analytics_llama3.2_1b_prompt11_dialog2553,analytics,28.4,32.6,36.8,0.0,0.0,0.0,0.0,0.0,0.0,0.0
llama3.2,1.0B,1_Классификаторы_KNN_и_наивный_байес,В чем суть наивного байесовского классификатора?,prompt11,dialog2554,analytics_llama3.2_1b_prompt11_dialog2554,analytics,28.4,32.6,36.8,0.0,0.0,0.0,0.0,0.0,0.0,0.0
llama3.2,1.0B,1_Классификаторы_KNN_и_наивный_байес,Как работает сглаживание по Лапласу?,prompt11,dialog2555,analytics_llama3.2_1b_prompt11_dialog2555,analytics,28.4,32.6,36.8,0.0,0.0,0.0,0.0,0.0,0.0,0.0
llama3.2,1.0B,1_Классификаторы_KNN_и_наивный_байес,Что такое манхэттенское расстояние?,prompt11,dialog2556,analytics_llama3.2_1b_prompt11_dialog2556,analytics,28.4,32.6,36.8,0.0,0.0,0.0,0.0,0.0,0.0,0.0
llama3.2,1.0B,1_Классификаторы_KNN_и_наивный_байес,Как вычислить вероятность класса в Naive Bayes?,prompt11,dialog2557,analytics_llama3.2_1b_prompt11_dialog2557,analytics,28.4,32.6,36.8,0.0,0.0,0.0,0.0,0.0,0.0,0.0
llama3.2,1.0B,1_Классификаторы_KNN_и_наивный_байес,Что такое расстояние Чебышёва?,prompt11,dialog2558,analytics_llama3.2_1b_prompt11_dialog2558,analytics,28.4,32.6,36.8,0.0,0.0,0.0,0.0,0.0,0.0,0.0
llama3.2,1.0B,1_Классификаторы_KNN_и_наивный_байес,Как классифицировать письмо как спам в Naive Bayes?,prompt11,dialog2559,analytics_llama3.2_1b_prompt11_dialog2559,analytics,28.4,32.6,36.8,0.0,0.0,0.0,0.0,0.0,0.0,0.0
llama3.2,1.0B,1_Классификаторы_KNN_и_наивный_байес,В чем разница между k-NN и взвешенным k-NN?,prompt11,dialog2560,analytics_llama3.2_1b_prompt11_dialog2560,analytics,28.4,32.6,36.8,0.0,0.0,0.0,0.0,0.0,0.0,0.0
llama3.2,1.0B,1_Классификаторы_KNN_и_наивный_байес,Вычисли вероятность спама для слова 'приз' из примера.,prompt11,dialog2561,analytics_llama3.2_1b_prompt11_dialog2561,analytics,28.4,32.6,36.8,0.0,0.0,0.0,0.0,0.0,0.0,0.0
llama3.2,1.0B,1_Классификаторы_KNN_и_наивный_байес,"Вычисли расстояние Евклида между (1,2) и (3,4).",prompt11,dialog2562,analytics_llama3.2_1b_prompt11_dialog2562,analytics,28.4,32.6,36.8,0.0,0.0,0.0,0.0,0.0,0.0,0.0
llama3.2,1.0B,1_Классификаторы_KNN_и_наивный_байес,"В примере с погодой, вычисли F(да) для теста.",prompt11,dialog2563,analytics_llama3.2_1b_prompt11_dialog2563,analytics,28.4,32.6,36.8,0.0,0.0,0.0,0.0,0.0,0.0,0.0
llama3.2,1.0B,1_Классификаторы_KNN_и_наивный_байес,"Вычисли P(да | пасмурно, холодно, влажно, да).",prompt11,dialog2564,analytics_llama3.2_1b_prompt11_dialog2564,analytics,28.4,32.6,36.8,0.0,0.0,0.0,0.0,0.0,0.0,0.0
llama3.2,1.0B,1_Классификаторы_KNN_и_наивный_байес,"В спам-примере, вычисли P(win|спам) с Laplace.",prompt11,dialog2565,analytics_llama3.2_1b_prompt11_dialog2565,analytics,28.4,32.6,36.8,0.0,0.0,0.0,0.0,0.0,0.0,0.0
llama3.2,1.0B,3. Инструменты обучения НС,Что такое autograd?,prompt11,dialog2566,analytics_llama3.2_1b_prompt11_dialog2566,analytics,28.4,32.6,36.8,0.0,0.0,0.0,0.0,0.0,0.0,0.0
llama3.2,1.0B,3. Инструменты обучения НС,Что такое TensorFlow?,prompt11,dialog2567,analytics_llama3.2_1b_prompt11_dialog2567,analytics,28.4,32.6,36.8,0.0,0.0,0.0,0.0,0.0,0.0,0.0
llama3.2,1.0B,3. Инструменты обучения НС,Что такое Keras?,prompt11,dialog2568,analytics_llama3.2_1b_prompt11_dialog2568,analytics,28.4,32.6,36.8,0.0,0.0,0.0,0.0,0.0,0.0,0.0
llama3.2,1.0B,3. Инструменты обучения НС,Что такое over-fitting?,prompt11,dialog2569,analytics_llama3.2_1b_prompt11_dialog2569,analytics,28.4,32.6,36.8,0.0,0.0,0.0,0.0,0.0,0.0,0.0
llama3.2,1.0B,3. Инструменты обучения НС,Что такое SGD?,prompt11,dialog2570,analytics_llama3.2_1b_prompt11_dialog2570,analytics,28.4,32.6,36.8,0.0,0.0,0.0,0.0,0.0,0.0,0.0
llama3.2,1.0B,3. Инструменты обучения НС,Что такое Momentum в оптимизации?,prompt11,dialog2571,analytics_llama3.2_1b_prompt11_dialog2571,analytics,28.4,32.6,36.8,0.0,0.0,0.0,0.0,0.0,0.0,0.0
llama3.2,1.0B,3. Инструменты обучения НС,Что такое Adam?,prompt11,dialog2572,analytics_llama3.2_1b_prompt11_dialog2572,analytics,28.4,32.6,36.8,0.0,0.0,0.0,0.0,0.0,0.0,0.0
llama3.2,1.0B,3. Инструменты обучения НС,Что такое learning rate?,prompt11,dialog2573,analytics_llama3.2_1b_prompt11_dialog2573,analytics,28.4,32.6,36.8,0.0,0.0,0.0,0.0,0.0,0.0,0.0
llama3.2,1.0B,3. Инструменты обучения НС,Что такое метод Ньютона?,prompt11,dialog2574,analytics_llama3.2_1b_prompt11_dialog2574,analytics,28.4,32.6,36.8,0.0,0.0,0.0,0.0,0.0,0.0,0.0
llama3.2,1.0B,3. Инструменты обучения НС,Что такое RMSProp?,prompt11,dialog2575,analytics_llama3.2_1b_prompt11_dialog2575,analytics,28.4,32.6,36.8,0.0,0.0,0.0,0.0,0.0,0.0,0.0
llama3.2,1.0B,3. Инструменты обучения НС,"Вычисли шаг в SGD для L(w)=w^2, w=3, η=0.1.",prompt11,dialog2576,analytics_llama3.2_1b_prompt11_dialog2576,analytics,28.4,32.6,36.8,0.0,0.0,0.0,0.0,0.0,0.0,0.0
llama3.2,1.0B,3. Инструменты обучения НС,"Вычисли v_t в Momentum: γ=0.9, v_{t-1}=1, ∇L=2, η=0.1.",prompt11,dialog2577,analytics_llama3.2_1b_prompt11_dialog2577,analytics,28.4,32.6,36.8,0.0,0.0,0.0,0.0,0.0,0.0,0.0
llama3.2,1.0B,3. Инструменты обучения НС,"В Adagrad, G_{t-1,ii}=4, g_t=2, η=0.1, ε=1e-8.",prompt11,dialog2578,analytics_llama3.2_1b_prompt11_dialog2578,analytics,28.4,32.6,36.8,0.0,0.0,0.0,0.0,0.0,0.0,0.0
llama3.2,1.0B,3. Инструменты обучения НС,"Вычисли learning rate decay: η0=0.1, t=5, T=10, linear.",prompt11,dialog2579,analytics_llama3.2_1b_prompt11_dialog2579,analytics,28.4,32.6,36.8,0.0,0.0,0.0,0.0,0.0,0.0,0.0
llama3.2,1.0B,3. Инструменты обучения НС,"В Nesterov, вычисли ∇ в ω - γ v_{t-1}: γ=0.9, v=1, ∇=2.",prompt11,dialog2580,analytics_llama3.2_1b_prompt11_dialog2580,analytics,28.4,32.6,36.8,0.0,0.0,0.0,0.0,0.0,0.0,0.0
deepseek-r1,1.5B,1_Классификаторы_KNN_и_наивный_байес,Что такое метод k-ближайших соседей?,prompt14,dialog2191,analytics_deepseek-r1_1.5b_prompt14_dialog2191,analytics,0.0,0.0,0.0,0.0,0.0,0.0,0.0,0.0,0.0,0.0
deepseek-r1,1.5B,1_Классификаторы_KNN_и_наивный_байес,Как выбрать количество соседей k в k-NN?,prompt14,dialog2192,analytics_deepseek-r1_1.5b_prompt14_dialog2192,analytics,0.0,0.0,0.0,0.0,0.0,0.0,0.0,0.0,0.0,0.0
deepseek-r1,1.5B,1_Классификаторы_KNN_и_наивный_байес,Что такое евклидова метрика?,prompt14,dialog2193,analytics_deepseek-r1_1.5b_prompt14_dialog2193,analytics,0.0,0.0,0.0,0.0,0.0,0.0,0.0,0.0,0.0,0.0
deepseek-r1,1.5B,1_Классификаторы_KNN_и_наивный_байес,В чем суть наивного байесовского классификатора?,prompt14,dialog2194,analytics_deepseek-r1_1.5b_prompt14_dialog2194,analytics,0.0,0.0,0.0,0.0,0.0,0.0,0.0,0.0,0.0,0.0
deepseek-r1,1.5B,1_Классификаторы_KNN_и_наивный_байес,Как работает сглаживание по Лапласу?,prompt14,dialog2195,analytics_deepseek-r1_1.5b_prompt14_dialog2195,analytics,0.0,0.0,0.0,0.0,0.0,0.0,0.0,0.0,0.0,0.0
deepseek-r1,1.5B,1_Классификаторы_KNN_и_наивный_байес,Что такое манхэттенское расстояние?,prompt14,dialog2196,analytics_deepseek-r1_1.5b_prompt14_dialog2196,analytics,0.0,0.0,0.0,0.0,0.0,0.0,0.0,0.0,0.0,0.0
deepseek-r1,1.5B,1_Классификаторы_KNN_и_наивный_байес,Как вычислить вероятность класса в Naive Bayes?,prompt14,dialog2197,analytics_deepseek-r1_1.5b_prompt14_dialog2197,analytics,0.0,0.0,0.0,0.0,0.0,0.0,0.0,0.0,0.0,0.0
deepseek-r1,1.5B,1_Классификаторы_KNN_и_наивный_байес,Что такое расстояние Чебышёва?,prompt14,dialog2198,analytics_deepseek-r1_1.5b_prompt14_dialog2198,analytics,0.0,0.0,0.0,0.0,0.0,0.0,0.0,0.0,0.0,0.0
deepseek-r1,1.5B,1_Классификаторы_KNN_и_наивный_байес,Как классифицировать письмо как спам в Naive Bayes?,prompt14,dialog2199,analytics_deepseek-r1_1.5b_prompt14_dialog2199,analytics,0.0,0.0,0.0,0.0,0.0,0.0,0.0,0.0,0.0,0.0
deepseek-r1,1.5B,1_Классификаторы_KNN_и_наивный_байес,В чем разница между k-NN и взвешенным k-NN?,prompt14,dialog2200,analytics_deepseek-r1_1.5b_prompt14_dialog2200,analytics,0.0,0.0,0.0,0.0,0.0,0.0,0.0,0.0,0.0,0.0
deepseek-r1,1.5B,1_Классификаторы_KNN_и_наивный_байес,Вычисли вероятность спама для слова 'приз' из примера.,prompt14,dialog2201,analytics_deepseek-r1_1.5b_prompt14_dialog2201,analytics,0.0,0.0,0.0,0.0,0.0,0.0,0.0,0.0,0.0,0.0
deepseek-r1,1.5B,1_Классификаторы_KNN_и_наивный_байес,"Вычисли расстояние Евклида между (1,2) и (3,4).",prompt14,dialog2202,analytics_deepseek-r1_1.5b_prompt14_dialog2202,analytics,0.0,0.0,0.0,0.0,0.0,0.0,0.0,0.0,0.0,0.0
deepseek-r1,1.5B,1_Классификаторы_KNN_и_наивный_байес,"В примере с погодой, вычисли F(да) для теста.",prompt14,dialog2203,analytics_deepseek-r1_1.5b_prompt14_dialog2203,analytics,0.0,0.0,0.0,0.0,0.0,0.0,0.0,0.0,0.0,0.0
deepseek-r1,1.5B,1_Классификаторы_KNN_и_наивный_байес,"Вычисли P(да | пасмурно, холодно, влажно, да).",prompt14,dialog2204,analytics_deepseek-r1_1.5b_prompt14_dialog2204,analytics,0.0,0.0,0.0,0.0,0.0,0.0,0.0,0.0,0.0,0.0
deepseek-r1,1.5B,1_Классификаторы_KNN_и_наивный_байес,"В спам-примере, вычисли P(win|спам) с Laplace.",prompt14,dialog2205,analytics_deepseek-r1_1.5b_prompt14_dialog2205,analytics,0.0,0.0,0.0,0.0,0.0,0.0,0.0,0.0,0.0,0.0
deepseek-r1,1.5B,3. Инструменты обучения НС,Что такое autograd?,prompt14,dialog2206,analytics_deepseek-r1_1.5b_prompt14_dialog2206,analytics,0.0,0.0,0.0,0.0,0.0,0.0,0.0,0.0,0.0,0.0
deepseek-r1,1.5B,3. Инструменты обучения НС,Что такое TensorFlow?,prompt14,dialog2207,analytics_deepseek-r1_1.5b_prompt14_dialog2207,analytics,0.0,0.0,0.0,0.0,0.0,0.0,0.0,0.0,0.0,0.0
deepseek-r1,1.5B,3. Инструменты обучения НС,Что такое Keras?,prompt14,dialog2208,analytics_deepseek-r1_1.5b_prompt14_dialog2208,analytics,0.0,0.0,0.0,0.0,0.0,0.0,0.0,0.0,0.0,0.0
deepseek-r1,1.5B,3. Инструменты обучения НС,Что такое over-fitting?,prompt14,dialog2209,analytics_deepseek-r1_1.5b_prompt14_dialog2209,analytics,0.0,0.0,0.0,0.0,0.0,0.0,0.0,0.0,0.0,0.0
deepseek-r1,1.5B,3. Инструменты обучения НС,Что такое SGD?,prompt14,dialog2210,analytics_deepseek-r1_1.5b_prompt14_dialog2210,analytics,0.0,0.0,0.0,0.0,0.0,0.0,0.0,0.0,0.0,0.0
deepseek-r1,1.5B,3. Инструменты обучения НС,Что такое Momentum в оптимизации?,prompt14,dialog2211,analytics_deepseek-r1_1.5b_prompt14_dialog2211,analytics,0.0,0.0,0.0,0.0,0.0,0.0,0.0,0.0,0.0,0.0
deepseek-r1,1.5B,3. Инструменты обучения НС,Что такое Adam?,prompt14,dialog2212,analytics_deepseek-r1_1.5b_prompt14_dialog2212,analytics,0.0,0.0,0.0,0.0,0.0,0.0,0.0,0.0,0.0,0.0
deepseek-r1,1.5B,3. Инструменты обучения НС,Что такое learning rate?,prompt14,dialog2213,analytics_deepseek-r1_1.5b_prompt14_dialog2213,analytics,0.0,0.0,0.0,0.0,0.0,0.0,0.0,0.0,0.0,0.0
deepseek-r1,1.5B,3. Инструменты обучения НС,Что такое метод Ньютона?,prompt14,dialog2214,analytics_deepseek-r1_1.5b_prompt14_dialog2214,analytics,0.0,0.0,0.0,0.0,0.0,0.0,0.0,0.0,0.0,0.0
deepseek-r1,1.5B,3. Инструменты обучения НС,Что такое RMSProp?,prompt14,dialog2215,analytics_deepseek-r1_1.5b_prompt14_dialog2215,analytics,0.0,0.0,0.0,0.0,0.0,0.0,0.0,0.0,0.0,0.0
deepseek-r1,1.5B,3. Инструменты обучения НС,"Вычисли шаг в SGD для L(w)=w^2, w=3, η=0.1.",prompt14,dialog2216,analytics_deepseek-r1_1.5b_prompt14_dialog2216,analytics,0.0,0.0,0.0,0.0,0.0,0.0,0.0,0.0,0.0,0.0
deepseek-r1,1.5B,3. Инструменты обучения НС,"Вычисли v_t в Momentum: γ=0.9, v_{t-1}=1, ∇L=2, η=0.1.",prompt14,dialog2217,analytics_deepseek-r1_1.5b_prompt14_dialog2217,analytics,0.0,0.0,0.0,0.0,0.0,0.0,0.0,0.0,0.0,0.0
deepseek-r1,1.5B,3. Инструменты обучения НС,"В Adagrad, G_{t-1,ii}=4, g_t=2, η=0.1, ε=1e-8.",prompt14,dialog2218,analytics_deepseek-r1_1.5b_prompt14_dialog2218,analytics,0.0,0.0,0.0,0.0,0.0,0.0,0.0,0.0,0.0,0.0
deepseek-r1,1.5B,3. Инструменты обучения НС,"Вычисли learning rate decay: η0=0.1, t=5, T=10, linear.",prompt14,dialog2219,analytics_deepseek-r1_1.5b_prompt14_dialog2219,analytics,0.0,0.0,0.0,0.0,0.0,0.0,0.0,0.0,0.0,0.0
deepseek-r1,1.5B,3. Инструменты обучения НС,"В Nesterov, вычисли ∇ в ω - γ v_{t-1}: γ=0.9, v=1, ∇=2.",prompt14,dialog2220,analytics_deepseek-r1_1.5b_prompt14_dialog2220,analytics,0.0,0.0,0.0,0.0,0.0,0.0,0.0,0.0,0.0,0.0
deepseek-r1,1.5B,1_Классификаторы_KNN_и_наивный_байес,Что такое метод k-ближайших соседей?,prompt13,dialog2161,analytics_deepseek-r1_1.5b_prompt13_dialog2161,analytics,0.0,0.0,0.0,0.0,0.0,0.0,0.0,0.0,0.0,0.0
deepseek-r1,1.5B,1_Классификаторы_KNN_и_наивный_байес,Как выбрать количество соседей k в k-NN?,prompt13,dialog2162,analytics_deepseek-r1_1.5b_prompt13_dialog2162,analytics,0.0,0.0,0.0,0.0,0.0,0.0,0.0,0.0,0.0,0.0
deepseek-r1,1.5B,1_Классификаторы_KNN_и_наивный_байес,Что такое евклидова метрика?,prompt13,dialog2163,analytics_deepseek-r1_1.5b_prompt13_dialog2163,analytics,0.0,0.0,0.0,0.0,0.0,0.0,0.0,0.0,0.0,0.0
deepseek-r1,1.5B,1_Классификаторы_KNN_и_наивный_байес,В чем суть наивного байесовского классификатора?,prompt13,dialog2164,analytics_deepseek-r1_1.5b_prompt13_dialog2164,analytics,0.0,0.0,0.0,0.0,0.0,0.0,0.0,0.0,0.0,0.0
deepseek-r1,1.5B,1_Классификаторы_KNN_и_наивный_байес,Как работает сглаживание по Лапласу?,prompt13,dialog2165,analytics_deepseek-r1_1.5b_prompt13_dialog2165,analytics,0.0,0.0,0.0,0.0,0.0,0.0,0.0,0.0,0.0,0.0
deepseek-r1,1.5B,1_Классификаторы_KNN_и_наивный_байес,Что такое манхэттенское расстояние?,prompt13,dialog2166,analytics_deepseek-r1_1.5b_prompt13_dialog2166,analytics,0.0,0.0,0.0,0.0,0.0,0.0,0.0,0.0,0.0,0.0
deepseek-r1,1.5B,1_Классификаторы_KNN_и_наивный_байес,Как вычислить вероятность класса в Naive Bayes?,prompt13,dialog2167,analytics_deepseek-r1_1.5b_prompt13_dialog2167,analytics,0.0,0.0,0.0,0.0,0.0,0.0,0.0,0.0,0.0,0.0
deepseek-r1,1.5B,1_Классификаторы_KNN_и_наивный_байес,Что такое расстояние Чебышёва?,prompt13,dialog2168,analytics_deepseek-r1_1.5b_prompt13_dialog2168,analytics,0.0,0.0,0.0,0.0,0.0,0.0,0.0,0.0,0.0,0.0
deepseek-r1,1.5B,1_Классификаторы_KNN_и_наивный_байес,Как классифицировать письмо как спам в Naive Bayes?,prompt13,dialog2169,analytics_deepseek-r1_1.5b_prompt13_dialog2169,analytics,0.0,0.0,0.0,0.0,0.0,0.0,0.0,0.0,0.0,0.0
deepseek-r1,1.5B,1_Классификаторы_KNN_и_наивный_байес,В чем разница между k-NN и взвешенным k-NN?,prompt13,dialog2170,analytics_deepseek-r1_1.5b_prompt13_dialog2170,analytics,0.0,0.0,0.0,0.0,0.0,0.0,0.0,0.0,0.0,0.0
deepseek-r1,1.5B,1_Классификаторы_KNN_и_наивный_байес,Вычисли вероятность спама для слова 'приз' из примера.,prompt13,dialog2171,analytics_deepseek-r1_1.5b_prompt13_dialog2171,analytics,0.0,0.0,0.0,0.0,0.0,0.0,0.0,0.0,0.0,0.0
deepseek-r1,1.5B,1_Классификаторы_KNN_и_наивный_байес,"Вычисли расстояние Евклида между (1,2) и (3,4).",prompt13,dialog2172,analytics_deepseek-r1_1.5b_prompt13_dialog2172,analytics,0.0,0.0,0.0,0.0,0.0,0.0,0.0,0.0,0.0,0.0
deepseek-r1,1.5B,1_Классификаторы_KNN_и_наивный_байес,"В примере с погодой, вычисли F(да) для теста.",prompt13,dialog2173,analytics_deepseek-r1_1.5b_prompt13_dialog2173,analytics,0.0,0.0,0.0,0.0,0.0,0.0,0.0,0.0,0.0,0.0
deepseek-r1,1.5B,1_Классификаторы_KNN_и_наивный_байес,"Вычисли P(да | пасмурно, холодно, влажно, да).",prompt13,dialog2174,analytics_deepseek-r1_1.5b_prompt13_dialog2174,analytics,0.0,0.0,0.0,0.0,0.0,0.0,0.0,0.0,0.0,0.0
deepseek-r1,1.5B,1_Классификаторы_KNN_и_наивный_байес,"В спам-примере, вычисли P(win|спам) с Laplace.",prompt13,dialog2175,analytics_deepseek-r1_1.5b_prompt13_dialog2175,analytics,0.0,0.0,0.0,0.0,0.0,0.0,0.0,0.0,0.0,0.0
deepseek-r1,1.5B,3. Инструменты обучения НС,Что такое autograd?,prompt13,dialog2176,analytics_deepseek-r1_1.5b_prompt13_dialog2176,analytics,0.0,0.0,0.0,0.0,0.0,0.0,0.0,0.0,0.0,0.0
deepseek-r1,1.5B,3. Инструменты обучения НС,Что такое TensorFlow?,prompt13,dialog2177,analytics_deepseek-r1_1.5b_prompt13_dialog2177,analytics,0.0,0.0,0.0,0.0,0.0,0.0,0.0,0.0,0.0,0.0
deepseek-r1,1.5B,3. Инструменты обучения НС,Что такое Keras?,prompt13,dialog2178,analytics_deepseek-r1_1.5b_prompt13_dialog2178,analytics,0.0,0.0,0.0,0.0,0.0,0.0,0.0,0.0,0.0,0.0
deepseek-r1,1.5B,3. Инструменты обучения НС,Что такое over-fitting?,prompt13,dialog2179,analytics_deepseek-r1_1.5b_prompt13_dialog2179,analytics,0.0,0.0,0.0,0.0,0.0,0.0,0.0,0.0,0.0,0.0
deepseek-r1,1.5B,3. Инструменты обучения НС,Что такое SGD?,prompt13,dialog2180,analytics_deepseek-r1_1.5b_prompt13_dialog2180,analytics,0.0,0.0,0.0,0.0,0.0,0.0,0.0,0.0,0.0,0.0
deepseek-r1,1.5B,3. Инструменты обучения НС,Что такое Momentum в оптимизации?,prompt13,dialog2181,analytics_deepseek-r1_1.5b_prompt13_dialog2181,analytics,0.0,0.0,0.0,0.0,0.0,0.0,0.0,0.0,0.0,0.0
deepseek-r1,1.5B,3. Инструменты обучения НС,Что такое Adam?,prompt13,dialog2182,analytics_deepseek-r1_1.5b_prompt13_dialog2182,analytics,0.0,0.0,0.0,0.0,0.0,0.0,0.0,0.0,0.0,0.0
deepseek-r1,1.5B,3. Инструменты обучения НС,Что такое learning rate?,prompt13,dialog2183,analytics_deepseek-r1_1.5b_prompt13_dialog2183,analytics,0.0,0.0,0.0,0.0,0.0,0.0,0.0,0.0,0.0,0.0
deepseek-r1,1.5B,3. Инструменты обучения НС,Что такое метод Ньютона?,prompt13,dialog2184,analytics_deepseek-r1_1.5b_prompt13_dialog2184,analytics,0.0,0.0,0.0,0.0,0.0,0.0,0.0,0.0,0.0,0.0
deepseek-r1,1.5B,3. Инструменты обучения НС,Что такое RMSProp?,prompt13,dialog2185,analytics_deepseek-r1_1.5b_prompt13_dialog2185,analytics,0.0,0.0,0.0,0.0,0.0,0.0,0.0,0.0,0.0,0.0
deepseek-r1,1.5B,3. Инструменты обучения НС,"Вычисли шаг в SGD для L(w)=w^2, w=3, η=0.1.",prompt13,dialog2186,analytics_deepseek-r1_1.5b_prompt13_dialog2186,analytics,0.0,0.0,0.0,0.0,0.0,0.0,0.0,0.0,0.0,0.0
deepseek-r1,1.5B,3. Инструменты обучения НС,"Вычисли v_t в Momentum: γ=0.9, v_{t-1}=1, ∇L=2, η=0.1.",prompt13,dialog2187,analytics_deepseek-r1_1.5b_prompt13_dialog2187,analytics,0.0,0.0,0.0,0.0,0.0,0.0,0.0,0.0,0.0,0.0
deepseek-r1,1.5B,3. Инструменты обучения НС,"В Adagrad, G_{t-1,ii}=4, g_t=2, η=0.1, ε=1e-8.",prompt13,dialog2188,analytics_deepseek-r1_1.5b_prompt13_dialog2188,analytics,0.0,0.0,0.0,0.0,0.0,0.0,0.0,0.0,0.0,0.0
deepseek-r1,1.5B,3. Инструменты обучения НС,"Вычисли learning rate decay: η0=0.1, t=5, T=10, linear.",prompt13,dialog2189,analytics_deepseek-r1_1.5b_prompt13_dialog2189,analytics,0.0,0.0,0.0,0.0,0.0,0.0,0.0,0.0,0.0,0.0
deepseek-r1,1.5B,3. Инструменты обучения НС,"В Nesterov, вычисли ∇ в ω - γ v_{t-1}: γ=0.9, v=1, ∇=2.",prompt13,dialog2190,analytics_deepseek-r1_1.5b_prompt13_dialog2190,analytics,0.0,0.0,0.0,0.0,0.0,0.0,0.0,0.0,0.0,0.0
deepseek-r1,1.5B,1_Классификаторы_KNN_и_наивный_байес,Что такое метод k-ближайших соседей?,prompt4,dialog1891,analytics_deepseek-r1_1.5b_prompt4_dialog1891,analytics,0.0,0.0,0.0,0.0,0.0,0.0,0.0,0.0,0.0,0.0
deepseek-r1,1.5B,1_Классификаторы_KNN_и_наивный_байес,Как выбрать количество соседей k в k-NN?,prompt4,dialog1892,analytics_deepseek-r1_1.5b_prompt4_dialog1892,analytics,0.0,0.0,0.0,0.0,0.0,0.0,0.0,0.0,0.0,0.0
deepseek-r1,1.5B,1_Классификаторы_KNN_и_наивный_байес,Что такое евклидова метрика?,prompt4,dialog1893,analytics_deepseek-r1_1.5b_prompt4_dialog1893,analytics,0.0,0.0,0.0,0.0,0.0,0.0,0.0,0.0,0.0,0.0
deepseek-r1,1.5B,1_Классификаторы_KNN_и_наивный_байес,В чем суть наивного байесовского классификатора?,prompt4,dialog1894,analytics_deepseek-r1_1.5b_prompt4_dialog1894,analytics,0.0,0.0,0.0,0.0,0.0,0.0,0.0,0.0,0.0,0.0
deepseek-r1,1.5B,1_Классификаторы_KNN_и_наивный_байес,Как работает сглаживание по Лапласу?,prompt4,dialog1895,analytics_deepseek-r1_1.5b_prompt4_dialog1895,analytics,0.0,0.0,0.0,0.0,0.0,0.0,0.0,0.0,0.0,0.0
deepseek-r1,1.5B,1_Классификаторы_KNN_и_наивный_байес,Что такое манхэттенское расстояние?,prompt4,dialog1896,analytics_deepseek-r1_1.5b_prompt4_dialog1896,analytics,0.0,0.0,0.0,0.0,0.0,0.0,0.0,0.0,0.0,0.0
deepseek-r1,1.5B,1_Классификаторы_KNN_и_наивный_байес,Как вычислить вероятность класса в Naive Bayes?,prompt4,dialog1897,analytics_deepseek-r1_1.5b_prompt4_dialog1897,analytics,0.0,0.0,0.0,0.0,0.0,0.0,0.0,0.0,0.0,0.0
deepseek-r1,1.5B,1_Классификаторы_KNN_и_наивный_байес,Что такое расстояние Чебышёва?,prompt4,dialog1898,analytics_deepseek-r1_1.5b_prompt4_dialog1898,analytics,0.0,0.0,0.0,0.0,0.0,0.0,0.0,0.0,0.0,0.0
deepseek-r1,1.5B,1_Классификаторы_KNN_и_наивный_байес,Как классифицировать письмо как спам в Naive Bayes?,prompt4,dialog1899,analytics_deepseek-r1_1.5b_prompt4_dialog1899,analytics,0.0,0.0,0.0,0.0,0.0,0.0,0.0,0.0,0.0,0.0
deepseek-r1,1.5B,1_Классификаторы_KNN_и_наивный_байес,В чем разница между k-NN и взвешенным k-NN?,prompt4,dialog1900,analytics_deepseek-r1_1.5b_prompt4_dialog1900,analytics,0.0,0.0,0.0,0.0,0.0,0.0,0.0,0.0,0.0,0.0
deepseek-r1,1.5B,1_Классификаторы_KNN_и_наивный_байес,Вычисли вероятность спама для слова 'приз' из примера.,prompt4,dialog1901,analytics_deepseek-r1_1.5b_prompt4_dialog1901,analytics,0.0,0.0,0.0,0.0,0.0,0.0,0.0,0.0,0.0,0.0
deepseek-r1,1.5B,1_Классификаторы_KNN_и_наивный_байес,"Вычисли расстояние Евклида между (1,2) и (3,4).",prompt4,dialog1902,analytics_deepseek-r1_1.5b_prompt4_dialog1902,analytics,0.0,0.0,0.0,0.0,0.0,0.0,0.0,0.0,0.0,0.0
deepseek-r1,1.5B,1_Классификаторы_KNN_и_наивный_байес,"В примере с погодой, вычисли F(да) для теста.",prompt4,dialog1903,analytics_deepseek-r1_1.5b_prompt4_dialog1903,analytics,0.0,0.0,0.0,0.0,0.0,0.0,0.0,0.0,0.0,0.0
deepseek-r1,1.5B,1_Классификаторы_KNN_и_наивный_байес,"Вычисли P(да | пасмурно, холодно, влажно, да).",prompt4,dialog1904,analytics_deepseek-r1_1.5b_prompt4_dialog1904,analytics,0.0,0.0,0.0,0.0,0.0,0.0,0.0,0.0,0.0,0.0
deepseek-r1,1.5B,1_Классификаторы_KNN_и_наивный_байес,"В спам-примере, вычисли P(win|спам) с Laplace.",prompt4,dialog1905,analytics_deepseek-r1_1.5b_prompt4_dialog1905,analytics,0.0,0.0,0.0,0.0,0.0,0.0,0.0,0.0,0.0,0.0
deepseek-r1,1.5B,3. Инструменты обучения НС,Что такое autograd?,prompt4,dialog1906,analytics_deepseek-r1_1.5b_prompt4_dialog1906,analytics,0.0,0.0,0.0,0.0,0.0,0.0,0.0,0.0,0.0,0.0
deepseek-r1,1.5B,3. Инструменты обучения НС,Что такое TensorFlow?,prompt4,dialog1907,analytics_deepseek-r1_1.5b_prompt4_dialog1907,analytics,0.0,0.0,0.0,0.0,0.0,0.0,0.0,0.0,0.0,0.0
deepseek-r1,1.5B,3. Инструменты обучения НС,Что такое Keras?,prompt4,dialog1908,analytics_deepseek-r1_1.5b_prompt4_dialog1908,analytics,0.0,0.0,0.0,0.0,0.0,0.0,0.0,0.0,0.0,0.0
deepseek-r1,1.5B,3. Инструменты обучения НС,Что такое over-fitting?,prompt4,dialog1909,analytics_deepseek-r1_1.5b_prompt4_dialog1909,analytics,0.0,0.0,0.0,0.0,0.0,0.0,0.0,0.0,0.0,0.0
deepseek-r1,1.5B,3. Инструменты обучения НС,Что такое SGD?,prompt4,dialog1910,analytics_deepseek-r1_1.5b_prompt4_dialog1910,analytics,0.0,0.0,0.0,0.0,0.0,0.0,0.0,0.0,0.0,0.0
deepseek-r1,1.5B,3. Инструменты обучения НС,Что такое Momentum в оптимизации?,prompt4,dialog1911,analytics_deepseek-r1_1.5b_prompt4_dialog1911,analytics,0.0,0.0,0.0,0.0,0.0,0.0,0.0,0.0,0.0,0.0
deepseek-r1,1.5B,3. Инструменты обучения НС,Что такое Adam?,prompt4,dialog1912,analytics_deepseek-r1_1.5b_prompt4_dialog1912,analytics,0.0,0.0,0.0,0.0,0.0,0.0,0.0,0.0,0.0,0.0
deepseek-r1,1.5B,3. Инструменты обучения НС,Что такое learning rate?,prompt4,dialog1913,analytics_deepseek-r1_1.5b_prompt4_dialog1913,analytics,0.0,0.0,0.0,0.0,0.0,0.0,0.0,0.0,0.0,0.0
deepseek-r1,1.5B,3. Инструменты обучения НС,Что такое метод Ньютона?,prompt4,dialog1914,analytics_deepseek-r1_1.5b_prompt4_dialog1914,analytics,0.0,0.0,0.0,0.0,0.0,0.0,0.0,0.0,0.0,0.0
deepseek-r1,1.5B,3. Инструменты обучения НС,Что такое RMSProp?,prompt4,dialog1915,analytics_deepseek-r1_1.5b_prompt4_dialog1915,analytics,0.0,0.0,0.0,0.0,0.0,0.0,0.0,0.0,0.0,0.0
deepseek-r1,1.5B,3. Инструменты обучения НС,"Вычисли шаг в SGD для L(w)=w^2, w=3, η=0.1.",prompt4,dialog1916,analytics_deepseek-r1_1.5b_prompt4_dialog1916,analytics,0.0,0.0,0.0,0.0,0.0,0.0,0.0,0.0,0.0,0.0
deepseek-r1,1.5B,3. Инструменты обучения НС,"Вычисли v_t в Momentum: γ=0.9, v_{t-1}=1, ∇L=2, η=0.1.",prompt4,dialog1917,analytics_deepseek-r1_1.5b_prompt4_dialog1917,analytics,0.0,0.0,0.0,0.0,0.0,0.0,0.0,0.0,0.0,0.0
deepseek-r1,1.5B,3. Инструменты обучения НС,"В Adagrad, G_{t-1,ii}=4, g_t=2, η=0.1, ε=1e-8.",prompt4,dialog1918,analytics_deepseek-r1_1.5b_prompt4_dialog1918,analytics,0.0,0.0,0.0,0.0,0.0,0.0,0.0,0.0,0.0,0.0
deepseek-r1,1.5B,3. Инструменты обучения НС,"Вычисли learning rate decay: η0=0.1, t=5, T=10, linear.",prompt4,dialog1919,analytics_deepseek-r1_1.5b_prompt4_dialog1919,analytics,0.0,0.0,0.0,0.0,0.0,0.0,0.0,0.0,0.0,0.0
deepseek-r1,1.5B,3. Инструменты обучения НС,"В Nesterov, вычисли ∇ в ω - γ v_{t-1}: γ=0.9, v=1, ∇=2.",prompt4,dialog1920,analytics_deepseek-r1_1.5b_prompt4_dialog1920,analytics,0.0,0.0,0.0,0.0,0.0,0.0,0.0,0.0,0.0,0.0
deepseek-r1,1.5B,1_Классификаторы_KNN_и_наивный_байес,Что такое метод k-ближайших соседей?,prompt3,dialog1861,analytics_deepseek-r1_1.5b_prompt3_dialog1861,analytics,0.0,0.0,0.0,0.0,0.0,0.0,0.0,0.0,0.0,0.0
deepseek-r1,1.5B,1_Классификаторы_KNN_и_наивный_байес,Как выбрать количество соседей k в k-NN?,prompt3,dialog1862,analytics_deepseek-r1_1.5b_prompt3_dialog1862,analytics,0.0,0.0,0.0,0.0,0.0,0.0,0.0,0.0,0.0,0.0
deepseek-r1,1.5B,1_Классификаторы_KNN_и_наивный_байес,Что такое евклидова метрика?,prompt3,dialog1863,analytics_deepseek-r1_1.5b_prompt3_dialog1863,analytics,0.0,0.0,0.0,0.0,0.0,0.0,0.0,0.0,0.0,0.0
deepseek-r1,1.5B,1_Классификаторы_KNN_и_наивный_байес,В чем суть наивного байесовского классификатора?,prompt3,dialog1864,analytics_deepseek-r1_1.5b_prompt3_dialog1864,analytics,0.0,0.0,0.0,0.0,0.0,0.0,0.0,0.0,0.0,0.0
deepseek-r1,1.5B,1_Классификаторы_KNN_и_наивный_байес,Как работает сглаживание по Лапласу?,prompt3,dialog1865,analytics_deepseek-r1_1.5b_prompt3_dialog1865,analytics,0.0,0.0,0.0,0.0,0.0,0.0,0.0,0.0,0.0,0.0
deepseek-r1,1.5B,1_Классификаторы_KNN_и_наивный_байес,Что такое манхэттенское расстояние?,prompt3,dialog1866,analytics_deepseek-r1_1.5b_prompt3_dialog1866,analytics,0.0,0.0,0.0,0.0,0.0,0.0,0.0,0.0,0.0,0.0
deepseek-r1,1.5B,1_Классификаторы_KNN_и_наивный_байес,Как вычислить вероятность класса в Naive Bayes?,prompt3,dialog1867,analytics_deepseek-r1_1.5b_prompt3_dialog1867,analytics,0.0,0.0,0.0,0.0,0.0,0.0,0.0,0.0,0.0,0.0
deepseek-r1,1.5B,1_Классификаторы_KNN_и_наивный_байес,Что такое расстояние Чебышёва?,prompt3,dialog1868,analytics_deepseek-r1_1.5b_prompt3_dialog1868,analytics,0.0,0.0,0.0,0.0,0.0,0.0,0.0,0.0,0.0,0.0
deepseek-r1,1.5B,1_Классификаторы_KNN_и_наивный_байес,Как классифицировать письмо как спам в Naive Bayes?,prompt3,dialog1869,analytics_deepseek-r1_1.5b_prompt3_dialog1869,analytics,0.0,0.0,0.0,0.0,0.0,0.0,0.0,0.0,0.0,0.0
deepseek-r1,1.5B,1_Классификаторы_KNN_и_наивный_байес,В чем разница между k-NN и взвешенным k-NN?,prompt3,dialog1870,analytics_deepseek-r1_1.5b_prompt3_dialog1870,analytics,0.0,0.0,0.0,0.0,0.0,0.0,0.0,0.0,0.0,0.0
deepseek-r1,1.5B,1_Классификаторы_KNN_и_наивный_байес,Вычисли вероятность спама для слова 'приз' из примера.,prompt3,dialog1871,analytics_deepseek-r1_1.5b_prompt3_dialog1871,analytics,0.0,0.0,0.0,0.0,0.0,0.0,0.0,0.0,0.0,0.0
deepseek-r1,1.5B,1_Классификаторы_KNN_и_наивный_байес,"Вычисли расстояние Евклида между (1,2) и (3,4).",prompt3,dialog1872,analytics_deepseek-r1_1.5b_prompt3_dialog1872,analytics,0.0,0.0,0.0,0.0,0.0,0.0,0.0,0.0,0.0,0.0
deepseek-r1,1.5B,1_Классификаторы_KNN_и_наивный_байес,"В примере с погодой, вычисли F(да) для теста.",prompt3,dialog1873,analytics_deepseek-r1_1.5b_prompt3_dialog1873,analytics,0.0,0.0,0.0,0.0,0.0,0.0,0.0,0.0,0.0,0.0
deepseek-r1,1.5B,1_Классификаторы_KNN_и_наивный_байес,"Вычисли P(да | пасмурно, холодно, влажно, да).",prompt3,dialog1874,analytics_deepseek-r1_1.5b_prompt3_dialog1874,analytics,0.0,0.0,0.0,0.0,0.0,0.0,0.0,0.0,0.0,0.0
deepseek-r1,1.5B,1_Классификаторы_KNN_и_наивный_байес,"В спам-примере, вычисли P(win|спам) с Laplace.",prompt3,dialog1875,analytics_deepseek-r1_1.5b_prompt3_dialog1875,analytics,0.0,0.0,0.0,0.0,0.0,0.0,0.0,0.0,0.0,0.0
deepseek-r1,1.5B,3. Инструменты обучения НС,Что такое autograd?,prompt3,dialog1876,analytics_deepseek-r1_1.5b_prompt3_dialog1876,analytics,0.0,0.0,0.0,0.0,0.0,0.0,0.0,0.0,0.0,0.0
deepseek-r1,1.5B,3. Инструменты обучения НС,Что такое TensorFlow?,prompt3,dialog1877,analytics_deepseek-r1_1.5b_prompt3_dialog1877,analytics,0.0,0.0,0.0,0.0,0.0,0.0,0.0,0.0,0.0,0.0
deepseek-r1,1.5B,3. Инструменты обучения НС,Что такое Keras?,prompt3,dialog1878,analytics_deepseek-r1_1.5b_prompt3_dialog1878,analytics,0.0,0.0,0.0,0.0,0.0,0.0,0.0,0.0,0.0,0.0
deepseek-r1,1.5B,3. Инструменты обучения НС,Что такое over-fitting?,prompt3,dialog1879,analytics_deepseek-r1_1.5b_prompt3_dialog1879,analytics,0.0,0.0,0.0,0.0,0.0,0.0,0.0,0.0,0.0,0.0
deepseek-r1,1.5B,3. Инструменты обучения НС,Что такое SGD?,prompt3,dialog1880,analytics_deepseek-r1_1.5b_prompt3_dialog1880,analytics,0.0,0.0,0.0,0.0,0.0,0.0,0.0,0.0,0.0,0.0
deepseek-r1,1.5B,3. Инструменты обучения НС,Что такое Momentum в оптимизации?,prompt3,dialog1881,analytics_deepseek-r1_1.5b_prompt3_dialog1881,analytics,0.0,0.0,0.0,0.0,0.0,0.0,0.0,0.0,0.0,0.0
deepseek-r1,1.5B,3. Инструменты обучения НС,Что такое Adam?,prompt3,dialog1882,analytics_deepseek-r1_1.5b_prompt3_dialog1882,analytics,0.0,0.0,0.0,0.0,0.0,0.0,0.0,0.0,0.0,0.0
deepseek-r1,1.5B,3. Инструменты обучения НС,Что такое learning rate?,prompt3,dialog1883,analytics_deepseek-r1_1.5b_prompt3_dialog1883,analytics,0.0,0.0,0.0,0.0,0.0,0.0,0.0,0.0,0.0,0.0
deepseek-r1,1.5B,3. Инструменты обучения НС,Что такое метод Ньютона?,prompt3,dialog1884,analytics_deepseek-r1_1.5b_prompt3_dialog1884,analytics,0.0,0.0,0.0,0.0,0.0,0.0,0.0,0.0,0.0,0.0
deepseek-r1,1.5B,3. Инструменты обучения НС,Что такое RMSProp?,prompt3,dialog1885,analytics_deepseek-r1_1.5b_prompt3_dialog1885,analytics,0.0,0.0,0.0,0.0,0.0,0.0,0.0,0.0,0.0,0.0
deepseek-r1,1.5B,3. Инструменты обучения НС,"Вычисли шаг в SGD для L(w)=w^2, w=3, η=0.1.",prompt3,dialog1886,analytics_deepseek-r1_1.5b_prompt3_dialog1886,analytics,0.0,0.0,0.0,0.0,0.0,0.0,0.0,0.0,0.0,0.0
deepseek-r1,1.5B,3. Инструменты обучения НС,"Вычисли v_t в Momentum: γ=0.9, v_{t-1}=1, ∇L=2, η=0.1.",prompt3,dialog1887,analytics_deepseek-r1_1.5b_prompt3_dialog1887,analytics,0.0,0.0,0.0,0.0,0.0,0.0,0.0,0.0,0.0,0.0
deepseek-r1,1.5B,3. Инструменты обучения НС,"В Adagrad, G_{t-1,ii}=4, g_t=2, η=0.1, ε=1e-8.",prompt3,dialog1888,analytics_deepseek-r1_1.5b_prompt3_dialog1888,analytics,0.0,0.0,0.0,0.0,0.0,0.0,0.0,0.0,0.0,0.0
deepseek-r1,1.5B,3. Инструменты обучения НС,"Вычисли learning rate decay: η0=0.1, t=5, T=10, linear.",prompt3,dialog1889,analytics_deepseek-r1_1.5b_prompt3_dialog1889,analytics,0.0,0.0,0.0,0.0,0.0,0.0,0.0,0.0,0.0,0.0
deepseek-r1,1.5B,3. Инструменты обучения НС,"В Nesterov, вычисли ∇ в ω - γ v_{t-1}: γ=0.9, v=1, ∇=2.",prompt3,dialog1890,analytics_deepseek-r1_1.5b_prompt3_dialog1890,analytics,0.0,0.0,0.0,0.0,0.0,0.0,0.0,0.0,0.0,0.0
deepseek-r1,1.5B,1_Классификаторы_KNN_и_наивный_байес,Что такое метод k-ближайших соседей?,prompt2,dialog1831,analytics_deepseek-r1_1.5b_prompt2_dialog1831,analytics,0.0,0.0,0.0,0.0,0.0,0.0,0.0,0.0,0.0,0.0
deepseek-r1,1.5B,1_Классификаторы_KNN_и_наивный_байес,Как выбрать количество соседей k в k-NN?,prompt2,dialog1832,analytics_deepseek-r1_1.5b_prompt2_dialog1832,analytics,0.0,0.0,0.0,0.0,0.0,0.0,0.0,0.0,0.0,0.0
deepseek-r1,1.5B,1_Классификаторы_KNN_и_наивный_байес,Что такое евклидова метрика?,prompt2,dialog1833,analytics_deepseek-r1_1.5b_prompt2_dialog1833,analytics,0.0,0.0,0.0,0.0,0.0,0.0,0.0,0.0,0.0,0.0
deepseek-r1,1.5B,1_Классификаторы_KNN_и_наивный_байес,В чем суть наивного байесовского классификатора?,prompt2,dialog1834,analytics_deepseek-r1_1.5b_prompt2_dialog1834,analytics,0.0,0.0,0.0,0.0,0.0,0.0,0.0,0.0,0.0,0.0
deepseek-r1,1.5B,1_Классификаторы_KNN_и_наивный_байес,Как работает сглаживание по Лапласу?,prompt2,dialog1835,analytics_deepseek-r1_1.5b_prompt2_dialog1835,analytics,0.0,0.0,0.0,0.0,0.0,0.0,0.0,0.0,0.0,0.0
deepseek-r1,1.5B,1_Классификаторы_KNN_и_наивный_байес,Что такое манхэттенское расстояние?,prompt2,dialog1836,analytics_deepseek-r1_1.5b_prompt2_dialog1836,analytics,0.0,0.0,0.0,0.0,0.0,0.0,0.0,0.0,0.0,0.0
deepseek-r1,1.5B,1_Классификаторы_KNN_и_наивный_байес,Как вычислить вероятность класса в Naive Bayes?,prompt2,dialog1837,analytics_deepseek-r1_1.5b_prompt2_dialog1837,analytics,0.0,0.0,0.0,0.0,0.0,0.0,0.0,0.0,0.0,0.0
deepseek-r1,1.5B,1_Классификаторы_KNN_и_наивный_байес,Что такое расстояние Чебышёва?,prompt2,dialog1838,analytics_deepseek-r1_1.5b_prompt2_dialog1838,analytics,0.0,0.0,0.0,0.0,0.0,0.0,0.0,0.0,0.0,0.0
deepseek-r1,1.5B,1_Классификаторы_KNN_и_наивный_байес,Как классифицировать письмо как спам в Naive Bayes?,prompt2,dialog1839,analytics_deepseek-r1_1.5b_prompt2_dialog1839,analytics,0.0,0.0,0.0,0.0,0.0,0.0,0.0,0.0,0.0,0.0
deepseek-r1,1.5B,1_Классификаторы_KNN_и_наивный_байес,В чем разница между k-NN и взвешенным k-NN?,prompt2,dialog1840,analytics_deepseek-r1_1.5b_prompt2_dialog1840,analytics,0.0,0.0,0.0,0.0,0.0,0.0,0.0,0.0,0.0,0.0
deepseek-r1,1.5B,1_Классификаторы_KNN_и_наивный_байес,Вычисли вероятность спама для слова 'приз' из примера.,prompt2,dialog1841,analytics_deepseek-r1_1.5b_prompt2_dialog1841,analytics,0.0,0.0,0.0,0.0,0.0,0.0,0.0,0.0,0.0,0.0
deepseek-r1,1.5B,1_Классификаторы_KNN_и_наивный_байес,"Вычисли расстояние Евклида между (1,2) и (3,4).",prompt2,dialog1842,analytics_deepseek-r1_1.5b_prompt2_dialog1842,analytics,0.0,0.0,0.0,0.0,0.0,0.0,0.0,0.0,0.0,0.0
deepseek-r1,1.5B,1_Классификаторы_KNN_и_наивный_байес,"В примере с погодой, вычисли F(да) для теста.",prompt2,dialog1843,analytics_deepseek-r1_1.5b_prompt2_dialog1843,analytics,0.0,0.0,0.0,0.0,0.0,0.0,0.0,0.0,0.0,0.0
deepseek-r1,1.5B,1_Классификаторы_KNN_и_наивный_байес,"Вычисли P(да | пасмурно, холодно, влажно, да).",prompt2,dialog1844,analytics_deepseek-r1_1.5b_prompt2_dialog1844,analytics,0.0,0.0,0.0,0.0,0.0,0.0,0.0,0.0,0.0,0.0
deepseek-r1,1.5B,1_Классификаторы_KNN_и_наивный_байес,"В спам-примере, вычисли P(win|спам) с Laplace.",prompt2,dialog1845,analytics_deepseek-r1_1.5b_prompt2_dialog1845,analytics,0.0,0.0,0.0,0.0,0.0,0.0,0.0,0.0,0.0,0.0
deepseek-r1,1.5B,3. Инструменты обучения НС,Что такое autograd?,prompt2,dialog1846,analytics_deepseek-r1_1.5b_prompt2_dialog1846,analytics,0.0,0.0,0.0,0.0,0.0,0.0,0.0,0.0,0.0,0.0
deepseek-r1,1.5B,3. Инструменты обучения НС,Что такое TensorFlow?,prompt2,dialog1847,analytics_deepseek-r1_1.5b_prompt2_dialog1847,analytics,0.0,0.0,0.0,0.0,0.0,0.0,0.0,0.0,0.0,0.0
deepseek-r1,1.5B,3. Инструменты обучения НС,Что такое Keras?,prompt2,dialog1848,analytics_deepseek-r1_1.5b_prompt2_dialog1848,analytics,0.0,0.0,0.0,0.0,0.0,0.0,0.0,0.0,0.0,0.0
deepseek-r1,1.5B,3. Инструменты обучения НС,Что такое over-fitting?,prompt2,dialog1849,analytics_deepseek-r1_1.5b_prompt2_dialog1849,analytics,0.0,0.0,0.0,0.0,0.0,0.0,0.0,0.0,0.0,0.0
deepseek-r1,1.5B,3. Инструменты обучения НС,Что такое SGD?,prompt2,dialog1850,analytics_deepseek-r1_1.5b_prompt2_dialog1850,analytics,0.0,0.0,0.0,0.0,0.0,0.0,0.0,0.0,0.0,0.0
deepseek-r1,1.5B,3. Инструменты обучения НС,Что такое Momentum в оптимизации?,prompt2,dialog1851,analytics_deepseek-r1_1.5b_prompt2_dialog1851,analytics,0.0,0.0,0.0,0.0,0.0,0.0,0.0,0.0,0.0,0.0
deepseek-r1,1.5B,3. Инструменты обучения НС,Что такое Adam?,prompt2,dialog1852,analytics_deepseek-r1_1.5b_prompt2_dialog1852,analytics,0.0,0.0,0.0,0.0,0.0,0.0,0.0,0.0,0.0,0.0
deepseek-r1,1.5B,3. Инструменты обучения НС,Что такое learning rate?,prompt2,dialog1853,analytics_deepseek-r1_1.5b_prompt2_dialog1853,analytics,0.0,0.0,0.0,0.0,0.0,0.0,0.0,0.0,0.0,0.0
deepseek-r1,1.5B,3. Инструменты обучения НС,Что такое метод Ньютона?,prompt2,dialog1854,analytics_deepseek-r1_1.5b_prompt2_dialog1854,analytics,0.0,0.0,0.0,0.0,0.0,0.0,0.0,0.0,0.0,0.0
deepseek-r1,1.5B,3. Инструменты обучения НС,Что такое RMSProp?,prompt2,dialog1855,analytics_deepseek-r1_1.5b_prompt2_dialog1855,analytics,0.0,0.0,0.0,0.0,0.0,0.0,0.0,0.0,0.0,0.0
deepseek-r1,1.5B,3. Инструменты обучения НС,"Вычисли шаг в SGD для L(w)=w^2, w=3, η=0.1.",prompt2,dialog1856,analytics_deepseek-r1_1.5b_prompt2_dialog1856,analytics,0.0,0.0,0.0,0.0,0.0,0.0,0.0,0.0,0.0,0.0
deepseek-r1,1.5B,3. Инструменты обучения НС,"Вычисли v_t в Momentum: γ=0.9, v_{t-1}=1, ∇L=2, η=0.1.",prompt2,dialog1857,analytics_deepseek-r1_1.5b_prompt2_dialog1857,analytics,0.0,0.0,0.0,0.0,0.0,0.0,0.0,0.0,0.0,0.0
deepseek-r1,1.5B,3. Инструменты обучения НС,"В Adagrad, G_{t-1,ii}=4, g_t=2, η=0.1, ε=1e-8.",prompt2,dialog1858,analytics_deepseek-r1_1.5b_prompt2_dialog1858,analytics,0.0,0.0,0.0,0.0,0.0,0.0,0.0,0.0,0.0,0.0
deepseek-r1,1.5B,3. Инструменты обучения НС,"Вычисли learning rate decay: η0=0.1, t=5, T=10, linear.",prompt2,dialog1859,analytics_deepseek-r1_1.5b_prompt2_dialog1859,analytics,0.0,0.0,0.0,0.0,0.0,0.0,0.0,0.0,0.0,0.0
deepseek-r1,1.5B,3. Инструменты обучения НС,"В Nesterov, вычисли ∇ в ω - γ v_{t-1}: γ=0.9, v=1, ∇=2.",prompt2,dialog1860,analytics_deepseek-r1_1.5b_prompt2_dialog1860,analytics,0.0,0.0,0.0,0.0,0.0,0.0,0.0,0.0,0.0,0.0
deepseek-r1,1.5B,1_Классификаторы_KNN_и_наивный_байес,Что такое метод k-ближайших соседей?,prompt5,dialog1921,analytics_deepseek-r1_1.5b_prompt5_dialog1921,analytics,0.0,0.0,0.0,0.0,0.0,0.0,0.0,0.0,0.0,0.0
deepseek-r1,1.5B,1_Классификаторы_KNN_и_наивный_байес,Как выбрать количество соседей k в k-NN?,prompt5,dialog1922,analytics_deepseek-r1_1.5b_prompt5_dialog1922,analytics,0.0,0.0,0.0,0.0,0.0,0.0,0.0,0.0,0.0,0.0
deepseek-r1,1.5B,1_Классификаторы_KNN_и_наивный_байес,Что такое евклидова метрика?,prompt5,dialog1923,analytics_deepseek-r1_1.5b_prompt5_dialog1923,analytics,0.0,0.0,0.0,0.0,0.0,0.0,0.0,0.0,0.0,0.0
deepseek-r1,1.5B,1_Классификаторы_KNN_и_наивный_байес,В чем суть наивного байесовского классификатора?,prompt5,dialog1924,analytics_deepseek-r1_1.5b_prompt5_dialog1924,analytics,0.0,0.0,0.0,0.0,0.0,0.0,0.0,0.0,0.0,0.0
deepseek-r1,1.5B,1_Классификаторы_KNN_и_наивный_байес,Как работает сглаживание по Лапласу?,prompt5,dialog1925,analytics_deepseek-r1_1.5b_prompt5_dialog1925,analytics,0.0,0.0,0.0,0.0,0.0,0.0,0.0,0.0,0.0,0.0
deepseek-r1,1.5B,1_Классификаторы_KNN_и_наивный_байес,Что такое манхэттенское расстояние?,prompt5,dialog1926,analytics_deepseek-r1_1.5b_prompt5_dialog1926,analytics,0.0,0.0,0.0,0.0,0.0,0.0,0.0,0.0,0.0,0.0
deepseek-r1,1.5B,1_Классификаторы_KNN_и_наивный_байес,Как вычислить вероятность класса в Naive Bayes?,prompt5,dialog1927,analytics_deepseek-r1_1.5b_prompt5_dialog1927,analytics,0.0,0.0,0.0,0.0,0.0,0.0,0.0,0.0,0.0,0.0
deepseek-r1,1.5B,1_Классификаторы_KNN_и_наивный_байес,Что такое расстояние Чебышёва?,prompt5,dialog1928,analytics_deepseek-r1_1.5b_prompt5_dialog1928,analytics,0.0,0.0,0.0,0.0,0.0,0.0,0.0,0.0,0.0,0.0
deepseek-r1,1.5B,1_Классификаторы_KNN_и_наивный_байес,Как классифицировать письмо как спам в Naive Bayes?,prompt5,dialog1929,analytics_deepseek-r1_1.5b_prompt5_dialog1929,analytics,0.0,0.0,0.0,0.0,0.0,0.0,0.0,0.0,0.0,0.0
deepseek-r1,1.5B,1_Классификаторы_KNN_и_наивный_байес,В чем разница между k-NN и взвешенным k-NN?,prompt5,dialog1930,analytics_deepseek-r1_1.5b_prompt5_dialog1930,analytics,0.0,0.0,0.0,0.0,0.0,0.0,0.0,0.0,0.0,0.0
deepseek-r1,1.5B,1_Классификаторы_KNN_и_наивный_байес,Вычисли вероятность спама для слова 'приз' из примера.,prompt5,dialog1931,analytics_deepseek-r1_1.5b_prompt5_dialog1931,analytics,0.0,0.0,0.0,0.0,0.0,0.0,0.0,0.0,0.0,0.0
deepseek-r1,1.5B,1_Классификаторы_KNN_и_наивный_байес,"Вычисли расстояние Евклида между (1,2) и (3,4).",prompt5,dialog1932,analytics_deepseek-r1_1.5b_prompt5_dialog1932,analytics,0.0,0.0,0.0,0.0,0.0,0.0,0.0,0.0,0.0,0.0
deepseek-r1,1.5B,1_Классификаторы_KNN_и_наивный_байес,"В примере с погодой, вычисли F(да) для теста.",prompt5,dialog1933,analytics_deepseek-r1_1.5b_prompt5_dialog1933,analytics,0.0,0.0,0.0,0.0,0.0,0.0,0.0,0.0,0.0,0.0
deepseek-r1,1.5B,1_Классификаторы_KNN_и_наивный_байес,"Вычисли P(да | пасмурно, холодно, влажно, да).",prompt5,dialog1934,analytics_deepseek-r1_1.5b_prompt5_dialog1934,analytics,0.0,0.0,0.0,0.0,0.0,0.0,0.0,0.0,0.0,0.0
deepseek-r1,1.5B,1_Классификаторы_KNN_и_наивный_байес,"В спам-примере, вычисли P(win|спам) с Laplace.",prompt5,dialog1935,analytics_deepseek-r1_1.5b_prompt5_dialog1935,analytics,0.0,0.0,0.0,0.0,0.0,0.0,0.0,0.0,0.0,0.0
deepseek-r1,1.5B,3. Инструменты обучения НС,Что такое autograd?,prompt5,dialog1936,analytics_deepseek-r1_1.5b_prompt5_dialog1936,analytics,0.0,0.0,0.0,0.0,0.0,0.0,0.0,0.0,0.0,0.0
deepseek-r1,1.5B,3. Инструменты обучения НС,Что такое TensorFlow?,prompt5,dialog1937,analytics_deepseek-r1_1.5b_prompt5_dialog1937,analytics,0.0,0.0,0.0,0.0,0.0,0.0,0.0,0.0,0.0,0.0
deepseek-r1,1.5B,3. Инструменты обучения НС,Что такое Keras?,prompt5,dialog1938,analytics_deepseek-r1_1.5b_prompt5_dialog1938,analytics,0.0,0.0,0.0,0.0,0.0,0.0,0.0,0.0,0.0,0.0
deepseek-r1,1.5B,3. Инструменты обучения НС,Что такое over-fitting?,prompt5,dialog1939,analytics_deepseek-r1_1.5b_prompt5_dialog1939,analytics,0.0,0.0,0.0,0.0,0.0,0.0,0.0,0.0,0.0,0.0
deepseek-r1,1.5B,3. Инструменты обучения НС,Что такое SGD?,prompt5,dialog1940,analytics_deepseek-r1_1.5b_prompt5_dialog1940,analytics,0.0,0.0,0.0,0.0,0.0,0.0,0.0,0.0,0.0,0.0
deepseek-r1,1.5B,3. Инструменты обучения НС,Что такое Momentum в оптимизации?,prompt5,dialog1941,analytics_deepseek-r1_1.5b_prompt5_dialog1941,analytics,0.0,0.0,0.0,0.0,0.0,0.0,0.0,0.0,0.0,0.0
deepseek-r1,1.5B,3. Инструменты обучения НС,Что такое Adam?,prompt5,dialog1942,analytics_deepseek-r1_1.5b_prompt5_dialog1942,analytics,0.0,0.0,0.0,0.0,0.0,0.0,0.0,0.0,0.0,0.0
deepseek-r1,1.5B,3. Инструменты обучения НС,Что такое learning rate?,prompt5,dialog1943,analytics_deepseek-r1_1.5b_prompt5_dialog1943,analytics,0.0,0.0,0.0,0.0,0.0,0.0,0.0,0.0,0.0,0.0
deepseek-r1,1.5B,3. Инструменты обучения НС,Что такое метод Ньютона?,prompt5,dialog1944,analytics_deepseek-r1_1.5b_prompt5_dialog1944,analytics,0.0,0.0,0.0,0.0,0.0,0.0,0.0,0.0,0.0,0.0
deepseek-r1,1.5B,3. Инструменты обучения НС,Что такое RMSProp?,prompt5,dialog1945,analytics_deepseek-r1_1.5b_prompt5_dialog1945,analytics,0.0,0.0,0.0,0.0,0.0,0.0,0.0,0.0,0.0,0.0
deepseek-r1,1.5B,3. Инструменты обучения НС,"Вычисли шаг в SGD для L(w)=w^2, w=3, η=0.1.",prompt5,dialog1946,analytics_deepseek-r1_1.5b_prompt5_dialog1946,analytics,0.0,0.0,0.0,0.0,0.0,0.0,0.0,0.0,0.0,0.0
deepseek-r1,1.5B,3. Инструменты обучения НС,"Вычисли v_t в Momentum: γ=0.9, v_{t-1}=1, ∇L=2, η=0.1.",prompt5,dialog1947,analytics_deepseek-r1_1.5b_prompt5_dialog1947,analytics,0.0,0.0,0.0,0.0,0.0,0.0,0.0,0.0,0.0,0.0
deepseek-r1,1.5B,3. Инструменты обучения НС,"В Adagrad, G_{t-1,ii}=4, g_t=2, η=0.1, ε=1e-8.",prompt5,dialog1948,analytics_deepseek-r1_1.5b_prompt5_dialog1948,analytics,0.0,0.0,0.0,0.0,0.0,0.0,0.0,0.0,0.0,0.0
deepseek-r1,1.5B,3. Инструменты обучения НС,"Вычисли learning rate decay: η0=0.1, t=5, T=10, linear.",prompt5,dialog1949,analytics_deepseek-r1_1.5b_prompt5_dialog1949,analytics,0.0,0.0,0.0,0.0,0.0,0.0,0.0,0.0,0.0,0.0
deepseek-r1,1.5B,3. Инструменты обучения НС,"В Nesterov, вычисли ∇ в ω - γ v_{t-1}: γ=0.9, v=1, ∇=2.",prompt5,dialog1950,analytics_deepseek-r1_1.5b_prompt5_dialog1950,analytics,0.0,0.0,0.0,0.0,0.0,0.0,0.0,0.0,0.0,0.0
deepseek-r1,1.5B,1_Классификаторы_KNN_и_наивный_байес,Что такое метод k-ближайших соседей?,prompt12,dialog2131,analytics_deepseek-r1_1.5b_prompt12_dialog2131,analytics,0.0,0.0,0.0,0.0,0.0,0.0,0.0,0.0,0.0,0.0
deepseek-r1,1.5B,1_Классификаторы_KNN_и_наивный_байес,Как выбрать количество соседей k в k-NN?,prompt12,dialog2132,analytics_deepseek-r1_1.5b_prompt12_dialog2132,analytics,0.0,0.0,0.0,0.0,0.0,0.0,0.0,0.0,0.0,0.0
deepseek-r1,1.5B,1_Классификаторы_KNN_и_наивный_байес,Что такое евклидова метрика?,prompt12,dialog2133,analytics_deepseek-r1_1.5b_prompt12_dialog2133,analytics,0.0,0.0,0.0,0.0,0.0,0.0,0.0,0.0,0.0,0.0
deepseek-r1,1.5B,1_Классификаторы_KNN_и_наивный_байес,В чем суть наивного байесовского классификатора?,prompt12,dialog2134,analytics_deepseek-r1_1.5b_prompt12_dialog2134,analytics,0.0,0.0,0.0,0.0,0.0,0.0,0.0,0.0,0.0,0.0
deepseek-r1,1.5B,1_Классификаторы_KNN_и_наивный_байес,Как работает сглаживание по Лапласу?,prompt12,dialog2135,analytics_deepseek-r1_1.5b_prompt12_dialog2135,analytics,0.0,0.0,0.0,0.0,0.0,0.0,0.0,0.0,0.0,0.0
deepseek-r1,1.5B,1_Классификаторы_KNN_и_наивный_байес,Что такое манхэттенское расстояние?,prompt12,dialog2136,analytics_deepseek-r1_1.5b_prompt12_dialog2136,analytics,0.0,0.0,0.0,0.0,0.0,0.0,0.0,0.0,0.0,0.0
deepseek-r1,1.5B,1_Классификаторы_KNN_и_наивный_байес,Как вычислить вероятность класса в Naive Bayes?,prompt12,dialog2137,analytics_deepseek-r1_1.5b_prompt12_dialog2137,analytics,0.0,0.0,0.0,0.0,0.0,0.0,0.0,0.0,0.0,0.0
deepseek-r1,1.5B,1_Классификаторы_KNN_и_наивный_байес,Что такое расстояние Чебышёва?,prompt12,dialog2138,analytics_deepseek-r1_1.5b_prompt12_dialog2138,analytics,0.0,0.0,0.0,0.0,0.0,0.0,0.0,0.0,0.0,0.0
deepseek-r1,1.5B,1_Классификаторы_KNN_и_наивный_байес,Как классифицировать письмо как спам в Naive Bayes?,prompt12,dialog2139,analytics_deepseek-r1_1.5b_prompt12_dialog2139,analytics,0.0,0.0,0.0,0.0,0.0,0.0,0.0,0.0,0.0,0.0
deepseek-r1,1.5B,1_Классификаторы_KNN_и_наивный_байес,В чем разница между k-NN и взвешенным k-NN?,prompt12,dialog2140,analytics_deepseek-r1_1.5b_prompt12_dialog2140,analytics,0.0,0.0,0.0,0.0,0.0,0.0,0.0,0.0,0.0,0.0
deepseek-r1,1.5B,1_Классификаторы_KNN_и_наивный_байес,Вычисли вероятность спама для слова 'приз' из примера.,prompt12,dialog2141,analytics_deepseek-r1_1.5b_prompt12_dialog2141,analytics,0.0,0.0,0.0,0.0,0.0,0.0,0.0,0.0,0.0,0.0
deepseek-r1,1.5B,1_Классификаторы_KNN_и_наивный_байес,"Вычисли расстояние Евклида между (1,2) и (3,4).",prompt12,dialog2142,analytics_deepseek-r1_1.5b_prompt12_dialog2142,analytics,0.0,0.0,0.0,0.0,0.0,0.0,0.0,0.0,0.0,0.0
deepseek-r1,1.5B,1_Классификаторы_KNN_и_наивный_байес,"В примере с погодой, вычисли F(да) для теста.",prompt12,dialog2143,analytics_deepseek-r1_1.5b_prompt12_dialog2143,analytics,0.0,0.0,0.0,0.0,0.0,0.0,0.0,0.0,0.0,0.0
deepseek-r1,1.5B,1_Классификаторы_KNN_и_наивный_байес,"Вычисли P(да | пасмурно, холодно, влажно, да).",prompt12,dialog2144,analytics_deepseek-r1_1.5b_prompt12_dialog2144,analytics,0.0,0.0,0.0,0.0,0.0,0.0,0.0,0.0,0.0,0.0
deepseek-r1,1.5B,1_Классификаторы_KNN_и_наивный_байес,"В спам-примере, вычисли P(win|спам) с Laplace.",prompt12,dialog2145,analytics_deepseek-r1_1.5b_prompt12_dialog2145,analytics,0.0,0.0,0.0,0.0,0.0,0.0,0.0,0.0,0.0,0.0
deepseek-r1,1.5B,3. Инструменты обучения НС,Что такое autograd?,prompt12,dialog2146,analytics_deepseek-r1_1.5b_prompt12_dialog2146,analytics,0.0,0.0,0.0,0.0,0.0,0.0,0.0,0.0,0.0,0.0
deepseek-r1,1.5B,3. Инструменты обучения НС,Что такое TensorFlow?,prompt12,dialog2147,analytics_deepseek-r1_1.5b_prompt12_dialog2147,analytics,0.0,0.0,0.0,0.0,0.0,0.0,0.0,0.0,0.0,0.0
deepseek-r1,1.5B,3. Инструменты обучения НС,Что такое Keras?,prompt12,dialog2148,analytics_deepseek-r1_1.5b_prompt12_dialog2148,analytics,0.0,0.0,0.0,0.0,0.0,0.0,0.0,0.0,0.0,0.0
deepseek-r1,1.5B,3. Инструменты обучения НС,Что такое over-fitting?,prompt12,dialog2149,analytics_deepseek-r1_1.5b_prompt12_dialog2149,analytics,0.0,0.0,0.0,0.0,0.0,0.0,0.0,0.0,0.0,0.0
deepseek-r1,1.5B,3. Инструменты обучения НС,Что такое SGD?,prompt12,dialog2150,analytics_deepseek-r1_1.5b_prompt12_dialog2150,analytics,0.0,0.0,0.0,0.0,0.0,0.0,0.0,0.0,0.0,0.0
deepseek-r1,1.5B,3. Инструменты обучения НС,Что такое Momentum в оптимизации?,prompt12,dialog2151,analytics_deepseek-r1_1.5b_prompt12_dialog2151,analytics,0.0,0.0,0.0,0.0,0.0,0.0,0.0,0.0,0.0,0.0
deepseek-r1,1.5B,3. Инструменты обучения НС,Что такое Adam?,prompt12,dialog2152,analytics_deepseek-r1_1.5b_prompt12_dialog2152,analytics,0.0,0.0,0.0,0.0,0.0,0.0,0.0,0.0,0.0,0.0
deepseek-r1,1.5B,3. Инструменты обучения НС,Что такое learning rate?,prompt12,dialog2153,analytics_deepseek-r1_1.5b_prompt12_dialog2153,analytics,0.0,0.0,0.0,0.0,0.0,0.0,0.0,0.0,0.0,0.0
deepseek-r1,1.5B,3. Инструменты обучения НС,Что такое метод Ньютона?,prompt12,dialog2154,analytics_deepseek-r1_1.5b_prompt12_dialog2154,analytics,0.0,0.0,0.0,0.0,0.0,0.0,0.0,0.0,0.0,0.0
deepseek-r1,1.5B,3. Инструменты обучения НС,Что такое RMSProp?,prompt12,dialog2155,analytics_deepseek-r1_1.5b_prompt12_dialog2155,analytics,0.0,0.0,0.0,0.0,0.0,0.0,0.0,0.0,0.0,0.0
deepseek-r1,1.5B,3. Инструменты обучения НС,"Вычисли шаг в SGD для L(w)=w^2, w=3, η=0.1.",prompt12,dialog2156,analytics_deepseek-r1_1.5b_prompt12_dialog2156,analytics,0.0,0.0,0.0,0.0,0.0,0.0,0.0,0.0,0.0,0.0
deepseek-r1,1.5B,3. Инструменты обучения НС,"Вычисли v_t в Momentum: γ=0.9, v_{t-1}=1, ∇L=2, η=0.1.",prompt12,dialog2157,analytics_deepseek-r1_1.5b_prompt12_dialog2157,analytics,0.0,0.0,0.0,0.0,0.0,0.0,0.0,0.0,0.0,0.0
deepseek-r1,1.5B,3. Инструменты обучения НС,"В Adagrad, G_{t-1,ii}=4, g_t=2, η=0.1, ε=1e-8.",prompt12,dialog2158,analytics_deepseek-r1_1.5b_prompt12_dialog2158,analytics,0.0,0.0,0.0,0.0,0.0,0.0,0.0,0.0,0.0,0.0
deepseek-r1,1.5B,3. Инструменты обучения НС,"Вычисли learning rate decay: η0=0.1, t=5, T=10, linear.",prompt12,dialog2159,analytics_deepseek-r1_1.5b_prompt12_dialog2159,analytics,0.0,0.0,0.0,0.0,0.0,0.0,0.0,0.0,0.0,0.0
deepseek-r1,1.5B,3. Инструменты обучения НС,"В Nesterov, вычисли ∇ в ω - γ v_{t-1}: γ=0.9, v=1, ∇=2.",prompt12,dialog2160,analytics_deepseek-r1_1.5b_prompt12_dialog2160,analytics,0.0,0.0,0.0,0.0,0.0,0.0,0.0,0.0,0.0,0.0
deepseek-r1,1.5B,1_Классификаторы_KNN_и_наивный_байес,Что такое метод k-ближайших соседей?,prompt15,dialog2221,analytics_deepseek-r1_1.5b_prompt15_dialog2221,analytics,0.0,0.0,0.0,0.0,0.0,0.0,0.0,0.0,0.0,0.0
deepseek-r1,1.5B,1_Классификаторы_KNN_и_наивный_байес,Как выбрать количество соседей k в k-NN?,prompt15,dialog2222,analytics_deepseek-r1_1.5b_prompt15_dialog2222,analytics,0.0,0.0,0.0,0.0,0.0,0.0,0.0,0.0,0.0,0.0
deepseek-r1,1.5B,1_Классификаторы_KNN_и_наивный_байес,Что такое евклидова метрика?,prompt15,dialog2223,analytics_deepseek-r1_1.5b_prompt15_dialog2223,analytics,0.0,0.0,0.0,0.0,0.0,0.0,0.0,0.0,0.0,0.0
deepseek-r1,1.5B,1_Классификаторы_KNN_и_наивный_байес,В чем суть наивного байесовского классификатора?,prompt15,dialog2224,analytics_deepseek-r1_1.5b_prompt15_dialog2224,analytics,0.0,0.0,0.0,0.0,0.0,0.0,0.0,0.0,0.0,0.0
deepseek-r1,1.5B,1_Классификаторы_KNN_и_наивный_байес,Как работает сглаживание по Лапласу?,prompt15,dialog2225,analytics_deepseek-r1_1.5b_prompt15_dialog2225,analytics,0.0,0.0,0.0,0.0,0.0,0.0,0.0,0.0,0.0,0.0
deepseek-r1,1.5B,1_Классификаторы_KNN_и_наивный_байес,Что такое манхэттенское расстояние?,prompt15,dialog2226,analytics_deepseek-r1_1.5b_prompt15_dialog2226,analytics,0.0,0.0,0.0,0.0,0.0,0.0,0.0,0.0,0.0,0.0
deepseek-r1,1.5B,1_Классификаторы_KNN_и_наивный_байес,Как вычислить вероятность класса в Naive Bayes?,prompt15,dialog2227,analytics_deepseek-r1_1.5b_prompt15_dialog2227,analytics,0.0,0.0,0.0,0.0,0.0,0.0,0.0,0.0,0.0,0.0
deepseek-r1,1.5B,1_Классификаторы_KNN_и_наивный_байес,Что такое расстояние Чебышёва?,prompt15,dialog2228,analytics_deepseek-r1_1.5b_prompt15_dialog2228,analytics,0.0,0.0,0.0,0.0,0.0,0.0,0.0,0.0,0.0,0.0
deepseek-r1,1.5B,1_Классификаторы_KNN_и_наивный_байес,Как классифицировать письмо как спам в Naive Bayes?,prompt15,dialog2229,analytics_deepseek-r1_1.5b_prompt15_dialog2229,analytics,0.0,0.0,0.0,0.0,0.0,0.0,0.0,0.0,0.0,0.0
deepseek-r1,1.5B,1_Классификаторы_KNN_и_наивный_байес,В чем разница между k-NN и взвешенным k-NN?,prompt15,dialog2230,analytics_deepseek-r1_1.5b_prompt15_dialog2230,analytics,0.0,0.0,0.0,0.0,0.0,0.0,0.0,0.0,0.0,0.0
deepseek-r1,1.5B,1_Классификаторы_KNN_и_наивный_байес,Вычисли вероятность спама для слова 'приз' из примера.,prompt15,dialog2231,analytics_deepseek-r1_1.5b_prompt15_dialog2231,analytics,0.0,0.0,0.0,0.0,0.0,0.0,0.0,0.0,0.0,0.0
deepseek-r1,1.5B,1_Классификаторы_KNN_и_наивный_байес,"Вычисли расстояние Евклида между (1,2) и (3,4).",prompt15,dialog2232,analytics_deepseek-r1_1.5b_prompt15_dialog2232,analytics,0.0,0.0,0.0,0.0,0.0,0.0,0.0,0.0,0.0,0.0
deepseek-r1,1.5B,1_Классификаторы_KNN_и_наивный_байес,"В примере с погодой, вычисли F(да) для теста.",prompt15,dialog2233,analytics_deepseek-r1_1.5b_prompt15_dialog2233,analytics,0.0,0.0,0.0,0.0,0.0,0.0,0.0,0.0,0.0,0.0
deepseek-r1,1.5B,1_Классификаторы_KNN_и_наивный_байес,"Вычисли P(да | пасмурно, холодно, влажно, да).",prompt15,dialog2234,analytics_deepseek-r1_1.5b_prompt15_dialog2234,analytics,0.0,0.0,0.0,0.0,0.0,0.0,0.0,0.0,0.0,0.0
deepseek-r1,1.5B,1_Классификаторы_KNN_и_наивный_байес,"В спам-примере, вычисли P(win|спам) с Laplace.",prompt15,dialog2235,analytics_deepseek-r1_1.5b_prompt15_dialog2235,analytics,0.0,0.0,0.0,0.0,0.0,0.0,0.0,0.0,0.0,0.0
deepseek-r1,1.5B,3. Инструменты обучения НС,Что такое autograd?,prompt15,dialog2236,analytics_deepseek-r1_1.5b_prompt15_dialog2236,analytics,0.0,0.0,0.0,0.0,0.0,0.0,0.0,0.0,0.0,0.0
deepseek-r1,1.5B,3. Инструменты обучения НС,Что такое TensorFlow?,prompt15,dialog2237,analytics_deepseek-r1_1.5b_prompt15_dialog2237,analytics,0.0,0.0,0.0,0.0,0.0,0.0,0.0,0.0,0.0,0.0
deepseek-r1,1.5B,3. Инструменты обучения НС,Что такое Keras?,prompt15,dialog2238,analytics_deepseek-r1_1.5b_prompt15_dialog2238,analytics,0.0,0.0,0.0,0.0,0.0,0.0,0.0,0.0,0.0,0.0
deepseek-r1,1.5B,3. Инструменты обучения НС,Что такое over-fitting?,prompt15,dialog2239,analytics_deepseek-r1_1.5b_prompt15_dialog2239,analytics,0.0,0.0,0.0,0.0,0.0,0.0,0.0,0.0,0.0,0.0
deepseek-r1,1.5B,3. Инструменты обучения НС,Что такое SGD?,prompt15,dialog2240,analytics_deepseek-r1_1.5b_prompt15_dialog2240,analytics,0.0,0.0,0.0,0.0,0.0,0.0,0.0,0.0,0.0,0.0
deepseek-r1,1.5B,3. Инструменты обучения НС,Что такое Momentum в оптимизации?,prompt15,dialog2241,analytics_deepseek-r1_1.5b_prompt15_dialog2241,analytics,0.0,0.0,0.0,0.0,0.0,0.0,0.0,0.0,0.0,0.0
deepseek-r1,1.5B,3. Инструменты обучения НС,Что такое Adam?,prompt15,dialog2242,analytics_deepseek-r1_1.5b_prompt15_dialog2242,analytics,0.0,0.0,0.0,0.0,0.0,0.0,0.0,0.0,0.0,0.0
deepseek-r1,1.5B,3. Инструменты обучения НС,Что такое learning rate?,prompt15,dialog2243,analytics_deepseek-r1_1.5b_prompt15_dialog2243,analytics,0.0,0.0,0.0,0.0,0.0,0.0,0.0,0.0,0.0,0.0
deepseek-r1,1.5B,3. Инструменты обучения НС,Что такое метод Ньютона?,prompt15,dialog2244,analytics_deepseek-r1_1.5b_prompt15_dialog2244,analytics,0.0,0.0,0.0,0.0,0.0,0.0,0.0,0.0,0.0,0.0
deepseek-r1,1.5B,3. Инструменты обучения НС,Что такое RMSProp?,prompt15,dialog2245,analytics_deepseek-r1_1.5b_prompt15_dialog2245,analytics,0.0,0.0,0.0,0.0,0.0,0.0,0.0,0.0,0.0,0.0
deepseek-r1,1.5B,3. Инструменты обучения НС,"Вычисли шаг в SGD для L(w)=w^2, w=3, η=0.1.",prompt15,dialog2246,analytics_deepseek-r1_1.5b_prompt15_dialog2246,analytics,0.0,0.0,0.0,0.0,0.0,0.0,0.0,0.0,0.0,0.0
deepseek-r1,1.5B,3. Инструменты обучения НС,"Вычисли v_t в Momentum: γ=0.9, v_{t-1}=1, ∇L=2, η=0.1.",prompt15,dialog2247,analytics_deepseek-r1_1.5b_prompt15_dialog2247,analytics,0.0,0.0,0.0,0.0,0.0,0.0,0.0,0.0,0.0,0.0
deepseek-r1,1.5B,3. Инструменты обучения НС,"В Adagrad, G_{t-1,ii}=4, g_t=2, η=0.1, ε=1e-8.",prompt15,dialog2248,analytics_deepseek-r1_1.5b_prompt15_dialog2248,analytics,0.0,0.0,0.0,0.0,0.0,0.0,0.0,0.0,0.0,0.0
deepseek-r1,1.5B,3. Инструменты обучения НС,"Вычисли learning rate decay: η0=0.1, t=5, T=10, linear.",prompt15,dialog2249,analytics_deepseek-r1_1.5b_prompt15_dialog2249,analytics,0.0,0.0,0.0,0.0,0.0,0.0,0.0,0.0,0.0,0.0
deepseek-r1,1.5B,3. Инструменты обучения НС,"В Nesterov, вычисли ∇ в ω - γ v_{t-1}: γ=0.9, v=1, ∇=2.",prompt15,dialog2250,analytics_deepseek-r1_1.5b_prompt15_dialog2250,analytics,0.0,0.0,0.0,0.0,0.0,0.0,0.0,0.0,0.0,0.0
deepseek-r1,1.5B,1_Классификаторы_KNN_и_наивный_байес,Что такое метод k-ближайших соседей?,prompt10,dialog2071,analytics_deepseek-r1_1.5b_prompt10_dialog2071,analytics,0.0,0.0,0.0,0.0,0.0,0.0,0.0,0.0,0.0,0.0
deepseek-r1,1.5B,1_Классификаторы_KNN_и_наивный_байес,Как выбрать количество соседей k в k-NN?,prompt10,dialog2072,analytics_deepseek-r1_1.5b_prompt10_dialog2072,analytics,0.0,0.0,0.0,0.0,0.0,0.0,0.0,0.0,0.0,0.0
deepseek-r1,1.5B,1_Классификаторы_KNN_и_наивный_байес,Что такое евклидова метрика?,prompt10,dialog2073,analytics_deepseek-r1_1.5b_prompt10_dialog2073,analytics,0.0,0.0,0.0,0.0,0.0,0.0,0.0,0.0,0.0,0.0
deepseek-r1,1.5B,1_Классификаторы_KNN_и_наивный_байес,В чем суть наивного байесовского классификатора?,prompt10,dialog2074,analytics_deepseek-r1_1.5b_prompt10_dialog2074,analytics,0.0,0.0,0.0,0.0,0.0,0.0,0.0,0.0,0.0,0.0
deepseek-r1,1.5B,1_Классификаторы_KNN_и_наивный_байес,Как работает сглаживание по Лапласу?,prompt10,dialog2075,analytics_deepseek-r1_1.5b_prompt10_dialog2075,analytics,0.0,0.0,0.0,0.0,0.0,0.0,0.0,0.0,0.0,0.0
deepseek-r1,1.5B,1_Классификаторы_KNN_и_наивный_байес,Что такое манхэттенское расстояние?,prompt10,dialog2076,analytics_deepseek-r1_1.5b_prompt10_dialog2076,analytics,0.0,0.0,0.0,0.0,0.0,0.0,0.0,0.0,0.0,0.0
deepseek-r1,1.5B,1_Классификаторы_KNN_и_наивный_байес,Как вычислить вероятность класса в Naive Bayes?,prompt10,dialog2077,analytics_deepseek-r1_1.5b_prompt10_dialog2077,analytics,0.0,0.0,0.0,0.0,0.0,0.0,0.0,0.0,0.0,0.0
deepseek-r1,1.5B,1_Классификаторы_KNN_и_наивный_байес,Что такое расстояние Чебышёва?,prompt10,dialog2078,analytics_deepseek-r1_1.5b_prompt10_dialog2078,analytics,0.0,0.0,0.0,0.0,0.0,0.0,0.0,0.0,0.0,0.0
deepseek-r1,1.5B,1_Классификаторы_KNN_и_наивный_байес,Как классифицировать письмо как спам в Naive Bayes?,prompt10,dialog2079,analytics_deepseek-r1_1.5b_prompt10_dialog2079,analytics,0.0,0.0,0.0,0.0,0.0,0.0,0.0,0.0,0.0,0.0
deepseek-r1,1.5B,1_Классификаторы_KNN_и_наивный_байес,В чем разница между k-NN и взвешенным k-NN?,prompt10,dialog2080,analytics_deepseek-r1_1.5b_prompt10_dialog2080,analytics,0.0,0.0,0.0,0.0,0.0,0.0,0.0,0.0,0.0,0.0
deepseek-r1,1.5B,1_Классификаторы_KNN_и_наивный_байес,Вычисли вероятность спама для слова 'приз' из примера.,prompt10,dialog2081,analytics_deepseek-r1_1.5b_prompt10_dialog2081,analytics,0.0,0.0,0.0,0.0,0.0,0.0,0.0,0.0,0.0,0.0
deepseek-r1,1.5B,1_Классификаторы_KNN_и_наивный_байес,"Вычисли расстояние Евклида между (1,2) и (3,4).",prompt10,dialog2082,analytics_deepseek-r1_1.5b_prompt10_dialog2082,analytics,0.0,0.0,0.0,0.0,0.0,0.0,0.0,0.0,0.0,0.0
deepseek-r1,1.5B,1_Классификаторы_KNN_и_наивный_байес,"В примере с погодой, вычисли F(да) для теста.",prompt10,dialog2083,analytics_deepseek-r1_1.5b_prompt10_dialog2083,analytics,0.0,0.0,0.0,0.0,0.0,0.0,0.0,0.0,0.0,0.0
deepseek-r1,1.5B,1_Классификаторы_KNN_и_наивный_байес,"Вычисли P(да | пасмурно, холодно, влажно, да).",prompt10,dialog2084,analytics_deepseek-r1_1.5b_prompt10_dialog2084,analytics,0.0,0.0,0.0,0.0,0.0,0.0,0.0,0.0,0.0,0.0
deepseek-r1,1.5B,1_Классификаторы_KNN_и_наивный_байес,"В спам-примере, вычисли P(win|спам) с Laplace.",prompt10,dialog2085,analytics_deepseek-r1_1.5b_prompt10_dialog2085,analytics,0.0,0.0,0.0,0.0,0.0,0.0,0.0,0.0,0.0,0.0
deepseek-r1,1.5B,3. Инструменты обучения НС,Что такое autograd?,prompt10,dialog2086,analytics_deepseek-r1_1.5b_prompt10_dialog2086,analytics,0.0,0.0,0.0,0.0,0.0,0.0,0.0,0.0,0.0,0.0
deepseek-r1,1.5B,3. Инструменты обучения НС,Что такое TensorFlow?,prompt10,dialog2087,analytics_deepseek-r1_1.5b_prompt10_dialog2087,analytics,0.0,0.0,0.0,0.0,0.0,0.0,0.0,0.0,0.0,0.0
deepseek-r1,1.5B,3. Инструменты обучения НС,Что такое Keras?,prompt10,dialog2088,analytics_deepseek-r1_1.5b_prompt10_dialog2088,analytics,0.0,0.0,0.0,0.0,0.0,0.0,0.0,0.0,0.0,0.0
deepseek-r1,1.5B,3. Инструменты обучения НС,Что такое over-fitting?,prompt10,dialog2089,analytics_deepseek-r1_1.5b_prompt10_dialog2089,analytics,0.0,0.0,0.0,0.0,0.0,0.0,0.0,0.0,0.0,0.0
deepseek-r1,1.5B,3. Инструменты обучения НС,Что такое SGD?,prompt10,dialog2090,analytics_deepseek-r1_1.5b_prompt10_dialog2090,analytics,0.0,0.0,0.0,0.0,0.0,0.0,0.0,0.0,0.0,0.0
deepseek-r1,1.5B,3. Инструменты обучения НС,Что такое Momentum в оптимизации?,prompt10,dialog2091,analytics_deepseek-r1_1.5b_prompt10_dialog2091,analytics,0.0,0.0,0.0,0.0,0.0,0.0,0.0,0.0,0.0,0.0
deepseek-r1,1.5B,3. Инструменты обучения НС,Что такое Adam?,prompt10,dialog2092,analytics_deepseek-r1_1.5b_prompt10_dialog2092,analytics,0.0,0.0,0.0,0.0,0.0,0.0,0.0,0.0,0.0,0.0
deepseek-r1,1.5B,3. Инструменты обучения НС,Что такое learning rate?,prompt10,dialog2093,analytics_deepseek-r1_1.5b_prompt10_dialog2093,analytics,0.0,0.0,0.0,0.0,0.0,0.0,0.0,0.0,0.0,0.0
deepseek-r1,1.5B,3. Инструменты обучения НС,Что такое метод Ньютона?,prompt10,dialog2094,analytics_deepseek-r1_1.5b_prompt10_dialog2094,analytics,0.0,0.0,0.0,0.0,0.0,0.0,0.0,0.0,0.0,0.0
deepseek-r1,1.5B,3. Инструменты обучения НС,Что такое RMSProp?,prompt10,dialog2095,analytics_deepseek-r1_1.5b_prompt10_dialog2095,analytics,0.0,0.0,0.0,0.0,0.0,0.0,0.0,0.0,0.0,0.0
deepseek-r1,1.5B,3. Инструменты обучения НС,"Вычисли шаг в SGD для L(w)=w^2, w=3, η=0.1.",prompt10,dialog2096,analytics_deepseek-r1_1.5b_prompt10_dialog2096,analytics,0.0,0.0,0.0,0.0,0.0,0.0,0.0,0.0,0.0,0.0
deepseek-r1,1.5B,3. Инструменты обучения НС,"Вычисли v_t в Momentum: γ=0.9, v_{t-1}=1, ∇L=2, η=0.1.",prompt10,dialog2097,analytics_deepseek-r1_1.5b_prompt10_dialog2097,analytics,0.0,0.0,0.0,0.0,0.0,0.0,0.0,0.0,0.0,0.0
deepseek-r1,1.5B,3. Инструменты обучения НС,"В Adagrad, G_{t-1,ii}=4, g_t=2, η=0.1, ε=1e-8.",prompt10,dialog2098,analytics_deepseek-r1_1.5b_prompt10_dialog2098,analytics,0.0,0.0,0.0,0.0,0.0,0.0,0.0,0.0,0.0,0.0
deepseek-r1,1.5B,3. Инструменты обучения НС,"Вычисли learning rate decay: η0=0.1, t=5, T=10, linear.",prompt10,dialog2099,analytics_deepseek-r1_1.5b_prompt10_dialog2099,analytics,0.0,0.0,0.0,0.0,0.0,0.0,0.0,0.0,0.0,0.0
deepseek-r1,1.5B,3. Инструменты обучения НС,"В Nesterov, вычисли ∇ в ω - γ v_{t-1}: γ=0.9, v=1, ∇=2.",prompt10,dialog2100,analytics_deepseek-r1_1.5b_prompt10_dialog2100,analytics,0.0,0.0,0.0,0.0,0.0,0.0,0.0,0.0,0.0,0.0
deepseek-r1,1.5B,1_Классификаторы_KNN_и_наивный_байес,Что такое метод k-ближайших соседей?,prompt9,dialog2041,analytics_deepseek-r1_1.5b_prompt9_dialog2041,analytics,0.0,0.0,0.0,0.0,0.0,0.0,0.0,0.0,0.0,0.0
deepseek-r1,1.5B,1_Классификаторы_KNN_и_наивный_байес,Как выбрать количество соседей k в k-NN?,prompt9,dialog2042,analytics_deepseek-r1_1.5b_prompt9_dialog2042,analytics,0.0,0.0,0.0,0.0,0.0,0.0,0.0,0.0,0.0,0.0
deepseek-r1,1.5B,1_Классификаторы_KNN_и_наивный_байес,Что такое евклидова метрика?,prompt9,dialog2043,analytics_deepseek-r1_1.5b_prompt9_dialog2043,analytics,0.0,0.0,0.0,0.0,0.0,0.0,0.0,0.0,0.0,0.0
deepseek-r1,1.5B,1_Классификаторы_KNN_и_наивный_байес,В чем суть наивного байесовского классификатора?,prompt9,dialog2044,analytics_deepseek-r1_1.5b_prompt9_dialog2044,analytics,0.0,0.0,0.0,0.0,0.0,0.0,0.0,0.0,0.0,0.0
deepseek-r1,1.5B,1_Классификаторы_KNN_и_наивный_байес,Как работает сглаживание по Лапласу?,prompt9,dialog2045,analytics_deepseek-r1_1.5b_prompt9_dialog2045,analytics,0.0,0.0,0.0,0.0,0.0,0.0,0.0,0.0,0.0,0.0
deepseek-r1,1.5B,1_Классификаторы_KNN_и_наивный_байес,Что такое манхэттенское расстояние?,prompt9,dialog2046,analytics_deepseek-r1_1.5b_prompt9_dialog2046,analytics,0.0,0.0,0.0,0.0,0.0,0.0,0.0,0.0,0.0,0.0
deepseek-r1,1.5B,1_Классификаторы_KNN_и_наивный_байес,Как вычислить вероятность класса в Naive Bayes?,prompt9,dialog2047,analytics_deepseek-r1_1.5b_prompt9_dialog2047,analytics,0.0,0.0,0.0,0.0,0.0,0.0,0.0,0.0,0.0,0.0
deepseek-r1,1.5B,1_Классификаторы_KNN_и_наивный_байес,Что такое расстояние Чебышёва?,prompt9,dialog2048,analytics_deepseek-r1_1.5b_prompt9_dialog2048,analytics,0.0,0.0,0.0,0.0,0.0,0.0,0.0,0.0,0.0,0.0
deepseek-r1,1.5B,1_Классификаторы_KNN_и_наивный_байес,Как классифицировать письмо как спам в Naive Bayes?,prompt9,dialog2049,analytics_deepseek-r1_1.5b_prompt9_dialog2049,analytics,0.0,0.0,0.0,0.0,0.0,0.0,0.0,0.0,0.0,0.0
deepseek-r1,1.5B,1_Классификаторы_KNN_и_наивный_байес,В чем разница между k-NN и взвешенным k-NN?,prompt9,dialog2050,analytics_deepseek-r1_1.5b_prompt9_dialog2050,analytics,0.0,0.0,0.0,0.0,0.0,0.0,0.0,0.0,0.0,0.0
deepseek-r1,1.5B,1_Классификаторы_KNN_и_наивный_байес,Вычисли вероятность спама для слова 'приз' из примера.,prompt9,dialog2051,analytics_deepseek-r1_1.5b_prompt9_dialog2051,analytics,0.0,0.0,0.0,0.0,0.0,0.0,0.0,0.0,0.0,0.0
deepseek-r1,1.5B,1_Классификаторы_KNN_и_наивный_байес,"Вычисли расстояние Евклида между (1,2) и (3,4).",prompt9,dialog2052,analytics_deepseek-r1_1.5b_prompt9_dialog2052,analytics,0.0,0.0,0.0,0.0,0.0,0.0,0.0,0.0,0.0,0.0
deepseek-r1,1.5B,1_Классификаторы_KNN_и_наивный_байес,"В примере с погодой, вычисли F(да) для теста.",prompt9,dialog2053,analytics_deepseek-r1_1.5b_prompt9_dialog2053,analytics,0.0,0.0,0.0,0.0,0.0,0.0,0.0,0.0,0.0,0.0
deepseek-r1,1.5B,1_Классификаторы_KNN_и_наивный_байес,"Вычисли P(да | пасмурно, холодно, влажно, да).",prompt9,dialog2054,analytics_deepseek-r1_1.5b_prompt9_dialog2054,analytics,0.0,0.0,0.0,0.0,0.0,0.0,0.0,0.0,0.0,0.0
deepseek-r1,1.5B,1_Классификаторы_KNN_и_наивный_байес,"В спам-примере, вычисли P(win|спам) с Laplace.",prompt9,dialog2055,analytics_deepseek-r1_1.5b_prompt9_dialog2055,analytics,0.0,0.0,0.0,0.0,0.0,0.0,0.0,0.0,0.0,0.0
deepseek-r1,1.5B,3. Инструменты обучения НС,Что такое autograd?,prompt9,dialog2056,analytics_deepseek-r1_1.5b_prompt9_dialog2056,analytics,0.0,0.0,0.0,0.0,0.0,0.0,0.0,0.0,0.0,0.0
deepseek-r1,1.5B,3. Инструменты обучения НС,Что такое TensorFlow?,prompt9,dialog2057,analytics_deepseek-r1_1.5b_prompt9_dialog2057,analytics,0.0,0.0,0.0,0.0,0.0,0.0,0.0,0.0,0.0,0.0
deepseek-r1,1.5B,3. Инструменты обучения НС,Что такое Keras?,prompt9,dialog2058,analytics_deepseek-r1_1.5b_prompt9_dialog2058,analytics,0.0,0.0,0.0,0.0,0.0,0.0,0.0,0.0,0.0,0.0
deepseek-r1,1.5B,3. Инструменты обучения НС,Что такое over-fitting?,prompt9,dialog2059,analytics_deepseek-r1_1.5b_prompt9_dialog2059,analytics,0.0,0.0,0.0,0.0,0.0,0.0,0.0,0.0,0.0,0.0
deepseek-r1,1.5B,3. Инструменты обучения НС,Что такое SGD?,prompt9,dialog2060,analytics_deepseek-r1_1.5b_prompt9_dialog2060,analytics,0.0,0.0,0.0,0.0,0.0,0.0,0.0,0.0,0.0,0.0
deepseek-r1,1.5B,3. Инструменты обучения НС,Что такое Momentum в оптимизации?,prompt9,dialog2061,analytics_deepseek-r1_1.5b_prompt9_dialog2061,analytics,0.0,0.0,0.0,0.0,0.0,0.0,0.0,0.0,0.0,0.0
deepseek-r1,1.5B,3. Инструменты обучения НС,Что такое Adam?,prompt9,dialog2062,analytics_deepseek-r1_1.5b_prompt9_dialog2062,analytics,0.0,0.0,0.0,0.0,0.0,0.0,0.0,0.0,0.0,0.0
deepseek-r1,1.5B,3. Инструменты обучения НС,Что такое learning rate?,prompt9,dialog2063,analytics_deepseek-r1_1.5b_prompt9_dialog2063,analytics,0.0,0.0,0.0,0.0,0.0,0.0,0.0,0.0,0.0,0.0
deepseek-r1,1.5B,3. Инструменты обучения НС,Что такое метод Ньютона?,prompt9,dialog2064,analytics_deepseek-r1_1.5b_prompt9_dialog2064,analytics,0.0,0.0,0.0,0.0,0.0,0.0,0.0,0.0,0.0,0.0
deepseek-r1,1.5B,3. Инструменты обучения НС,Что такое RMSProp?,prompt9,dialog2065,analytics_deepseek-r1_1.5b_prompt9_dialog2065,analytics,0.0,0.0,0.0,0.0,0.0,0.0,0.0,0.0,0.0,0.0
deepseek-r1,1.5B,3. Инструменты обучения НС,"Вычисли шаг в SGD для L(w)=w^2, w=3, η=0.1.",prompt9,dialog2066,analytics_deepseek-r1_1.5b_prompt9_dialog2066,analytics,0.0,0.0,0.0,0.0,0.0,0.0,0.0,0.0,0.0,0.0
deepseek-r1,1.5B,3. Инструменты обучения НС,"Вычисли v_t в Momentum: γ=0.9, v_{t-1}=1, ∇L=2, η=0.1.",prompt9,dialog2067,analytics_deepseek-r1_1.5b_prompt9_dialog2067,analytics,0.0,0.0,0.0,0.0,0.0,0.0,0.0,0.0,0.0,0.0
deepseek-r1,1.5B,3. Инструменты обучения НС,"В Adagrad, G_{t-1,ii}=4, g_t=2, η=0.1, ε=1e-8.",prompt9,dialog2068,analytics_deepseek-r1_1.5b_prompt9_dialog2068,analytics,0.0,0.0,0.0,0.0,0.0,0.0,0.0,0.0,0.0,0.0
deepseek-r1,1.5B,3. Инструменты обучения НС,"Вычисли learning rate decay: η0=0.1, t=5, T=10, linear.",prompt9,dialog2069,analytics_deepseek-r1_1.5b_prompt9_dialog2069,analytics,0.0,0.0,0.0,0.0,0.0,0.0,0.0,0.0,0.0,0.0
deepseek-r1,1.5B,3. Инструменты обучения НС,"В Nesterov, вычисли ∇ в ω - γ v_{t-1}: γ=0.9, v=1, ∇=2.",prompt9,dialog2070,analytics_deepseek-r1_1.5b_prompt9_dialog2070,analytics,0.0,0.0,0.0,0.0,0.0,0.0,0.0,0.0,0.0,0.0
deepseek-r1,1.5B,1_Классификаторы_KNN_и_наивный_байес,Что такое метод k-ближайших соседей?,prompt7,dialog1981,analytics_deepseek-r1_1.5b_prompt7_dialog1981,analytics,0.0,0.0,0.0,0.0,0.0,0.0,0.0,0.0,0.0,0.0
deepseek-r1,1.5B,1_Классификаторы_KNN_и_наивный_байес,Как выбрать количество соседей k в k-NN?,prompt7,dialog1982,analytics_deepseek-r1_1.5b_prompt7_dialog1982,analytics,0.0,0.0,0.0,0.0,0.0,0.0,0.0,0.0,0.0,0.0
deepseek-r1,1.5B,1_Классификаторы_KNN_и_наивный_байес,Что такое евклидова метрика?,prompt7,dialog1983,analytics_deepseek-r1_1.5b_prompt7_dialog1983,analytics,0.0,0.0,0.0,0.0,0.0,0.0,0.0,0.0,0.0,0.0
deepseek-r1,1.5B,1_Классификаторы_KNN_и_наивный_байес,В чем суть наивного байесовского классификатора?,prompt7,dialog1984,analytics_deepseek-r1_1.5b_prompt7_dialog1984,analytics,0.0,0.0,0.0,0.0,0.0,0.0,0.0,0.0,0.0,0.0
deepseek-r1,1.5B,1_Классификаторы_KNN_и_наивный_байес,Как работает сглаживание по Лапласу?,prompt7,dialog1985,analytics_deepseek-r1_1.5b_prompt7_dialog1985,analytics,0.0,0.0,0.0,0.0,0.0,0.0,0.0,0.0,0.0,0.0
deepseek-r1,1.5B,1_Классификаторы_KNN_и_наивный_байес,Что такое манхэттенское расстояние?,prompt7,dialog1986,analytics_deepseek-r1_1.5b_prompt7_dialog1986,analytics,0.0,0.0,0.0,0.0,0.0,0.0,0.0,0.0,0.0,0.0
deepseek-r1,1.5B,1_Классификаторы_KNN_и_наивный_байес,Как вычислить вероятность класса в Naive Bayes?,prompt7,dialog1987,analytics_deepseek-r1_1.5b_prompt7_dialog1987,analytics,0.0,0.0,0.0,0.0,0.0,0.0,0.0,0.0,0.0,0.0
deepseek-r1,1.5B,1_Классификаторы_KNN_и_наивный_байес,Что такое расстояние Чебышёва?,prompt7,dialog1988,analytics_deepseek-r1_1.5b_prompt7_dialog1988,analytics,0.0,0.0,0.0,0.0,0.0,0.0,0.0,0.0,0.0,0.0
deepseek-r1,1.5B,1_Классификаторы_KNN_и_наивный_байес,Как классифицировать письмо как спам в Naive Bayes?,prompt7,dialog1989,analytics_deepseek-r1_1.5b_prompt7_dialog1989,analytics,0.0,0.0,0.0,0.0,0.0,0.0,0.0,0.0,0.0,0.0
deepseek-r1,1.5B,1_Классификаторы_KNN_и_наивный_байес,В чем разница между k-NN и взвешенным k-NN?,prompt7,dialog1990,analytics_deepseek-r1_1.5b_prompt7_dialog1990,analytics,0.0,0.0,0.0,0.0,0.0,0.0,0.0,0.0,0.0,0.0
deepseek-r1,1.5B,1_Классификаторы_KNN_и_наивный_байес,Вычисли вероятность спама для слова 'приз' из примера.,prompt7,dialog1991,analytics_deepseek-r1_1.5b_prompt7_dialog1991,analytics,0.0,0.0,0.0,0.0,0.0,0.0,0.0,0.0,0.0,0.0
deepseek-r1,1.5B,1_Классификаторы_KNN_и_наивный_байес,"Вычисли расстояние Евклида между (1,2) и (3,4).",prompt7,dialog1992,analytics_deepseek-r1_1.5b_prompt7_dialog1992,analytics,0.0,0.0,0.0,0.0,0.0,0.0,0.0,0.0,0.0,0.0
deepseek-r1,1.5B,1_Классификаторы_KNN_и_наивный_байес,"В примере с погодой, вычисли F(да) для теста.",prompt7,dialog1993,analytics_deepseek-r1_1.5b_prompt7_dialog1993,analytics,0.0,0.0,0.0,0.0,0.0,0.0,0.0,0.0,0.0,0.0
deepseek-r1,1.5B,1_Классификаторы_KNN_и_наивный_байес,"Вычисли P(да | пасмурно, холодно, влажно, да).",prompt7,dialog1994,analytics_deepseek-r1_1.5b_prompt7_dialog1994,analytics,0.0,0.0,0.0,0.0,0.0,0.0,0.0,0.0,0.0,0.0
deepseek-r1,1.5B,1_Классификаторы_KNN_и_наивный_байес,"В спам-примере, вычисли P(win|спам) с Laplace.",prompt7,dialog1995,analytics_deepseek-r1_1.5b_prompt7_dialog1995,analytics,0.0,0.0,0.0,0.0,0.0,0.0,0.0,0.0,0.0,0.0
deepseek-r1,1.5B,3. Инструменты обучения НС,Что такое autograd?,prompt7,dialog1996,analytics_deepseek-r1_1.5b_prompt7_dialog1996,analytics,0.0,0.0,0.0,0.0,0.0,0.0,0.0,0.0,0.0,0.0
deepseek-r1,1.5B,3. Инструменты обучения НС,Что такое TensorFlow?,prompt7,dialog1997,analytics_deepseek-r1_1.5b_prompt7_dialog1997,analytics,0.0,0.0,0.0,0.0,0.0,0.0,0.0,0.0,0.0,0.0
deepseek-r1,1.5B,3. Инструменты обучения НС,Что такое Keras?,prompt7,dialog1998,analytics_deepseek-r1_1.5b_prompt7_dialog1998,analytics,0.0,0.0,0.0,0.0,0.0,0.0,0.0,0.0,0.0,0.0
deepseek-r1,1.5B,3. Инструменты обучения НС,Что такое over-fitting?,prompt7,dialog1999,analytics_deepseek-r1_1.5b_prompt7_dialog1999,analytics,0.0,0.0,0.0,0.0,0.0,0.0,0.0,0.0,0.0,0.0
deepseek-r1,1.5B,3. Инструменты обучения НС,Что такое SGD?,prompt7,dialog2000,analytics_deepseek-r1_1.5b_prompt7_dialog2000,analytics,0.0,0.0,0.0,0.0,0.0,0.0,0.0,0.0,0.0,0.0
deepseek-r1,1.5B,3. Инструменты обучения НС,Что такое Momentum в оптимизации?,prompt7,dialog2001,analytics_deepseek-r1_1.5b_prompt7_dialog2001,analytics,0.0,0.0,0.0,0.0,0.0,0.0,0.0,0.0,0.0,0.0
deepseek-r1,1.5B,3. Инструменты обучения НС,Что такое Adam?,prompt7,dialog2002,analytics_deepseek-r1_1.5b_prompt7_dialog2002,analytics,0.0,0.0,0.0,0.0,0.0,0.0,0.0,0.0,0.0,0.0
deepseek-r1,1.5B,3. Инструменты обучения НС,Что такое learning rate?,prompt7,dialog2003,analytics_deepseek-r1_1.5b_prompt7_dialog2003,analytics,0.0,0.0,0.0,0.0,0.0,0.0,0.0,0.0,0.0,0.0
deepseek-r1,1.5B,3. Инструменты обучения НС,Что такое метод Ньютона?,prompt7,dialog2004,analytics_deepseek-r1_1.5b_prompt7_dialog2004,analytics,0.0,0.0,0.0,0.0,0.0,0.0,0.0,0.0,0.0,0.0
deepseek-r1,1.5B,3. Инструменты обучения НС,Что такое RMSProp?,prompt7,dialog2005,analytics_deepseek-r1_1.5b_prompt7_dialog2005,analytics,0.0,0.0,0.0,0.0,0.0,0.0,0.0,0.0,0.0,0.0
deepseek-r1,1.5B,3. Инструменты обучения НС,"Вычисли шаг в SGD для L(w)=w^2, w=3, η=0.1.",prompt7,dialog2006,analytics_deepseek-r1_1.5b_prompt7_dialog2006,analytics,0.0,0.0,0.0,0.0,0.0,0.0,0.0,0.0,0.0,0.0
deepseek-r1,1.5B,3. Инструменты обучения НС,"Вычисли v_t в Momentum: γ=0.9, v_{t-1}=1, ∇L=2, η=0.1.",prompt7,dialog2007,analytics_deepseek-r1_1.5b_prompt7_dialog2007,analytics,0.0,0.0,0.0,0.0,0.0,0.0,0.0,0.0,0.0,0.0
deepseek-r1,1.5B,3. Инструменты обучения НС,"В Adagrad, G_{t-1,ii}=4, g_t=2, η=0.1, ε=1e-8.",prompt7,dialog2008,analytics_deepseek-r1_1.5b_prompt7_dialog2008,analytics,0.0,0.0,0.0,0.0,0.0,0.0,0.0,0.0,0.0,0.0
deepseek-r1,1.5B,3. Инструменты обучения НС,"Вычисли learning rate decay: η0=0.1, t=5, T=10, linear.",prompt7,dialog2009,analytics_deepseek-r1_1.5b_prompt7_dialog2009,analytics,0.0,0.0,0.0,0.0,0.0,0.0,0.0,0.0,0.0,0.0
deepseek-r1,1.5B,3. Инструменты обучения НС,"В Nesterov, вычисли ∇ в ω - γ v_{t-1}: γ=0.9, v=1, ∇=2.",prompt7,dialog2010,analytics_deepseek-r1_1.5b_prompt7_dialog2010,analytics,0.0,0.0,0.0,0.0,0.0,0.0,0.0,0.0,0.0,0.0
deepseek-r1,1.5B,1_Классификаторы_KNN_и_наивный_байес,Что такое метод k-ближайших соседей?,prompt6,dialog1951,analytics_deepseek-r1_1.5b_prompt6_dialog1951,analytics,0.0,0.0,0.0,0.0,0.0,0.0,0.0,0.0,0.0,0.0
deepseek-r1,1.5B,1_Классификаторы_KNN_и_наивный_байес,Как выбрать количество соседей k в k-NN?,prompt6,dialog1952,analytics_deepseek-r1_1.5b_prompt6_dialog1952,analytics,0.0,0.0,0.0,0.0,0.0,0.0,0.0,0.0,0.0,0.0
deepseek-r1,1.5B,1_Классификаторы_KNN_и_наивный_байес,Что такое евклидова метрика?,prompt6,dialog1953,analytics_deepseek-r1_1.5b_prompt6_dialog1953,analytics,0.0,0.0,0.0,0.0,0.0,0.0,0.0,0.0,0.0,0.0
deepseek-r1,1.5B,1_Классификаторы_KNN_и_наивный_байес,В чем суть наивного байесовского классификатора?,prompt6,dialog1954,analytics_deepseek-r1_1.5b_prompt6_dialog1954,analytics,0.0,0.0,0.0,0.0,0.0,0.0,0.0,0.0,0.0,0.0
deepseek-r1,1.5B,1_Классификаторы_KNN_и_наивный_байес,Как работает сглаживание по Лапласу?,prompt6,dialog1955,analytics_deepseek-r1_1.5b_prompt6_dialog1955,analytics,0.0,0.0,0.0,0.0,0.0,0.0,0.0,0.0,0.0,0.0
deepseek-r1,1.5B,1_Классификаторы_KNN_и_наивный_байес,Что такое манхэттенское расстояние?,prompt6,dialog1956,analytics_deepseek-r1_1.5b_prompt6_dialog1956,analytics,0.0,0.0,0.0,0.0,0.0,0.0,0.0,0.0,0.0,0.0
deepseek-r1,1.5B,1_Классификаторы_KNN_и_наивный_байес,Как вычислить вероятность класса в Naive Bayes?,prompt6,dialog1957,analytics_deepseek-r1_1.5b_prompt6_dialog1957,analytics,0.0,0.0,0.0,0.0,0.0,0.0,0.0,0.0,0.0,0.0
deepseek-r1,1.5B,1_Классификаторы_KNN_и_наивный_байес,Что такое расстояние Чебышёва?,prompt6,dialog1958,analytics_deepseek-r1_1.5b_prompt6_dialog1958,analytics,0.0,0.0,0.0,0.0,0.0,0.0,0.0,0.0,0.0,0.0
deepseek-r1,1.5B,1_Классификаторы_KNN_и_наивный_байес,Как классифицировать письмо как спам в Naive Bayes?,prompt6,dialog1959,analytics_deepseek-r1_1.5b_prompt6_dialog1959,analytics,0.0,0.0,0.0,0.0,0.0,0.0,0.0,0.0,0.0,0.0
deepseek-r1,1.5B,1_Классификаторы_KNN_и_наивный_байес,В чем разница между k-NN и взвешенным k-NN?,prompt6,dialog1960,analytics_deepseek-r1_1.5b_prompt6_dialog1960,analytics,0.0,0.0,0.0,0.0,0.0,0.0,0.0,0.0,0.0,0.0
deepseek-r1,1.5B,1_Классификаторы_KNN_и_наивный_байес,Вычисли вероятность спама для слова 'приз' из примера.,prompt6,dialog1961,analytics_deepseek-r1_1.5b_prompt6_dialog1961,analytics,0.0,0.0,0.0,0.0,0.0,0.0,0.0,0.0,0.0,0.0
deepseek-r1,1.5B,1_Классификаторы_KNN_и_наивный_байес,"Вычисли расстояние Евклида между (1,2) и (3,4).",prompt6,dialog1962,analytics_deepseek-r1_1.5b_prompt6_dialog1962,analytics,0.0,0.0,0.0,0.0,0.0,0.0,0.0,0.0,0.0,0.0
deepseek-r1,1.5B,1_Классификаторы_KNN_и_наивный_байес,"В примере с погодой, вычисли F(да) для теста.",prompt6,dialog1963,analytics_deepseek-r1_1.5b_prompt6_dialog1963,analytics,0.0,0.0,0.0,0.0,0.0,0.0,0.0,0.0,0.0,0.0
deepseek-r1,1.5B,1_Классификаторы_KNN_и_наивный_байес,"Вычисли P(да | пасмурно, холодно, влажно, да).",prompt6,dialog1964,analytics_deepseek-r1_1.5b_prompt6_dialog1964,analytics,0.0,0.0,0.0,0.0,0.0,0.0,0.0,0.0,0.0,0.0
deepseek-r1,1.5B,1_Классификаторы_KNN_и_наивный_байес,"В спам-примере, вычисли P(win|спам) с Laplace.",prompt6,dialog1965,analytics_deepseek-r1_1.5b_prompt6_dialog1965,analytics,0.0,0.0,0.0,0.0,0.0,0.0,0.0,0.0,0.0,0.0
deepseek-r1,1.5B,3. Инструменты обучения НС,Что такое autograd?,prompt6,dialog1966,analytics_deepseek-r1_1.5b_prompt6_dialog1966,analytics,0.0,0.0,0.0,0.0,0.0,0.0,0.0,0.0,0.0,0.0
deepseek-r1,1.5B,3. Инструменты обучения НС,Что такое TensorFlow?,prompt6,dialog1967,analytics_deepseek-r1_1.5b_prompt6_dialog1967,analytics,0.0,0.0,0.0,0.0,0.0,0.0,0.0,0.0,0.0,0.0
deepseek-r1,1.5B,3. Инструменты обучения НС,Что такое Keras?,prompt6,dialog1968,analytics_deepseek-r1_1.5b_prompt6_dialog1968,analytics,0.0,0.0,0.0,0.0,0.0,0.0,0.0,0.0,0.0,0.0
deepseek-r1,1.5B,3. Инструменты обучения НС,Что такое over-fitting?,prompt6,dialog1969,analytics_deepseek-r1_1.5b_prompt6_dialog1969,analytics,0.0,0.0,0.0,0.0,0.0,0.0,0.0,0.0,0.0,0.0
deepseek-r1,1.5B,3. Инструменты обучения НС,Что такое SGD?,prompt6,dialog1970,analytics_deepseek-r1_1.5b_prompt6_dialog1970,analytics,0.0,0.0,0.0,0.0,0.0,0.0,0.0,0.0,0.0,0.0
deepseek-r1,1.5B,3. Инструменты обучения НС,Что такое Momentum в оптимизации?,prompt6,dialog1971,analytics_deepseek-r1_1.5b_prompt6_dialog1971,analytics,0.0,0.0,0.0,0.0,0.0,0.0,0.0,0.0,0.0,0.0
deepseek-r1,1.5B,3. Инструменты обучения НС,Что такое Adam?,prompt6,dialog1972,analytics_deepseek-r1_1.5b_prompt6_dialog1972,analytics,0.0,0.0,0.0,0.0,0.0,0.0,0.0,0.0,0.0,0.0
deepseek-r1,1.5B,3. Инструменты обучения НС,Что такое learning rate?,prompt6,dialog1973,analytics_deepseek-r1_1.5b_prompt6_dialog1973,analytics,0.0,0.0,0.0,0.0,0.0,0.0,0.0,0.0,0.0,0.0
deepseek-r1,1.5B,3. Инструменты обучения НС,Что такое метод Ньютона?,prompt6,dialog1974,analytics_deepseek-r1_1.5b_prompt6_dialog1974,analytics,0.0,0.0,0.0,0.0,0.0,0.0,0.0,0.0,0.0,0.0
deepseek-r1,1.5B,3. Инструменты обучения НС,Что такое RMSProp?,prompt6,dialog1975,analytics_deepseek-r1_1.5b_prompt6_dialog1975,analytics,0.0,0.0,0.0,0.0,0.0,0.0,0.0,0.0,0.0,0.0
deepseek-r1,1.5B,3. Инструменты обучения НС,"Вычисли шаг в SGD для L(w)=w^2, w=3, η=0.1.",prompt6,dialog1976,analytics_deepseek-r1_1.5b_prompt6_dialog1976,analytics,0.0,0.0,0.0,0.0,0.0,0.0,0.0,0.0,0.0,0.0
deepseek-r1,1.5B,3. Инструменты обучения НС,"Вычисли v_t в Momentum: γ=0.9, v_{t-1}=1, ∇L=2, η=0.1.",prompt6,dialog1977,analytics_deepseek-r1_1.5b_prompt6_dialog1977,analytics,0.0,0.0,0.0,0.0,0.0,0.0,0.0,0.0,0.0,0.0
deepseek-r1,1.5B,3. Инструменты обучения НС,"В Adagrad, G_{t-1,ii}=4, g_t=2, η=0.1, ε=1e-8.",prompt6,dialog1978,analytics_deepseek-r1_1.5b_prompt6_dialog1978,analytics,0.0,0.0,0.0,0.0,0.0,0.0,0.0,0.0,0.0,0.0
deepseek-r1,1.5B,3. Инструменты обучения НС,"Вычисли learning rate decay: η0=0.1, t=5, T=10, linear.",prompt6,dialog1979,analytics_deepseek-r1_1.5b_prompt6_dialog1979,analytics,0.0,0.0,0.0,0.0,0.0,0.0,0.0,0.0,0.0,0.0
deepseek-r1,1.5B,3. Инструменты обучения НС,"В Nesterov, вычисли ∇ в ω - γ v_{t-1}: γ=0.9, v=1, ∇=2.",prompt6,dialog1980,analytics_deepseek-r1_1.5b_prompt6_dialog1980,analytics,0.0,0.0,0.0,0.0,0.0,0.0,0.0,0.0,0.0,0.0
deepseek-r1,1.5B,1_Классификаторы_KNN_и_наивный_байес,Что такое метод k-ближайших соседей?,prompt1,dialog1801,analytics_deepseek-r1_1.5b_prompt1_dialog1801,analytics,0.0,0.0,0.0,0.0,0.0,0.0,0.0,0.0,0.0,0.0
deepseek-r1,1.5B,1_Классификаторы_KNN_и_наивный_байес,Как выбрать количество соседей k в k-NN?,prompt1,dialog1802,analytics_deepseek-r1_1.5b_prompt1_dialog1802,analytics,0.0,0.0,0.0,0.0,0.0,0.0,0.0,0.0,0.0,0.0
deepseek-r1,1.5B,1_Классификаторы_KNN_и_наивный_байес,Что такое евклидова метрика?,prompt1,dialog1803,analytics_deepseek-r1_1.5b_prompt1_dialog1803,analytics,0.0,0.0,0.0,0.0,0.0,0.0,0.0,0.0,0.0,0.0
deepseek-r1,1.5B,1_Классификаторы_KNN_и_наивный_байес,В чем суть наивного байесовского классификатора?,prompt1,dialog1804,analytics_deepseek-r1_1.5b_prompt1_dialog1804,analytics,0.0,0.0,0.0,0.0,0.0,0.0,0.0,0.0,0.0,0.0
deepseek-r1,1.5B,1_Классификаторы_KNN_и_наивный_байес,Как работает сглаживание по Лапласу?,prompt1,dialog1805,analytics_deepseek-r1_1.5b_prompt1_dialog1805,analytics,0.0,0.0,0.0,0.0,0.0,0.0,0.0,0.0,0.0,0.0
deepseek-r1,1.5B,1_Классификаторы_KNN_и_наивный_байес,Что такое манхэттенское расстояние?,prompt1,dialog1806,analytics_deepseek-r1_1.5b_prompt1_dialog1806,analytics,0.0,0.0,0.0,0.0,0.0,0.0,0.0,0.0,0.0,0.0
deepseek-r1,1.5B,1_Классификаторы_KNN_и_наивный_байес,Как вычислить вероятность класса в Naive Bayes?,prompt1,dialog1807,analytics_deepseek-r1_1.5b_prompt1_dialog1807,analytics,0.0,0.0,0.0,0.0,0.0,0.0,0.0,0.0,0.0,0.0
deepseek-r1,1.5B,1_Классификаторы_KNN_и_наивный_байес,Что такое расстояние Чебышёва?,prompt1,dialog1808,analytics_deepseek-r1_1.5b_prompt1_dialog1808,analytics,0.0,0.0,0.0,0.0,0.0,0.0,0.0,0.0,0.0,0.0
deepseek-r1,1.5B,1_Классификаторы_KNN_и_наивный_байес,Как классифицировать письмо как спам в Naive Bayes?,prompt1,dialog1809,analytics_deepseek-r1_1.5b_prompt1_dialog1809,analytics,0.0,0.0,0.0,0.0,0.0,0.0,0.0,0.0,0.0,0.0
deepseek-r1,1.5B,1_Классификаторы_KNN_и_наивный_байес,В чем разница между k-NN и взвешенным k-NN?,prompt1,dialog1810,analytics_deepseek-r1_1.5b_prompt1_dialog1810,analytics,0.0,0.0,0.0,0.0,0.0,0.0,0.0,0.0,0.0,0.0
deepseek-r1,1.5B,1_Классификаторы_KNN_и_наивный_байес,Вычисли вероятность спама для слова 'приз' из примера.,prompt1,dialog1811,analytics_deepseek-r1_1.5b_prompt1_dialog1811,analytics,0.0,0.0,0.0,0.0,0.0,0.0,0.0,0.0,0.0,0.0
deepseek-r1,1.5B,1_Классификаторы_KNN_и_наивный_байес,"Вычисли расстояние Евклида между (1,2) и (3,4).",prompt1,dialog1812,analytics_deepseek-r1_1.5b_prompt1_dialog1812,analytics,0.0,0.0,0.0,0.0,0.0,0.0,0.0,0.0,0.0,0.0
deepseek-r1,1.5B,1_Классификаторы_KNN_и_наивный_байес,"В примере с погодой, вычисли F(да) для теста.",prompt1,dialog1813,analytics_deepseek-r1_1.5b_prompt1_dialog1813,analytics,0.0,0.0,0.0,0.0,0.0,0.0,0.0,0.0,0.0,0.0
deepseek-r1,1.5B,1_Классификаторы_KNN_и_наивный_байес,"Вычисли P(да | пасмурно, холодно, влажно, да).",prompt1,dialog1814,analytics_deepseek-r1_1.5b_prompt1_dialog1814,analytics,0.0,0.0,0.0,0.0,0.0,0.0,0.0,0.0,0.0,0.0
deepseek-r1,1.5B,1_Классификаторы_KNN_и_наивный_байес,"В спам-примере, вычисли P(win|спам) с Laplace.",prompt1,dialog1815,analytics_deepseek-r1_1.5b_prompt1_dialog1815,analytics,0.0,0.0,0.0,0.0,0.0,0.0,0.0,0.0,0.0,0.0
deepseek-r1,1.5B,3. Инструменты обучения НС,Что такое autograd?,prompt1,dialog1816,analytics_deepseek-r1_1.5b_prompt1_dialog1816,analytics,0.0,0.0,0.0,0.0,0.0,0.0,0.0,0.0,0.0,0.0
deepseek-r1,1.5B,3. Инструменты обучения НС,Что такое TensorFlow?,prompt1,dialog1817,analytics_deepseek-r1_1.5b_prompt1_dialog1817,analytics,0.0,0.0,0.0,0.0,0.0,0.0,0.0,0.0,0.0,0.0
deepseek-r1,1.5B,3. Инструменты обучения НС,Что такое Keras?,prompt1,dialog1818,analytics_deepseek-r1_1.5b_prompt1_dialog1818,analytics,0.0,0.0,0.0,0.0,0.0,0.0,0.0,0.0,0.0,0.0
deepseek-r1,1.5B,3. Инструменты обучения НС,Что такое over-fitting?,prompt1,dialog1819,analytics_deepseek-r1_1.5b_prompt1_dialog1819,analytics,0.0,0.0,0.0,0.0,0.0,0.0,0.0,0.0,0.0,0.0
deepseek-r1,1.5B,3. Инструменты обучения НС,Что такое SGD?,prompt1,dialog1820,analytics_deepseek-r1_1.5b_prompt1_dialog1820,analytics,0.0,0.0,0.0,0.0,0.0,0.0,0.0,0.0,0.0,0.0
deepseek-r1,1.5B,3. Инструменты обучения НС,Что такое Momentum в оптимизации?,prompt1,dialog1821,analytics_deepseek-r1_1.5b_prompt1_dialog1821,analytics,0.0,0.0,0.0,0.0,0.0,0.0,0.0,0.0,0.0,0.0
deepseek-r1,1.5B,3. Инструменты обучения НС,Что такое Adam?,prompt1,dialog1822,analytics_deepseek-r1_1.5b_prompt1_dialog1822,analytics,0.0,0.0,0.0,0.0,0.0,0.0,0.0,0.0,0.0,0.0
deepseek-r1,1.5B,3. Инструменты обучения НС,Что такое learning rate?,prompt1,dialog1823,analytics_deepseek-r1_1.5b_prompt1_dialog1823,analytics,0.0,0.0,0.0,0.0,0.0,0.0,0.0,0.0,0.0,0.0
deepseek-r1,1.5B,3. Инструменты обучения НС,Что такое метод Ньютона?,prompt1,dialog1824,analytics_deepseek-r1_1.5b_prompt1_dialog1824,analytics,0.0,0.0,0.0,0.0,0.0,0.0,0.0,0.0,0.0,0.0
deepseek-r1,1.5B,3. Инструменты обучения НС,Что такое RMSProp?,prompt1,dialog1825,analytics_deepseek-r1_1.5b_prompt1_dialog1825,analytics,0.0,0.0,0.0,0.0,0.0,0.0,0.0,0.0,0.0,0.0
deepseek-r1,1.5B,3. Инструменты обучения НС,"Вычисли шаг в SGD для L(w)=w^2, w=3, η=0.1.",prompt1,dialog1826,analytics_deepseek-r1_1.5b_prompt1_dialog1826,analytics,0.0,0.0,0.0,0.0,0.0,0.0,0.0,0.0,0.0,0.0
deepseek-r1,1.5B,3. Инструменты обучения НС,"Вычисли v_t в Momentum: γ=0.9, v_{t-1}=1, ∇L=2, η=0.1.",prompt1,dialog1827,analytics_deepseek-r1_1.5b_prompt1_dialog1827,analytics,0.0,0.0,0.0,0.0,0.0,0.0,0.0,0.0,0.0,0.0
deepseek-r1,1.5B,3. Инструменты обучения НС,"В Adagrad, G_{t-1,ii}=4, g_t=2, η=0.1, ε=1e-8.",prompt1,dialog1828,analytics_deepseek-r1_1.5b_prompt1_dialog1828,analytics,0.0,0.0,0.0,0.0,0.0,0.0,0.0,0.0,0.0,0.0
deepseek-r1,1.5B,3. Инструменты обучения НС,"Вычисли learning rate decay: η0=0.1, t=5, T=10, linear.",prompt1,dialog1829,analytics_deepseek-r1_1.5b_prompt1_dialog1829,analytics,0.0,0.0,0.0,0.0,0.0,0.0,0.0,0.0,0.0,0.0
deepseek-r1,1.5B,3. Инструменты обучения НС,"В Nesterov, вычисли ∇ в ω - γ v_{t-1}: γ=0.9, v=1, ∇=2.",prompt1,dialog1830,analytics_deepseek-r1_1.5b_prompt1_dialog1830,analytics,0.0,0.0,0.0,0.0,0.0,0.0,0.0,0.0,0.0,0.0
deepseek-r1,1.5B,1_Классификаторы_KNN_и_наивный_байес,Что такое метод k-ближайших соседей?,prompt8,dialog2011,analytics_deepseek-r1_1.5b_prompt8_dialog2011,analytics,0.0,0.0,0.0,0.0,0.0,0.0,0.0,0.0,0.0,0.0
deepseek-r1,1.5B,1_Классификаторы_KNN_и_наивный_байес,Как выбрать количество соседей k в k-NN?,prompt8,dialog2012,analytics_deepseek-r1_1.5b_prompt8_dialog2012,analytics,0.0,0.0,0.0,0.0,0.0,0.0,0.0,0.0,0.0,0.0
deepseek-r1,1.5B,1_Классификаторы_KNN_и_наивный_байес,Что такое евклидова метрика?,prompt8,dialog2013,analytics_deepseek-r1_1.5b_prompt8_dialog2013,analytics,0.0,0.0,0.0,0.0,0.0,0.0,0.0,0.0,0.0,0.0
deepseek-r1,1.5B,1_Классификаторы_KNN_и_наивный_байес,В чем суть наивного байесовского классификатора?,prompt8,dialog2014,analytics_deepseek-r1_1.5b_prompt8_dialog2014,analytics,0.0,0.0,0.0,0.0,0.0,0.0,0.0,0.0,0.0,0.0
deepseek-r1,1.5B,1_Классификаторы_KNN_и_наивный_байес,Как работает сглаживание по Лапласу?,prompt8,dialog2015,analytics_deepseek-r1_1.5b_prompt8_dialog2015,analytics,0.0,0.0,0.0,0.0,0.0,0.0,0.0,0.0,0.0,0.0
deepseek-r1,1.5B,1_Классификаторы_KNN_и_наивный_байес,Что такое манхэттенское расстояние?,prompt8,dialog2016,analytics_deepseek-r1_1.5b_prompt8_dialog2016,analytics,0.0,0.0,0.0,0.0,0.0,0.0,0.0,0.0,0.0,0.0
deepseek-r1,1.5B,1_Классификаторы_KNN_и_наивный_байес,Как вычислить вероятность класса в Naive Bayes?,prompt8,dialog2017,analytics_deepseek-r1_1.5b_prompt8_dialog2017,analytics,0.0,0.0,0.0,0.0,0.0,0.0,0.0,0.0,0.0,0.0
deepseek-r1,1.5B,1_Классификаторы_KNN_и_наивный_байес,Что такое расстояние Чебышёва?,prompt8,dialog2018,analytics_deepseek-r1_1.5b_prompt8_dialog2018,analytics,0.0,0.0,0.0,0.0,0.0,0.0,0.0,0.0,0.0,0.0
deepseek-r1,1.5B,1_Классификаторы_KNN_и_наивный_байес,Как классифицировать письмо как спам в Naive Bayes?,prompt8,dialog2019,analytics_deepseek-r1_1.5b_prompt8_dialog2019,analytics,0.0,0.0,0.0,0.0,0.0,0.0,0.0,0.0,0.0,0.0
deepseek-r1,1.5B,1_Классификаторы_KNN_и_наивный_байес,В чем разница между k-NN и взвешенным k-NN?,prompt8,dialog2020,analytics_deepseek-r1_1.5b_prompt8_dialog2020,analytics,0.0,0.0,0.0,0.0,0.0,0.0,0.0,0.0,0.0,0.0
deepseek-r1,1.5B,1_Классификаторы_KNN_и_наивный_байес,Вычисли вероятность спама для слова 'приз' из примера.,prompt8,dialog2021,analytics_deepseek-r1_1.5b_prompt8_dialog2021,analytics,0.0,0.0,0.0,0.0,0.0,0.0,0.0,0.0,0.0,0.0
deepseek-r1,1.5B,1_Классификаторы_KNN_и_наивный_байес,"Вычисли расстояние Евклида между (1,2) и (3,4).",prompt8,dialog2022,analytics_deepseek-r1_1.5b_prompt8_dialog2022,analytics,0.0,0.0,0.0,0.0,0.0,0.0,0.0,0.0,0.0,0.0
deepseek-r1,1.5B,1_Классификаторы_KNN_и_наивный_байес,"В примере с погодой, вычисли F(да) для теста.",prompt8,dialog2023,analytics_deepseek-r1_1.5b_prompt8_dialog2023,analytics,0.0,0.0,0.0,0.0,0.0,0.0,0.0,0.0,0.0,0.0
deepseek-r1,1.5B,1_Классификаторы_KNN_и_наивный_байес,"Вычисли P(да | пасмурно, холодно, влажно, да).",prompt8,dialog2024,analytics_deepseek-r1_1.5b_prompt8_dialog2024,analytics,0.0,0.0,0.0,0.0,0.0,0.0,0.0,0.0,0.0,0.0
deepseek-r1,1.5B,1_Классификаторы_KNN_и_наивный_байес,"В спам-примере, вычисли P(win|спам) с Laplace.",prompt8,dialog2025,analytics_deepseek-r1_1.5b_prompt8_dialog2025,analytics,0.0,0.0,0.0,0.0,0.0,0.0,0.0,0.0,0.0,0.0
deepseek-r1,1.5B,3. Инструменты обучения НС,Что такое autograd?,prompt8,dialog2026,analytics_deepseek-r1_1.5b_prompt8_dialog2026,analytics,0.0,0.0,0.0,0.0,0.0,0.0,0.0,0.0,0.0,0.0
deepseek-r1,1.5B,3. Инструменты обучения НС,Что такое TensorFlow?,prompt8,dialog2027,analytics_deepseek-r1_1.5b_prompt8_dialog2027,analytics,0.0,0.0,0.0,0.0,0.0,0.0,0.0,0.0,0.0,0.0
deepseek-r1,1.5B,3. Инструменты обучения НС,Что такое Keras?,prompt8,dialog2028,analytics_deepseek-r1_1.5b_prompt8_dialog2028,analytics,0.0,0.0,0.0,0.0,0.0,0.0,0.0,0.0,0.0,0.0
deepseek-r1,1.5B,3. Инструменты обучения НС,Что такое over-fitting?,prompt8,dialog2029,analytics_deepseek-r1_1.5b_prompt8_dialog2029,analytics,0.0,0.0,0.0,0.0,0.0,0.0,0.0,0.0,0.0,0.0
deepseek-r1,1.5B,3. Инструменты обучения НС,Что такое SGD?,prompt8,dialog2030,analytics_deepseek-r1_1.5b_prompt8_dialog2030,analytics,0.0,0.0,0.0,0.0,0.0,0.0,0.0,0.0,0.0,0.0
deepseek-r1,1.5B,3. Инструменты обучения НС,Что такое Momentum в оптимизации?,prompt8,dialog2031,analytics_deepseek-r1_1.5b_prompt8_dialog2031,analytics,0.0,0.0,0.0,0.0,0.0,0.0,0.0,0.0,0.0,0.0
deepseek-r1,1.5B,3. Инструменты обучения НС,Что такое Adam?,prompt8,dialog2032,analytics_deepseek-r1_1.5b_prompt8_dialog2032,analytics,0.0,0.0,0.0,0.0,0.0,0.0,0.0,0.0,0.0,0.0
deepseek-r1,1.5B,3. Инструменты обучения НС,Что такое learning rate?,prompt8,dialog2033,analytics_deepseek-r1_1.5b_prompt8_dialog2033,analytics,0.0,0.0,0.0,0.0,0.0,0.0,0.0,0.0,0.0,0.0
deepseek-r1,1.5B,3. Инструменты обучения НС,Что такое метод Ньютона?,prompt8,dialog2034,analytics_deepseek-r1_1.5b_prompt8_dialog2034,analytics,0.0,0.0,0.0,0.0,0.0,0.0,0.0,0.0,0.0,0.0
deepseek-r1,1.5B,3. Инструменты обучения НС,Что такое RMSProp?,prompt8,dialog2035,analytics_deepseek-r1_1.5b_prompt8_dialog2035,analytics,0.0,0.0,0.0,0.0,0.0,0.0,0.0,0.0,0.0,0.0
deepseek-r1,1.5B,3. Инструменты обучения НС,"Вычисли шаг в SGD для L(w)=w^2, w=3, η=0.1.",prompt8,dialog2036,analytics_deepseek-r1_1.5b_prompt8_dialog2036,analytics,0.0,0.0,0.0,0.0,0.0,0.0,0.0,0.0,0.0,0.0
deepseek-r1,1.5B,3. Инструменты обучения НС,"Вычисли v_t в Momentum: γ=0.9, v_{t-1}=1, ∇L=2, η=0.1.",prompt8,dialog2037,analytics_deepseek-r1_1.5b_prompt8_dialog2037,analytics,0.0,0.0,0.0,0.0,0.0,0.0,0.0,0.0,0.0,0.0
deepseek-r1,1.5B,3. Инструменты обучения НС,"В Adagrad, G_{t-1,ii}=4, g_t=2, η=0.1, ε=1e-8.",prompt8,dialog2038,analytics_deepseek-r1_1.5b_prompt8_dialog2038,analytics,0.0,0.0,0.0,0.0,0.0,0.0,0.0,0.0,0.0,0.0
deepseek-r1,1.5B,3. Инструменты обучения НС,"Вычисли learning rate decay: η0=0.1, t=5, T=10, linear.",prompt8,dialog2039,analytics_deepseek-r1_1.5b_prompt8_dialog2039,analytics,0.0,0.0,0.0,0.0,0.0,0.0,0.0,0.0,0.0,0.0
deepseek-r1,1.5B,3. Инструменты обучения НС,"В Nesterov, вычисли ∇ в ω - γ v_{t-1}: γ=0.9, v=1, ∇=2.",prompt8,dialog2040,analytics_deepseek-r1_1.5b_prompt8_dialog2040,analytics,0.0,0.0,0.0,0.0,0.0,0.0,0.0,0.0,0.0,0.0
deepseek-r1,1.5B,1_Классификаторы_KNN_и_наивный_байес,Что такое метод k-ближайших соседей?,prompt11,dialog2101,analytics_deepseek-r1_1.5b_prompt11_dialog2101,analytics,0.0,0.0,0.0,0.0,0.0,0.0,0.0,0.0,0.0,0.0
deepseek-r1,1.5B,1_Классификаторы_KNN_и_наивный_байес,Как выбрать количество соседей k в k-NN?,prompt11,dialog2102,analytics_deepseek-r1_1.5b_prompt11_dialog2102,analytics,0.0,0.0,0.0,0.0,0.0,0.0,0.0,0.0,0.0,0.0
deepseek-r1,1.5B,1_Классификаторы_KNN_и_наивный_байес,Что такое евклидова метрика?,prompt11,dialog2103,analytics_deepseek-r1_1.5b_prompt11_dialog2103,analytics,0.0,0.0,0.0,0.0,0.0,0.0,0.0,0.0,0.0,0.0
deepseek-r1,1.5B,1_Классификаторы_KNN_и_наивный_байес,В чем суть наивного байесовского классификатора?,prompt11,dialog2104,analytics_deepseek-r1_1.5b_prompt11_dialog2104,analytics,0.0,0.0,0.0,0.0,0.0,0.0,0.0,0.0,0.0,0.0
deepseek-r1,1.5B,1_Классификаторы_KNN_и_наивный_байес,Как работает сглаживание по Лапласу?,prompt11,dialog2105,analytics_deepseek-r1_1.5b_prompt11_dialog2105,analytics,0.0,0.0,0.0,0.0,0.0,0.0,0.0,0.0,0.0,0.0
deepseek-r1,1.5B,1_Классификаторы_KNN_и_наивный_байес,Что такое манхэттенское расстояние?,prompt11,dialog2106,analytics_deepseek-r1_1.5b_prompt11_dialog2106,analytics,0.0,0.0,0.0,0.0,0.0,0.0,0.0,0.0,0.0,0.0
deepseek-r1,1.5B,1_Классификаторы_KNN_и_наивный_байес,Как вычислить вероятность класса в Naive Bayes?,prompt11,dialog2107,analytics_deepseek-r1_1.5b_prompt11_dialog2107,analytics,0.0,0.0,0.0,0.0,0.0,0.0,0.0,0.0,0.0,0.0
deepseek-r1,1.5B,1_Классификаторы_KNN_и_наивный_байес,Что такое расстояние Чебышёва?,prompt11,dialog2108,analytics_deepseek-r1_1.5b_prompt11_dialog2108,analytics,0.0,0.0,0.0,0.0,0.0,0.0,0.0,0.0,0.0,0.0
deepseek-r1,1.5B,1_Классификаторы_KNN_и_наивный_байес,Как классифицировать письмо как спам в Naive Bayes?,prompt11,dialog2109,analytics_deepseek-r1_1.5b_prompt11_dialog2109,analytics,0.0,0.0,0.0,0.0,0.0,0.0,0.0,0.0,0.0,0.0
deepseek-r1,1.5B,1_Классификаторы_KNN_и_наивный_байес,В чем разница между k-NN и взвешенным k-NN?,prompt11,dialog2110,analytics_deepseek-r1_1.5b_prompt11_dialog2110,analytics,0.0,0.0,0.0,0.0,0.0,0.0,0.0,0.0,0.0,0.0
deepseek-r1,1.5B,1_Классификаторы_KNN_и_наивный_байес,Вычисли вероятность спама для слова 'приз' из примера.,prompt11,dialog2111,analytics_deepseek-r1_1.5b_prompt11_dialog2111,analytics,0.0,0.0,0.0,0.0,0.0,0.0,0.0,0.0,0.0,0.0
deepseek-r1,1.5B,1_Классификаторы_KNN_и_наивный_байес,"Вычисли расстояние Евклида между (1,2) и (3,4).",prompt11,dialog2112,analytics_deepseek-r1_1.5b_prompt11_dialog2112,analytics,0.0,0.0,0.0,0.0,0.0,0.0,0.0,0.0,0.0,0.0
deepseek-r1,1.5B,1_Классификаторы_KNN_и_наивный_байес,"В примере с погодой, вычисли F(да) для теста.",prompt11,dialog2113,analytics_deepseek-r1_1.5b_prompt11_dialog2113,analytics,0.0,0.0,0.0,0.0,0.0,0.0,0.0,0.0,0.0,0.0
deepseek-r1,1.5B,1_Классификаторы_KNN_и_наивный_байес,"Вычисли P(да | пасмурно, холодно, влажно, да).",prompt11,dialog2114,analytics_deepseek-r1_1.5b_prompt11_dialog2114,analytics,0.0,0.0,0.0,0.0,0.0,0.0,0.0,0.0,0.0,0.0
deepseek-r1,1.5B,1_Классификаторы_KNN_и_наивный_байес,"В спам-примере, вычисли P(win|спам) с Laplace.",prompt11,dialog2115,analytics_deepseek-r1_1.5b_prompt11_dialog2115,analytics,0.0,0.0,0.0,0.0,0.0,0.0,0.0,0.0,0.0,0.0
deepseek-r1,1.5B,3. Инструменты обучения НС,Что такое autograd?,prompt11,dialog2116,analytics_deepseek-r1_1.5b_prompt11_dialog2116,analytics,0.0,0.0,0.0,0.0,0.0,0.0,0.0,0.0,0.0,0.0
deepseek-r1,1.5B,3. Инструменты обучения НС,Что такое TensorFlow?,prompt11,dialog2117,analytics_deepseek-r1_1.5b_prompt11_dialog2117,analytics,0.0,0.0,0.0,0.0,0.0,0.0,0.0,0.0,0.0,0.0
deepseek-r1,1.5B,3. Инструменты обучения НС,Что такое Keras?,prompt11,dialog2118,analytics_deepseek-r1_1.5b_prompt11_dialog2118,analytics,0.0,0.0,0.0,0.0,0.0,0.0,0.0,0.0,0.0,0.0
deepseek-r1,1.5B,3. Инструменты обучения НС,Что такое over-fitting?,prompt11,dialog2119,analytics_deepseek-r1_1.5b_prompt11_dialog2119,analytics,0.0,0.0,0.0,0.0,0.0,0.0,0.0,0.0,0.0,0.0
deepseek-r1,1.5B,3. Инструменты обучения НС,Что такое SGD?,prompt11,dialog2120,analytics_deepseek-r1_1.5b_prompt11_dialog2120,analytics,0.0,0.0,0.0,0.0,0.0,0.0,0.0,0.0,0.0,0.0
deepseek-r1,1.5B,3. Инструменты обучения НС,Что такое Momentum в оптимизации?,prompt11,dialog2121,analytics_deepseek-r1_1.5b_prompt11_dialog2121,analytics,0.0,0.0,0.0,0.0,0.0,0.0,0.0,0.0,0.0,0.0
deepseek-r1,1.5B,3. Инструменты обучения НС,Что такое Adam?,prompt11,dialog2122,analytics_deepseek-r1_1.5b_prompt11_dialog2122,analytics,0.0,0.0,0.0,0.0,0.0,0.0,0.0,0.0,0.0,0.0
deepseek-r1,1.5B,3. Инструменты обучения НС,Что такое learning rate?,prompt11,dialog2123,analytics_deepseek-r1_1.5b_prompt11_dialog2123,analytics,0.0,0.0,0.0,0.0,0.0,0.0,0.0,0.0,0.0,0.0
deepseek-r1,1.5B,3. Инструменты обучения НС,Что такое метод Ньютона?,prompt11,dialog2124,analytics_deepseek-r1_1.5b_prompt11_dialog2124,analytics,0.0,0.0,0.0,0.0,0.0,0.0,0.0,0.0,0.0,0.0
deepseek-r1,1.5B,3. Инструменты обучения НС,Что такое RMSProp?,prompt11,dialog2125,analytics_deepseek-r1_1.5b_prompt11_dialog2125,analytics,0.0,0.0,0.0,0.0,0.0,0.0,0.0,0.0,0.0,0.0
deepseek-r1,1.5B,3. Инструменты обучения НС,"Вычисли шаг в SGD для L(w)=w^2, w=3, η=0.1.",prompt11,dialog2126,analytics_deepseek-r1_1.5b_prompt11_dialog2126,analytics,0.0,0.0,0.0,0.0,0.0,0.0,0.0,0.0,0.0,0.0
deepseek-r1,1.5B,3. Инструменты обучения НС,"Вычисли v_t в Momentum: γ=0.9, v_{t-1}=1, ∇L=2, η=0.1.",prompt11,dialog2127,analytics_deepseek-r1_1.5b_prompt11_dialog2127,analytics,0.0,0.0,0.0,0.0,0.0,0.0,0.0,0.0,0.0,0.0
deepseek-r1,1.5B,3. Инструменты обучения НС,"В Adagrad, G_{t-1,ii}=4, g_t=2, η=0.1, ε=1e-8.",prompt11,dialog2128,analytics_deepseek-r1_1.5b_prompt11_dialog2128,analytics,0.0,0.0,0.0,0.0,0.0,0.0,0.0,0.0,0.0,0.0
deepseek-r1,1.5B,3. Инструменты обучения НС,"Вычисли learning rate decay: η0=0.1, t=5, T=10, linear.",prompt11,dialog2129,analytics_deepseek-r1_1.5b_prompt11_dialog2129,analytics,0.0,0.0,0.0,0.0,0.0,0.0,0.0,0.0,0.0,0.0
deepseek-r1,1.5B,3. Инструменты обучения НС,"В Nesterov, вычисли ∇ в ω - γ v_{t-1}: γ=0.9, v=1, ∇=2.",prompt11,dialog2130,analytics_deepseek-r1_1.5b_prompt11_dialog2130,analytics,0.0,0.0,0.0,0.0,0.0,0.0,0.0,0.0,0.0,0.0
granite3.2,2.0B,1_Классификаторы_KNN_и_наивный_байес,Что такое метод k-ближайших соседей?,prompt14,dialog1741,analytics_granite3.2_2b_prompt14_dialog1741,analytics,10.5,9.5,28.4,0.0,0.0,0.0,0.0,0.0,0.0,0.0
granite3.2,2.0B,1_Классификаторы_KNN_и_наивный_байес,Как выбрать количество соседей k в k-NN?,prompt14,dialog1742,analytics_granite3.2_2b_prompt14_dialog1742,analytics,10.5,9.5,28.4,0.0,0.0,0.0,0.0,0.0,0.0,0.0
granite3.2,2.0B,1_Классификаторы_KNN_и_наивный_байес,Что такое евклидова метрика?,prompt14,dialog1743,analytics_granite3.2_2b_prompt14_dialog1743,analytics,10.5,9.5,28.4,0.0,0.0,0.0,0.0,0.0,0.0,0.0
granite3.2,2.0B,1_Классификаторы_KNN_и_наивный_байес,В чем суть наивного байесовского классификатора?,prompt14,dialog1744,analytics_granite3.2_2b_prompt14_dialog1744,analytics,10.5,9.5,28.4,0.0,0.0,0.0,0.0,0.0,0.0,0.0
granite3.2,2.0B,1_Классификаторы_KNN_и_наивный_байес,Как работает сглаживание по Лапласу?,prompt14,dialog1745,analytics_granite3.2_2b_prompt14_dialog1745,analytics,10.5,9.5,28.4,0.0,0.0,0.0,0.0,0.0,0.0,0.0
granite3.2,2.0B,1_Классификаторы_KNN_и_наивный_байес,Что такое манхэттенское расстояние?,prompt14,dialog1746,analytics_granite3.2_2b_prompt14_dialog1746,analytics,10.5,9.5,28.4,0.0,0.0,0.0,0.0,0.0,0.0,0.0
granite3.2,2.0B,1_Классификаторы_KNN_и_наивный_байес,Как вычислить вероятность класса в Naive Bayes?,prompt14,dialog1747,analytics_granite3.2_2b_prompt14_dialog1747,analytics,10.5,9.5,28.4,0.0,0.0,0.0,0.0,0.0,0.0,0.0
granite3.2,2.0B,1_Классификаторы_KNN_и_наивный_байес,Что такое расстояние Чебышёва?,prompt14,dialog1748,analytics_granite3.2_2b_prompt14_dialog1748,analytics,10.5,9.5,28.4,0.0,0.0,0.0,0.0,0.0,0.0,0.0
granite3.2,2.0B,1_Классификаторы_KNN_и_наивный_байес,Как классифицировать письмо как спам в Naive Bayes?,prompt14,dialog1749,analytics_granite3.2_2b_prompt14_dialog1749,analytics,10.5,9.5,28.4,0.0,0.0,0.0,0.0,0.0,0.0,0.0
granite3.2,2.0B,1_Классификаторы_KNN_и_наивный_байес,В чем разница между k-NN и взвешенным k-NN?,prompt14,dialog1750,analytics_granite3.2_2b_prompt14_dialog1750,analytics,10.5,9.5,28.4,0.0,0.0,0.0,0.0,0.0,0.0,0.0
granite3.2,2.0B,1_Классификаторы_KNN_и_наивный_байес,Вычисли вероятность спама для слова 'приз' из примера.,prompt14,dialog1751,analytics_granite3.2_2b_prompt14_dialog1751,analytics,10.5,9.5,28.4,0.0,0.0,0.0,0.0,0.0,0.0,0.0
granite3.2,2.0B,1_Классификаторы_KNN_и_наивный_байес,"Вычисли расстояние Евклида между (1,2) и (3,4).",prompt14,dialog1752,analytics_granite3.2_2b_prompt14_dialog1752,analytics,10.5,9.5,28.4,0.0,0.0,0.0,0.0,0.0,0.0,0.0
granite3.2,2.0B,1_Классификаторы_KNN_и_наивный_байес,"В примере с погодой, вычисли F(да) для теста.",prompt14,dialog1753,analytics_granite3.2_2b_prompt14_dialog1753,analytics,10.5,9.5,28.4,0.0,0.0,0.0,0.0,0.0,0.0,0.0
granite3.2,2.0B,1_Классификаторы_KNN_и_наивный_байес,"Вычисли P(да | пасмурно, холодно, влажно, да).",prompt14,dialog1754,analytics_granite3.2_2b_prompt14_dialog1754,analytics,10.5,9.5,28.4,0.0,0.0,0.0,0.0,0.0,0.0,0.0
granite3.2,2.0B,1_Классификаторы_KNN_и_наивный_байес,"В спам-примере, вычисли P(win|спам) с Laplace.",prompt14,dialog1755,analytics_granite3.2_2b_prompt14_dialog1755,analytics,10.5,9.5,28.4,0.0,0.0,0.0,0.0,0.0,0.0,0.0
granite3.2,2.0B,3. Инструменты обучения НС,Что такое autograd?,prompt14,dialog1756,analytics_granite3.2_2b_prompt14_dialog1756,analytics,10.5,9.5,28.4,0.0,0.0,0.0,0.0,0.0,0.0,0.0
granite3.2,2.0B,3. Инструменты обучения НС,Что такое TensorFlow?,prompt14,dialog1757,analytics_granite3.2_2b_prompt14_dialog1757,analytics,10.5,9.5,28.4,0.0,0.0,0.0,0.0,0.0,0.0,0.0
granite3.2,2.0B,3. Инструменты обучения НС,Что такое Keras?,prompt14,dialog1758,analytics_granite3.2_2b_prompt14_dialog1758,analytics,10.5,9.5,28.4,0.0,0.0,0.0,0.0,0.0,0.0,0.0
granite3.2,2.0B,3. Инструменты обучения НС,Что такое over-fitting?,prompt14,dialog1759,analytics_granite3.2_2b_prompt14_dialog1759,analytics,10.5,9.5,28.4,0.0,0.0,0.0,0.0,0.0,0.0,0.0
granite3.2,2.0B,3. Инструменты обучения НС,Что такое SGD?,prompt14,dialog1760,analytics_granite3.2_2b_prompt14_dialog1760,analytics,10.5,9.5,28.4,0.0,0.0,0.0,0.0,0.0,0.0,0.0
granite3.2,2.0B,3. Инструменты обучения НС,Что такое Momentum в оптимизации?,prompt14,dialog1761,analytics_granite3.2_2b_prompt14_dialog1761,analytics,10.5,9.5,28.4,0.0,0.0,0.0,0.0,0.0,0.0,0.0
granite3.2,2.0B,3. Инструменты обучения НС,Что такое Adam?,prompt14,dialog1762,analytics_granite3.2_2b_prompt14_dialog1762,analytics,10.5,9.5,28.4,0.0,0.0,0.0,0.0,0.0,0.0,0.0
granite3.2,2.0B,3. Инструменты обучения НС,Что такое learning rate?,prompt14,dialog1763,analytics_granite3.2_2b_prompt14_dialog1763,analytics,10.5,9.5,28.4,0.0,0.0,0.0,0.0,0.0,0.0,0.0
granite3.2,2.0B,3. Инструменты обучения НС,Что такое метод Ньютона?,prompt14,dialog1764,analytics_granite3.2_2b_prompt14_dialog1764,analytics,10.5,9.5,28.4,0.0,0.0,0.0,0.0,0.0,0.0,0.0
granite3.2,2.0B,3. Инструменты обучения НС,Что такое RMSProp?,prompt14,dialog1765,analytics_granite3.2_2b_prompt14_dialog1765,analytics,10.5,9.5,28.4,0.0,0.0,0.0,0.0,0.0,0.0,0.0
granite3.2,2.0B,3. Инструменты обучения НС,"Вычисли шаг в SGD для L(w)=w^2, w=3, η=0.1.",prompt14,dialog1766,analytics_granite3.2_2b_prompt14_dialog1766,analytics,10.5,9.5,28.4,0.0,0.0,0.0,0.0,0.0,0.0,0.0
granite3.2,2.0B,3. Инструменты обучения НС,"Вычисли v_t в Momentum: γ=0.9, v_{t-1}=1, ∇L=2, η=0.1.",prompt14,dialog1767,analytics_granite3.2_2b_prompt14_dialog1767,analytics,10.5,9.5,28.4,0.0,0.0,0.0,0.0,0.0,0.0,0.0
granite3.2,2.0B,3. Инструменты обучения НС,"В Adagrad, G_{t-1,ii}=4, g_t=2, η=0.1, ε=1e-8.",prompt14,dialog1768,analytics_granite3.2_2b_prompt14_dialog1768,analytics,10.5,9.5,28.4,0.0,0.0,0.0,0.0,0.0,0.0,0.0
granite3.2,2.0B,3. Инструменты обучения НС,"Вычисли learning rate decay: η0=0.1, t=5, T=10, linear.",prompt14,dialog1769,analytics_granite3.2_2b_prompt14_dialog1769,analytics,10.5,9.5,28.4,0.0,0.0,0.0,0.0,0.0,0.0,0.0
granite3.2,2.0B,3. Инструменты обучения НС,"В Nesterov, вычисли ∇ в ω - γ v_{t-1}: γ=0.9, v=1, ∇=2.",prompt14,dialog1770,analytics_granite3.2_2b_prompt14_dialog1770,analytics,10.5,9.5,28.4,0.0,0.0,0.0,0.0,0.0,0.0,0.0
granite3.2,2.0B,1_Классификаторы_KNN_и_наивный_байес,Что такое метод k-ближайших соседей?,prompt13,dialog1711,analytics_granite3.2_2b_prompt13_dialog1711,analytics,10.3,13.6,36.9,0.0,0.0,0.0,0.0,0.0,0.0,0.0
granite3.2,2.0B,1_Классификаторы_KNN_и_наивный_байес,Как выбрать количество соседей k в k-NN?,prompt13,dialog1712,analytics_granite3.2_2b_prompt13_dialog1712,analytics,10.3,13.6,36.9,0.0,0.0,0.0,0.0,0.0,0.0,0.0
granite3.2,2.0B,1_Классификаторы_KNN_и_наивный_байес,Что такое евклидова метрика?,prompt13,dialog1713,analytics_granite3.2_2b_prompt13_dialog1713,analytics,10.3,13.6,36.9,0.0,0.0,0.0,0.0,0.0,0.0,0.0
granite3.2,2.0B,1_Классификаторы_KNN_и_наивный_байес,В чем суть наивного байесовского классификатора?,prompt13,dialog1714,analytics_granite3.2_2b_prompt13_dialog1714,analytics,10.3,13.6,36.9,0.0,0.0,0.0,0.0,0.0,0.0,0.0
granite3.2,2.0B,1_Классификаторы_KNN_и_наивный_байес,Как работает сглаживание по Лапласу?,prompt13,dialog1715,analytics_granite3.2_2b_prompt13_dialog1715,analytics,10.3,13.6,36.9,0.0,0.0,0.0,0.0,0.0,0.0,0.0
granite3.2,2.0B,1_Классификаторы_KNN_и_наивный_байес,Что такое манхэттенское расстояние?,prompt13,dialog1716,analytics_granite3.2_2b_prompt13_dialog1716,analytics,10.3,13.6,36.9,0.0,0.0,0.0,0.0,0.0,0.0,0.0
granite3.2,2.0B,1_Классификаторы_KNN_и_наивный_байес,Как вычислить вероятность класса в Naive Bayes?,prompt13,dialog1717,analytics_granite3.2_2b_prompt13_dialog1717,analytics,10.3,13.6,36.9,0.0,0.0,0.0,0.0,0.0,0.0,0.0
granite3.2,2.0B,1_Классификаторы_KNN_и_наивный_байес,Что такое расстояние Чебышёва?,prompt13,dialog1718,analytics_granite3.2_2b_prompt13_dialog1718,analytics,10.3,13.6,36.9,0.0,0.0,0.0,0.0,0.0,0.0,0.0
granite3.2,2.0B,1_Классификаторы_KNN_и_наивный_байес,Как классифицировать письмо как спам в Naive Bayes?,prompt13,dialog1719,analytics_granite3.2_2b_prompt13_dialog1719,analytics,10.3,13.6,36.9,0.0,0.0,0.0,0.0,0.0,0.0,0.0
granite3.2,2.0B,1_Классификаторы_KNN_и_наивный_байес,В чем разница между k-NN и взвешенным k-NN?,prompt13,dialog1720,analytics_granite3.2_2b_prompt13_dialog1720,analytics,10.3,13.6,36.9,0.0,0.0,0.0,0.0,0.0,0.0,0.0
granite3.2,2.0B,1_Классификаторы_KNN_и_наивный_байес,Вычисли вероятность спама для слова 'приз' из примера.,prompt13,dialog1721,analytics_granite3.2_2b_prompt13_dialog1721,analytics,10.3,13.6,36.9,0.0,0.0,0.0,0.0,0.0,0.0,0.0
granite3.2,2.0B,1_Классификаторы_KNN_и_наивный_байес,"Вычисли расстояние Евклида между (1,2) и (3,4).",prompt13,dialog1722,analytics_granite3.2_2b_prompt13_dialog1722,analytics,10.3,13.6,36.9,0.0,0.0,0.0,0.0,0.0,0.0,0.0
granite3.2,2.0B,1_Классификаторы_KNN_и_наивный_байес,"В примере с погодой, вычисли F(да) для теста.",prompt13,dialog1723,analytics_granite3.2_2b_prompt13_dialog1723,analytics,10.3,13.6,36.9,0.0,0.0,0.0,0.0,0.0,0.0,0.0
granite3.2,2.0B,1_Классификаторы_KNN_и_наивный_байес,"Вычисли P(да | пасмурно, холодно, влажно, да).",prompt13,dialog1724,analytics_granite3.2_2b_prompt13_dialog1724,analytics,10.3,13.6,36.9,0.0,0.0,0.0,0.0,0.0,0.0,0.0
granite3.2,2.0B,1_Классификаторы_KNN_и_наивный_байес,"В спам-примере, вычисли P(win|спам) с Laplace.",prompt13,dialog1725,analytics_granite3.2_2b_prompt13_dialog1725,analytics,10.3,13.6,36.9,0.0,0.0,0.0,0.0,0.0,0.0,0.0
granite3.2,2.0B,3. Инструменты обучения НС,Что такое autograd?,prompt13,dialog1726,analytics_granite3.2_2b_prompt13_dialog1726,analytics,10.3,13.6,36.9,0.0,0.0,0.0,0.0,0.0,0.0,0.0
granite3.2,2.0B,3. Инструменты обучения НС,Что такое TensorFlow?,prompt13,dialog1727,analytics_granite3.2_2b_prompt13_dialog1727,analytics,10.3,13.6,36.9,0.0,0.0,0.0,0.0,0.0,0.0,0.0
granite3.2,2.0B,3. Инструменты обучения НС,Что такое Keras?,prompt13,dialog1728,analytics_granite3.2_2b_prompt13_dialog1728,analytics,10.3,13.6,36.9,0.0,0.0,0.0,0.0,0.0,0.0,0.0
granite3.2,2.0B,3. Инструменты обучения НС,Что такое over-fitting?,prompt13,dialog1729,analytics_granite3.2_2b_prompt13_dialog1729,analytics,10.3,13.6,36.9,0.0,0.0,0.0,0.0,0.0,0.0,0.0
granite3.2,2.0B,3. Инструменты обучения НС,Что такое SGD?,prompt13,dialog1730,analytics_granite3.2_2b_prompt13_dialog1730,analytics,10.3,13.6,36.9,0.0,0.0,0.0,0.0,0.0,0.0,0.0
granite3.2,2.0B,3. Инструменты обучения НС,Что такое Momentum в оптимизации?,prompt13,dialog1731,analytics_granite3.2_2b_prompt13_dialog1731,analytics,10.3,13.6,36.9,0.0,0.0,0.0,0.0,0.0,0.0,0.0
granite3.2,2.0B,3. Инструменты обучения НС,Что такое Adam?,prompt13,dialog1732,analytics_granite3.2_2b_prompt13_dialog1732,analytics,10.3,13.6,36.9,0.0,0.0,0.0,0.0,0.0,0.0,0.0
granite3.2,2.0B,3. Инструменты обучения НС,Что такое learning rate?,prompt13,dialog1733,analytics_granite3.2_2b_prompt13_dialog1733,analytics,10.3,13.6,36.9,0.0,0.0,0.0,0.0,0.0,0.0,0.0
granite3.2,2.0B,3. Инструменты обучения НС,Что такое метод Ньютона?,prompt13,dialog1734,analytics_granite3.2_2b_prompt13_dialog1734,analytics,10.3,13.6,36.9,0.0,0.0,0.0,0.0,0.0,0.0,0.0
granite3.2,2.0B,3. Инструменты обучения НС,Что такое RMSProp?,prompt13,dialog1735,analytics_granite3.2_2b_prompt13_dialog1735,analytics,10.3,13.6,36.9,0.0,0.0,0.0,0.0,0.0,0.0,0.0
granite3.2,2.0B,3. Инструменты обучения НС,"Вычисли шаг в SGD для L(w)=w^2, w=3, η=0.1.",prompt13,dialog1736,analytics_granite3.2_2b_prompt13_dialog1736,analytics,10.3,13.6,36.9,0.0,0.0,0.0,0.0,0.0,0.0,0.0
granite3.2,2.0B,3. Инструменты обучения НС,"Вычисли v_t в Momentum: γ=0.9, v_{t-1}=1, ∇L=2, η=0.1.",prompt13,dialog1737,analytics_granite3.2_2b_prompt13_dialog1737,analytics,10.3,13.6,36.9,0.0,0.0,0.0,0.0,0.0,0.0,0.0
granite3.2,2.0B,3. Инструменты обучения НС,"В Adagrad, G_{t-1,ii}=4, g_t=2, η=0.1, ε=1e-8.",prompt13,dialog1738,analytics_granite3.2_2b_prompt13_dialog1738,analytics,10.3,13.6,36.9,0.0,0.0,0.0,0.0,0.0,0.0,0.0
granite3.2,2.0B,3. Инструменты обучения НС,"Вычисли learning rate decay: η0=0.1, t=5, T=10, linear.",prompt13,dialog1739,analytics_granite3.2_2b_prompt13_dialog1739,analytics,10.3,13.6,36.9,0.0,0.0,0.0,0.0,0.0,0.0,0.0
granite3.2,2.0B,3. Инструменты обучения НС,"В Nesterov, вычисли ∇ в ω - γ v_{t-1}: γ=0.9, v=1, ∇=2.",prompt13,dialog1740,analytics_granite3.2_2b_prompt13_dialog1740,analytics,10.3,13.6,36.9,0.0,0.0,0.0,0.0,0.0,0.0,0.0
granite3.2,2.0B,1_Классификаторы_KNN_и_наивный_байес,Что такое метод k-ближайших соседей?,prompt4,dialog1441,analytics_granite3.2_2b_prompt4_dialog1441,analytics,4.6,5.8,17.9,0.0,0.0,0.0,0.0,0.0,0.0,0.0
granite3.2,2.0B,1_Классификаторы_KNN_и_наивный_байес,Как выбрать количество соседей k в k-NN?,prompt4,dialog1442,analytics_granite3.2_2b_prompt4_dialog1442,analytics,4.6,5.8,17.9,0.0,0.0,0.0,0.0,0.0,0.0,0.0
granite3.2,2.0B,1_Классификаторы_KNN_и_наивный_байес,Что такое евклидова метрика?,prompt4,dialog1443,analytics_granite3.2_2b_prompt4_dialog1443,analytics,4.6,5.8,17.9,0.0,0.0,0.0,0.0,0.0,0.0,0.0
granite3.2,2.0B,1_Классификаторы_KNN_и_наивный_байес,В чем суть наивного байесовского классификатора?,prompt4,dialog1444,analytics_granite3.2_2b_prompt4_dialog1444,analytics,4.6,5.8,17.9,0.0,0.0,0.0,0.0,0.0,0.0,0.0
granite3.2,2.0B,1_Классификаторы_KNN_и_наивный_байес,Как работает сглаживание по Лапласу?,prompt4,dialog1445,analytics_granite3.2_2b_prompt4_dialog1445,analytics,4.6,5.8,17.9,0.0,0.0,0.0,0.0,0.0,0.0,0.0
granite3.2,2.0B,1_Классификаторы_KNN_и_наивный_байес,Что такое манхэттенское расстояние?,prompt4,dialog1446,analytics_granite3.2_2b_prompt4_dialog1446,analytics,4.6,5.8,17.9,0.0,0.0,0.0,0.0,0.0,0.0,0.0
granite3.2,2.0B,1_Классификаторы_KNN_и_наивный_байес,Как вычислить вероятность класса в Naive Bayes?,prompt4,dialog1447,analytics_granite3.2_2b_prompt4_dialog1447,analytics,4.6,5.8,17.9,0.0,0.0,0.0,0.0,0.0,0.0,0.0
granite3.2,2.0B,1_Классификаторы_KNN_и_наивный_байес,Что такое расстояние Чебышёва?,prompt4,dialog1448,analytics_granite3.2_2b_prompt4_dialog1448,analytics,4.6,5.8,17.9,0.0,0.0,0.0,0.0,0.0,0.0,0.0
granite3.2,2.0B,1_Классификаторы_KNN_и_наивный_байес,Как классифицировать письмо как спам в Naive Bayes?,prompt4,dialog1449,analytics_granite3.2_2b_prompt4_dialog1449,analytics,4.6,5.8,17.9,0.0,0.0,0.0,0.0,0.0,0.0,0.0
granite3.2,2.0B,1_Классификаторы_KNN_и_наивный_байес,В чем разница между k-NN и взвешенным k-NN?,prompt4,dialog1450,analytics_granite3.2_2b_prompt4_dialog1450,analytics,4.6,5.8,17.9,0.0,0.0,0.0,0.0,0.0,0.0,0.0
granite3.2,2.0B,1_Классификаторы_KNN_и_наивный_байес,Вычисли вероятность спама для слова 'приз' из примера.,prompt4,dialog1451,analytics_granite3.2_2b_prompt4_dialog1451,analytics,4.6,5.8,17.9,0.0,0.0,0.0,0.0,0.0,0.0,0.0
granite3.2,2.0B,1_Классификаторы_KNN_и_наивный_байес,"Вычисли расстояние Евклида между (1,2) и (3,4).",prompt4,dialog1452,analytics_granite3.2_2b_prompt4_dialog1452,analytics,4.6,5.8,17.9,0.0,0.0,0.0,0.0,0.0,0.0,0.0
granite3.2,2.0B,1_Классификаторы_KNN_и_наивный_байес,"В примере с погодой, вычисли F(да) для теста.",prompt4,dialog1453,analytics_granite3.2_2b_prompt4_dialog1453,analytics,4.6,5.8,17.9,0.0,0.0,0.0,0.0,0.0,0.0,0.0
granite3.2,2.0B,1_Классификаторы_KNN_и_наивный_байес,"Вычисли P(да | пасмурно, холодно, влажно, да).",prompt4,dialog1454,analytics_granite3.2_2b_prompt4_dialog1454,analytics,4.6,5.8,17.9,0.0,0.0,0.0,0.0,0.0,0.0,0.0
granite3.2,2.0B,1_Классификаторы_KNN_и_наивный_байес,"В спам-примере, вычисли P(win|спам) с Laplace.",prompt4,dialog1455,analytics_granite3.2_2b_prompt4_dialog1455,analytics,4.6,5.8,17.9,0.0,0.0,0.0,0.0,0.0,0.0,0.0
granite3.2,2.0B,3. Инструменты обучения НС,Что такое autograd?,prompt4,dialog1456,analytics_granite3.2_2b_prompt4_dialog1456,analytics,4.6,5.8,17.9,0.0,0.0,0.0,0.0,0.0,0.0,0.0
granite3.2,2.0B,3. Инструменты обучения НС,Что такое TensorFlow?,prompt4,dialog1457,analytics_granite3.2_2b_prompt4_dialog1457,analytics,4.6,5.8,17.9,0.0,0.0,0.0,0.0,0.0,0.0,0.0
granite3.2,2.0B,3. Инструменты обучения НС,Что такое Keras?,prompt4,dialog1458,analytics_granite3.2_2b_prompt4_dialog1458,analytics,4.6,5.8,17.9,0.0,0.0,0.0,0.0,0.0,0.0,0.0
granite3.2,2.0B,3. Инструменты обучения НС,Что такое over-fitting?,prompt4,dialog1459,analytics_granite3.2_2b_prompt4_dialog1459,analytics,4.6,5.8,17.9,0.0,0.0,0.0,0.0,0.0,0.0,0.0
granite3.2,2.0B,3. Инструменты обучения НС,Что такое SGD?,prompt4,dialog1460,analytics_granite3.2_2b_prompt4_dialog1460,analytics,4.6,5.8,17.9,0.0,0.0,0.0,0.0,0.0,0.0,0.0
granite3.2,2.0B,3. Инструменты обучения НС,Что такое Momentum в оптимизации?,prompt4,dialog1461,analytics_granite3.2_2b_prompt4_dialog1461,analytics,4.6,5.8,17.9,0.0,0.0,0.0,0.0,0.0,0.0,0.0
granite3.2,2.0B,3. Инструменты обучения НС,Что такое Adam?,prompt4,dialog1462,analytics_granite3.2_2b_prompt4_dialog1462,analytics,4.6,5.8,17.9,0.0,0.0,0.0,0.0,0.0,0.0,0.0
granite3.2,2.0B,3. Инструменты обучения НС,Что такое learning rate?,prompt4,dialog1463,analytics_granite3.2_2b_prompt4_dialog1463,analytics,4.6,5.8,17.9,0.0,0.0,0.0,0.0,0.0,0.0,0.0
granite3.2,2.0B,3. Инструменты обучения НС,Что такое метод Ньютона?,prompt4,dialog1464,analytics_granite3.2_2b_prompt4_dialog1464,analytics,4.6,5.8,17.9,0.0,0.0,0.0,0.0,0.0,0.0,0.0
granite3.2,2.0B,3. Инструменты обучения НС,Что такое RMSProp?,prompt4,dialog1465,analytics_granite3.2_2b_prompt4_dialog1465,analytics,4.6,5.8,17.9,0.0,0.0,0.0,0.0,0.0,0.0,0.0
granite3.2,2.0B,3. Инструменты обучения НС,"Вычисли шаг в SGD для L(w)=w^2, w=3, η=0.1.",prompt4,dialog1466,analytics_granite3.2_2b_prompt4_dialog1466,analytics,4.6,5.8,17.9,0.0,0.0,0.0,0.0,0.0,0.0,0.0
granite3.2,2.0B,3. Инструменты обучения НС,"Вычисли v_t в Momentum: γ=0.9, v_{t-1}=1, ∇L=2, η=0.1.",prompt4,dialog1467,analytics_granite3.2_2b_prompt4_dialog1467,analytics,4.6,5.8,17.9,0.0,0.0,0.0,0.0,0.0,0.0,0.0
granite3.2,2.0B,3. Инструменты обучения НС,"В Adagrad, G_{t-1,ii}=4, g_t=2, η=0.1, ε=1e-8.",prompt4,dialog1468,analytics_granite3.2_2b_prompt4_dialog1468,analytics,4.6,5.8,17.9,0.0,0.0,0.0,0.0,0.0,0.0,0.0
granite3.2,2.0B,3. Инструменты обучения НС,"Вычисли learning rate decay: η0=0.1, t=5, T=10, linear.",prompt4,dialog1469,analytics_granite3.2_2b_prompt4_dialog1469,analytics,4.6,5.8,17.9,0.0,0.0,0.0,0.0,0.0,0.0,0.0
granite3.2,2.0B,3. Инструменты обучения НС,"В Nesterov, вычисли ∇ в ω - γ v_{t-1}: γ=0.9, v=1, ∇=2.",prompt4,dialog1470,analytics_granite3.2_2b_prompt4_dialog1470,analytics,4.6,5.8,17.9,0.0,0.0,0.0,0.0,0.0,0.0,0.0
granite3.2,2.0B,1_Классификаторы_KNN_и_наивный_байес,Что такое метод k-ближайших соседей?,prompt3,dialog1411,analytics_granite3.2_2b_prompt3_dialog1411,analytics,8.8,11.0,31.6,0.0,0.0,0.0,0.0,0.0,0.0,0.0
granite3.2,2.0B,1_Классификаторы_KNN_и_наивный_байес,Как выбрать количество соседей k в k-NN?,prompt3,dialog1412,analytics_granite3.2_2b_prompt3_dialog1412,analytics,8.8,11.0,31.6,0.0,0.0,0.0,0.0,0.0,0.0,0.0
granite3.2,2.0B,1_Классификаторы_KNN_и_наивный_байес,Что такое евклидова метрика?,prompt3,dialog1413,analytics_granite3.2_2b_prompt3_dialog1413,analytics,8.8,11.0,31.6,0.0,0.0,0.0,0.0,0.0,0.0,0.0
granite3.2,2.0B,1_Классификаторы_KNN_и_наивный_байес,В чем суть наивного байесовского классификатора?,prompt3,dialog1414,analytics_granite3.2_2b_prompt3_dialog1414,analytics,8.8,11.0,31.6,0.0,0.0,0.0,0.0,0.0,0.0,0.0
granite3.2,2.0B,1_Классификаторы_KNN_и_наивный_байес,Как работает сглаживание по Лапласу?,prompt3,dialog1415,analytics_granite3.2_2b_prompt3_dialog1415,analytics,8.8,11.0,31.6,0.0,0.0,0.0,0.0,0.0,0.0,0.0
granite3.2,2.0B,1_Классификаторы_KNN_и_наивный_байес,Что такое манхэттенское расстояние?,prompt3,dialog1416,analytics_granite3.2_2b_prompt3_dialog1416,analytics,8.8,11.0,31.6,0.0,0.0,0.0,0.0,0.0,0.0,0.0
granite3.2,2.0B,1_Классификаторы_KNN_и_наивный_байес,Как вычислить вероятность класса в Naive Bayes?,prompt3,dialog1417,analytics_granite3.2_2b_prompt3_dialog1417,analytics,8.8,11.0,31.6,0.0,0.0,0.0,0.0,0.0,0.0,0.0
granite3.2,2.0B,1_Классификаторы_KNN_и_наивный_байес,Что такое расстояние Чебышёва?,prompt3,dialog1418,analytics_granite3.2_2b_prompt3_dialog1418,analytics,8.8,11.0,31.6,0.0,0.0,0.0,0.0,0.0,0.0,0.0
granite3.2,2.0B,1_Классификаторы_KNN_и_наивный_байес,Как классифицировать письмо как спам в Naive Bayes?,prompt3,dialog1419,analytics_granite3.2_2b_prompt3_dialog1419,analytics,8.8,11.0,31.6,0.0,0.0,0.0,0.0,0.0,0.0,0.0
granite3.2,2.0B,1_Классификаторы_KNN_и_наивный_байес,В чем разница между k-NN и взвешенным k-NN?,prompt3,dialog1420,analytics_granite3.2_2b_prompt3_dialog1420,analytics,8.8,11.0,31.6,0.0,0.0,0.0,0.0,0.0,0.0,0.0
granite3.2,2.0B,1_Классификаторы_KNN_и_наивный_байес,Вычисли вероятность спама для слова 'приз' из примера.,prompt3,dialog1421,analytics_granite3.2_2b_prompt3_dialog1421,analytics,8.8,11.0,31.6,0.0,0.0,0.0,0.0,0.0,0.0,0.0
granite3.2,2.0B,1_Классификаторы_KNN_и_наивный_байес,"Вычисли расстояние Евклида между (1,2) и (3,4).",prompt3,dialog1422,analytics_granite3.2_2b_prompt3_dialog1422,analytics,8.8,11.0,31.6,0.0,0.0,0.0,0.0,0.0,0.0,0.0
granite3.2,2.0B,1_Классификаторы_KNN_и_наивный_байес,"В примере с погодой, вычисли F(да) для теста.",prompt3,dialog1423,analytics_granite3.2_2b_prompt3_dialog1423,analytics,8.8,11.0,31.6,0.0,0.0,0.0,0.0,0.0,0.0,0.0
granite3.2,2.0B,1_Классификаторы_KNN_и_наивный_байес,"Вычисли P(да | пасмурно, холодно, влажно, да).",prompt3,dialog1424,analytics_granite3.2_2b_prompt3_dialog1424,analytics,8.8,11.0,31.6,0.0,0.0,0.0,0.0,0.0,0.0,0.0
granite3.2,2.0B,1_Классификаторы_KNN_и_наивный_байес,"В спам-примере, вычисли P(win|спам) с Laplace.",prompt3,dialog1425,analytics_granite3.2_2b_prompt3_dialog1425,analytics,8.8,11.0,31.6,0.0,0.0,0.0,0.0,0.0,0.0,0.0
granite3.2,2.0B,3. Инструменты обучения НС,Что такое autograd?,prompt3,dialog1426,analytics_granite3.2_2b_prompt3_dialog1426,analytics,8.8,11.0,31.6,0.0,0.0,0.0,0.0,0.0,0.0,0.0
granite3.2,2.0B,3. Инструменты обучения НС,Что такое TensorFlow?,prompt3,dialog1427,analytics_granite3.2_2b_prompt3_dialog1427,analytics,8.8,11.0,31.6,0.0,0.0,0.0,0.0,0.0,0.0,0.0
granite3.2,2.0B,3. Инструменты обучения НС,Что такое Keras?,prompt3,dialog1428,analytics_granite3.2_2b_prompt3_dialog1428,analytics,8.8,11.0,31.6,0.0,0.0,0.0,0.0,0.0,0.0,0.0
granite3.2,2.0B,3. Инструменты обучения НС,Что такое over-fitting?,prompt3,dialog1429,analytics_granite3.2_2b_prompt3_dialog1429,analytics,8.8,11.0,31.6,0.0,0.0,0.0,0.0,0.0,0.0,0.0
granite3.2,2.0B,3. Инструменты обучения НС,Что такое SGD?,prompt3,dialog1430,analytics_granite3.2_2b_prompt3_dialog1430,analytics,8.8,11.0,31.6,0.0,0.0,0.0,0.0,0.0,0.0,0.0
granite3.2,2.0B,3. Инструменты обучения НС,Что такое Momentum в оптимизации?,prompt3,dialog1431,analytics_granite3.2_2b_prompt3_dialog1431,analytics,8.8,11.0,31.6,0.0,0.0,0.0,0.0,0.0,0.0,0.0
granite3.2,2.0B,3. Инструменты обучения НС,Что такое Adam?,prompt3,dialog1432,analytics_granite3.2_2b_prompt3_dialog1432,analytics,8.8,11.0,31.6,0.0,0.0,0.0,0.0,0.0,0.0,0.0
granite3.2,2.0B,3. Инструменты обучения НС,Что такое learning rate?,prompt3,dialog1433,analytics_granite3.2_2b_prompt3_dialog1433,analytics,8.8,11.0,31.6,0.0,0.0,0.0,0.0,0.0,0.0,0.0
granite3.2,2.0B,3. Инструменты обучения НС,Что такое метод Ньютона?,prompt3,dialog1434,analytics_granite3.2_2b_prompt3_dialog1434,analytics,8.8,11.0,31.6,0.0,0.0,0.0,0.0,0.0,0.0,0.0
granite3.2,2.0B,3. Инструменты обучения НС,Что такое RMSProp?,prompt3,dialog1435,analytics_granite3.2_2b_prompt3_dialog1435,analytics,8.8,11.0,31.6,0.0,0.0,0.0,0.0,0.0,0.0,0.0
granite3.2,2.0B,3. Инструменты обучения НС,"Вычисли шаг в SGD для L(w)=w^2, w=3, η=0.1.",prompt3,dialog1436,analytics_granite3.2_2b_prompt3_dialog1436,analytics,8.8,11.0,31.6,0.0,0.0,0.0,0.0,0.0,0.0,0.0
granite3.2,2.0B,3. Инструменты обучения НС,"Вычисли v_t в Momentum: γ=0.9, v_{t-1}=1, ∇L=2, η=0.1.",prompt3,dialog1437,analytics_granite3.2_2b_prompt3_dialog1437,analytics,8.8,11.0,31.6,0.0,0.0,0.0,0.0,0.0,0.0,0.0
granite3.2,2.0B,3. Инструменты обучения НС,"В Adagrad, G_{t-1,ii}=4, g_t=2, η=0.1, ε=1e-8.",prompt3,dialog1438,analytics_granite3.2_2b_prompt3_dialog1438,analytics,8.8,11.0,31.6,0.0,0.0,0.0,0.0,0.0,0.0,0.0
granite3.2,2.0B,3. Инструменты обучения НС,"Вычисли learning rate decay: η0=0.1, t=5, T=10, linear.",prompt3,dialog1439,analytics_granite3.2_2b_prompt3_dialog1439,analytics,8.8,11.0,31.6,0.0,0.0,0.0,0.0,0.0,0.0,0.0
granite3.2,2.0B,3. Инструменты обучения НС,"В Nesterov, вычисли ∇ в ω - γ v_{t-1}: γ=0.9, v=1, ∇=2.",prompt3,dialog1440,analytics_granite3.2_2b_prompt3_dialog1440,analytics,8.8,11.0,31.6,0.0,0.0,0.0,0.0,0.0,0.0,0.0
granite3.2,2.0B,1_Классификаторы_KNN_и_наивный_байес,Что такое метод k-ближайших соседей?,prompt2,dialog1381,analytics_granite3.2_2b_prompt2_dialog1381,analytics,8.0,7.5,29.8,0.0,0.0,0.0,0.0,0.0,0.0,0.0
granite3.2,2.0B,1_Классификаторы_KNN_и_наивный_байес,Как выбрать количество соседей k в k-NN?,prompt2,dialog1382,analytics_granite3.2_2b_prompt2_dialog1382,analytics,8.0,7.5,29.8,0.0,0.0,0.0,0.0,0.0,0.0,0.0
granite3.2,2.0B,1_Классификаторы_KNN_и_наивный_байес,Что такое евклидова метрика?,prompt2,dialog1383,analytics_granite3.2_2b_prompt2_dialog1383,analytics,8.0,7.5,29.8,0.0,0.0,0.0,0.0,0.0,0.0,0.0
granite3.2,2.0B,1_Классификаторы_KNN_и_наивный_байес,В чем суть наивного байесовского классификатора?,prompt2,dialog1384,analytics_granite3.2_2b_prompt2_dialog1384,analytics,8.0,7.5,29.8,0.0,0.0,0.0,0.0,0.0,0.0,0.0
granite3.2,2.0B,1_Классификаторы_KNN_и_наивный_байес,Как работает сглаживание по Лапласу?,prompt2,dialog1385,analytics_granite3.2_2b_prompt2_dialog1385,analytics,8.0,7.5,29.8,0.0,0.0,0.0,0.0,0.0,0.0,0.0
granite3.2,2.0B,1_Классификаторы_KNN_и_наивный_байес,Что такое манхэттенское расстояние?,prompt2,dialog1386,analytics_granite3.2_2b_prompt2_dialog1386,analytics,8.0,7.5,29.8,0.0,0.0,0.0,0.0,0.0,0.0,0.0
granite3.2,2.0B,1_Классификаторы_KNN_и_наивный_байес,Как вычислить вероятность класса в Naive Bayes?,prompt2,dialog1387,analytics_granite3.2_2b_prompt2_dialog1387,analytics,8.0,7.5,29.8,0.0,0.0,0.0,0.0,0.0,0.0,0.0
granite3.2,2.0B,1_Классификаторы_KNN_и_наивный_байес,Что такое расстояние Чебышёва?,prompt2,dialog1388,analytics_granite3.2_2b_prompt2_dialog1388,analytics,8.0,7.5,29.8,0.0,0.0,0.0,0.0,0.0,0.0,0.0
granite3.2,2.0B,1_Классификаторы_KNN_и_наивный_байес,Как классифицировать письмо как спам в Naive Bayes?,prompt2,dialog1389,analytics_granite3.2_2b_prompt2_dialog1389,analytics,8.0,7.5,29.8,0.0,0.0,0.0,0.0,0.0,0.0,0.0
granite3.2,2.0B,1_Классификаторы_KNN_и_наивный_байес,В чем разница между k-NN и взвешенным k-NN?,prompt2,dialog1390,analytics_granite3.2_2b_prompt2_dialog1390,analytics,8.0,7.5,29.8,0.0,0.0,0.0,0.0,0.0,0.0,0.0
granite3.2,2.0B,1_Классификаторы_KNN_и_наивный_байес,Вычисли вероятность спама для слова 'приз' из примера.,prompt2,dialog1391,analytics_granite3.2_2b_prompt2_dialog1391,analytics,8.0,7.5,29.8,0.0,0.0,0.0,0.0,0.0,0.0,0.0
granite3.2,2.0B,1_Классификаторы_KNN_и_наивный_байес,"Вычисли расстояние Евклида между (1,2) и (3,4).",prompt2,dialog1392,analytics_granite3.2_2b_prompt2_dialog1392,analytics,8.0,7.5,29.8,0.0,0.0,0.0,0.0,0.0,0.0,0.0
granite3.2,2.0B,1_Классификаторы_KNN_и_наивный_байес,"В примере с погодой, вычисли F(да) для теста.",prompt2,dialog1393,analytics_granite3.2_2b_prompt2_dialog1393,analytics,8.0,7.5,29.8,0.0,0.0,0.0,0.0,0.0,0.0,0.0
granite3.2,2.0B,1_Классификаторы_KNN_и_наивный_байес,"Вычисли P(да | пасмурно, холодно, влажно, да).",prompt2,dialog1394,analytics_granite3.2_2b_prompt2_dialog1394,analytics,8.0,7.5,29.8,0.0,0.0,0.0,0.0,0.0,0.0,0.0
granite3.2,2.0B,1_Классификаторы_KNN_и_наивный_байес,"В спам-примере, вычисли P(win|спам) с Laplace.",prompt2,dialog1395,analytics_granite3.2_2b_prompt2_dialog1395,analytics,8.0,7.5,29.8,0.0,0.0,0.0,0.0,0.0,0.0,0.0
granite3.2,2.0B,3. Инструменты обучения НС,Что такое autograd?,prompt2,dialog1396,analytics_granite3.2_2b_prompt2_dialog1396,analytics,8.0,7.5,29.8,0.0,0.0,0.0,0.0,0.0,0.0,0.0
granite3.2,2.0B,3. Инструменты обучения НС,Что такое TensorFlow?,prompt2,dialog1397,analytics_granite3.2_2b_prompt2_dialog1397,analytics,8.0,7.5,29.8,0.0,0.0,0.0,0.0,0.0,0.0,0.0
granite3.2,2.0B,3. Инструменты обучения НС,Что такое Keras?,prompt2,dialog1398,analytics_granite3.2_2b_prompt2_dialog1398,analytics,8.0,7.5,29.8,0.0,0.0,0.0,0.0,0.0,0.0,0.0
granite3.2,2.0B,3. Инструменты обучения НС,Что такое over-fitting?,prompt2,dialog1399,analytics_granite3.2_2b_prompt2_dialog1399,analytics,8.0,7.5,29.8,0.0,0.0,0.0,0.0,0.0,0.0,0.0
granite3.2,2.0B,3. Инструменты обучения НС,Что такое SGD?,prompt2,dialog1400,analytics_granite3.2_2b_prompt2_dialog1400,analytics,8.0,7.5,29.8,0.0,0.0,0.0,0.0,0.0,0.0,0.0
granite3.2,2.0B,3. Инструменты обучения НС,Что такое Momentum в оптимизации?,prompt2,dialog1401,analytics_granite3.2_2b_prompt2_dialog1401,analytics,8.0,7.5,29.8,0.0,0.0,0.0,0.0,0.0,0.0,0.0
granite3.2,2.0B,3. Инструменты обучения НС,Что такое Adam?,prompt2,dialog1402,analytics_granite3.2_2b_prompt2_dialog1402,analytics,8.0,7.5,29.8,0.0,0.0,0.0,0.0,0.0,0.0,0.0
granite3.2,2.0B,3. Инструменты обучения НС,Что такое learning rate?,prompt2,dialog1403,analytics_granite3.2_2b_prompt2_dialog1403,analytics,8.0,7.5,29.8,0.0,0.0,0.0,0.0,0.0,0.0,0.0
granite3.2,2.0B,3. Инструменты обучения НС,Что такое метод Ньютона?,prompt2,dialog1404,analytics_granite3.2_2b_prompt2_dialog1404,analytics,8.0,7.5,29.8,0.0,0.0,0.0,0.0,0.0,0.0,0.0
granite3.2,2.0B,3. Инструменты обучения НС,Что такое RMSProp?,prompt2,dialog1405,analytics_granite3.2_2b_prompt2_dialog1405,analytics,8.0,7.5,29.8,0.0,0.0,0.0,0.0,0.0,0.0,0.0
granite3.2,2.0B,3. Инструменты обучения НС,"Вычисли шаг в SGD для L(w)=w^2, w=3, η=0.1.",prompt2,dialog1406,analytics_granite3.2_2b_prompt2_dialog1406,analytics,8.0,7.5,29.8,0.0,0.0,0.0,0.0,0.0,0.0,0.0
granite3.2,2.0B,3. Инструменты обучения НС,"Вычисли v_t в Momentum: γ=0.9, v_{t-1}=1, ∇L=2, η=0.1.",prompt2,dialog1407,analytics_granite3.2_2b_prompt2_dialog1407,analytics,8.0,7.5,29.8,0.0,0.0,0.0,0.0,0.0,0.0,0.0
granite3.2,2.0B,3. Инструменты обучения НС,"В Adagrad, G_{t-1,ii}=4, g_t=2, η=0.1, ε=1e-8.",prompt2,dialog1408,analytics_granite3.2_2b_prompt2_dialog1408,analytics,8.0,7.5,29.8,0.0,0.0,0.0,0.0,0.0,0.0,0.0
granite3.2,2.0B,3. Инструменты обучения НС,"Вычисли learning rate decay: η0=0.1, t=5, T=10, linear.",prompt2,dialog1409,analytics_granite3.2_2b_prompt2_dialog1409,analytics,8.0,7.5,29.8,0.0,0.0,0.0,0.0,0.0,0.0,0.0
granite3.2,2.0B,3. Инструменты обучения НС,"В Nesterov, вычисли ∇ в ω - γ v_{t-1}: γ=0.9, v=1, ∇=2.",prompt2,dialog1410,analytics_granite3.2_2b_prompt2_dialog1410,analytics,8.0,7.5,29.8,0.0,0.0,0.0,0.0,0.0,0.0,0.0
granite3.2,2.0B,1_Классификаторы_KNN_и_наивный_байес,Что такое метод k-ближайших соседей?,prompt5,dialog1471,analytics_granite3.2_2b_prompt5_dialog1471,analytics,10.8,13.0,32.6,0.0,0.0,0.0,0.0,0.0,0.0,0.0
granite3.2,2.0B,1_Классификаторы_KNN_и_наивный_байес,Как выбрать количество соседей k в k-NN?,prompt5,dialog1472,analytics_granite3.2_2b_prompt5_dialog1472,analytics,10.8,13.0,32.6,0.0,0.0,0.0,0.0,0.0,0.0,0.0
granite3.2,2.0B,1_Классификаторы_KNN_и_наивный_байес,Что такое евклидова метрика?,prompt5,dialog1473,analytics_granite3.2_2b_prompt5_dialog1473,analytics,10.8,13.0,32.6,0.0,0.0,0.0,0.0,0.0,0.0,0.0
granite3.2,2.0B,1_Классификаторы_KNN_и_наивный_байес,В чем суть наивного байесовского классификатора?,prompt5,dialog1474,analytics_granite3.2_2b_prompt5_dialog1474,analytics,10.8,13.0,32.6,0.0,0.0,0.0,0.0,0.0,0.0,0.0
granite3.2,2.0B,1_Классификаторы_KNN_и_наивный_байес,Как работает сглаживание по Лапласу?,prompt5,dialog1475,analytics_granite3.2_2b_prompt5_dialog1475,analytics,10.8,13.0,32.6,0.0,0.0,0.0,0.0,0.0,0.0,0.0
granite3.2,2.0B,1_Классификаторы_KNN_и_наивный_байес,Что такое манхэттенское расстояние?,prompt5,dialog1476,analytics_granite3.2_2b_prompt5_dialog1476,analytics,10.8,13.0,32.6,0.0,0.0,0.0,0.0,0.0,0.0,0.0
granite3.2,2.0B,1_Классификаторы_KNN_и_наивный_байес,Как вычислить вероятность класса в Naive Bayes?,prompt5,dialog1477,analytics_granite3.2_2b_prompt5_dialog1477,analytics,10.8,13.0,32.6,0.0,0.0,0.0,0.0,0.0,0.0,0.0
granite3.2,2.0B,1_Классификаторы_KNN_и_наивный_байес,Что такое расстояние Чебышёва?,prompt5,dialog1478,analytics_granite3.2_2b_prompt5_dialog1478,analytics,10.8,13.0,32.6,0.0,0.0,0.0,0.0,0.0,0.0,0.0
granite3.2,2.0B,1_Классификаторы_KNN_и_наивный_байес,Как классифицировать письмо как спам в Naive Bayes?,prompt5,dialog1479,analytics_granite3.2_2b_prompt5_dialog1479,analytics,10.8,13.0,32.6,0.0,0.0,0.0,0.0,0.0,0.0,0.0
granite3.2,2.0B,1_Классификаторы_KNN_и_наивный_байес,В чем разница между k-NN и взвешенным k-NN?,prompt5,dialog1480,analytics_granite3.2_2b_prompt5_dialog1480,analytics,10.8,13.0,32.6,0.0,0.0,0.0,0.0,0.0,0.0,0.0
granite3.2,2.0B,1_Классификаторы_KNN_и_наивный_байес,Вычисли вероятность спама для слова 'приз' из примера.,prompt5,dialog1481,analytics_granite3.2_2b_prompt5_dialog1481,analytics,10.8,13.0,32.6,0.0,0.0,0.0,0.0,0.0,0.0,0.0
granite3.2,2.0B,1_Классификаторы_KNN_и_наивный_байес,"Вычисли расстояние Евклида между (1,2) и (3,4).",prompt5,dialog1482,analytics_granite3.2_2b_prompt5_dialog1482,analytics,10.8,13.0,32.6,0.0,0.0,0.0,0.0,0.0,0.0,0.0
granite3.2,2.0B,1_Классификаторы_KNN_и_наивный_байес,"В примере с погодой, вычисли F(да) для теста.",prompt5,dialog1483,analytics_granite3.2_2b_prompt5_dialog1483,analytics,10.8,13.0,32.6,0.0,0.0,0.0,0.0,0.0,0.0,0.0
granite3.2,2.0B,1_Классификаторы_KNN_и_наивный_байес,"Вычисли P(да | пасмурно, холодно, влажно, да).",prompt5,dialog1484,analytics_granite3.2_2b_prompt5_dialog1484,analytics,10.8,13.0,32.6,0.0,0.0,0.0,0.0,0.0,0.0,0.0
granite3.2,2.0B,1_Классификаторы_KNN_и_наивный_байес,"В спам-примере, вычисли P(win|спам) с Laplace.",prompt5,dialog1485,analytics_granite3.2_2b_prompt5_dialog1485,analytics,10.8,13.0,32.6,0.0,0.0,0.0,0.0,0.0,0.0,0.0
granite3.2,2.0B,3. Инструменты обучения НС,Что такое autograd?,prompt5,dialog1486,analytics_granite3.2_2b_prompt5_dialog1486,analytics,10.8,13.0,32.6,0.0,0.0,0.0,0.0,0.0,0.0,0.0
granite3.2,2.0B,3. Инструменты обучения НС,Что такое TensorFlow?,prompt5,dialog1487,analytics_granite3.2_2b_prompt5_dialog1487,analytics,10.8,13.0,32.6,0.0,0.0,0.0,0.0,0.0,0.0,0.0
granite3.2,2.0B,3. Инструменты обучения НС,Что такое Keras?,prompt5,dialog1488,analytics_granite3.2_2b_prompt5_dialog1488,analytics,10.8,13.0,32.6,0.0,0.0,0.0,0.0,0.0,0.0,0.0
granite3.2,2.0B,3. Инструменты обучения НС,Что такое over-fitting?,prompt5,dialog1489,analytics_granite3.2_2b_prompt5_dialog1489,analytics,10.8,13.0,32.6,0.0,0.0,0.0,0.0,0.0,0.0,0.0
granite3.2,2.0B,3. Инструменты обучения НС,Что такое SGD?,prompt5,dialog1490,analytics_granite3.2_2b_prompt5_dialog1490,analytics,10.8,13.0,32.6,0.0,0.0,0.0,0.0,0.0,0.0,0.0
granite3.2,2.0B,3. Инструменты обучения НС,Что такое Momentum в оптимизации?,prompt5,dialog1491,analytics_granite3.2_2b_prompt5_dialog1491,analytics,10.8,13.0,32.6,0.0,0.0,0.0,0.0,0.0,0.0,0.0
granite3.2,2.0B,3. Инструменты обучения НС,Что такое Adam?,prompt5,dialog1492,analytics_granite3.2_2b_prompt5_dialog1492,analytics,10.8,13.0,32.6,0.0,0.0,0.0,0.0,0.0,0.0,0.0
granite3.2,2.0B,3. Инструменты обучения НС,Что такое learning rate?,prompt5,dialog1493,analytics_granite3.2_2b_prompt5_dialog1493,analytics,10.8,13.0,32.6,0.0,0.0,0.0,0.0,0.0,0.0,0.0
granite3.2,2.0B,3. Инструменты обучения НС,Что такое метод Ньютона?,prompt5,dialog1494,analytics_granite3.2_2b_prompt5_dialog1494,analytics,10.8,13.0,32.6,0.0,0.0,0.0,0.0,0.0,0.0,0.0
granite3.2,2.0B,3. Инструменты обучения НС,Что такое RMSProp?,prompt5,dialog1495,analytics_granite3.2_2b_prompt5_dialog1495,analytics,10.8,13.0,32.6,0.0,0.0,0.0,0.0,0.0,0.0,0.0
granite3.2,2.0B,3. Инструменты обучения НС,"Вычисли шаг в SGD для L(w)=w^2, w=3, η=0.1.",prompt5,dialog1496,analytics_granite3.2_2b_prompt5_dialog1496,analytics,10.8,13.0,32.6,0.0,0.0,0.0,0.0,0.0,0.0,0.0
granite3.2,2.0B,3. Инструменты обучения НС,"Вычисли v_t в Momentum: γ=0.9, v_{t-1}=1, ∇L=2, η=0.1.",prompt5,dialog1497,analytics_granite3.2_2b_prompt5_dialog1497,analytics,10.8,13.0,32.6,0.0,0.0,0.0,0.0,0.0,0.0,0.0
granite3.2,2.0B,3. Инструменты обучения НС,"В Adagrad, G_{t-1,ii}=4, g_t=2, η=0.1, ε=1e-8.",prompt5,dialog1498,analytics_granite3.2_2b_prompt5_dialog1498,analytics,10.8,13.0,32.6,0.0,0.0,0.0,0.0,0.0,0.0,0.0
granite3.2,2.0B,3. Инструменты обучения НС,"Вычисли learning rate decay: η0=0.1, t=5, T=10, linear.",prompt5,dialog1499,analytics_granite3.2_2b_prompt5_dialog1499,analytics,10.8,13.0,32.6,0.0,0.0,0.0,0.0,0.0,0.0,0.0
granite3.2,2.0B,3. Инструменты обучения НС,"В Nesterov, вычисли ∇ в ω - γ v_{t-1}: γ=0.9, v=1, ∇=2.",prompt5,dialog1500,analytics_granite3.2_2b_prompt5_dialog1500,analytics,10.8,13.0,32.6,0.0,0.0,0.0,0.0,0.0,0.0,0.0
granite3.2,2.0B,1_Классификаторы_KNN_и_наивный_байес,Что такое метод k-ближайших соседей?,prompt12,dialog1681,analytics_granite3.2_2b_prompt12_dialog1681,analytics,11.7,12.5,34.9,0.0,0.0,0.0,0.0,0.0,0.0,0.0
granite3.2,2.0B,1_Классификаторы_KNN_и_наивный_байес,Как выбрать количество соседей k в k-NN?,prompt12,dialog1682,analytics_granite3.2_2b_prompt12_dialog1682,analytics,11.7,12.5,34.9,0.0,0.0,0.0,0.0,0.0,0.0,0.0
granite3.2,2.0B,1_Классификаторы_KNN_и_наивный_байес,Что такое евклидова метрика?,prompt12,dialog1683,analytics_granite3.2_2b_prompt12_dialog1683,analytics,11.7,12.5,34.9,0.0,0.0,0.0,0.0,0.0,0.0,0.0
granite3.2,2.0B,1_Классификаторы_KNN_и_наивный_байес,В чем суть наивного байесовского классификатора?,prompt12,dialog1684,analytics_granite3.2_2b_prompt12_dialog1684,analytics,11.7,12.5,34.9,0.0,0.0,0.0,0.0,0.0,0.0,0.0
granite3.2,2.0B,1_Классификаторы_KNN_и_наивный_байес,Как работает сглаживание по Лапласу?,prompt12,dialog1685,analytics_granite3.2_2b_prompt12_dialog1685,analytics,11.7,12.5,34.9,0.0,0.0,0.0,0.0,0.0,0.0,0.0
granite3.2,2.0B,1_Классификаторы_KNN_и_наивный_байес,Что такое манхэттенское расстояние?,prompt12,dialog1686,analytics_granite3.2_2b_prompt12_dialog1686,analytics,11.7,12.5,34.9,0.0,0.0,0.0,0.0,0.0,0.0,0.0
granite3.2,2.0B,1_Классификаторы_KNN_и_наивный_байес,Как вычислить вероятность класса в Naive Bayes?,prompt12,dialog1687,analytics_granite3.2_2b_prompt12_dialog1687,analytics,11.7,12.5,34.9,0.0,0.0,0.0,0.0,0.0,0.0,0.0
granite3.2,2.0B,1_Классификаторы_KNN_и_наивный_байес,Что такое расстояние Чебышёва?,prompt12,dialog1688,analytics_granite3.2_2b_prompt12_dialog1688,analytics,11.7,12.5,34.9,0.0,0.0,0.0,0.0,0.0,0.0,0.0
granite3.2,2.0B,1_Классификаторы_KNN_и_наивный_байес,Как классифицировать письмо как спам в Naive Bayes?,prompt12,dialog1689,analytics_granite3.2_2b_prompt12_dialog1689,analytics,11.7,12.5,34.9,0.0,0.0,0.0,0.0,0.0,0.0,0.0
granite3.2,2.0B,1_Классификаторы_KNN_и_наивный_байес,В чем разница между k-NN и взвешенным k-NN?,prompt12,dialog1690,analytics_granite3.2_2b_prompt12_dialog1690,analytics,11.7,12.5,34.9,0.0,0.0,0.0,0.0,0.0,0.0,0.0
granite3.2,2.0B,1_Классификаторы_KNN_и_наивный_байес,Вычисли вероятность спама для слова 'приз' из примера.,prompt12,dialog1691,analytics_granite3.2_2b_prompt12_dialog1691,analytics,11.7,12.5,34.9,0.0,0.0,0.0,0.0,0.0,0.0,0.0
granite3.2,2.0B,1_Классификаторы_KNN_и_наивный_байес,"Вычисли расстояние Евклида между (1,2) и (3,4).",prompt12,dialog1692,analytics_granite3.2_2b_prompt12_dialog1692,analytics,11.7,12.5,34.9,0.0,0.0,0.0,0.0,0.0,0.0,0.0
granite3.2,2.0B,1_Классификаторы_KNN_и_наивный_байес,"В примере с погодой, вычисли F(да) для теста.",prompt12,dialog1693,analytics_granite3.2_2b_prompt12_dialog1693,analytics,11.7,12.5,34.9,0.0,0.0,0.0,0.0,0.0,0.0,0.0
granite3.2,2.0B,1_Классификаторы_KNN_и_наивный_байес,"Вычисли P(да | пасмурно, холодно, влажно, да).",prompt12,dialog1694,analytics_granite3.2_2b_prompt12_dialog1694,analytics,11.7,12.5,34.9,0.0,0.0,0.0,0.0,0.0,0.0,0.0
granite3.2,2.0B,1_Классификаторы_KNN_и_наивный_байес,"В спам-примере, вычисли P(win|спам) с Laplace.",prompt12,dialog1695,analytics_granite3.2_2b_prompt12_dialog1695,analytics,11.7,12.5,34.9,0.0,0.0,0.0,0.0,0.0,0.0,0.0
granite3.2,2.0B,3. Инструменты обучения НС,Что такое autograd?,prompt12,dialog1696,analytics_granite3.2_2b_prompt12_dialog1696,analytics,11.7,12.5,34.9,0.0,0.0,0.0,0.0,0.0,0.0,0.0
granite3.2,2.0B,3. Инструменты обучения НС,Что такое TensorFlow?,prompt12,dialog1697,analytics_granite3.2_2b_prompt12_dialog1697,analytics,11.7,12.5,34.9,0.0,0.0,0.0,0.0,0.0,0.0,0.0
granite3.2,2.0B,3. Инструменты обучения НС,Что такое Keras?,prompt12,dialog1698,analytics_granite3.2_2b_prompt12_dialog1698,analytics,11.7,12.5,34.9,0.0,0.0,0.0,0.0,0.0,0.0,0.0
granite3.2,2.0B,3. Инструменты обучения НС,Что такое over-fitting?,prompt12,dialog1699,analytics_granite3.2_2b_prompt12_dialog1699,analytics,11.7,12.5,34.9,0.0,0.0,0.0,0.0,0.0,0.0,0.0
granite3.2,2.0B,3. Инструменты обучения НС,Что такое SGD?,prompt12,dialog1700,analytics_granite3.2_2b_prompt12_dialog1700,analytics,11.7,12.5,34.9,0.0,0.0,0.0,0.0,0.0,0.0,0.0
granite3.2,2.0B,3. Инструменты обучения НС,Что такое Momentum в оптимизации?,prompt12,dialog1701,analytics_granite3.2_2b_prompt12_dialog1701,analytics,11.7,12.5,34.9,0.0,0.0,0.0,0.0,0.0,0.0,0.0
granite3.2,2.0B,3. Инструменты обучения НС,Что такое Adam?,prompt12,dialog1702,analytics_granite3.2_2b_prompt12_dialog1702,analytics,11.7,12.5,34.9,0.0,0.0,0.0,0.0,0.0,0.0,0.0
granite3.2,2.0B,3. Инструменты обучения НС,Что такое learning rate?,prompt12,dialog1703,analytics_granite3.2_2b_prompt12_dialog1703,analytics,11.7,12.5,34.9,0.0,0.0,0.0,0.0,0.0,0.0,0.0
granite3.2,2.0B,3. Инструменты обучения НС,Что такое метод Ньютона?,prompt12,dialog1704,analytics_granite3.2_2b_prompt12_dialog1704,analytics,11.7,12.5,34.9,0.0,0.0,0.0,0.0,0.0,0.0,0.0
granite3.2,2.0B,3. Инструменты обучения НС,Что такое RMSProp?,prompt12,dialog1705,analytics_granite3.2_2b_prompt12_dialog1705,analytics,11.7,12.5,34.9,0.0,0.0,0.0,0.0,0.0,0.0,0.0
granite3.2,2.0B,3. Инструменты обучения НС,"Вычисли шаг в SGD для L(w)=w^2, w=3, η=0.1.",prompt12,dialog1706,analytics_granite3.2_2b_prompt12_dialog1706,analytics,11.7,12.5,34.9,0.0,0.0,0.0,0.0,0.0,0.0,0.0
granite3.2,2.0B,3. Инструменты обучения НС,"Вычисли v_t в Momentum: γ=0.9, v_{t-1}=1, ∇L=2, η=0.1.",prompt12,dialog1707,analytics_granite3.2_2b_prompt12_dialog1707,analytics,11.7,12.5,34.9,0.0,0.0,0.0,0.0,0.0,0.0,0.0
granite3.2,2.0B,3. Инструменты обучения НС,"В Adagrad, G_{t-1,ii}=4, g_t=2, η=0.1, ε=1e-8.",prompt12,dialog1708,analytics_granite3.2_2b_prompt12_dialog1708,analytics,11.7,12.5,34.9,0.0,0.0,0.0,0.0,0.0,0.0,0.0
granite3.2,2.0B,3. Инструменты обучения НС,"Вычисли learning rate decay: η0=0.1, t=5, T=10, linear.",prompt12,dialog1709,analytics_granite3.2_2b_prompt12_dialog1709,analytics,11.7,12.5,34.9,0.0,0.0,0.0,0.0,0.0,0.0,0.0
granite3.2,2.0B,3. Инструменты обучения НС,"В Nesterov, вычисли ∇ в ω - γ v_{t-1}: γ=0.9, v=1, ∇=2.",prompt12,dialog1710,analytics_granite3.2_2b_prompt12_dialog1710,analytics,11.7,12.5,34.9,0.0,0.0,0.0,0.0,0.0,0.0,0.0
granite3.2,2.0B,1_Классификаторы_KNN_и_наивный_байес,Что такое метод k-ближайших соседей?,prompt15,dialog1771,analytics_granite3.2_2b_prompt15_dialog1771,analytics,7.5,8.5,31.2,0.0,0.0,0.0,0.0,0.0,0.0,0.0
granite3.2,2.0B,1_Классификаторы_KNN_и_наивный_байес,Как выбрать количество соседей k в k-NN?,prompt15,dialog1772,analytics_granite3.2_2b_prompt15_dialog1772,analytics,7.5,8.5,31.2,0.0,0.0,0.0,0.0,0.0,0.0,0.0
granite3.2,2.0B,1_Классификаторы_KNN_и_наивный_байес,Что такое евклидова метрика?,prompt15,dialog1773,analytics_granite3.2_2b_prompt15_dialog1773,analytics,7.5,8.5,31.2,0.0,0.0,0.0,0.0,0.0,0.0,0.0
granite3.2,2.0B,1_Классификаторы_KNN_и_наивный_байес,В чем суть наивного байесовского классификатора?,prompt15,dialog1774,analytics_granite3.2_2b_prompt15_dialog1774,analytics,7.5,8.5,31.2,0.0,0.0,0.0,0.0,0.0,0.0,0.0
granite3.2,2.0B,1_Классификаторы_KNN_и_наивный_байес,Как работает сглаживание по Лапласу?,prompt15,dialog1775,analytics_granite3.2_2b_prompt15_dialog1775,analytics,7.5,8.5,31.2,0.0,0.0,0.0,0.0,0.0,0.0,0.0
granite3.2,2.0B,1_Классификаторы_KNN_и_наивный_байес,Что такое манхэттенское расстояние?,prompt15,dialog1776,analytics_granite3.2_2b_prompt15_dialog1776,analytics,7.5,8.5,31.2,0.0,0.0,0.0,0.0,0.0,0.0,0.0
granite3.2,2.0B,1_Классификаторы_KNN_и_наивный_байес,Как вычислить вероятность класса в Naive Bayes?,prompt15,dialog1777,analytics_granite3.2_2b_prompt15_dialog1777,analytics,7.5,8.5,31.2,0.0,0.0,0.0,0.0,0.0,0.0,0.0
granite3.2,2.0B,1_Классификаторы_KNN_и_наивный_байес,Что такое расстояние Чебышёва?,prompt15,dialog1778,analytics_granite3.2_2b_prompt15_dialog1778,analytics,7.5,8.5,31.2,0.0,0.0,0.0,0.0,0.0,0.0,0.0
granite3.2,2.0B,1_Классификаторы_KNN_и_наивный_байес,Как классифицировать письмо как спам в Naive Bayes?,prompt15,dialog1779,analytics_granite3.2_2b_prompt15_dialog1779,analytics,7.5,8.5,31.2,0.0,0.0,0.0,0.0,0.0,0.0,0.0
granite3.2,2.0B,1_Классификаторы_KNN_и_наивный_байес,В чем разница между k-NN и взвешенным k-NN?,prompt15,dialog1780,analytics_granite3.2_2b_prompt15_dialog1780,analytics,7.5,8.5,31.2,0.0,0.0,0.0,0.0,0.0,0.0,0.0
granite3.2,2.0B,1_Классификаторы_KNN_и_наивный_байес,Вычисли вероятность спама для слова 'приз' из примера.,prompt15,dialog1781,analytics_granite3.2_2b_prompt15_dialog1781,analytics,7.5,8.5,31.2,0.0,0.0,0.0,0.0,0.0,0.0,0.0
granite3.2,2.0B,1_Классификаторы_KNN_и_наивный_байес,"Вычисли расстояние Евклида между (1,2) и (3,4).",prompt15,dialog1782,analytics_granite3.2_2b_prompt15_dialog1782,analytics,7.5,8.5,31.2,0.0,0.0,0.0,0.0,0.0,0.0,0.0
granite3.2,2.0B,1_Классификаторы_KNN_и_наивный_байес,"В примере с погодой, вычисли F(да) для теста.",prompt15,dialog1783,analytics_granite3.2_2b_prompt15_dialog1783,analytics,7.5,8.5,31.2,0.0,0.0,0.0,0.0,0.0,0.0,0.0
granite3.2,2.0B,1_Классификаторы_KNN_и_наивный_байес,"Вычисли P(да | пасмурно, холодно, влажно, да).",prompt15,dialog1784,analytics_granite3.2_2b_prompt15_dialog1784,analytics,7.5,8.5,31.2,0.0,0.0,0.0,0.0,0.0,0.0,0.0
granite3.2,2.0B,1_Классификаторы_KNN_и_наивный_байес,"В спам-примере, вычисли P(win|спам) с Laplace.",prompt15,dialog1785,analytics_granite3.2_2b_prompt15_dialog1785,analytics,7.5,8.5,31.2,0.0,0.0,0.0,0.0,0.0,0.0,0.0
granite3.2,2.0B,3. Инструменты обучения НС,Что такое autograd?,prompt15,dialog1786,analytics_granite3.2_2b_prompt15_dialog1786,analytics,7.5,8.5,31.2,0.0,0.0,0.0,0.0,0.0,0.0,0.0
granite3.2,2.0B,3. Инструменты обучения НС,Что такое TensorFlow?,prompt15,dialog1787,analytics_granite3.2_2b_prompt15_dialog1787,analytics,7.5,8.5,31.2,0.0,0.0,0.0,0.0,0.0,0.0,0.0
granite3.2,2.0B,3. Инструменты обучения НС,Что такое Keras?,prompt15,dialog1788,analytics_granite3.2_2b_prompt15_dialog1788,analytics,7.5,8.5,31.2,0.0,0.0,0.0,0.0,0.0,0.0,0.0
granite3.2,2.0B,3. Инструменты обучения НС,Что такое over-fitting?,prompt15,dialog1789,analytics_granite3.2_2b_prompt15_dialog1789,analytics,7.5,8.5,31.2,0.0,0.0,0.0,0.0,0.0,0.0,0.0
granite3.2,2.0B,3. Инструменты обучения НС,Что такое SGD?,prompt15,dialog1790,analytics_granite3.2_2b_prompt15_dialog1790,analytics,7.5,8.5,31.2,0.0,0.0,0.0,0.0,0.0,0.0,0.0
granite3.2,2.0B,3. Инструменты обучения НС,Что такое Momentum в оптимизации?,prompt15,dialog1791,analytics_granite3.2_2b_prompt15_dialog1791,analytics,7.5,8.5,31.2,0.0,0.0,0.0,0.0,0.0,0.0,0.0
granite3.2,2.0B,3. Инструменты обучения НС,Что такое Adam?,prompt15,dialog1792,analytics_granite3.2_2b_prompt15_dialog1792,analytics,7.5,8.5,31.2,0.0,0.0,0.0,0.0,0.0,0.0,0.0
granite3.2,2.0B,3. Инструменты обучения НС,Что такое learning rate?,prompt15,dialog1793,analytics_granite3.2_2b_prompt15_dialog1793,analytics,7.5,8.5,31.2,0.0,0.0,0.0,0.0,0.0,0.0,0.0
granite3.2,2.0B,3. Инструменты обучения НС,Что такое метод Ньютона?,prompt15,dialog1794,analytics_granite3.2_2b_prompt15_dialog1794,analytics,7.5,8.5,31.2,0.0,0.0,0.0,0.0,0.0,0.0,0.0
granite3.2,2.0B,3. Инструменты обучения НС,Что такое RMSProp?,prompt15,dialog1795,analytics_granite3.2_2b_prompt15_dialog1795,analytics,7.5,8.5,31.2,0.0,0.0,0.0,0.0,0.0,0.0,0.0
granite3.2,2.0B,3. Инструменты обучения НС,"Вычисли шаг в SGD для L(w)=w^2, w=3, η=0.1.",prompt15,dialog1796,analytics_granite3.2_2b_prompt15_dialog1796,analytics,7.5,8.5,31.2,0.0,0.0,0.0,0.0,0.0,0.0,0.0
granite3.2,2.0B,3. Инструменты обучения НС,"Вычисли v_t в Momentum: γ=0.9, v_{t-1}=1, ∇L=2, η=0.1.",prompt15,dialog1797,analytics_granite3.2_2b_prompt15_dialog1797,analytics,7.5,8.5,31.2,0.0,0.0,0.0,0.0,0.0,0.0,0.0
granite3.2,2.0B,3. Инструменты обучения НС,"В Adagrad, G_{t-1,ii}=4, g_t=2, η=0.1, ε=1e-8.",prompt15,dialog1798,analytics_granite3.2_2b_prompt15_dialog1798,analytics,7.5,8.5,31.2,0.0,0.0,0.0,0.0,0.0,0.0,0.0
granite3.2,2.0B,3. Инструменты обучения НС,"Вычисли learning rate decay: η0=0.1, t=5, T=10, linear.",prompt15,dialog1799,analytics_granite3.2_2b_prompt15_dialog1799,analytics,7.5,8.5,31.2,0.0,0.0,0.0,0.0,0.0,0.0,0.0
granite3.2,2.0B,3. Инструменты обучения НС,"В Nesterov, вычисли ∇ в ω - γ v_{t-1}: γ=0.9, v=1, ∇=2.",prompt15,dialog1800,analytics_granite3.2_2b_prompt15_dialog1800,analytics,7.5,8.5,31.2,0.0,0.0,0.0,0.0,0.0,0.0,0.0
granite3.2,2.0B,1_Классификаторы_KNN_и_наивный_байес,Что такое метод k-ближайших соседей?,prompt10,dialog1621,analytics_granite3.2_2b_prompt10_dialog1621,analytics,7.7,8.3,29.0,0.0,0.0,0.0,0.0,0.0,0.0,0.0
granite3.2,2.0B,1_Классификаторы_KNN_и_наивный_байес,Как выбрать количество соседей k в k-NN?,prompt10,dialog1622,analytics_granite3.2_2b_prompt10_dialog1622,analytics,7.7,8.3,29.0,0.0,0.0,0.0,0.0,0.0,0.0,0.0
granite3.2,2.0B,1_Классификаторы_KNN_и_наивный_байес,Что такое евклидова метрика?,prompt10,dialog1623,analytics_granite3.2_2b_prompt10_dialog1623,analytics,7.7,8.3,29.0,0.0,0.0,0.0,0.0,0.0,0.0,0.0
granite3.2,2.0B,1_Классификаторы_KNN_и_наивный_байес,В чем суть наивного байесовского классификатора?,prompt10,dialog1624,analytics_granite3.2_2b_prompt10_dialog1624,analytics,7.7,8.3,29.0,0.0,0.0,0.0,0.0,0.0,0.0,0.0
granite3.2,2.0B,1_Классификаторы_KNN_и_наивный_байес,Как работает сглаживание по Лапласу?,prompt10,dialog1625,analytics_granite3.2_2b_prompt10_dialog1625,analytics,7.7,8.3,29.0,0.0,0.0,0.0,0.0,0.0,0.0,0.0
granite3.2,2.0B,1_Классификаторы_KNN_и_наивный_байес,Что такое манхэттенское расстояние?,prompt10,dialog1626,analytics_granite3.2_2b_prompt10_dialog1626,analytics,7.7,8.3,29.0,0.0,0.0,0.0,0.0,0.0,0.0,0.0
granite3.2,2.0B,1_Классификаторы_KNN_и_наивный_байес,Как вычислить вероятность класса в Naive Bayes?,prompt10,dialog1627,analytics_granite3.2_2b_prompt10_dialog1627,analytics,7.7,8.3,29.0,0.0,0.0,0.0,0.0,0.0,0.0,0.0
granite3.2,2.0B,1_Классификаторы_KNN_и_наивный_байес,Что такое расстояние Чебышёва?,prompt10,dialog1628,analytics_granite3.2_2b_prompt10_dialog1628,analytics,7.7,8.3,29.0,0.0,0.0,0.0,0.0,0.0,0.0,0.0
granite3.2,2.0B,1_Классификаторы_KNN_и_наивный_байес,Как классифицировать письмо как спам в Naive Bayes?,prompt10,dialog1629,analytics_granite3.2_2b_prompt10_dialog1629,analytics,7.7,8.3,29.0,0.0,0.0,0.0,0.0,0.0,0.0,0.0
granite3.2,2.0B,1_Классификаторы_KNN_и_наивный_байес,В чем разница между k-NN и взвешенным k-NN?,prompt10,dialog1630,analytics_granite3.2_2b_prompt10_dialog1630,analytics,7.7,8.3,29.0,0.0,0.0,0.0,0.0,0.0,0.0,0.0
granite3.2,2.0B,1_Классификаторы_KNN_и_наивный_байес,Вычисли вероятность спама для слова 'приз' из примера.,prompt10,dialog1631,analytics_granite3.2_2b_prompt10_dialog1631,analytics,7.7,8.3,29.0,0.0,0.0,0.0,0.0,0.0,0.0,0.0
granite3.2,2.0B,1_Классификаторы_KNN_и_наивный_байес,"Вычисли расстояние Евклида между (1,2) и (3,4).",prompt10,dialog1632,analytics_granite3.2_2b_prompt10_dialog1632,analytics,7.7,8.3,29.0,0.0,0.0,0.0,0.0,0.0,0.0,0.0
granite3.2,2.0B,1_Классификаторы_KNN_и_наивный_байес,"В примере с погодой, вычисли F(да) для теста.",prompt10,dialog1633,analytics_granite3.2_2b_prompt10_dialog1633,analytics,7.7,8.3,29.0,0.0,0.0,0.0,0.0,0.0,0.0,0.0
granite3.2,2.0B,1_Классификаторы_KNN_и_наивный_байес,"Вычисли P(да | пасмурно, холодно, влажно, да).",prompt10,dialog1634,analytics_granite3.2_2b_prompt10_dialog1634,analytics,7.7,8.3,29.0,0.0,0.0,0.0,0.0,0.0,0.0,0.0
granite3.2,2.0B,1_Классификаторы_KNN_и_наивный_байес,"В спам-примере, вычисли P(win|спам) с Laplace.",prompt10,dialog1635,analytics_granite3.2_2b_prompt10_dialog1635,analytics,7.7,8.3,29.0,0.0,0.0,0.0,0.0,0.0,0.0,0.0
granite3.2,2.0B,3. Инструменты обучения НС,Что такое autograd?,prompt10,dialog1636,analytics_granite3.2_2b_prompt10_dialog1636,analytics,7.7,8.3,29.0,0.0,0.0,0.0,0.0,0.0,0.0,0.0
granite3.2,2.0B,3. Инструменты обучения НС,Что такое TensorFlow?,prompt10,dialog1637,analytics_granite3.2_2b_prompt10_dialog1637,analytics,7.7,8.3,29.0,0.0,0.0,0.0,0.0,0.0,0.0,0.0
granite3.2,2.0B,3. Инструменты обучения НС,Что такое Keras?,prompt10,dialog1638,analytics_granite3.2_2b_prompt10_dialog1638,analytics,7.7,8.3,29.0,0.0,0.0,0.0,0.0,0.0,0.0,0.0
granite3.2,2.0B,3. Инструменты обучения НС,Что такое over-fitting?,prompt10,dialog1639,analytics_granite3.2_2b_prompt10_dialog1639,analytics,7.7,8.3,29.0,0.0,0.0,0.0,0.0,0.0,0.0,0.0
granite3.2,2.0B,3. Инструменты обучения НС,Что такое SGD?,prompt10,dialog1640,analytics_granite3.2_2b_prompt10_dialog1640,analytics,7.7,8.3,29.0,0.0,0.0,0.0,0.0,0.0,0.0,0.0
granite3.2,2.0B,3. Инструменты обучения НС,Что такое Momentum в оптимизации?,prompt10,dialog1641,analytics_granite3.2_2b_prompt10_dialog1641,analytics,7.7,8.3,29.0,0.0,0.0,0.0,0.0,0.0,0.0,0.0
granite3.2,2.0B,3. Инструменты обучения НС,Что такое Adam?,prompt10,dialog1642,analytics_granite3.2_2b_prompt10_dialog1642,analytics,7.7,8.3,29.0,0.0,0.0,0.0,0.0,0.0,0.0,0.0
granite3.2,2.0B,3. Инструменты обучения НС,Что такое learning rate?,prompt10,dialog1643,analytics_granite3.2_2b_prompt10_dialog1643,analytics,7.7,8.3,29.0,0.0,0.0,0.0,0.0,0.0,0.0,0.0
granite3.2,2.0B,3. Инструменты обучения НС,Что такое метод Ньютона?,prompt10,dialog1644,analytics_granite3.2_2b_prompt10_dialog1644,analytics,7.7,8.3,29.0,0.0,0.0,0.0,0.0,0.0,0.0,0.0
granite3.2,2.0B,3. Инструменты обучения НС,Что такое RMSProp?,prompt10,dialog1645,analytics_granite3.2_2b_prompt10_dialog1645,analytics,7.7,8.3,29.0,0.0,0.0,0.0,0.0,0.0,0.0,0.0
granite3.2,2.0B,3. Инструменты обучения НС,"Вычисли шаг в SGD для L(w)=w^2, w=3, η=0.1.",prompt10,dialog1646,analytics_granite3.2_2b_prompt10_dialog1646,analytics,7.7,8.3,29.0,0.0,0.0,0.0,0.0,0.0,0.0,0.0
granite3.2,2.0B,3. Инструменты обучения НС,"Вычисли v_t в Momentum: γ=0.9, v_{t-1}=1, ∇L=2, η=0.1.",prompt10,dialog1647,analytics_granite3.2_2b_prompt10_dialog1647,analytics,7.7,8.3,29.0,0.0,0.0,0.0,0.0,0.0,0.0,0.0
granite3.2,2.0B,3. Инструменты обучения НС,"В Adagrad, G_{t-1,ii}=4, g_t=2, η=0.1, ε=1e-8.",prompt10,dialog1648,analytics_granite3.2_2b_prompt10_dialog1648,analytics,7.7,8.3,29.0,0.0,0.0,0.0,0.0,0.0,0.0,0.0
granite3.2,2.0B,3. Инструменты обучения НС,"Вычисли learning rate decay: η0=0.1, t=5, T=10, linear.",prompt10,dialog1649,analytics_granite3.2_2b_prompt10_dialog1649,analytics,7.7,8.3,29.0,0.0,0.0,0.0,0.0,0.0,0.0,0.0
granite3.2,2.0B,3. Инструменты обучения НС,"В Nesterov, вычисли ∇ в ω - γ v_{t-1}: γ=0.9, v=1, ∇=2.",prompt10,dialog1650,analytics_granite3.2_2b_prompt10_dialog1650,analytics,7.7,8.3,29.0,0.0,0.0,0.0,0.0,0.0,0.0,0.0
granite3.2,2.0B,1_Классификаторы_KNN_и_наивный_байес,Что такое метод k-ближайших соседей?,prompt9,dialog1591,analytics_granite3.2_2b_prompt9_dialog1591,analytics,11.2,11.4,33.5,0.0,0.0,0.0,0.0,0.0,0.0,0.0
granite3.2,2.0B,1_Классификаторы_KNN_и_наивный_байес,Как выбрать количество соседей k в k-NN?,prompt9,dialog1592,analytics_granite3.2_2b_prompt9_dialog1592,analytics,11.2,11.4,33.5,0.0,0.0,0.0,0.0,0.0,0.0,0.0
granite3.2,2.0B,1_Классификаторы_KNN_и_наивный_байес,Что такое евклидова метрика?,prompt9,dialog1593,analytics_granite3.2_2b_prompt9_dialog1593,analytics,11.2,11.4,33.5,0.0,0.0,0.0,0.0,0.0,0.0,0.0
granite3.2,2.0B,1_Классификаторы_KNN_и_наивный_байес,В чем суть наивного байесовского классификатора?,prompt9,dialog1594,analytics_granite3.2_2b_prompt9_dialog1594,analytics,11.2,11.4,33.5,0.0,0.0,0.0,0.0,0.0,0.0,0.0
granite3.2,2.0B,1_Классификаторы_KNN_и_наивный_байес,Как работает сглаживание по Лапласу?,prompt9,dialog1595,analytics_granite3.2_2b_prompt9_dialog1595,analytics,11.2,11.4,33.5,0.0,0.0,0.0,0.0,0.0,0.0,0.0
granite3.2,2.0B,1_Классификаторы_KNN_и_наивный_байес,Что такое манхэттенское расстояние?,prompt9,dialog1596,analytics_granite3.2_2b_prompt9_dialog1596,analytics,11.2,11.4,33.5,0.0,0.0,0.0,0.0,0.0,0.0,0.0
granite3.2,2.0B,1_Классификаторы_KNN_и_наивный_байес,Как вычислить вероятность класса в Naive Bayes?,prompt9,dialog1597,analytics_granite3.2_2b_prompt9_dialog1597,analytics,11.2,11.4,33.5,0.0,0.0,0.0,0.0,0.0,0.0,0.0
granite3.2,2.0B,1_Классификаторы_KNN_и_наивный_байес,Что такое расстояние Чебышёва?,prompt9,dialog1598,analytics_granite3.2_2b_prompt9_dialog1598,analytics,11.2,11.4,33.5,0.0,0.0,0.0,0.0,0.0,0.0,0.0
granite3.2,2.0B,1_Классификаторы_KNN_и_наивный_байес,Как классифицировать письмо как спам в Naive Bayes?,prompt9,dialog1599,analytics_granite3.2_2b_prompt9_dialog1599,analytics,11.2,11.4,33.5,0.0,0.0,0.0,0.0,0.0,0.0,0.0
granite3.2,2.0B,1_Классификаторы_KNN_и_наивный_байес,В чем разница между k-NN и взвешенным k-NN?,prompt9,dialog1600,analytics_granite3.2_2b_prompt9_dialog1600,analytics,11.2,11.4,33.5,0.0,0.0,0.0,0.0,0.0,0.0,0.0
granite3.2,2.0B,1_Классификаторы_KNN_и_наивный_байес,Вычисли вероятность спама для слова 'приз' из примера.,prompt9,dialog1601,analytics_granite3.2_2b_prompt9_dialog1601,analytics,11.2,11.4,33.5,0.0,0.0,0.0,0.0,0.0,0.0,0.0
granite3.2,2.0B,1_Классификаторы_KNN_и_наивный_байес,"Вычисли расстояние Евклида между (1,2) и (3,4).",prompt9,dialog1602,analytics_granite3.2_2b_prompt9_dialog1602,analytics,11.2,11.4,33.5,0.0,0.0,0.0,0.0,0.0,0.0,0.0
granite3.2,2.0B,1_Классификаторы_KNN_и_наивный_байес,"В примере с погодой, вычисли F(да) для теста.",prompt9,dialog1603,analytics_granite3.2_2b_prompt9_dialog1603,analytics,11.2,11.4,33.5,0.0,0.0,0.0,0.0,0.0,0.0,0.0
granite3.2,2.0B,1_Классификаторы_KNN_и_наивный_байес,"Вычисли P(да | пасмурно, холодно, влажно, да).",prompt9,dialog1604,analytics_granite3.2_2b_prompt9_dialog1604,analytics,11.2,11.4,33.5,0.0,0.0,0.0,0.0,0.0,0.0,0.0
granite3.2,2.0B,1_Классификаторы_KNN_и_наивный_байес,"В спам-примере, вычисли P(win|спам) с Laplace.",prompt9,dialog1605,analytics_granite3.2_2b_prompt9_dialog1605,analytics,11.2,11.4,33.5,0.0,0.0,0.0,0.0,0.0,0.0,0.0
granite3.2,2.0B,3. Инструменты обучения НС,Что такое autograd?,prompt9,dialog1606,analytics_granite3.2_2b_prompt9_dialog1606,analytics,11.2,11.4,33.5,0.0,0.0,0.0,0.0,0.0,0.0,0.0
granite3.2,2.0B,3. Инструменты обучения НС,Что такое TensorFlow?,prompt9,dialog1607,analytics_granite3.2_2b_prompt9_dialog1607,analytics,11.2,11.4,33.5,0.0,0.0,0.0,0.0,0.0,0.0,0.0
granite3.2,2.0B,3. Инструменты обучения НС,Что такое Keras?,prompt9,dialog1608,analytics_granite3.2_2b_prompt9_dialog1608,analytics,11.2,11.4,33.5,0.0,0.0,0.0,0.0,0.0,0.0,0.0
granite3.2,2.0B,3. Инструменты обучения НС,Что такое over-fitting?,prompt9,dialog1609,analytics_granite3.2_2b_prompt9_dialog1609,analytics,11.2,11.4,33.5,0.0,0.0,0.0,0.0,0.0,0.0,0.0
granite3.2,2.0B,3. Инструменты обучения НС,Что такое SGD?,prompt9,dialog1610,analytics_granite3.2_2b_prompt9_dialog1610,analytics,11.2,11.4,33.5,0.0,0.0,0.0,0.0,0.0,0.0,0.0
granite3.2,2.0B,3. Инструменты обучения НС,Что такое Momentum в оптимизации?,prompt9,dialog1611,analytics_granite3.2_2b_prompt9_dialog1611,analytics,11.2,11.4,33.5,0.0,0.0,0.0,0.0,0.0,0.0,0.0
granite3.2,2.0B,3. Инструменты обучения НС,Что такое Adam?,prompt9,dialog1612,analytics_granite3.2_2b_prompt9_dialog1612,analytics,11.2,11.4,33.5,0.0,0.0,0.0,0.0,0.0,0.0,0.0
granite3.2,2.0B,3. Инструменты обучения НС,Что такое learning rate?,prompt9,dialog1613,analytics_granite3.2_2b_prompt9_dialog1613,analytics,11.2,11.4,33.5,0.0,0.0,0.0,0.0,0.0,0.0,0.0
granite3.2,2.0B,3. Инструменты обучения НС,Что такое метод Ньютона?,prompt9,dialog1614,analytics_granite3.2_2b_prompt9_dialog1614,analytics,11.2,11.4,33.5,0.0,0.0,0.0,0.0,0.0,0.0,0.0
granite3.2,2.0B,3. Инструменты обучения НС,Что такое RMSProp?,prompt9,dialog1615,analytics_granite3.2_2b_prompt9_dialog1615,analytics,11.2,11.4,33.5,0.0,0.0,0.0,0.0,0.0,0.0,0.0
granite3.2,2.0B,3. Инструменты обучения НС,"Вычисли шаг в SGD для L(w)=w^2, w=3, η=0.1.",prompt9,dialog1616,analytics_granite3.2_2b_prompt9_dialog1616,analytics,11.2,11.4,33.5,0.0,0.0,0.0,0.0,0.0,0.0,0.0
granite3.2,2.0B,3. Инструменты обучения НС,"Вычисли v_t в Momentum: γ=0.9, v_{t-1}=1, ∇L=2, η=0.1.",prompt9,dialog1617,analytics_granite3.2_2b_prompt9_dialog1617,analytics,11.2,11.4,33.5,0.0,0.0,0.0,0.0,0.0,0.0,0.0
granite3.2,2.0B,3. Инструменты обучения НС,"В Adagrad, G_{t-1,ii}=4, g_t=2, η=0.1, ε=1e-8.",prompt9,dialog1618,analytics_granite3.2_2b_prompt9_dialog1618,analytics,11.2,11.4,33.5,0.0,0.0,0.0,0.0,0.0,0.0,0.0
granite3.2,2.0B,3. Инструменты обучения НС,"Вычисли learning rate decay: η0=0.1, t=5, T=10, linear.",prompt9,dialog1619,analytics_granite3.2_2b_prompt9_dialog1619,analytics,11.2,11.4,33.5,0.0,0.0,0.0,0.0,0.0,0.0,0.0
granite3.2,2.0B,3. Инструменты обучения НС,"В Nesterov, вычисли ∇ в ω - γ v_{t-1}: γ=0.9, v=1, ∇=2.",prompt9,dialog1620,analytics_granite3.2_2b_prompt9_dialog1620,analytics,11.2,11.4,33.5,0.0,0.0,0.0,0.0,0.0,0.0,0.0
granite3.2,2.0B,1_Классификаторы_KNN_и_наивный_байес,Что такое метод k-ближайших соседей?,prompt7,dialog1531,analytics_granite3.2_2b_prompt7_dialog1531,analytics,4.4,4.1,30.3,0.0,0.0,0.0,0.0,0.0,0.0,0.0
granite3.2,2.0B,1_Классификаторы_KNN_и_наивный_байес,Как выбрать количество соседей k в k-NN?,prompt7,dialog1532,analytics_granite3.2_2b_prompt7_dialog1532,analytics,4.4,4.1,30.3,0.0,0.0,0.0,0.0,0.0,0.0,0.0
granite3.2,2.0B,1_Классификаторы_KNN_и_наивный_байес,Что такое евклидова метрика?,prompt7,dialog1533,analytics_granite3.2_2b_prompt7_dialog1533,analytics,4.4,4.1,30.3,0.0,0.0,0.0,0.0,0.0,0.0,0.0
granite3.2,2.0B,1_Классификаторы_KNN_и_наивный_байес,В чем суть наивного байесовского классификатора?,prompt7,dialog1534,analytics_granite3.2_2b_prompt7_dialog1534,analytics,4.4,4.1,30.3,0.0,0.0,0.0,0.0,0.0,0.0,0.0
granite3.2,2.0B,1_Классификаторы_KNN_и_наивный_байес,Как работает сглаживание по Лапласу?,prompt7,dialog1535,analytics_granite3.2_2b_prompt7_dialog1535,analytics,4.4,4.1,30.3,0.0,0.0,0.0,0.0,0.0,0.0,0.0
granite3.2,2.0B,1_Классификаторы_KNN_и_наивный_байес,Что такое манхэттенское расстояние?,prompt7,dialog1536,analytics_granite3.2_2b_prompt7_dialog1536,analytics,4.4,4.1,30.3,0.0,0.0,0.0,0.0,0.0,0.0,0.0
granite3.2,2.0B,1_Классификаторы_KNN_и_наивный_байес,Как вычислить вероятность класса в Naive Bayes?,prompt7,dialog1537,analytics_granite3.2_2b_prompt7_dialog1537,analytics,4.4,4.1,30.3,0.0,0.0,0.0,0.0,0.0,0.0,0.0
granite3.2,2.0B,1_Классификаторы_KNN_и_наивный_байес,Что такое расстояние Чебышёва?,prompt7,dialog1538,analytics_granite3.2_2b_prompt7_dialog1538,analytics,4.4,4.1,30.3,0.0,0.0,0.0,0.0,0.0,0.0,0.0
granite3.2,2.0B,1_Классификаторы_KNN_и_наивный_байес,Как классифицировать письмо как спам в Naive Bayes?,prompt7,dialog1539,analytics_granite3.2_2b_prompt7_dialog1539,analytics,4.4,4.1,30.3,0.0,0.0,0.0,0.0,0.0,0.0,0.0
granite3.2,2.0B,1_Классификаторы_KNN_и_наивный_байес,В чем разница между k-NN и взвешенным k-NN?,prompt7,dialog1540,analytics_granite3.2_2b_prompt7_dialog1540,analytics,4.4,4.1,30.3,0.0,0.0,0.0,0.0,0.0,0.0,0.0
granite3.2,2.0B,1_Классификаторы_KNN_и_наивный_байес,Вычисли вероятность спама для слова 'приз' из примера.,prompt7,dialog1541,analytics_granite3.2_2b_prompt7_dialog1541,analytics,4.4,4.1,30.3,0.0,0.0,0.0,0.0,0.0,0.0,0.0
granite3.2,2.0B,1_Классификаторы_KNN_и_наивный_байес,"Вычисли расстояние Евклида между (1,2) и (3,4).",prompt7,dialog1542,analytics_granite3.2_2b_prompt7_dialog1542,analytics,4.4,4.1,30.3,0.0,0.0,0.0,0.0,0.0,0.0,0.0
granite3.2,2.0B,1_Классификаторы_KNN_и_наивный_байес,"В примере с погодой, вычисли F(да) для теста.",prompt7,dialog1543,analytics_granite3.2_2b_prompt7_dialog1543,analytics,4.4,4.1,30.3,0.0,0.0,0.0,0.0,0.0,0.0,0.0
granite3.2,2.0B,1_Классификаторы_KNN_и_наивный_байес,"Вычисли P(да | пасмурно, холодно, влажно, да).",prompt7,dialog1544,analytics_granite3.2_2b_prompt7_dialog1544,analytics,4.4,4.1,30.3,0.0,0.0,0.0,0.0,0.0,0.0,0.0
granite3.2,2.0B,1_Классификаторы_KNN_и_наивный_байес,"В спам-примере, вычисли P(win|спам) с Laplace.",prompt7,dialog1545,analytics_granite3.2_2b_prompt7_dialog1545,analytics,4.4,4.1,30.3,0.0,0.0,0.0,0.0,0.0,0.0,0.0
granite3.2,2.0B,3. Инструменты обучения НС,Что такое autograd?,prompt7,dialog1546,analytics_granite3.2_2b_prompt7_dialog1546,analytics,4.4,4.1,30.3,0.0,0.0,0.0,0.0,0.0,0.0,0.0
granite3.2,2.0B,3. Инструменты обучения НС,Что такое TensorFlow?,prompt7,dialog1547,analytics_granite3.2_2b_prompt7_dialog1547,analytics,4.4,4.1,30.3,0.0,0.0,0.0,0.0,0.0,0.0,0.0
granite3.2,2.0B,3. Инструменты обучения НС,Что такое Keras?,prompt7,dialog1548,analytics_granite3.2_2b_prompt7_dialog1548,analytics,4.4,4.1,30.3,0.0,0.0,0.0,0.0,0.0,0.0,0.0
granite3.2,2.0B,3. Инструменты обучения НС,Что такое over-fitting?,prompt7,dialog1549,analytics_granite3.2_2b_prompt7_dialog1549,analytics,4.4,4.1,30.3,0.0,0.0,0.0,0.0,0.0,0.0,0.0
granite3.2,2.0B,3. Инструменты обучения НС,Что такое SGD?,prompt7,dialog1550,analytics_granite3.2_2b_prompt7_dialog1550,analytics,4.4,4.1,30.3,0.0,0.0,0.0,0.0,0.0,0.0,0.0
granite3.2,2.0B,3. Инструменты обучения НС,Что такое Momentum в оптимизации?,prompt7,dialog1551,analytics_granite3.2_2b_prompt7_dialog1551,analytics,4.4,4.1,30.3,0.0,0.0,0.0,0.0,0.0,0.0,0.0
granite3.2,2.0B,3. Инструменты обучения НС,Что такое Adam?,prompt7,dialog1552,analytics_granite3.2_2b_prompt7_dialog1552,analytics,4.4,4.1,30.3,0.0,0.0,0.0,0.0,0.0,0.0,0.0
granite3.2,2.0B,3. Инструменты обучения НС,Что такое learning rate?,prompt7,dialog1553,analytics_granite3.2_2b_prompt7_dialog1553,analytics,4.4,4.1,30.3,0.0,0.0,0.0,0.0,0.0,0.0,0.0
granite3.2,2.0B,3. Инструменты обучения НС,Что такое метод Ньютона?,prompt7,dialog1554,analytics_granite3.2_2b_prompt7_dialog1554,analytics,4.4,4.1,30.3,0.0,0.0,0.0,0.0,0.0,0.0,0.0
granite3.2,2.0B,3. Инструменты обучения НС,Что такое RMSProp?,prompt7,dialog1555,analytics_granite3.2_2b_prompt7_dialog1555,analytics,4.4,4.1,30.3,0.0,0.0,0.0,0.0,0.0,0.0,0.0
granite3.2,2.0B,3. Инструменты обучения НС,"Вычисли шаг в SGD для L(w)=w^2, w=3, η=0.1.",prompt7,dialog1556,analytics_granite3.2_2b_prompt7_dialog1556,analytics,4.4,4.1,30.3,0.0,0.0,0.0,0.0,0.0,0.0,0.0
granite3.2,2.0B,3. Инструменты обучения НС,"Вычисли v_t в Momentum: γ=0.9, v_{t-1}=1, ∇L=2, η=0.1.",prompt7,dialog1557,analytics_granite3.2_2b_prompt7_dialog1557,analytics,4.4,4.1,30.3,0.0,0.0,0.0,0.0,0.0,0.0,0.0
granite3.2,2.0B,3. Инструменты обучения НС,"В Adagrad, G_{t-1,ii}=4, g_t=2, η=0.1, ε=1e-8.",prompt7,dialog1558,analytics_granite3.2_2b_prompt7_dialog1558,analytics,4.4,4.1,30.3,0.0,0.0,0.0,0.0,0.0,0.0,0.0
granite3.2,2.0B,3. Инструменты обучения НС,"Вычисли learning rate decay: η0=0.1, t=5, T=10, linear.",prompt7,dialog1559,analytics_granite3.2_2b_prompt7_dialog1559,analytics,4.4,4.1,30.3,0.0,0.0,0.0,0.0,0.0,0.0,0.0
granite3.2,2.0B,3. Инструменты обучения НС,"В Nesterov, вычисли ∇ в ω - γ v_{t-1}: γ=0.9, v=1, ∇=2.",prompt7,dialog1560,analytics_granite3.2_2b_prompt7_dialog1560,analytics,4.4,4.1,30.3,0.0,0.0,0.0,0.0,0.0,0.0,0.0
granite3.2,2.0B,1_Классификаторы_KNN_и_наивный_байес,Что такое метод k-ближайших соседей?,prompt6,dialog1501,analytics_granite3.2_2b_prompt6_dialog1501,analytics,6.7,7.6,23.3,0.0,0.0,0.0,0.0,0.0,0.0,0.0
granite3.2,2.0B,1_Классификаторы_KNN_и_наивный_байес,Как выбрать количество соседей k в k-NN?,prompt6,dialog1502,analytics_granite3.2_2b_prompt6_dialog1502,analytics,6.7,7.6,23.3,0.0,0.0,0.0,0.0,0.0,0.0,0.0
granite3.2,2.0B,1_Классификаторы_KNN_и_наивный_байес,Что такое евклидова метрика?,prompt6,dialog1503,analytics_granite3.2_2b_prompt6_dialog1503,analytics,6.7,7.6,23.3,0.0,0.0,0.0,0.0,0.0,0.0,0.0
granite3.2,2.0B,1_Классификаторы_KNN_и_наивный_байес,В чем суть наивного байесовского классификатора?,prompt6,dialog1504,analytics_granite3.2_2b_prompt6_dialog1504,analytics,6.7,7.6,23.3,0.0,0.0,0.0,0.0,0.0,0.0,0.0
granite3.2,2.0B,1_Классификаторы_KNN_и_наивный_байес,Как работает сглаживание по Лапласу?,prompt6,dialog1505,analytics_granite3.2_2b_prompt6_dialog1505,analytics,6.7,7.6,23.3,0.0,0.0,0.0,0.0,0.0,0.0,0.0
granite3.2,2.0B,1_Классификаторы_KNN_и_наивный_байес,Что такое манхэттенское расстояние?,prompt6,dialog1506,analytics_granite3.2_2b_prompt6_dialog1506,analytics,6.7,7.6,23.3,0.0,0.0,0.0,0.0,0.0,0.0,0.0
granite3.2,2.0B,1_Классификаторы_KNN_и_наивный_байес,Как вычислить вероятность класса в Naive Bayes?,prompt6,dialog1507,analytics_granite3.2_2b_prompt6_dialog1507,analytics,6.7,7.6,23.3,0.0,0.0,0.0,0.0,0.0,0.0,0.0
granite3.2,2.0B,1_Классификаторы_KNN_и_наивный_байес,Что такое расстояние Чебышёва?,prompt6,dialog1508,analytics_granite3.2_2b_prompt6_dialog1508,analytics,6.7,7.6,23.3,0.0,0.0,0.0,0.0,0.0,0.0,0.0
granite3.2,2.0B,1_Классификаторы_KNN_и_наивный_байес,Как классифицировать письмо как спам в Naive Bayes?,prompt6,dialog1509,analytics_granite3.2_2b_prompt6_dialog1509,analytics,6.7,7.6,23.3,0.0,0.0,0.0,0.0,0.0,0.0,0.0
granite3.2,2.0B,1_Классификаторы_KNN_и_наивный_байес,В чем разница между k-NN и взвешенным k-NN?,prompt6,dialog1510,analytics_granite3.2_2b_prompt6_dialog1510,analytics,6.7,7.6,23.3,0.0,0.0,0.0,0.0,0.0,0.0,0.0
granite3.2,2.0B,1_Классификаторы_KNN_и_наивный_байес,Вычисли вероятность спама для слова 'приз' из примера.,prompt6,dialog1511,analytics_granite3.2_2b_prompt6_dialog1511,analytics,6.7,7.6,23.3,0.0,0.0,0.0,0.0,0.0,0.0,0.0
granite3.2,2.0B,1_Классификаторы_KNN_и_наивный_байес,"Вычисли расстояние Евклида между (1,2) и (3,4).",prompt6,dialog1512,analytics_granite3.2_2b_prompt6_dialog1512,analytics,6.7,7.6,23.3,0.0,0.0,0.0,0.0,0.0,0.0,0.0
granite3.2,2.0B,1_Классификаторы_KNN_и_наивный_байес,"В примере с погодой, вычисли F(да) для теста.",prompt6,dialog1513,analytics_granite3.2_2b_prompt6_dialog1513,analytics,6.7,7.6,23.3,0.0,0.0,0.0,0.0,0.0,0.0,0.0
granite3.2,2.0B,1_Классификаторы_KNN_и_наивный_байес,"Вычисли P(да | пасмурно, холодно, влажно, да).",prompt6,dialog1514,analytics_granite3.2_2b_prompt6_dialog1514,analytics,6.7,7.6,23.3,0.0,0.0,0.0,0.0,0.0,0.0,0.0
granite3.2,2.0B,1_Классификаторы_KNN_и_наивный_байес,"В спам-примере, вычисли P(win|спам) с Laplace.",prompt6,dialog1515,analytics_granite3.2_2b_prompt6_dialog1515,analytics,6.7,7.6,23.3,0.0,0.0,0.0,0.0,0.0,0.0,0.0
granite3.2,2.0B,3. Инструменты обучения НС,Что такое autograd?,prompt6,dialog1516,analytics_granite3.2_2b_prompt6_dialog1516,analytics,6.7,7.6,23.3,0.0,0.0,0.0,0.0,0.0,0.0,0.0
granite3.2,2.0B,3. Инструменты обучения НС,Что такое TensorFlow?,prompt6,dialog1517,analytics_granite3.2_2b_prompt6_dialog1517,analytics,6.7,7.6,23.3,0.0,0.0,0.0,0.0,0.0,0.0,0.0
granite3.2,2.0B,3. Инструменты обучения НС,Что такое Keras?,prompt6,dialog1518,analytics_granite3.2_2b_prompt6_dialog1518,analytics,6.7,7.6,23.3,0.0,0.0,0.0,0.0,0.0,0.0,0.0
granite3.2,2.0B,3. Инструменты обучения НС,Что такое over-fitting?,prompt6,dialog1519,analytics_granite3.2_2b_prompt6_dialog1519,analytics,6.7,7.6,23.3,0.0,0.0,0.0,0.0,0.0,0.0,0.0
granite3.2,2.0B,3. Инструменты обучения НС,Что такое SGD?,prompt6,dialog1520,analytics_granite3.2_2b_prompt6_dialog1520,analytics,6.7,7.6,23.3,0.0,0.0,0.0,0.0,0.0,0.0,0.0
granite3.2,2.0B,3. Инструменты обучения НС,Что такое Momentum в оптимизации?,prompt6,dialog1521,analytics_granite3.2_2b_prompt6_dialog1521,analytics,6.7,7.6,23.3,0.0,0.0,0.0,0.0,0.0,0.0,0.0
granite3.2,2.0B,3. Инструменты обучения НС,Что такое Adam?,prompt6,dialog1522,analytics_granite3.2_2b_prompt6_dialog1522,analytics,6.7,7.6,23.3,0.0,0.0,0.0,0.0,0.0,0.0,0.0
granite3.2,2.0B,3. Инструменты обучения НС,Что такое learning rate?,prompt6,dialog1523,analytics_granite3.2_2b_prompt6_dialog1523,analytics,6.7,7.6,23.3,0.0,0.0,0.0,0.0,0.0,0.0,0.0
granite3.2,2.0B,3. Инструменты обучения НС,Что такое метод Ньютона?,prompt6,dialog1524,analytics_granite3.2_2b_prompt6_dialog1524,analytics,6.7,7.6,23.3,0.0,0.0,0.0,0.0,0.0,0.0,0.0
granite3.2,2.0B,3. Инструменты обучения НС,Что такое RMSProp?,prompt6,dialog1525,analytics_granite3.2_2b_prompt6_dialog1525,analytics,6.7,7.6,23.3,0.0,0.0,0.0,0.0,0.0,0.0,0.0
granite3.2,2.0B,3. Инструменты обучения НС,"Вычисли шаг в SGD для L(w)=w^2, w=3, η=0.1.",prompt6,dialog1526,analytics_granite3.2_2b_prompt6_dialog1526,analytics,6.7,7.6,23.3,0.0,0.0,0.0,0.0,0.0,0.0,0.0
granite3.2,2.0B,3. Инструменты обучения НС,"Вычисли v_t в Momentum: γ=0.9, v_{t-1}=1, ∇L=2, η=0.1.",prompt6,dialog1527,analytics_granite3.2_2b_prompt6_dialog1527,analytics,6.7,7.6,23.3,0.0,0.0,0.0,0.0,0.0,0.0,0.0
granite3.2,2.0B,3. Инструменты обучения НС,"В Adagrad, G_{t-1,ii}=4, g_t=2, η=0.1, ε=1e-8.",prompt6,dialog1528,analytics_granite3.2_2b_prompt6_dialog1528,analytics,6.7,7.6,23.3,0.0,0.0,0.0,0.0,0.0,0.0,0.0
granite3.2,2.0B,3. Инструменты обучения НС,"Вычисли learning rate decay: η0=0.1, t=5, T=10, linear.",prompt6,dialog1529,analytics_granite3.2_2b_prompt6_dialog1529,analytics,6.7,7.6,23.3,0.0,0.0,0.0,0.0,0.0,0.0,0.0
granite3.2,2.0B,3. Инструменты обучения НС,"В Nesterov, вычисли ∇ в ω - γ v_{t-1}: γ=0.9, v=1, ∇=2.",prompt6,dialog1530,analytics_granite3.2_2b_prompt6_dialog1530,analytics,6.7,7.6,23.3,0.0,0.0,0.0,0.0,0.0,0.0,0.0
granite3.2,2.0B,1_Классификаторы_KNN_и_наивный_байес,Что такое метод k-ближайших соседей?,prompt1,dialog1351,analytics_granite3.2_2b_prompt1_dialog1351,analytics,7.5,7.4,31.0,0.0,0.0,0.0,0.0,0.0,0.0,0.0
granite3.2,2.0B,1_Классификаторы_KNN_и_наивный_байес,Как выбрать количество соседей k в k-NN?,prompt1,dialog1352,analytics_granite3.2_2b_prompt1_dialog1352,analytics,7.5,7.4,31.0,0.0,0.0,0.0,0.0,0.0,0.0,0.0
granite3.2,2.0B,1_Классификаторы_KNN_и_наивный_байес,Что такое евклидова метрика?,prompt1,dialog1353,analytics_granite3.2_2b_prompt1_dialog1353,analytics,7.5,7.4,31.0,0.0,0.0,0.0,0.0,0.0,0.0,0.0
granite3.2,2.0B,1_Классификаторы_KNN_и_наивный_байес,В чем суть наивного байесовского классификатора?,prompt1,dialog1354,analytics_granite3.2_2b_prompt1_dialog1354,analytics,7.5,7.4,31.0,0.0,0.0,0.0,0.0,0.0,0.0,0.0
granite3.2,2.0B,1_Классификаторы_KNN_и_наивный_байес,Как работает сглаживание по Лапласу?,prompt1,dialog1355,analytics_granite3.2_2b_prompt1_dialog1355,analytics,7.5,7.4,31.0,0.0,0.0,0.0,0.0,0.0,0.0,0.0
granite3.2,2.0B,1_Классификаторы_KNN_и_наивный_байес,Что такое манхэттенское расстояние?,prompt1,dialog1356,analytics_granite3.2_2b_prompt1_dialog1356,analytics,7.5,7.4,31.0,0.0,0.0,0.0,0.0,0.0,0.0,0.0
granite3.2,2.0B,1_Классификаторы_KNN_и_наивный_байес,Как вычислить вероятность класса в Naive Bayes?,prompt1,dialog1357,analytics_granite3.2_2b_prompt1_dialog1357,analytics,7.5,7.4,31.0,0.0,0.0,0.0,0.0,0.0,0.0,0.0
granite3.2,2.0B,1_Классификаторы_KNN_и_наивный_байес,Что такое расстояние Чебышёва?,prompt1,dialog1358,analytics_granite3.2_2b_prompt1_dialog1358,analytics,7.5,7.4,31.0,0.0,0.0,0.0,0.0,0.0,0.0,0.0
granite3.2,2.0B,1_Классификаторы_KNN_и_наивный_байес,Как классифицировать письмо как спам в Naive Bayes?,prompt1,dialog1359,analytics_granite3.2_2b_prompt1_dialog1359,analytics,7.5,7.4,31.0,0.0,0.0,0.0,0.0,0.0,0.0,0.0
granite3.2,2.0B,1_Классификаторы_KNN_и_наивный_байес,В чем разница между k-NN и взвешенным k-NN?,prompt1,dialog1360,analytics_granite3.2_2b_prompt1_dialog1360,analytics,7.5,7.4,31.0,0.0,0.0,0.0,0.0,0.0,0.0,0.0
granite3.2,2.0B,1_Классификаторы_KNN_и_наивный_байес,Вычисли вероятность спама для слова 'приз' из примера.,prompt1,dialog1361,analytics_granite3.2_2b_prompt1_dialog1361,analytics,7.5,7.4,31.0,0.0,0.0,0.0,0.0,0.0,0.0,0.0
granite3.2,2.0B,1_Классификаторы_KNN_и_наивный_байес,"Вычисли расстояние Евклида между (1,2) и (3,4).",prompt1,dialog1362,analytics_granite3.2_2b_prompt1_dialog1362,analytics,7.5,7.4,31.0,0.0,0.0,0.0,0.0,0.0,0.0,0.0
granite3.2,2.0B,1_Классификаторы_KNN_и_наивный_байес,"В примере с погодой, вычисли F(да) для теста.",prompt1,dialog1363,analytics_granite3.2_2b_prompt1_dialog1363,analytics,7.5,7.4,31.0,0.0,0.0,0.0,0.0,0.0,0.0,0.0
granite3.2,2.0B,1_Классификаторы_KNN_и_наивный_байес,"Вычисли P(да | пасмурно, холодно, влажно, да).",prompt1,dialog1364,analytics_granite3.2_2b_prompt1_dialog1364,analytics,7.5,7.4,31.0,0.0,0.0,0.0,0.0,0.0,0.0,0.0
granite3.2,2.0B,1_Классификаторы_KNN_и_наивный_байес,"В спам-примере, вычисли P(win|спам) с Laplace.",prompt1,dialog1365,analytics_granite3.2_2b_prompt1_dialog1365,analytics,7.5,7.4,31.0,0.0,0.0,0.0,0.0,0.0,0.0,0.0
granite3.2,2.0B,3. Инструменты обучения НС,Что такое autograd?,prompt1,dialog1366,analytics_granite3.2_2b_prompt1_dialog1366,analytics,7.5,7.4,31.0,0.0,0.0,0.0,0.0,0.0,0.0,0.0
granite3.2,2.0B,3. Инструменты обучения НС,Что такое TensorFlow?,prompt1,dialog1367,analytics_granite3.2_2b_prompt1_dialog1367,analytics,7.5,7.4,31.0,0.0,0.0,0.0,0.0,0.0,0.0,0.0
granite3.2,2.0B,3. Инструменты обучения НС,Что такое Keras?,prompt1,dialog1368,analytics_granite3.2_2b_prompt1_dialog1368,analytics,7.5,7.4,31.0,0.0,0.0,0.0,0.0,0.0,0.0,0.0
granite3.2,2.0B,3. Инструменты обучения НС,Что такое over-fitting?,prompt1,dialog1369,analytics_granite3.2_2b_prompt1_dialog1369,analytics,7.5,7.4,31.0,0.0,0.0,0.0,0.0,0.0,0.0,0.0
granite3.2,2.0B,3. Инструменты обучения НС,Что такое SGD?,prompt1,dialog1370,analytics_granite3.2_2b_prompt1_dialog1370,analytics,7.5,7.4,31.0,0.0,0.0,0.0,0.0,0.0,0.0,0.0
granite3.2,2.0B,3. Инструменты обучения НС,Что такое Momentum в оптимизации?,prompt1,dialog1371,analytics_granite3.2_2b_prompt1_dialog1371,analytics,7.5,7.4,31.0,0.0,0.0,0.0,0.0,0.0,0.0,0.0
granite3.2,2.0B,3. Инструменты обучения НС,Что такое Adam?,prompt1,dialog1372,analytics_granite3.2_2b_prompt1_dialog1372,analytics,7.5,7.4,31.0,0.0,0.0,0.0,0.0,0.0,0.0,0.0
granite3.2,2.0B,3. Инструменты обучения НС,Что такое learning rate?,prompt1,dialog1373,analytics_granite3.2_2b_prompt1_dialog1373,analytics,7.5,7.4,31.0,0.0,0.0,0.0,0.0,0.0,0.0,0.0
granite3.2,2.0B,3. Инструменты обучения НС,Что такое метод Ньютона?,prompt1,dialog1374,analytics_granite3.2_2b_prompt1_dialog1374,analytics,7.5,7.4,31.0,0.0,0.0,0.0,0.0,0.0,0.0,0.0
granite3.2,2.0B,3. Инструменты обучения НС,Что такое RMSProp?,prompt1,dialog1375,analytics_granite3.2_2b_prompt1_dialog1375,analytics,7.5,7.4,31.0,0.0,0.0,0.0,0.0,0.0,0.0,0.0
granite3.2,2.0B,3. Инструменты обучения НС,"Вычисли шаг в SGD для L(w)=w^2, w=3, η=0.1.",prompt1,dialog1376,analytics_granite3.2_2b_prompt1_dialog1376,analytics,7.5,7.4,31.0,0.0,0.0,0.0,0.0,0.0,0.0,0.0
granite3.2,2.0B,3. Инструменты обучения НС,"Вычисли v_t в Momentum: γ=0.9, v_{t-1}=1, ∇L=2, η=0.1.",prompt1,dialog1377,analytics_granite3.2_2b_prompt1_dialog1377,analytics,7.5,7.4,31.0,0.0,0.0,0.0,0.0,0.0,0.0,0.0
granite3.2,2.0B,3. Инструменты обучения НС,"В Adagrad, G_{t-1,ii}=4, g_t=2, η=0.1, ε=1e-8.",prompt1,dialog1378,analytics_granite3.2_2b_prompt1_dialog1378,analytics,7.5,7.4,31.0,0.0,0.0,0.0,0.0,0.0,0.0,0.0
granite3.2,2.0B,3. Инструменты обучения НС,"Вычисли learning rate decay: η0=0.1, t=5, T=10, linear.",prompt1,dialog1379,analytics_granite3.2_2b_prompt1_dialog1379,analytics,7.5,7.4,31.0,0.0,0.0,0.0,0.0,0.0,0.0,0.0
granite3.2,2.0B,3. Инструменты обучения НС,"В Nesterov, вычисли ∇ в ω - γ v_{t-1}: γ=0.9, v=1, ∇=2.",prompt1,dialog1380,analytics_granite3.2_2b_prompt1_dialog1380,analytics,7.5,7.4,31.0,0.0,0.0,0.0,0.0,0.0,0.0,0.0
granite3.2,2.0B,1_Классификаторы_KNN_и_наивный_байес,Что такое метод k-ближайших соседей?,prompt8,dialog1561,analytics_granite3.2_2b_prompt8_dialog1561,analytics,11.9,15.0,27.6,0.0,0.0,0.0,0.0,0.0,0.0,0.0
granite3.2,2.0B,1_Классификаторы_KNN_и_наивный_байес,Как выбрать количество соседей k в k-NN?,prompt8,dialog1562,analytics_granite3.2_2b_prompt8_dialog1562,analytics,11.9,15.0,27.6,0.0,0.0,0.0,0.0,0.0,0.0,0.0
granite3.2,2.0B,1_Классификаторы_KNN_и_наивный_байес,Что такое евклидова метрика?,prompt8,dialog1563,analytics_granite3.2_2b_prompt8_dialog1563,analytics,11.9,15.0,27.6,0.0,0.0,0.0,0.0,0.0,0.0,0.0
granite3.2,2.0B,1_Классификаторы_KNN_и_наивный_байес,В чем суть наивного байесовского классификатора?,prompt8,dialog1564,analytics_granite3.2_2b_prompt8_dialog1564,analytics,11.9,15.0,27.6,0.0,0.0,0.0,0.0,0.0,0.0,0.0
granite3.2,2.0B,1_Классификаторы_KNN_и_наивный_байес,Как работает сглаживание по Лапласу?,prompt8,dialog1565,analytics_granite3.2_2b_prompt8_dialog1565,analytics,11.9,15.0,27.6,0.0,0.0,0.0,0.0,0.0,0.0,0.0
granite3.2,2.0B,1_Классификаторы_KNN_и_наивный_байес,Что такое манхэттенское расстояние?,prompt8,dialog1566,analytics_granite3.2_2b_prompt8_dialog1566,analytics,11.9,15.0,27.6,0.0,0.0,0.0,0.0,0.0,0.0,0.0
granite3.2,2.0B,1_Классификаторы_KNN_и_наивный_байес,Как вычислить вероятность класса в Naive Bayes?,prompt8,dialog1567,analytics_granite3.2_2b_prompt8_dialog1567,analytics,11.9,15.0,27.6,0.0,0.0,0.0,0.0,0.0,0.0,0.0
granite3.2,2.0B,1_Классификаторы_KNN_и_наивный_байес,Что такое расстояние Чебышёва?,prompt8,dialog1568,analytics_granite3.2_2b_prompt8_dialog1568,analytics,11.9,15.0,27.6,0.0,0.0,0.0,0.0,0.0,0.0,0.0
granite3.2,2.0B,1_Классификаторы_KNN_и_наивный_байес,Как классифицировать письмо как спам в Naive Bayes?,prompt8,dialog1569,analytics_granite3.2_2b_prompt8_dialog1569,analytics,11.9,15.0,27.6,0.0,0.0,0.0,0.0,0.0,0.0,0.0
granite3.2,2.0B,1_Классификаторы_KNN_и_наивный_байес,В чем разница между k-NN и взвешенным k-NN?,prompt8,dialog1570,analytics_granite3.2_2b_prompt8_dialog1570,analytics,11.9,15.0,27.6,0.0,0.0,0.0,0.0,0.0,0.0,0.0
granite3.2,2.0B,1_Классификаторы_KNN_и_наивный_байес,Вычисли вероятность спама для слова 'приз' из примера.,prompt8,dialog1571,analytics_granite3.2_2b_prompt8_dialog1571,analytics,11.9,15.0,27.6,0.0,0.0,0.0,0.0,0.0,0.0,0.0
granite3.2,2.0B,1_Классификаторы_KNN_и_наивный_байес,"Вычисли расстояние Евклида между (1,2) и (3,4).",prompt8,dialog1572,analytics_granite3.2_2b_prompt8_dialog1572,analytics,11.9,15.0,27.6,0.0,0.0,0.0,0.0,0.0,0.0,0.0
granite3.2,2.0B,1_Классификаторы_KNN_и_наивный_байес,"В примере с погодой, вычисли F(да) для теста.",prompt8,dialog1573,analytics_granite3.2_2b_prompt8_dialog1573,analytics,11.9,15.0,27.6,0.0,0.0,0.0,0.0,0.0,0.0,0.0
granite3.2,2.0B,1_Классификаторы_KNN_и_наивный_байес,"Вычисли P(да | пасмурно, холодно, влажно, да).",prompt8,dialog1574,analytics_granite3.2_2b_prompt8_dialog1574,analytics,11.9,15.0,27.6,0.0,0.0,0.0,0.0,0.0,0.0,0.0
granite3.2,2.0B,1_Классификаторы_KNN_и_наивный_байес,"В спам-примере, вычисли P(win|спам) с Laplace.",prompt8,dialog1575,analytics_granite3.2_2b_prompt8_dialog1575,analytics,11.9,15.0,27.6,0.0,0.0,0.0,0.0,0.0,0.0,0.0
granite3.2,2.0B,3. Инструменты обучения НС,Что такое autograd?,prompt8,dialog1576,analytics_granite3.2_2b_prompt8_dialog1576,analytics,11.9,15.0,27.6,0.0,0.0,0.0,0.0,0.0,0.0,0.0
granite3.2,2.0B,3. Инструменты обучения НС,Что такое TensorFlow?,prompt8,dialog1577,analytics_granite3.2_2b_prompt8_dialog1577,analytics,11.9,15.0,27.6,0.0,0.0,0.0,0.0,0.0,0.0,0.0
granite3.2,2.0B,3. Инструменты обучения НС,Что такое Keras?,prompt8,dialog1578,analytics_granite3.2_2b_prompt8_dialog1578,analytics,11.9,15.0,27.6,0.0,0.0,0.0,0.0,0.0,0.0,0.0
granite3.2,2.0B,3. Инструменты обучения НС,Что такое over-fitting?,prompt8,dialog1579,analytics_granite3.2_2b_prompt8_dialog1579,analytics,11.9,15.0,27.6,0.0,0.0,0.0,0.0,0.0,0.0,0.0
granite3.2,2.0B,3. Инструменты обучения НС,Что такое SGD?,prompt8,dialog1580,analytics_granite3.2_2b_prompt8_dialog1580,analytics,11.9,15.0,27.6,0.0,0.0,0.0,0.0,0.0,0.0,0.0
granite3.2,2.0B,3. Инструменты обучения НС,Что такое Momentum в оптимизации?,prompt8,dialog1581,analytics_granite3.2_2b_prompt8_dialog1581,analytics,11.9,15.0,27.6,0.0,0.0,0.0,0.0,0.0,0.0,0.0
granite3.2,2.0B,3. Инструменты обучения НС,Что такое Adam?,prompt8,dialog1582,analytics_granite3.2_2b_prompt8_dialog1582,analytics,11.9,15.0,27.6,0.0,0.0,0.0,0.0,0.0,0.0,0.0
granite3.2,2.0B,3. Инструменты обучения НС,Что такое learning rate?,prompt8,dialog1583,analytics_granite3.2_2b_prompt8_dialog1583,analytics,11.9,15.0,27.6,0.0,0.0,0.0,0.0,0.0,0.0,0.0
granite3.2,2.0B,3. Инструменты обучения НС,Что такое метод Ньютона?,prompt8,dialog1584,analytics_granite3.2_2b_prompt8_dialog1584,analytics,11.9,15.0,27.6,0.0,0.0,0.0,0.0,0.0,0.0,0.0
granite3.2,2.0B,3. Инструменты обучения НС,Что такое RMSProp?,prompt8,dialog1585,analytics_granite3.2_2b_prompt8_dialog1585,analytics,11.9,15.0,27.6,0.0,0.0,0.0,0.0,0.0,0.0,0.0
granite3.2,2.0B,3. Инструменты обучения НС,"Вычисли шаг в SGD для L(w)=w^2, w=3, η=0.1.",prompt8,dialog1586,analytics_granite3.2_2b_prompt8_dialog1586,analytics,11.9,15.0,27.6,0.0,0.0,0.0,0.0,0.0,0.0,0.0
granite3.2,2.0B,3. Инструменты обучения НС,"Вычисли v_t в Momentum: γ=0.9, v_{t-1}=1, ∇L=2, η=0.1.",prompt8,dialog1587,analytics_granite3.2_2b_prompt8_dialog1587,analytics,11.9,15.0,27.6,0.0,0.0,0.0,0.0,0.0,0.0,0.0
granite3.2,2.0B,3. Инструменты обучения НС,"В Adagrad, G_{t-1,ii}=4, g_t=2, η=0.1, ε=1e-8.",prompt8,dialog1588,analytics_granite3.2_2b_prompt8_dialog1588,analytics,11.9,15.0,27.6,0.0,0.0,0.0,0.0,0.0,0.0,0.0
granite3.2,2.0B,3. Инструменты обучения НС,"Вычисли learning rate decay: η0=0.1, t=5, T=10, linear.",prompt8,dialog1589,analytics_granite3.2_2b_prompt8_dialog1589,analytics,11.9,15.0,27.6,0.0,0.0,0.0,0.0,0.0,0.0,0.0
granite3.2,2.0B,3. Инструменты обучения НС,"В Nesterov, вычисли ∇ в ω - γ v_{t-1}: γ=0.9, v=1, ∇=2.",prompt8,dialog1590,analytics_granite3.2_2b_prompt8_dialog1590,analytics,11.9,15.0,27.6,0.0,0.0,0.0,0.0,0.0,0.0,0.0
granite3.2,2.0B,1_Классификаторы_KNN_и_наивный_байес,Что такое метод k-ближайших соседей?,prompt11,dialog1651,analytics_granite3.2_2b_prompt11_dialog1651,analytics,15.8,15.8,30.8,0.0,0.0,0.0,0.0,0.0,0.0,0.0
granite3.2,2.0B,1_Классификаторы_KNN_и_наивный_байес,Как выбрать количество соседей k в k-NN?,prompt11,dialog1652,analytics_granite3.2_2b_prompt11_dialog1652,analytics,15.8,15.8,30.8,0.0,0.0,0.0,0.0,0.0,0.0,0.0
granite3.2,2.0B,1_Классификаторы_KNN_и_наивный_байес,Что такое евклидова метрика?,prompt11,dialog1653,analytics_granite3.2_2b_prompt11_dialog1653,analytics,15.8,15.8,30.8,0.0,0.0,0.0,0.0,0.0,0.0,0.0
granite3.2,2.0B,1_Классификаторы_KNN_и_наивный_байес,В чем суть наивного байесовского классификатора?,prompt11,dialog1654,analytics_granite3.2_2b_prompt11_dialog1654,analytics,15.8,15.8,30.8,0.0,0.0,0.0,0.0,0.0,0.0,0.0
granite3.2,2.0B,1_Классификаторы_KNN_и_наивный_байес,Как работает сглаживание по Лапласу?,prompt11,dialog1655,analytics_granite3.2_2b_prompt11_dialog1655,analytics,15.8,15.8,30.8,0.0,0.0,0.0,0.0,0.0,0.0,0.0
granite3.2,2.0B,1_Классификаторы_KNN_и_наивный_байес,Что такое манхэттенское расстояние?,prompt11,dialog1656,analytics_granite3.2_2b_prompt11_dialog1656,analytics,15.8,15.8,30.8,0.0,0.0,0.0,0.0,0.0,0.0,0.0
granite3.2,2.0B,1_Классификаторы_KNN_и_наивный_байес,Как вычислить вероятность класса в Naive Bayes?,prompt11,dialog1657,analytics_granite3.2_2b_prompt11_dialog1657,analytics,15.8,15.8,30.8,0.0,0.0,0.0,0.0,0.0,0.0,0.0
granite3.2,2.0B,1_Классификаторы_KNN_и_наивный_байес,Что такое расстояние Чебышёва?,prompt11,dialog1658,analytics_granite3.2_2b_prompt11_dialog1658,analytics,15.8,15.8,30.8,0.0,0.0,0.0,0.0,0.0,0.0,0.0
granite3.2,2.0B,1_Классификаторы_KNN_и_наивный_байес,Как классифицировать письмо как спам в Naive Bayes?,prompt11,dialog1659,analytics_granite3.2_2b_prompt11_dialog1659,analytics,15.8,15.8,30.8,0.0,0.0,0.0,0.0,0.0,0.0,0.0
granite3.2,2.0B,1_Классификаторы_KNN_и_наивный_байес,В чем разница между k-NN и взвешенным k-NN?,prompt11,dialog1660,analytics_granite3.2_2b_prompt11_dialog1660,analytics,15.8,15.8,30.8,0.0,0.0,0.0,0.0,0.0,0.0,0.0
granite3.2,2.0B,1_Классификаторы_KNN_и_наивный_байес,Вычисли вероятность спама для слова 'приз' из примера.,prompt11,dialog1661,analytics_granite3.2_2b_prompt11_dialog1661,analytics,15.8,15.8,30.8,0.0,0.0,0.0,0.0,0.0,0.0,0.0
granite3.2,2.0B,1_Классификаторы_KNN_и_наивный_байес,"Вычисли расстояние Евклида между (1,2) и (3,4).",prompt11,dialog1662,analytics_granite3.2_2b_prompt11_dialog1662,analytics,15.8,15.8,30.8,0.0,0.0,0.0,0.0,0.0,0.0,0.0
granite3.2,2.0B,1_Классификаторы_KNN_и_наивный_байес,"В примере с погодой, вычисли F(да) для теста.",prompt11,dialog1663,analytics_granite3.2_2b_prompt11_dialog1663,analytics,15.8,15.8,30.8,0.0,0.0,0.0,0.0,0.0,0.0,0.0
granite3.2,2.0B,1_Классификаторы_KNN_и_наивный_байес,"Вычисли P(да | пасмурно, холодно, влажно, да).",prompt11,dialog1664,analytics_granite3.2_2b_prompt11_dialog1664,analytics,15.8,15.8,30.8,0.0,0.0,0.0,0.0,0.0,0.0,0.0
granite3.2,2.0B,1_Классификаторы_KNN_и_наивный_байес,"В спам-примере, вычисли P(win|спам) с Laplace.",prompt11,dialog1665,analytics_granite3.2_2b_prompt11_dialog1665,analytics,15.8,15.8,30.8,0.0,0.0,0.0,0.0,0.0,0.0,0.0
granite3.2,2.0B,3. Инструменты обучения НС,Что такое autograd?,prompt11,dialog1666,analytics_granite3.2_2b_prompt11_dialog1666,analytics,15.8,15.8,30.8,0.0,0.0,0.0,0.0,0.0,0.0,0.0
granite3.2,2.0B,3. Инструменты обучения НС,Что такое TensorFlow?,prompt11,dialog1667,analytics_granite3.2_2b_prompt11_dialog1667,analytics,15.8,15.8,30.8,0.0,0.0,0.0,0.0,0.0,0.0,0.0
granite3.2,2.0B,3. Инструменты обучения НС,Что такое Keras?,prompt11,dialog1668,analytics_granite3.2_2b_prompt11_dialog1668,analytics,15.8,15.8,30.8,0.0,0.0,0.0,0.0,0.0,0.0,0.0
granite3.2,2.0B,3. Инструменты обучения НС,Что такое over-fitting?,prompt11,dialog1669,analytics_granite3.2_2b_prompt11_dialog1669,analytics,15.8,15.8,30.8,0.0,0.0,0.0,0.0,0.0,0.0,0.0
granite3.2,2.0B,3. Инструменты обучения НС,Что такое SGD?,prompt11,dialog1670,analytics_granite3.2_2b_prompt11_dialog1670,analytics,15.8,15.8,30.8,0.0,0.0,0.0,0.0,0.0,0.0,0.0
granite3.2,2.0B,3. Инструменты обучения НС,Что такое Momentum в оптимизации?,prompt11,dialog1671,analytics_granite3.2_2b_prompt11_dialog1671,analytics,15.8,15.8,30.8,0.0,0.0,0.0,0.0,0.0,0.0,0.0
granite3.2,2.0B,3. Инструменты обучения НС,Что такое Adam?,prompt11,dialog1672,analytics_granite3.2_2b_prompt11_dialog1672,analytics,15.8,15.8,30.8,0.0,0.0,0.0,0.0,0.0,0.0,0.0
granite3.2,2.0B,3. Инструменты обучения НС,Что такое learning rate?,prompt11,dialog1673,analytics_granite3.2_2b_prompt11_dialog1673,analytics,15.8,15.8,30.8,0.0,0.0,0.0,0.0,0.0,0.0,0.0
granite3.2,2.0B,3. Инструменты обучения НС,Что такое метод Ньютона?,prompt11,dialog1674,analytics_granite3.2_2b_prompt11_dialog1674,analytics,15.8,15.8,30.8,0.0,0.0,0.0,0.0,0.0,0.0,0.0
granite3.2,2.0B,3. Инструменты обучения НС,Что такое RMSProp?,prompt11,dialog1675,analytics_granite3.2_2b_prompt11_dialog1675,analytics,15.8,15.8,30.8,0.0,0.0,0.0,0.0,0.0,0.0,0.0
granite3.2,2.0B,3. Инструменты обучения НС,"Вычисли шаг в SGD для L(w)=w^2, w=3, η=0.1.",prompt11,dialog1676,analytics_granite3.2_2b_prompt11_dialog1676,analytics,15.8,15.8,30.8,0.0,0.0,0.0,0.0,0.0,0.0,0.0
granite3.2,2.0B,3. Инструменты обучения НС,"Вычисли v_t в Momentum: γ=0.9, v_{t-1}=1, ∇L=2, η=0.1.",prompt11,dialog1677,analytics_granite3.2_2b_prompt11_dialog1677,analytics,15.8,15.8,30.8,0.0,0.0,0.0,0.0,0.0,0.0,0.0
granite3.2,2.0B,3. Инструменты обучения НС,"В Adagrad, G_{t-1,ii}=4, g_t=2, η=0.1, ε=1e-8.",prompt11,dialog1678,analytics_granite3.2_2b_prompt11_dialog1678,analytics,15.8,15.8,30.8,0.0,0.0,0.0,0.0,0.0,0.0,0.0
granite3.2,2.0B,3. Инструменты обучения НС,"Вычисли learning rate decay: η0=0.1, t=5, T=10, linear.",prompt11,dialog1679,analytics_granite3.2_2b_prompt11_dialog1679,analytics,15.8,15.8,30.8,0.0,0.0,0.0,0.0,0.0,0.0,0.0
granite3.2,2.0B,3. Инструменты обучения НС,"В Nesterov, вычисли ∇ в ω - γ v_{t-1}: γ=0.9, v=1, ∇=2.",prompt11,dialog1680,analytics_granite3.2_2b_prompt11_dialog1680,analytics,15.8,15.8,30.8,0.0,0.0,0.0,0.0,0.0,0.0,0.0
mistral,7.0B,1_Классификаторы_KNN_и_наивный_байес,Что такое метод k-ближайших соседей?,prompt14,dialog1291,analytics_mistral_7b_prompt14_dialog1291,analytics,33.1,35.2,47.4,0.0,0.0,0.0,0.0,0.0,0.0,0.0
mistral,7.0B,1_Классификаторы_KNN_и_наивный_байес,Как выбрать количество соседей k в k-NN?,prompt14,dialog1292,analytics_mistral_7b_prompt14_dialog1292,analytics,33.1,35.2,47.4,0.0,0.0,0.0,0.0,0.0,0.0,0.0
mistral,7.0B,1_Классификаторы_KNN_и_наивный_байес,Что такое евклидова метрика?,prompt14,dialog1293,analytics_mistral_7b_prompt14_dialog1293,analytics,33.1,35.2,47.4,0.0,0.0,0.0,0.0,0.0,0.0,0.0
mistral,7.0B,1_Классификаторы_KNN_и_наивный_байес,В чем суть наивного байесовского классификатора?,prompt14,dialog1294,analytics_mistral_7b_prompt14_dialog1294,analytics,33.1,35.2,47.4,0.0,0.0,0.0,0.0,0.0,0.0,0.0
mistral,7.0B,1_Классификаторы_KNN_и_наивный_байес,Как работает сглаживание по Лапласу?,prompt14,dialog1295,analytics_mistral_7b_prompt14_dialog1295,analytics,33.1,35.2,47.4,0.0,0.0,0.0,0.0,0.0,0.0,0.0
mistral,7.0B,1_Классификаторы_KNN_и_наивный_байес,Что такое манхэттенское расстояние?,prompt14,dialog1296,analytics_mistral_7b_prompt14_dialog1296,analytics,33.1,35.2,47.4,0.0,0.0,0.0,0.0,0.0,0.0,0.0
mistral,7.0B,1_Классификаторы_KNN_и_наивный_байес,Как вычислить вероятность класса в Naive Bayes?,prompt14,dialog1297,analytics_mistral_7b_prompt14_dialog1297,analytics,33.1,35.2,47.4,0.0,0.0,0.0,0.0,0.0,0.0,0.0
mistral,7.0B,1_Классификаторы_KNN_и_наивный_байес,Что такое расстояние Чебышёва?,prompt14,dialog1298,analytics_mistral_7b_prompt14_dialog1298,analytics,33.1,35.2,47.4,0.0,0.0,0.0,0.0,0.0,0.0,0.0
mistral,7.0B,1_Классификаторы_KNN_и_наивный_байес,Как классифицировать письмо как спам в Naive Bayes?,prompt14,dialog1299,analytics_mistral_7b_prompt14_dialog1299,analytics,33.1,35.2,47.4,0.0,0.0,0.0,0.0,0.0,0.0,0.0
mistral,7.0B,1_Классификаторы_KNN_и_наивный_байес,В чем разница между k-NN и взвешенным k-NN?,prompt14,dialog1300,analytics_mistral_7b_prompt14_dialog1300,analytics,33.1,35.2,47.4,0.0,0.0,0.0,0.0,0.0,0.0,0.0
mistral,7.0B,1_Классификаторы_KNN_и_наивный_байес,Вычисли вероятность спама для слова 'приз' из примера.,prompt14,dialog1301,analytics_mistral_7b_prompt14_dialog1301,analytics,33.1,35.2,47.4,0.0,0.0,0.0,0.0,0.0,0.0,0.0
mistral,7.0B,1_Классификаторы_KNN_и_наивный_байес,"Вычисли расстояние Евклида между (1,2) и (3,4).",prompt14,dialog1302,analytics_mistral_7b_prompt14_dialog1302,analytics,33.1,35.2,47.4,0.0,0.0,0.0,0.0,0.0,0.0,0.0
mistral,7.0B,1_Классификаторы_KNN_и_наивный_байес,"В примере с погодой, вычисли F(да) для теста.",prompt14,dialog1303,analytics_mistral_7b_prompt14_dialog1303,analytics,33.1,35.2,47.4,0.0,0.0,0.0,0.0,0.0,0.0,0.0
mistral,7.0B,1_Классификаторы_KNN_и_наивный_байес,"Вычисли P(да | пасмурно, холодно, влажно, да).",prompt14,dialog1304,analytics_mistral_7b_prompt14_dialog1304,analytics,33.1,35.2,47.4,0.0,0.0,0.0,0.0,0.0,0.0,0.0
mistral,7.0B,1_Классификаторы_KNN_и_наивный_байес,"В спам-примере, вычисли P(win|спам) с Laplace.",prompt14,dialog1305,analytics_mistral_7b_prompt14_dialog1305,analytics,33.1,35.2,47.4,0.0,0.0,0.0,0.0,0.0,0.0,0.0
mistral,7.0B,3. Инструменты обучения НС,Что такое autograd?,prompt14,dialog1306,analytics_mistral_7b_prompt14_dialog1306,analytics,33.1,35.2,47.4,0.0,0.0,0.0,0.0,0.0,0.0,0.0
mistral,7.0B,3. Инструменты обучения НС,Что такое TensorFlow?,prompt14,dialog1307,analytics_mistral_7b_prompt14_dialog1307,analytics,33.1,35.2,47.4,0.0,0.0,0.0,0.0,0.0,0.0,0.0
mistral,7.0B,3. Инструменты обучения НС,Что такое Keras?,prompt14,dialog1308,analytics_mistral_7b_prompt14_dialog1308,analytics,33.1,35.2,47.4,0.0,0.0,0.0,0.0,0.0,0.0,0.0
mistral,7.0B,3. Инструменты обучения НС,Что такое over-fitting?,prompt14,dialog1309,analytics_mistral_7b_prompt14_dialog1309,analytics,33.1,35.2,47.4,0.0,0.0,0.0,0.0,0.0,0.0,0.0
mistral,7.0B,3. Инструменты обучения НС,Что такое SGD?,prompt14,dialog1310,analytics_mistral_7b_prompt14_dialog1310,analytics,33.1,35.2,47.4,0.0,0.0,0.0,0.0,0.0,0.0,0.0
mistral,7.0B,3. Инструменты обучения НС,Что такое Momentum в оптимизации?,prompt14,dialog1311,analytics_mistral_7b_prompt14_dialog1311,analytics,33.1,35.2,47.4,0.0,0.0,0.0,0.0,0.0,0.0,0.0
mistral,7.0B,3. Инструменты обучения НС,Что такое Adam?,prompt14,dialog1312,analytics_mistral_7b_prompt14_dialog1312,analytics,33.1,35.2,47.4,0.0,0.0,0.0,0.0,0.0,0.0,0.0
mistral,7.0B,3. Инструменты обучения НС,Что такое learning rate?,prompt14,dialog1313,analytics_mistral_7b_prompt14_dialog1313,analytics,33.1,35.2,47.4,0.0,0.0,0.0,0.0,0.0,0.0,0.0
mistral,7.0B,3. Инструменты обучения НС,Что такое метод Ньютона?,prompt14,dialog1314,analytics_mistral_7b_prompt14_dialog1314,analytics,33.1,35.2,47.4,0.0,0.0,0.0,0.0,0.0,0.0,0.0
mistral,7.0B,3. Инструменты обучения НС,Что такое RMSProp?,prompt14,dialog1315,analytics_mistral_7b_prompt14_dialog1315,analytics,33.1,35.2,47.4,0.0,0.0,0.0,0.0,0.0,0.0,0.0
mistral,7.0B,3. Инструменты обучения НС,"Вычисли шаг в SGD для L(w)=w^2, w=3, η=0.1.",prompt14,dialog1316,analytics_mistral_7b_prompt14_dialog1316,analytics,33.1,35.2,47.4,0.0,0.0,0.0,0.0,0.0,0.0,0.0
mistral,7.0B,3. Инструменты обучения НС,"Вычисли v_t в Momentum: γ=0.9, v_{t-1}=1, ∇L=2, η=0.1.",prompt14,dialog1317,analytics_mistral_7b_prompt14_dialog1317,analytics,33.1,35.2,47.4,0.0,0.0,0.0,0.0,0.0,0.0,0.0
mistral,7.0B,3. Инструменты обучения НС,"В Adagrad, G_{t-1,ii}=4, g_t=2, η=0.1, ε=1e-8.",prompt14,dialog1318,analytics_mistral_7b_prompt14_dialog1318,analytics,33.1,35.2,47.4,0.0,0.0,0.0,0.0,0.0,0.0,0.0
mistral,7.0B,3. Инструменты обучения НС,"Вычисли learning rate decay: η0=0.1, t=5, T=10, linear.",prompt14,dialog1319,analytics_mistral_7b_prompt14_dialog1319,analytics,33.1,35.2,47.4,0.0,0.0,0.0,0.0,0.0,0.0,0.0
mistral,7.0B,3. Инструменты обучения НС,"В Nesterov, вычисли ∇ в ω - γ v_{t-1}: γ=0.9, v=1, ∇=2.",prompt14,dialog1320,analytics_mistral_7b_prompt14_dialog1320,analytics,33.1,35.2,47.4,0.0,0.0,0.0,0.0,0.0,0.0,0.0
mistral,7.0B,1_Классификаторы_KNN_и_наивный_байес,Что такое метод k-ближайших соседей?,prompt13,dialog1261,analytics_mistral_7b_prompt13_dialog1261,analytics,41.8,43.1,52.1,0.0,0.0,0.0,0.0,0.0,0.0,0.0
mistral,7.0B,1_Классификаторы_KNN_и_наивный_байес,Как выбрать количество соседей k в k-NN?,prompt13,dialog1262,analytics_mistral_7b_prompt13_dialog1262,analytics,41.8,43.1,52.1,0.0,0.0,0.0,0.0,0.0,0.0,0.0
mistral,7.0B,1_Классификаторы_KNN_и_наивный_байес,Что такое евклидова метрика?,prompt13,dialog1263,analytics_mistral_7b_prompt13_dialog1263,analytics,41.8,43.1,52.1,0.0,0.0,0.0,0.0,0.0,0.0,0.0
mistral,7.0B,1_Классификаторы_KNN_и_наивный_байес,В чем суть наивного байесовского классификатора?,prompt13,dialog1264,analytics_mistral_7b_prompt13_dialog1264,analytics,41.8,43.1,52.1,0.0,0.0,0.0,0.0,0.0,0.0,0.0
mistral,7.0B,1_Классификаторы_KNN_и_наивный_байес,Как работает сглаживание по Лапласу?,prompt13,dialog1265,analytics_mistral_7b_prompt13_dialog1265,analytics,41.8,43.1,52.1,0.0,0.0,0.0,0.0,0.0,0.0,0.0
mistral,7.0B,1_Классификаторы_KNN_и_наивный_байес,Что такое манхэттенское расстояние?,prompt13,dialog1266,analytics_mistral_7b_prompt13_dialog1266,analytics,41.8,43.1,52.1,0.0,0.0,0.0,0.0,0.0,0.0,0.0
mistral,7.0B,1_Классификаторы_KNN_и_наивный_байес,Как вычислить вероятность класса в Naive Bayes?,prompt13,dialog1267,analytics_mistral_7b_prompt13_dialog1267,analytics,41.8,43.1,52.1,0.0,0.0,0.0,0.0,0.0,0.0,0.0
mistral,7.0B,1_Классификаторы_KNN_и_наивный_байес,Что такое расстояние Чебышёва?,prompt13,dialog1268,analytics_mistral_7b_prompt13_dialog1268,analytics,41.8,43.1,52.1,0.0,0.0,0.0,0.0,0.0,0.0,0.0
mistral,7.0B,1_Классификаторы_KNN_и_наивный_байес,Как классифицировать письмо как спам в Naive Bayes?,prompt13,dialog1269,analytics_mistral_7b_prompt13_dialog1269,analytics,41.8,43.1,52.1,0.0,0.0,0.0,0.0,0.0,0.0,0.0
mistral,7.0B,1_Классификаторы_KNN_и_наивный_байес,В чем разница между k-NN и взвешенным k-NN?,prompt13,dialog1270,analytics_mistral_7b_prompt13_dialog1270,analytics,41.8,43.1,52.1,0.0,0.0,0.0,0.0,0.0,0.0,0.0
mistral,7.0B,1_Классификаторы_KNN_и_наивный_байес,Вычисли вероятность спама для слова 'приз' из примера.,prompt13,dialog1271,analytics_mistral_7b_prompt13_dialog1271,analytics,41.8,43.1,52.1,0.0,0.0,0.0,0.0,0.0,0.0,0.0
mistral,7.0B,1_Классификаторы_KNN_и_наивный_байес,"Вычисли расстояние Евклида между (1,2) и (3,4).",prompt13,dialog1272,analytics_mistral_7b_prompt13_dialog1272,analytics,41.8,43.1,52.1,0.0,0.0,0.0,0.0,0.0,0.0,0.0
mistral,7.0B,1_Классификаторы_KNN_и_наивный_байес,"В примере с погодой, вычисли F(да) для теста.",prompt13,dialog1273,analytics_mistral_7b_prompt13_dialog1273,analytics,41.8,43.1,52.1,0.0,0.0,0.0,0.0,0.0,0.0,0.0
mistral,7.0B,1_Классификаторы_KNN_и_наивный_байес,"Вычисли P(да | пасмурно, холодно, влажно, да).",prompt13,dialog1274,analytics_mistral_7b_prompt13_dialog1274,analytics,41.8,43.1,52.1,0.0,0.0,0.0,0.0,0.0,0.0,0.0
mistral,7.0B,1_Классификаторы_KNN_и_наивный_байес,"В спам-примере, вычисли P(win|спам) с Laplace.",prompt13,dialog1275,analytics_mistral_7b_prompt13_dialog1275,analytics,41.8,43.1,52.1,0.0,0.0,0.0,0.0,0.0,0.0,0.0
mistral,7.0B,3. Инструменты обучения НС,Что такое autograd?,prompt13,dialog1276,analytics_mistral_7b_prompt13_dialog1276,analytics,41.8,43.1,52.1,0.0,0.0,0.0,0.0,0.0,0.0,0.0
mistral,7.0B,3. Инструменты обучения НС,Что такое TensorFlow?,prompt13,dialog1277,analytics_mistral_7b_prompt13_dialog1277,analytics,41.8,43.1,52.1,0.0,0.0,0.0,0.0,0.0,0.0,0.0
mistral,7.0B,3. Инструменты обучения НС,Что такое Keras?,prompt13,dialog1278,analytics_mistral_7b_prompt13_dialog1278,analytics,41.8,43.1,52.1,0.0,0.0,0.0,0.0,0.0,0.0,0.0
mistral,7.0B,3. Инструменты обучения НС,Что такое over-fitting?,prompt13,dialog1279,analytics_mistral_7b_prompt13_dialog1279,analytics,41.8,43.1,52.1,0.0,0.0,0.0,0.0,0.0,0.0,0.0
mistral,7.0B,3. Инструменты обучения НС,Что такое SGD?,prompt13,dialog1280,analytics_mistral_7b_prompt13_dialog1280,analytics,41.8,43.1,52.1,0.0,0.0,0.0,0.0,0.0,0.0,0.0
mistral,7.0B,3. Инструменты обучения НС,Что такое Momentum в оптимизации?,prompt13,dialog1281,analytics_mistral_7b_prompt13_dialog1281,analytics,41.8,43.1,52.1,0.0,0.0,0.0,0.0,0.0,0.0,0.0
mistral,7.0B,3. Инструменты обучения НС,Что такое Adam?,prompt13,dialog1282,analytics_mistral_7b_prompt13_dialog1282,analytics,41.8,43.1,52.1,0.0,0.0,0.0,0.0,0.0,0.0,0.0
mistral,7.0B,3. Инструменты обучения НС,Что такое learning rate?,prompt13,dialog1283,analytics_mistral_7b_prompt13_dialog1283,analytics,41.8,43.1,52.1,0.0,0.0,0.0,0.0,0.0,0.0,0.0
mistral,7.0B,3. Инструменты обучения НС,Что такое метод Ньютона?,prompt13,dialog1284,analytics_mistral_7b_prompt13_dialog1284,analytics,41.8,43.1,52.1,0.0,0.0,0.0,0.0,0.0,0.0,0.0
mistral,7.0B,3. Инструменты обучения НС,Что такое RMSProp?,prompt13,dialog1285,analytics_mistral_7b_prompt13_dialog1285,analytics,41.8,43.1,52.1,0.0,0.0,0.0,0.0,0.0,0.0,0.0
mistral,7.0B,3. Инструменты обучения НС,"Вычисли шаг в SGD для L(w)=w^2, w=3, η=0.1.",prompt13,dialog1286,analytics_mistral_7b_prompt13_dialog1286,analytics,41.8,43.1,52.1,0.0,0.0,0.0,0.0,0.0,0.0,0.0
mistral,7.0B,3. Инструменты обучения НС,"Вычисли v_t в Momentum: γ=0.9, v_{t-1}=1, ∇L=2, η=0.1.",prompt13,dialog1287,analytics_mistral_7b_prompt13_dialog1287,analytics,41.8,43.1,52.1,0.0,0.0,0.0,0.0,0.0,0.0,0.0
mistral,7.0B,3. Инструменты обучения НС,"В Adagrad, G_{t-1,ii}=4, g_t=2, η=0.1, ε=1e-8.",prompt13,dialog1288,analytics_mistral_7b_prompt13_dialog1288,analytics,41.8,43.1,52.1,0.0,0.0,0.0,0.0,0.0,0.0,0.0
mistral,7.0B,3. Инструменты обучения НС,"Вычисли learning rate decay: η0=0.1, t=5, T=10, linear.",prompt13,dialog1289,analytics_mistral_7b_prompt13_dialog1289,analytics,41.8,43.1,52.1,0.0,0.0,0.0,0.0,0.0,0.0,0.0
mistral,7.0B,3. Инструменты обучения НС,"В Nesterov, вычисли ∇ в ω - γ v_{t-1}: γ=0.9, v=1, ∇=2.",prompt13,dialog1290,analytics_mistral_7b_prompt13_dialog1290,analytics,41.8,43.1,52.1,0.0,0.0,0.0,0.0,0.0,0.0,0.0
mistral,7.0B,1_Классификаторы_KNN_и_наивный_байес,Что такое метод k-ближайших соседей?,prompt4,dialog0991,analytics_mistral_7b_prompt4_dialog0991,analytics,39.0,36.5,52.9,0.0,0.0,0.0,0.0,0.0,0.0,0.0
mistral,7.0B,1_Классификаторы_KNN_и_наивный_байес,Как выбрать количество соседей k в k-NN?,prompt4,dialog0992,analytics_mistral_7b_prompt4_dialog0992,analytics,39.0,36.5,52.9,0.0,0.0,0.0,0.0,0.0,0.0,0.0
mistral,7.0B,1_Классификаторы_KNN_и_наивный_байес,Что такое евклидова метрика?,prompt4,dialog0993,analytics_mistral_7b_prompt4_dialog0993,analytics,39.0,36.5,52.9,0.0,0.0,0.0,0.0,0.0,0.0,0.0
mistral,7.0B,1_Классификаторы_KNN_и_наивный_байес,В чем суть наивного байесовского классификатора?,prompt4,dialog0994,analytics_mistral_7b_prompt4_dialog0994,analytics,39.0,36.5,52.9,0.0,0.0,0.0,0.0,0.0,0.0,0.0
mistral,7.0B,1_Классификаторы_KNN_и_наивный_байес,Как работает сглаживание по Лапласу?,prompt4,dialog0995,analytics_mistral_7b_prompt4_dialog0995,analytics,39.0,36.5,52.9,0.0,0.0,0.0,0.0,0.0,0.0,0.0
mistral,7.0B,1_Классификаторы_KNN_и_наивный_байес,Что такое манхэттенское расстояние?,prompt4,dialog0996,analytics_mistral_7b_prompt4_dialog0996,analytics,39.0,36.5,52.9,0.0,0.0,0.0,0.0,0.0,0.0,0.0
mistral,7.0B,1_Классификаторы_KNN_и_наивный_байес,Как вычислить вероятность класса в Naive Bayes?,prompt4,dialog0997,analytics_mistral_7b_prompt4_dialog0997,analytics,39.0,36.5,52.9,0.0,0.0,0.0,0.0,0.0,0.0,0.0
mistral,7.0B,1_Классификаторы_KNN_и_наивный_байес,Что такое расстояние Чебышёва?,prompt4,dialog0998,analytics_mistral_7b_prompt4_dialog0998,analytics,39.0,36.5,52.9,0.0,0.0,0.0,0.0,0.0,0.0,0.0
mistral,7.0B,1_Классификаторы_KNN_и_наивный_байес,Как классифицировать письмо как спам в Naive Bayes?,prompt4,dialog0999,analytics_mistral_7b_prompt4_dialog0999,analytics,39.0,36.5,52.9,0.0,0.0,0.0,0.0,0.0,0.0,0.0
mistral,7.0B,1_Классификаторы_KNN_и_наивный_байес,В чем разница между k-NN и взвешенным k-NN?,prompt4,dialog1000,analytics_mistral_7b_prompt4_dialog1000,analytics,39.0,36.5,52.9,0.0,0.0,0.0,0.0,0.0,0.0,0.0
mistral,7.0B,1_Классификаторы_KNN_и_наивный_байес,Вычисли вероятность спама для слова 'приз' из примера.,prompt4,dialog1001,analytics_mistral_7b_prompt4_dialog1001,analytics,39.0,36.5,52.9,0.0,0.0,0.0,0.0,0.0,0.0,0.0
mistral,7.0B,1_Классификаторы_KNN_и_наивный_байес,"Вычисли расстояние Евклида между (1,2) и (3,4).",prompt4,dialog1002,analytics_mistral_7b_prompt4_dialog1002,analytics,39.0,36.5,52.9,0.0,0.0,0.0,0.0,0.0,0.0,0.0
mistral,7.0B,1_Классификаторы_KNN_и_наивный_байес,"В примере с погодой, вычисли F(да) для теста.",prompt4,dialog1003,analytics_mistral_7b_prompt4_dialog1003,analytics,39.0,36.5,52.9,0.0,0.0,0.0,0.0,0.0,0.0,0.0
mistral,7.0B,1_Классификаторы_KNN_и_наивный_байес,"Вычисли P(да | пасмурно, холодно, влажно, да).",prompt4,dialog1004,analytics_mistral_7b_prompt4_dialog1004,analytics,39.0,36.5,52.9,0.0,0.0,0.0,0.0,0.0,0.0,0.0
mistral,7.0B,1_Классификаторы_KNN_и_наивный_байес,"В спам-примере, вычисли P(win|спам) с Laplace.",prompt4,dialog1005,analytics_mistral_7b_prompt4_dialog1005,analytics,39.0,36.5,52.9,0.0,0.0,0.0,0.0,0.0,0.0,0.0
mistral,7.0B,3. Инструменты обучения НС,Что такое autograd?,prompt4,dialog1006,analytics_mistral_7b_prompt4_dialog1006,analytics,39.0,36.5,52.9,0.0,0.0,0.0,0.0,0.0,0.0,0.0
mistral,7.0B,3. Инструменты обучения НС,Что такое TensorFlow?,prompt4,dialog1007,analytics_mistral_7b_prompt4_dialog1007,analytics,39.0,36.5,52.9,0.0,0.0,0.0,0.0,0.0,0.0,0.0
mistral,7.0B,3. Инструменты обучения НС,Что такое Keras?,prompt4,dialog1008,analytics_mistral_7b_prompt4_dialog1008,analytics,39.0,36.5,52.9,0.0,0.0,0.0,0.0,0.0,0.0,0.0
mistral,7.0B,3. Инструменты обучения НС,Что такое over-fitting?,prompt4,dialog1009,analytics_mistral_7b_prompt4_dialog1009,analytics,39.0,36.5,52.9,0.0,0.0,0.0,0.0,0.0,0.0,0.0
mistral,7.0B,3. Инструменты обучения НС,Что такое SGD?,prompt4,dialog1010,analytics_mistral_7b_prompt4_dialog1010,analytics,39.0,36.5,52.9,0.0,0.0,0.0,0.0,0.0,0.0,0.0
mistral,7.0B,3. Инструменты обучения НС,Что такое Momentum в оптимизации?,prompt4,dialog1011,analytics_mistral_7b_prompt4_dialog1011,analytics,39.0,36.5,52.9,0.0,0.0,0.0,0.0,0.0,0.0,0.0
mistral,7.0B,3. Инструменты обучения НС,Что такое Adam?,prompt4,dialog1012,analytics_mistral_7b_prompt4_dialog1012,analytics,39.0,36.5,52.9,0.0,0.0,0.0,0.0,0.0,0.0,0.0
mistral,7.0B,3. Инструменты обучения НС,Что такое learning rate?,prompt4,dialog1013,analytics_mistral_7b_prompt4_dialog1013,analytics,39.0,36.5,52.9,0.0,0.0,0.0,0.0,0.0,0.0,0.0
mistral,7.0B,3. Инструменты обучения НС,Что такое метод Ньютона?,prompt4,dialog1014,analytics_mistral_7b_prompt4_dialog1014,analytics,39.0,36.5,52.9,0.0,0.0,0.0,0.0,0.0,0.0,0.0
mistral,7.0B,3. Инструменты обучения НС,Что такое RMSProp?,prompt4,dialog1015,analytics_mistral_7b_prompt4_dialog1015,analytics,39.0,36.5,52.9,0.0,0.0,0.0,0.0,0.0,0.0,0.0
mistral,7.0B,3. Инструменты обучения НС,"Вычисли шаг в SGD для L(w)=w^2, w=3, η=0.1.",prompt4,dialog1016,analytics_mistral_7b_prompt4_dialog1016,analytics,39.0,36.5,52.9,0.0,0.0,0.0,0.0,0.0,0.0,0.0
mistral,7.0B,3. Инструменты обучения НС,"Вычисли v_t в Momentum: γ=0.9, v_{t-1}=1, ∇L=2, η=0.1.",prompt4,dialog1017,analytics_mistral_7b_prompt4_dialog1017,analytics,39.0,36.5,52.9,0.0,0.0,0.0,0.0,0.0,0.0,0.0
mistral,7.0B,3. Инструменты обучения НС,"В Adagrad, G_{t-1,ii}=4, g_t=2, η=0.1, ε=1e-8.",prompt4,dialog1018,analytics_mistral_7b_prompt4_dialog1018,analytics,39.0,36.5,52.9,0.0,0.0,0.0,0.0,0.0,0.0,0.0
mistral,7.0B,3. Инструменты обучения НС,"Вычисли learning rate decay: η0=0.1, t=5, T=10, linear.",prompt4,dialog1019,analytics_mistral_7b_prompt4_dialog1019,analytics,39.0,36.5,52.9,0.0,0.0,0.0,0.0,0.0,0.0,0.0
mistral,7.0B,3. Инструменты обучения НС,"В Nesterov, вычисли ∇ в ω - γ v_{t-1}: γ=0.9, v=1, ∇=2.",prompt4,dialog1020,analytics_mistral_7b_prompt4_dialog1020,analytics,39.0,36.5,52.9,0.0,0.0,0.0,0.0,0.0,0.0,0.0
mistral,7.0B,1_Классификаторы_KNN_и_наивный_байес,Что такое метод k-ближайших соседей?,prompt3,dialog0961,analytics_mistral_7b_prompt3_dialog0961,analytics,37.8,32.9,55.1,0.0,0.0,0.0,0.0,0.0,0.0,0.0
mistral,7.0B,1_Классификаторы_KNN_и_наивный_байес,Как выбрать количество соседей k в k-NN?,prompt3,dialog0962,analytics_mistral_7b_prompt3_dialog0962,analytics,37.8,32.9,55.1,0.0,0.0,0.0,0.0,0.0,0.0,0.0
mistral,7.0B,1_Классификаторы_KNN_и_наивный_байес,Что такое евклидова метрика?,prompt3,dialog0963,analytics_mistral_7b_prompt3_dialog0963,analytics,37.8,32.9,55.1,0.0,0.0,0.0,0.0,0.0,0.0,0.0
mistral,7.0B,1_Классификаторы_KNN_и_наивный_байес,В чем суть наивного байесовского классификатора?,prompt3,dialog0964,analytics_mistral_7b_prompt3_dialog0964,analytics,37.8,32.9,55.1,0.0,0.0,0.0,0.0,0.0,0.0,0.0
mistral,7.0B,1_Классификаторы_KNN_и_наивный_байес,Как работает сглаживание по Лапласу?,prompt3,dialog0965,analytics_mistral_7b_prompt3_dialog0965,analytics,37.8,32.9,55.1,0.0,0.0,0.0,0.0,0.0,0.0,0.0
mistral,7.0B,1_Классификаторы_KNN_и_наивный_байес,Что такое манхэттенское расстояние?,prompt3,dialog0966,analytics_mistral_7b_prompt3_dialog0966,analytics,37.8,32.9,55.1,0.0,0.0,0.0,0.0,0.0,0.0,0.0
mistral,7.0B,1_Классификаторы_KNN_и_наивный_байес,Как вычислить вероятность класса в Naive Bayes?,prompt3,dialog0967,analytics_mistral_7b_prompt3_dialog0967,analytics,37.8,32.9,55.1,0.0,0.0,0.0,0.0,0.0,0.0,0.0
mistral,7.0B,1_Классификаторы_KNN_и_наивный_байес,Что такое расстояние Чебышёва?,prompt3,dialog0968,analytics_mistral_7b_prompt3_dialog0968,analytics,37.8,32.9,55.1,0.0,0.0,0.0,0.0,0.0,0.0,0.0
mistral,7.0B,1_Классификаторы_KNN_и_наивный_байес,Как классифицировать письмо как спам в Naive Bayes?,prompt3,dialog0969,analytics_mistral_7b_prompt3_dialog0969,analytics,37.8,32.9,55.1,0.0,0.0,0.0,0.0,0.0,0.0,0.0
mistral,7.0B,1_Классификаторы_KNN_и_наивный_байес,В чем разница между k-NN и взвешенным k-NN?,prompt3,dialog0970,analytics_mistral_7b_prompt3_dialog0970,analytics,37.8,32.9,55.1,0.0,0.0,0.0,0.0,0.0,0.0,0.0
mistral,7.0B,1_Классификаторы_KNN_и_наивный_байес,Вычисли вероятность спама для слова 'приз' из примера.,prompt3,dialog0971,analytics_mistral_7b_prompt3_dialog0971,analytics,37.8,32.9,55.1,0.0,0.0,0.0,0.0,0.0,0.0,0.0
mistral,7.0B,1_Классификаторы_KNN_и_наивный_байес,"Вычисли расстояние Евклида между (1,2) и (3,4).",prompt3,dialog0972,analytics_mistral_7b_prompt3_dialog0972,analytics,37.8,32.9,55.1,0.0,0.0,0.0,0.0,0.0,0.0,0.0
mistral,7.0B,1_Классификаторы_KNN_и_наивный_байес,"В примере с погодой, вычисли F(да) для теста.",prompt3,dialog0973,analytics_mistral_7b_prompt3_dialog0973,analytics,37.8,32.9,55.1,0.0,0.0,0.0,0.0,0.0,0.0,0.0
mistral,7.0B,1_Классификаторы_KNN_и_наивный_байес,"Вычисли P(да | пасмурно, холодно, влажно, да).",prompt3,dialog0974,analytics_mistral_7b_prompt3_dialog0974,analytics,37.8,32.9,55.1,0.0,0.0,0.0,0.0,0.0,0.0,0.0
mistral,7.0B,1_Классификаторы_KNN_и_наивный_байес,"В спам-примере, вычисли P(win|спам) с Laplace.",prompt3,dialog0975,analytics_mistral_7b_prompt3_dialog0975,analytics,37.8,32.9,55.1,0.0,0.0,0.0,0.0,0.0,0.0,0.0
mistral,7.0B,3. Инструменты обучения НС,Что такое autograd?,prompt3,dialog0976,analytics_mistral_7b_prompt3_dialog0976,analytics,37.8,32.9,55.1,0.0,0.0,0.0,0.0,0.0,0.0,0.0
mistral,7.0B,3. Инструменты обучения НС,Что такое TensorFlow?,prompt3,dialog0977,analytics_mistral_7b_prompt3_dialog0977,analytics,37.8,32.9,55.1,0.0,0.0,0.0,0.0,0.0,0.0,0.0
mistral,7.0B,3. Инструменты обучения НС,Что такое Keras?,prompt3,dialog0978,analytics_mistral_7b_prompt3_dialog0978,analytics,37.8,32.9,55.1,0.0,0.0,0.0,0.0,0.0,0.0,0.0
mistral,7.0B,3. Инструменты обучения НС,Что такое over-fitting?,prompt3,dialog0979,analytics_mistral_7b_prompt3_dialog0979,analytics,37.8,32.9,55.1,0.0,0.0,0.0,0.0,0.0,0.0,0.0
mistral,7.0B,3. Инструменты обучения НС,Что такое SGD?,prompt3,dialog0980,analytics_mistral_7b_prompt3_dialog0980,analytics,37.8,32.9,55.1,0.0,0.0,0.0,0.0,0.0,0.0,0.0
mistral,7.0B,3. Инструменты обучения НС,Что такое Momentum в оптимизации?,prompt3,dialog0981,analytics_mistral_7b_prompt3_dialog0981,analytics,37.8,32.9,55.1,0.0,0.0,0.0,0.0,0.0,0.0,0.0
mistral,7.0B,3. Инструменты обучения НС,Что такое Adam?,prompt3,dialog0982,analytics_mistral_7b_prompt3_dialog0982,analytics,37.8,32.9,55.1,0.0,0.0,0.0,0.0,0.0,0.0,0.0
mistral,7.0B,3. Инструменты обучения НС,Что такое learning rate?,prompt3,dialog0983,analytics_mistral_7b_prompt3_dialog0983,analytics,37.8,32.9,55.1,0.0,0.0,0.0,0.0,0.0,0.0,0.0
mistral,7.0B,3. Инструменты обучения НС,Что такое метод Ньютона?,prompt3,dialog0984,analytics_mistral_7b_prompt3_dialog0984,analytics,37.8,32.9,55.1,0.0,0.0,0.0,0.0,0.0,0.0,0.0
mistral,7.0B,3. Инструменты обучения НС,Что такое RMSProp?,prompt3,dialog0985,analytics_mistral_7b_prompt3_dialog0985,analytics,37.8,32.9,55.1,0.0,0.0,0.0,0.0,0.0,0.0,0.0
mistral,7.0B,3. Инструменты обучения НС,"Вычисли шаг в SGD для L(w)=w^2, w=3, η=0.1.",prompt3,dialog0986,analytics_mistral_7b_prompt3_dialog0986,analytics,37.8,32.9,55.1,0.0,0.0,0.0,0.0,0.0,0.0,0.0
mistral,7.0B,3. Инструменты обучения НС,"Вычисли v_t в Momentum: γ=0.9, v_{t-1}=1, ∇L=2, η=0.1.",prompt3,dialog0987,analytics_mistral_7b_prompt3_dialog0987,analytics,37.8,32.9,55.1,0.0,0.0,0.0,0.0,0.0,0.0,0.0
mistral,7.0B,3. Инструменты обучения НС,"В Adagrad, G_{t-1,ii}=4, g_t=2, η=0.1, ε=1e-8.",prompt3,dialog0988,analytics_mistral_7b_prompt3_dialog0988,analytics,37.8,32.9,55.1,0.0,0.0,0.0,0.0,0.0,0.0,0.0
mistral,7.0B,3. Инструменты обучения НС,"Вычисли learning rate decay: η0=0.1, t=5, T=10, linear.",prompt3,dialog0989,analytics_mistral_7b_prompt3_dialog0989,analytics,37.8,32.9,55.1,0.0,0.0,0.0,0.0,0.0,0.0,0.0
mistral,7.0B,3. Инструменты обучения НС,"В Nesterov, вычисли ∇ в ω - γ v_{t-1}: γ=0.9, v=1, ∇=2.",prompt3,dialog0990,analytics_mistral_7b_prompt3_dialog0990,analytics,37.8,32.9,55.1,0.0,0.0,0.0,0.0,0.0,0.0,0.0
mistral,7.0B,1_Классификаторы_KNN_и_наивный_байес,Что такое метод k-ближайших соседей?,prompt2,dialog0931,analytics_mistral_7b_prompt2_dialog0931,analytics,44.6,49.1,50.5,0.0,0.0,0.0,0.0,0.0,0.0,0.0
mistral,7.0B,1_Классификаторы_KNN_и_наивный_байес,Как выбрать количество соседей k в k-NN?,prompt2,dialog0932,analytics_mistral_7b_prompt2_dialog0932,analytics,44.6,49.1,50.5,0.0,0.0,0.0,0.0,0.0,0.0,0.0
mistral,7.0B,1_Классификаторы_KNN_и_наивный_байес,Что такое евклидова метрика?,prompt2,dialog0933,analytics_mistral_7b_prompt2_dialog0933,analytics,44.6,49.1,50.5,0.0,0.0,0.0,0.0,0.0,0.0,0.0
mistral,7.0B,1_Классификаторы_KNN_и_наивный_байес,В чем суть наивного байесовского классификатора?,prompt2,dialog0934,analytics_mistral_7b_prompt2_dialog0934,analytics,44.6,49.1,50.5,0.0,0.0,0.0,0.0,0.0,0.0,0.0
mistral,7.0B,1_Классификаторы_KNN_и_наивный_байес,Как работает сглаживание по Лапласу?,prompt2,dialog0935,analytics_mistral_7b_prompt2_dialog0935,analytics,44.6,49.1,50.5,0.0,0.0,0.0,0.0,0.0,0.0,0.0
mistral,7.0B,1_Классификаторы_KNN_и_наивный_байес,Что такое манхэттенское расстояние?,prompt2,dialog0936,analytics_mistral_7b_prompt2_dialog0936,analytics,44.6,49.1,50.5,0.0,0.0,0.0,0.0,0.0,0.0,0.0
mistral,7.0B,1_Классификаторы_KNN_и_наивный_байес,Как вычислить вероятность класса в Naive Bayes?,prompt2,dialog0937,analytics_mistral_7b_prompt2_dialog0937,analytics,44.6,49.1,50.5,0.0,0.0,0.0,0.0,0.0,0.0,0.0
mistral,7.0B,1_Классификаторы_KNN_и_наивный_байес,Что такое расстояние Чебышёва?,prompt2,dialog0938,analytics_mistral_7b_prompt2_dialog0938,analytics,44.6,49.1,50.5,0.0,0.0,0.0,0.0,0.0,0.0,0.0
mistral,7.0B,1_Классификаторы_KNN_и_наивный_байес,Как классифицировать письмо как спам в Naive Bayes?,prompt2,dialog0939,analytics_mistral_7b_prompt2_dialog0939,analytics,44.6,49.1,50.5,0.0,0.0,0.0,0.0,0.0,0.0,0.0
mistral,7.0B,1_Классификаторы_KNN_и_наивный_байес,В чем разница между k-NN и взвешенным k-NN?,prompt2,dialog0940,analytics_mistral_7b_prompt2_dialog0940,analytics,44.6,49.1,50.5,0.0,0.0,0.0,0.0,0.0,0.0,0.0
mistral,7.0B,1_Классификаторы_KNN_и_наивный_байес,Вычисли вероятность спама для слова 'приз' из примера.,prompt2,dialog0941,analytics_mistral_7b_prompt2_dialog0941,analytics,44.6,49.1,50.5,0.0,0.0,0.0,0.0,0.0,0.0,0.0
mistral,7.0B,1_Классификаторы_KNN_и_наивный_байес,"Вычисли расстояние Евклида между (1,2) и (3,4).",prompt2,dialog0942,analytics_mistral_7b_prompt2_dialog0942,analytics,44.6,49.1,50.5,0.0,0.0,0.0,0.0,0.0,0.0,0.0
mistral,7.0B,1_Классификаторы_KNN_и_наивный_байес,"В примере с погодой, вычисли F(да) для теста.",prompt2,dialog0943,analytics_mistral_7b_prompt2_dialog0943,analytics,44.6,49.1,50.5,0.0,0.0,0.0,0.0,0.0,0.0,0.0
mistral,7.0B,1_Классификаторы_KNN_и_наивный_байес,"Вычисли P(да | пасмурно, холодно, влажно, да).",prompt2,dialog0944,analytics_mistral_7b_prompt2_dialog0944,analytics,44.6,49.1,50.5,0.0,0.0,0.0,0.0,0.0,0.0,0.0
mistral,7.0B,1_Классификаторы_KNN_и_наивный_байес,"В спам-примере, вычисли P(win|спам) с Laplace.",prompt2,dialog0945,analytics_mistral_7b_prompt2_dialog0945,analytics,44.6,49.1,50.5,0.0,0.0,0.0,0.0,0.0,0.0,0.0
mistral,7.0B,3. Инструменты обучения НС,Что такое autograd?,prompt2,dialog0946,analytics_mistral_7b_prompt2_dialog0946,analytics,44.6,49.1,50.5,0.0,0.0,0.0,0.0,0.0,0.0,0.0
mistral,7.0B,3. Инструменты обучения НС,Что такое TensorFlow?,prompt2,dialog0947,analytics_mistral_7b_prompt2_dialog0947,analytics,44.6,49.1,50.5,0.0,0.0,0.0,0.0,0.0,0.0,0.0
mistral,7.0B,3. Инструменты обучения НС,Что такое Keras?,prompt2,dialog0948,analytics_mistral_7b_prompt2_dialog0948,analytics,44.6,49.1,50.5,0.0,0.0,0.0,0.0,0.0,0.0,0.0
mistral,7.0B,3. Инструменты обучения НС,Что такое over-fitting?,prompt2,dialog0949,analytics_mistral_7b_prompt2_dialog0949,analytics,44.6,49.1,50.5,0.0,0.0,0.0,0.0,0.0,0.0,0.0
mistral,7.0B,3. Инструменты обучения НС,Что такое SGD?,prompt2,dialog0950,analytics_mistral_7b_prompt2_dialog0950,analytics,44.6,49.1,50.5,0.0,0.0,0.0,0.0,0.0,0.0,0.0
mistral,7.0B,3. Инструменты обучения НС,Что такое Momentum в оптимизации?,prompt2,dialog0951,analytics_mistral_7b_prompt2_dialog0951,analytics,44.6,49.1,50.5,0.0,0.0,0.0,0.0,0.0,0.0,0.0
mistral,7.0B,3. Инструменты обучения НС,Что такое Adam?,prompt2,dialog0952,analytics_mistral_7b_prompt2_dialog0952,analytics,44.6,49.1,50.5,0.0,0.0,0.0,0.0,0.0,0.0,0.0
mistral,7.0B,3. Инструменты обучения НС,Что такое learning rate?,prompt2,dialog0953,analytics_mistral_7b_prompt2_dialog0953,analytics,44.6,49.1,50.5,0.0,0.0,0.0,0.0,0.0,0.0,0.0
mistral,7.0B,3. Инструменты обучения НС,Что такое метод Ньютона?,prompt2,dialog0954,analytics_mistral_7b_prompt2_dialog0954,analytics,44.6,49.1,50.5,0.0,0.0,0.0,0.0,0.0,0.0,0.0
mistral,7.0B,3. Инструменты обучения НС,Что такое RMSProp?,prompt2,dialog0955,analytics_mistral_7b_prompt2_dialog0955,analytics,44.6,49.1,50.5,0.0,0.0,0.0,0.0,0.0,0.0,0.0
mistral,7.0B,3. Инструменты обучения НС,"Вычисли шаг в SGD для L(w)=w^2, w=3, η=0.1.",prompt2,dialog0956,analytics_mistral_7b_prompt2_dialog0956,analytics,44.6,49.1,50.5,0.0,0.0,0.0,0.0,0.0,0.0,0.0
mistral,7.0B,3. Инструменты обучения НС,"Вычисли v_t в Momentum: γ=0.9, v_{t-1}=1, ∇L=2, η=0.1.",prompt2,dialog0957,analytics_mistral_7b_prompt2_dialog0957,analytics,44.6,49.1,50.5,0.0,0.0,0.0,0.0,0.0,0.0,0.0
mistral,7.0B,3. Инструменты обучения НС,"В Adagrad, G_{t-1,ii}=4, g_t=2, η=0.1, ε=1e-8.",prompt2,dialog0958,analytics_mistral_7b_prompt2_dialog0958,analytics,44.6,49.1,50.5,0.0,0.0,0.0,0.0,0.0,0.0,0.0
mistral,7.0B,3. Инструменты обучения НС,"Вычисли learning rate decay: η0=0.1, t=5, T=10, linear.",prompt2,dialog0959,analytics_mistral_7b_prompt2_dialog0959,analytics,44.6,49.1,50.5,0.0,0.0,0.0,0.0,0.0,0.0,0.0
mistral,7.0B,3. Инструменты обучения НС,"В Nesterov, вычисли ∇ в ω - γ v_{t-1}: γ=0.9, v=1, ∇=2.",prompt2,dialog0960,analytics_mistral_7b_prompt2_dialog0960,analytics,44.6,49.1,50.5,0.0,0.0,0.0,0.0,0.0,0.0,0.0
mistral,7.0B,1_Классификаторы_KNN_и_наивный_байес,Что такое метод k-ближайших соседей?,prompt5,dialog1021,analytics_mistral_7b_prompt5_dialog1021,analytics,43.4,47.8,47.9,0.0,0.0,0.0,0.0,0.0,0.0,0.0
mistral,7.0B,1_Классификаторы_KNN_и_наивный_байес,Как выбрать количество соседей k в k-NN?,prompt5,dialog1022,analytics_mistral_7b_prompt5_dialog1022,analytics,43.4,47.8,47.9,0.0,0.0,0.0,0.0,0.0,0.0,0.0
mistral,7.0B,1_Классификаторы_KNN_и_наивный_байес,Что такое евклидова метрика?,prompt5,dialog1023,analytics_mistral_7b_prompt5_dialog1023,analytics,43.4,47.8,47.9,0.0,0.0,0.0,0.0,0.0,0.0,0.0
mistral,7.0B,1_Классификаторы_KNN_и_наивный_байес,В чем суть наивного байесовского классификатора?,prompt5,dialog1024,analytics_mistral_7b_prompt5_dialog1024,analytics,43.4,47.8,47.9,0.0,0.0,0.0,0.0,0.0,0.0,0.0
mistral,7.0B,1_Классификаторы_KNN_и_наивный_байес,Как работает сглаживание по Лапласу?,prompt5,dialog1025,analytics_mistral_7b_prompt5_dialog1025,analytics,43.4,47.8,47.9,0.0,0.0,0.0,0.0,0.0,0.0,0.0
mistral,7.0B,1_Классификаторы_KNN_и_наивный_байес,Что такое манхэттенское расстояние?,prompt5,dialog1026,analytics_mistral_7b_prompt5_dialog1026,analytics,43.4,47.8,47.9,0.0,0.0,0.0,0.0,0.0,0.0,0.0
mistral,7.0B,1_Классификаторы_KNN_и_наивный_байес,Как вычислить вероятность класса в Naive Bayes?,prompt5,dialog1027,analytics_mistral_7b_prompt5_dialog1027,analytics,43.4,47.8,47.9,0.0,0.0,0.0,0.0,0.0,0.0,0.0
mistral,7.0B,1_Классификаторы_KNN_и_наивный_байес,Что такое расстояние Чебышёва?,prompt5,dialog1028,analytics_mistral_7b_prompt5_dialog1028,analytics,43.4,47.8,47.9,0.0,0.0,0.0,0.0,0.0,0.0,0.0
mistral,7.0B,1_Классификаторы_KNN_и_наивный_байес,Как классифицировать письмо как спам в Naive Bayes?,prompt5,dialog1029,analytics_mistral_7b_prompt5_dialog1029,analytics,43.4,47.8,47.9,0.0,0.0,0.0,0.0,0.0,0.0,0.0
mistral,7.0B,1_Классификаторы_KNN_и_наивный_байес,В чем разница между k-NN и взвешенным k-NN?,prompt5,dialog1030,analytics_mistral_7b_prompt5_dialog1030,analytics,43.4,47.8,47.9,0.0,0.0,0.0,0.0,0.0,0.0,0.0
mistral,7.0B,1_Классификаторы_KNN_и_наивный_байес,Вычисли вероятность спама для слова 'приз' из примера.,prompt5,dialog1031,analytics_mistral_7b_prompt5_dialog1031,analytics,43.4,47.8,47.9,0.0,0.0,0.0,0.0,0.0,0.0,0.0
mistral,7.0B,1_Классификаторы_KNN_и_наивный_байес,"Вычисли расстояние Евклида между (1,2) и (3,4).",prompt5,dialog1032,analytics_mistral_7b_prompt5_dialog1032,analytics,43.4,47.8,47.9,0.0,0.0,0.0,0.0,0.0,0.0,0.0
mistral,7.0B,1_Классификаторы_KNN_и_наивный_байес,"В примере с погодой, вычисли F(да) для теста.",prompt5,dialog1033,analytics_mistral_7b_prompt5_dialog1033,analytics,43.4,47.8,47.9,0.0,0.0,0.0,0.0,0.0,0.0,0.0
mistral,7.0B,1_Классификаторы_KNN_и_наивный_байес,"Вычисли P(да | пасмурно, холодно, влажно, да).",prompt5,dialog1034,analytics_mistral_7b_prompt5_dialog1034,analytics,43.4,47.8,47.9,0.0,0.0,0.0,0.0,0.0,0.0,0.0
mistral,7.0B,1_Классификаторы_KNN_и_наивный_байес,"В спам-примере, вычисли P(win|спам) с Laplace.",prompt5,dialog1035,analytics_mistral_7b_prompt5_dialog1035,analytics,43.4,47.8,47.9,0.0,0.0,0.0,0.0,0.0,0.0,0.0
mistral,7.0B,3. Инструменты обучения НС,Что такое autograd?,prompt5,dialog1036,analytics_mistral_7b_prompt5_dialog1036,analytics,43.4,47.8,47.9,0.0,0.0,0.0,0.0,0.0,0.0,0.0
mistral,7.0B,3. Инструменты обучения НС,Что такое TensorFlow?,prompt5,dialog1037,analytics_mistral_7b_prompt5_dialog1037,analytics,43.4,47.8,47.9,0.0,0.0,0.0,0.0,0.0,0.0,0.0
mistral,7.0B,3. Инструменты обучения НС,Что такое Keras?,prompt5,dialog1038,analytics_mistral_7b_prompt5_dialog1038,analytics,43.4,47.8,47.9,0.0,0.0,0.0,0.0,0.0,0.0,0.0
mistral,7.0B,3. Инструменты обучения НС,Что такое over-fitting?,prompt5,dialog1039,analytics_mistral_7b_prompt5_dialog1039,analytics,43.4,47.8,47.9,0.0,0.0,0.0,0.0,0.0,0.0,0.0
mistral,7.0B,3. Инструменты обучения НС,Что такое SGD?,prompt5,dialog1040,analytics_mistral_7b_prompt5_dialog1040,analytics,43.4,47.8,47.9,0.0,0.0,0.0,0.0,0.0,0.0,0.0
mistral,7.0B,3. Инструменты обучения НС,Что такое Momentum в оптимизации?,prompt5,dialog1041,analytics_mistral_7b_prompt5_dialog1041,analytics,43.4,47.8,47.9,0.0,0.0,0.0,0.0,0.0,0.0,0.0
mistral,7.0B,3. Инструменты обучения НС,Что такое Adam?,prompt5,dialog1042,analytics_mistral_7b_prompt5_dialog1042,analytics,43.4,47.8,47.9,0.0,0.0,0.0,0.0,0.0,0.0,0.0
mistral,7.0B,3. Инструменты обучения НС,Что такое learning rate?,prompt5,dialog1043,analytics_mistral_7b_prompt5_dialog1043,analytics,43.4,47.8,47.9,0.0,0.0,0.0,0.0,0.0,0.0,0.0
mistral,7.0B,3. Инструменты обучения НС,Что такое метод Ньютона?,prompt5,dialog1044,analytics_mistral_7b_prompt5_dialog1044,analytics,43.4,47.8,47.9,0.0,0.0,0.0,0.0,0.0,0.0,0.0
mistral,7.0B,3. Инструменты обучения НС,Что такое RMSProp?,prompt5,dialog1045,analytics_mistral_7b_prompt5_dialog1045,analytics,43.4,47.8,47.9,0.0,0.0,0.0,0.0,0.0,0.0,0.0
mistral,7.0B,3. Инструменты обучения НС,"Вычисли шаг в SGD для L(w)=w^2, w=3, η=0.1.",prompt5,dialog1046,analytics_mistral_7b_prompt5_dialog1046,analytics,43.4,47.8,47.9,0.0,0.0,0.0,0.0,0.0,0.0,0.0
mistral,7.0B,3. Инструменты обучения НС,"Вычисли v_t в Momentum: γ=0.9, v_{t-1}=1, ∇L=2, η=0.1.",prompt5,dialog1047,analytics_mistral_7b_prompt5_dialog1047,analytics,43.4,47.8,47.9,0.0,0.0,0.0,0.0,0.0,0.0,0.0
mistral,7.0B,3. Инструменты обучения НС,"В Adagrad, G_{t-1,ii}=4, g_t=2, η=0.1, ε=1e-8.",prompt5,dialog1048,analytics_mistral_7b_prompt5_dialog1048,analytics,43.4,47.8,47.9,0.0,0.0,0.0,0.0,0.0,0.0,0.0
mistral,7.0B,3. Инструменты обучения НС,"Вычисли learning rate decay: η0=0.1, t=5, T=10, linear.",prompt5,dialog1049,analytics_mistral_7b_prompt5_dialog1049,analytics,43.4,47.8,47.9,0.0,0.0,0.0,0.0,0.0,0.0,0.0
mistral,7.0B,3. Инструменты обучения НС,"В Nesterov, вычисли ∇ в ω - γ v_{t-1}: γ=0.9, v=1, ∇=2.",prompt5,dialog1050,analytics_mistral_7b_prompt5_dialog1050,analytics,43.4,47.8,47.9,0.0,0.0,0.0,0.0,0.0,0.0,0.0
mistral,7.0B,1_Классификаторы_KNN_и_наивный_байес,Что такое метод k-ближайших соседей?,prompt12,dialog1231,analytics_mistral_7b_prompt12_dialog1231,analytics,41.5,47.1,52.5,0.0,0.0,0.0,0.0,0.0,0.0,0.0
mistral,7.0B,1_Классификаторы_KNN_и_наивный_байес,Как выбрать количество соседей k в k-NN?,prompt12,dialog1232,analytics_mistral_7b_prompt12_dialog1232,analytics,41.5,47.1,52.5,0.0,0.0,0.0,0.0,0.0,0.0,0.0
mistral,7.0B,1_Классификаторы_KNN_и_наивный_байес,Что такое евклидова метрика?,prompt12,dialog1233,analytics_mistral_7b_prompt12_dialog1233,analytics,41.5,47.1,52.5,0.0,0.0,0.0,0.0,0.0,0.0,0.0
mistral,7.0B,1_Классификаторы_KNN_и_наивный_байес,В чем суть наивного байесовского классификатора?,prompt12,dialog1234,analytics_mistral_7b_prompt12_dialog1234,analytics,41.5,47.1,52.5,0.0,0.0,0.0,0.0,0.0,0.0,0.0
mistral,7.0B,1_Классификаторы_KNN_и_наивный_байес,Как работает сглаживание по Лапласу?,prompt12,dialog1235,analytics_mistral_7b_prompt12_dialog1235,analytics,41.5,47.1,52.5,0.0,0.0,0.0,0.0,0.0,0.0,0.0
mistral,7.0B,1_Классификаторы_KNN_и_наивный_байес,Что такое манхэттенское расстояние?,prompt12,dialog1236,analytics_mistral_7b_prompt12_dialog1236,analytics,41.5,47.1,52.5,0.0,0.0,0.0,0.0,0.0,0.0,0.0
mistral,7.0B,1_Классификаторы_KNN_и_наивный_байес,Как вычислить вероятность класса в Naive Bayes?,prompt12,dialog1237,analytics_mistral_7b_prompt12_dialog1237,analytics,41.5,47.1,52.5,0.0,0.0,0.0,0.0,0.0,0.0,0.0
mistral,7.0B,1_Классификаторы_KNN_и_наивный_байес,Что такое расстояние Чебышёва?,prompt12,dialog1238,analytics_mistral_7b_prompt12_dialog1238,analytics,41.5,47.1,52.5,0.0,0.0,0.0,0.0,0.0,0.0,0.0
mistral,7.0B,1_Классификаторы_KNN_и_наивный_байес,Как классифицировать письмо как спам в Naive Bayes?,prompt12,dialog1239,analytics_mistral_7b_prompt12_dialog1239,analytics,41.5,47.1,52.5,0.0,0.0,0.0,0.0,0.0,0.0,0.0
mistral,7.0B,1_Классификаторы_KNN_и_наивный_байес,В чем разница между k-NN и взвешенным k-NN?,prompt12,dialog1240,analytics_mistral_7b_prompt12_dialog1240,analytics,41.5,47.1,52.5,0.0,0.0,0.0,0.0,0.0,0.0,0.0
mistral,7.0B,1_Классификаторы_KNN_и_наивный_байес,Вычисли вероятность спама для слова 'приз' из примера.,prompt12,dialog1241,analytics_mistral_7b_prompt12_dialog1241,analytics,41.5,47.1,52.5,0.0,0.0,0.0,0.0,0.0,0.0,0.0
mistral,7.0B,1_Классификаторы_KNN_и_наивный_байес,"Вычисли расстояние Евклида между (1,2) и (3,4).",prompt12,dialog1242,analytics_mistral_7b_prompt12_dialog1242,analytics,41.5,47.1,52.5,0.0,0.0,0.0,0.0,0.0,0.0,0.0
mistral,7.0B,1_Классификаторы_KNN_и_наивный_байес,"В примере с погодой, вычисли F(да) для теста.",prompt12,dialog1243,analytics_mistral_7b_prompt12_dialog1243,analytics,41.5,47.1,52.5,0.0,0.0,0.0,0.0,0.0,0.0,0.0
mistral,7.0B,1_Классификаторы_KNN_и_наивный_байес,"Вычисли P(да | пасмурно, холодно, влажно, да).",prompt12,dialog1244,analytics_mistral_7b_prompt12_dialog1244,analytics,41.5,47.1,52.5,0.0,0.0,0.0,0.0,0.0,0.0,0.0
mistral,7.0B,1_Классификаторы_KNN_и_наивный_байес,"В спам-примере, вычисли P(win|спам) с Laplace.",prompt12,dialog1245,analytics_mistral_7b_prompt12_dialog1245,analytics,41.5,47.1,52.5,0.0,0.0,0.0,0.0,0.0,0.0,0.0
mistral,7.0B,3. Инструменты обучения НС,Что такое autograd?,prompt12,dialog1246,analytics_mistral_7b_prompt12_dialog1246,analytics,41.5,47.1,52.5,0.0,0.0,0.0,0.0,0.0,0.0,0.0
mistral,7.0B,3. Инструменты обучения НС,Что такое TensorFlow?,prompt12,dialog1247,analytics_mistral_7b_prompt12_dialog1247,analytics,41.5,47.1,52.5,0.0,0.0,0.0,0.0,0.0,0.0,0.0
mistral,7.0B,3. Инструменты обучения НС,Что такое Keras?,prompt12,dialog1248,analytics_mistral_7b_prompt12_dialog1248,analytics,41.5,47.1,52.5,0.0,0.0,0.0,0.0,0.0,0.0,0.0
mistral,7.0B,3. Инструменты обучения НС,Что такое over-fitting?,prompt12,dialog1249,analytics_mistral_7b_prompt12_dialog1249,analytics,41.5,47.1,52.5,0.0,0.0,0.0,0.0,0.0,0.0,0.0
mistral,7.0B,3. Инструменты обучения НС,Что такое SGD?,prompt12,dialog1250,analytics_mistral_7b_prompt12_dialog1250,analytics,41.5,47.1,52.5,0.0,0.0,0.0,0.0,0.0,0.0,0.0
mistral,7.0B,3. Инструменты обучения НС,Что такое Momentum в оптимизации?,prompt12,dialog1251,analytics_mistral_7b_prompt12_dialog1251,analytics,41.5,47.1,52.5,0.0,0.0,0.0,0.0,0.0,0.0,0.0
mistral,7.0B,3. Инструменты обучения НС,Что такое Adam?,prompt12,dialog1252,analytics_mistral_7b_prompt12_dialog1252,analytics,41.5,47.1,52.5,0.0,0.0,0.0,0.0,0.0,0.0,0.0
mistral,7.0B,3. Инструменты обучения НС,Что такое learning rate?,prompt12,dialog1253,analytics_mistral_7b_prompt12_dialog1253,analytics,41.5,47.1,52.5,0.0,0.0,0.0,0.0,0.0,0.0,0.0
mistral,7.0B,3. Инструменты обучения НС,Что такое метод Ньютона?,prompt12,dialog1254,analytics_mistral_7b_prompt12_dialog1254,analytics,41.5,47.1,52.5,0.0,0.0,0.0,0.0,0.0,0.0,0.0
mistral,7.0B,3. Инструменты обучения НС,Что такое RMSProp?,prompt12,dialog1255,analytics_mistral_7b_prompt12_dialog1255,analytics,41.5,47.1,52.5,0.0,0.0,0.0,0.0,0.0,0.0,0.0
mistral,7.0B,3. Инструменты обучения НС,"Вычисли шаг в SGD для L(w)=w^2, w=3, η=0.1.",prompt12,dialog1256,analytics_mistral_7b_prompt12_dialog1256,analytics,41.5,47.1,52.5,0.0,0.0,0.0,0.0,0.0,0.0,0.0
mistral,7.0B,3. Инструменты обучения НС,"Вычисли v_t в Momentum: γ=0.9, v_{t-1}=1, ∇L=2, η=0.1.",prompt12,dialog1257,analytics_mistral_7b_prompt12_dialog1257,analytics,41.5,47.1,52.5,0.0,0.0,0.0,0.0,0.0,0.0,0.0
mistral,7.0B,3. Инструменты обучения НС,"В Adagrad, G_{t-1,ii}=4, g_t=2, η=0.1, ε=1e-8.",prompt12,dialog1258,analytics_mistral_7b_prompt12_dialog1258,analytics,41.5,47.1,52.5,0.0,0.0,0.0,0.0,0.0,0.0,0.0
mistral,7.0B,3. Инструменты обучения НС,"Вычисли learning rate decay: η0=0.1, t=5, T=10, linear.",prompt12,dialog1259,analytics_mistral_7b_prompt12_dialog1259,analytics,41.5,47.1,52.5,0.0,0.0,0.0,0.0,0.0,0.0,0.0
mistral,7.0B,3. Инструменты обучения НС,"В Nesterov, вычисли ∇ в ω - γ v_{t-1}: γ=0.9, v=1, ∇=2.",prompt12,dialog1260,analytics_mistral_7b_prompt12_dialog1260,analytics,41.5,47.1,52.5,0.0,0.0,0.0,0.0,0.0,0.0,0.0
mistral,7.0B,1_Классификаторы_KNN_и_наивный_байес,Что такое метод k-ближайших соседей?,prompt15,dialog1321,analytics_mistral_7b_prompt15_dialog1321,analytics,42.0,40.1,60.3,0.0,0.0,0.0,0.0,0.0,0.0,0.0
mistral,7.0B,1_Классификаторы_KNN_и_наивный_байес,Как выбрать количество соседей k в k-NN?,prompt15,dialog1322,analytics_mistral_7b_prompt15_dialog1322,analytics,42.0,40.1,60.3,0.0,0.0,0.0,0.0,0.0,0.0,0.0
mistral,7.0B,1_Классификаторы_KNN_и_наивный_байес,Что такое евклидова метрика?,prompt15,dialog1323,analytics_mistral_7b_prompt15_dialog1323,analytics,42.0,40.1,60.3,0.0,0.0,0.0,0.0,0.0,0.0,0.0
mistral,7.0B,1_Классификаторы_KNN_и_наивный_байес,В чем суть наивного байесовского классификатора?,prompt15,dialog1324,analytics_mistral_7b_prompt15_dialog1324,analytics,42.0,40.1,60.3,0.0,0.0,0.0,0.0,0.0,0.0,0.0
mistral,7.0B,1_Классификаторы_KNN_и_наивный_байес,Как работает сглаживание по Лапласу?,prompt15,dialog1325,analytics_mistral_7b_prompt15_dialog1325,analytics,42.0,40.1,60.3,0.0,0.0,0.0,0.0,0.0,0.0,0.0
mistral,7.0B,1_Классификаторы_KNN_и_наивный_байес,Что такое манхэттенское расстояние?,prompt15,dialog1326,analytics_mistral_7b_prompt15_dialog1326,analytics,42.0,40.1,60.3,0.0,0.0,0.0,0.0,0.0,0.0,0.0
mistral,7.0B,1_Классификаторы_KNN_и_наивный_байес,Как вычислить вероятность класса в Naive Bayes?,prompt15,dialog1327,analytics_mistral_7b_prompt15_dialog1327,analytics,42.0,40.1,60.3,0.0,0.0,0.0,0.0,0.0,0.0,0.0
mistral,7.0B,1_Классификаторы_KNN_и_наивный_байес,Что такое расстояние Чебышёва?,prompt15,dialog1328,analytics_mistral_7b_prompt15_dialog1328,analytics,42.0,40.1,60.3,0.0,0.0,0.0,0.0,0.0,0.0,0.0
mistral,7.0B,1_Классификаторы_KNN_и_наивный_байес,Как классифицировать письмо как спам в Naive Bayes?,prompt15,dialog1329,analytics_mistral_7b_prompt15_dialog1329,analytics,42.0,40.1,60.3,0.0,0.0,0.0,0.0,0.0,0.0,0.0
mistral,7.0B,1_Классификаторы_KNN_и_наивный_байес,В чем разница между k-NN и взвешенным k-NN?,prompt15,dialog1330,analytics_mistral_7b_prompt15_dialog1330,analytics,42.0,40.1,60.3,0.0,0.0,0.0,0.0,0.0,0.0,0.0
mistral,7.0B,1_Классификаторы_KNN_и_наивный_байес,Вычисли вероятность спама для слова 'приз' из примера.,prompt15,dialog1331,analytics_mistral_7b_prompt15_dialog1331,analytics,42.0,40.1,60.3,0.0,0.0,0.0,0.0,0.0,0.0,0.0
mistral,7.0B,1_Классификаторы_KNN_и_наивный_байес,"Вычисли расстояние Евклида между (1,2) и (3,4).",prompt15,dialog1332,analytics_mistral_7b_prompt15_dialog1332,analytics,42.0,40.1,60.3,0.0,0.0,0.0,0.0,0.0,0.0,0.0
mistral,7.0B,1_Классификаторы_KNN_и_наивный_байес,"В примере с погодой, вычисли F(да) для теста.",prompt15,dialog1333,analytics_mistral_7b_prompt15_dialog1333,analytics,42.0,40.1,60.3,0.0,0.0,0.0,0.0,0.0,0.0,0.0
mistral,7.0B,1_Классификаторы_KNN_и_наивный_байес,"Вычисли P(да | пасмурно, холодно, влажно, да).",prompt15,dialog1334,analytics_mistral_7b_prompt15_dialog1334,analytics,42.0,40.1,60.3,0.0,0.0,0.0,0.0,0.0,0.0,0.0
mistral,7.0B,1_Классификаторы_KNN_и_наивный_байес,"В спам-примере, вычисли P(win|спам) с Laplace.",prompt15,dialog1335,analytics_mistral_7b_prompt15_dialog1335,analytics,42.0,40.1,60.3,0.0,0.0,0.0,0.0,0.0,0.0,0.0
mistral,7.0B,3. Инструменты обучения НС,Что такое autograd?,prompt15,dialog1336,analytics_mistral_7b_prompt15_dialog1336,analytics,42.0,40.1,60.3,0.0,0.0,0.0,0.0,0.0,0.0,0.0
mistral,7.0B,3. Инструменты обучения НС,Что такое TensorFlow?,prompt15,dialog1337,analytics_mistral_7b_prompt15_dialog1337,analytics,42.0,40.1,60.3,0.0,0.0,0.0,0.0,0.0,0.0,0.0
mistral,7.0B,3. Инструменты обучения НС,Что такое Keras?,prompt15,dialog1338,analytics_mistral_7b_prompt15_dialog1338,analytics,42.0,40.1,60.3,0.0,0.0,0.0,0.0,0.0,0.0,0.0
mistral,7.0B,3. Инструменты обучения НС,Что такое over-fitting?,prompt15,dialog1339,analytics_mistral_7b_prompt15_dialog1339,analytics,42.0,40.1,60.3,0.0,0.0,0.0,0.0,0.0,0.0,0.0
mistral,7.0B,3. Инструменты обучения НС,Что такое SGD?,prompt15,dialog1340,analytics_mistral_7b_prompt15_dialog1340,analytics,42.0,40.1,60.3,0.0,0.0,0.0,0.0,0.0,0.0,0.0
mistral,7.0B,3. Инструменты обучения НС,Что такое Momentum в оптимизации?,prompt15,dialog1341,analytics_mistral_7b_prompt15_dialog1341,analytics,42.0,40.1,60.3,0.0,0.0,0.0,0.0,0.0,0.0,0.0
mistral,7.0B,3. Инструменты обучения НС,Что такое Adam?,prompt15,dialog1342,analytics_mistral_7b_prompt15_dialog1342,analytics,42.0,40.1,60.3,0.0,0.0,0.0,0.0,0.0,0.0,0.0
mistral,7.0B,3. Инструменты обучения НС,Что такое learning rate?,prompt15,dialog1343,analytics_mistral_7b_prompt15_dialog1343,analytics,42.0,40.1,60.3,0.0,0.0,0.0,0.0,0.0,0.0,0.0
mistral,7.0B,3. Инструменты обучения НС,Что такое метод Ньютона?,prompt15,dialog1344,analytics_mistral_7b_prompt15_dialog1344,analytics,42.0,40.1,60.3,0.0,0.0,0.0,0.0,0.0,0.0,0.0
mistral,7.0B,3. Инструменты обучения НС,Что такое RMSProp?,prompt15,dialog1345,analytics_mistral_7b_prompt15_dialog1345,analytics,42.0,40.1,60.3,0.0,0.0,0.0,0.0,0.0,0.0,0.0
mistral,7.0B,3. Инструменты обучения НС,"Вычисли шаг в SGD для L(w)=w^2, w=3, η=0.1.",prompt15,dialog1346,analytics_mistral_7b_prompt15_dialog1346,analytics,42.0,40.1,60.3,0.0,0.0,0.0,0.0,0.0,0.0,0.0
mistral,7.0B,3. Инструменты обучения НС,"Вычисли v_t в Momentum: γ=0.9, v_{t-1}=1, ∇L=2, η=0.1.",prompt15,dialog1347,analytics_mistral_7b_prompt15_dialog1347,analytics,42.0,40.1,60.3,0.0,0.0,0.0,0.0,0.0,0.0,0.0
mistral,7.0B,3. Инструменты обучения НС,"В Adagrad, G_{t-1,ii}=4, g_t=2, η=0.1, ε=1e-8.",prompt15,dialog1348,analytics_mistral_7b_prompt15_dialog1348,analytics,42.0,40.1,60.3,0.0,0.0,0.0,0.0,0.0,0.0,0.0
mistral,7.0B,3. Инструменты обучения НС,"Вычисли learning rate decay: η0=0.1, t=5, T=10, linear.",prompt15,dialog1349,analytics_mistral_7b_prompt15_dialog1349,analytics,42.0,40.1,60.3,0.0,0.0,0.0,0.0,0.0,0.0,0.0
mistral,7.0B,3. Инструменты обучения НС,"В Nesterov, вычисли ∇ в ω - γ v_{t-1}: γ=0.9, v=1, ∇=2.",prompt15,dialog1350,analytics_mistral_7b_prompt15_dialog1350,analytics,42.0,40.1,60.3,0.0,0.0,0.0,0.0,0.0,0.0,0.0
mistral,7.0B,1_Классификаторы_KNN_и_наивный_байес,Что такое метод k-ближайших соседей?,prompt10,dialog1171,analytics_mistral_7b_prompt10_dialog1171,analytics,42.7,44.4,53.4,0.0,0.0,0.0,0.0,0.0,0.0,0.0
mistral,7.0B,1_Классификаторы_KNN_и_наивный_байес,Как выбрать количество соседей k в k-NN?,prompt10,dialog1172,analytics_mistral_7b_prompt10_dialog1172,analytics,42.7,44.4,53.4,0.0,0.0,0.0,0.0,0.0,0.0,0.0
mistral,7.0B,1_Классификаторы_KNN_и_наивный_байес,Что такое евклидова метрика?,prompt10,dialog1173,analytics_mistral_7b_prompt10_dialog1173,analytics,42.7,44.4,53.4,0.0,0.0,0.0,0.0,0.0,0.0,0.0
mistral,7.0B,1_Классификаторы_KNN_и_наивный_байес,В чем суть наивного байесовского классификатора?,prompt10,dialog1174,analytics_mistral_7b_prompt10_dialog1174,analytics,42.7,44.4,53.4,0.0,0.0,0.0,0.0,0.0,0.0,0.0
mistral,7.0B,1_Классификаторы_KNN_и_наивный_байес,Как работает сглаживание по Лапласу?,prompt10,dialog1175,analytics_mistral_7b_prompt10_dialog1175,analytics,42.7,44.4,53.4,0.0,0.0,0.0,0.0,0.0,0.0,0.0
mistral,7.0B,1_Классификаторы_KNN_и_наивный_байес,Что такое манхэттенское расстояние?,prompt10,dialog1176,analytics_mistral_7b_prompt10_dialog1176,analytics,42.7,44.4,53.4,0.0,0.0,0.0,0.0,0.0,0.0,0.0
mistral,7.0B,1_Классификаторы_KNN_и_наивный_байес,Как вычислить вероятность класса в Naive Bayes?,prompt10,dialog1177,analytics_mistral_7b_prompt10_dialog1177,analytics,42.7,44.4,53.4,0.0,0.0,0.0,0.0,0.0,0.0,0.0
mistral,7.0B,1_Классификаторы_KNN_и_наивный_байес,Что такое расстояние Чебышёва?,prompt10,dialog1178,analytics_mistral_7b_prompt10_dialog1178,analytics,42.7,44.4,53.4,0.0,0.0,0.0,0.0,0.0,0.0,0.0
mistral,7.0B,1_Классификаторы_KNN_и_наивный_байес,Как классифицировать письмо как спам в Naive Bayes?,prompt10,dialog1179,analytics_mistral_7b_prompt10_dialog1179,analytics,42.7,44.4,53.4,0.0,0.0,0.0,0.0,0.0,0.0,0.0
mistral,7.0B,1_Классификаторы_KNN_и_наивный_байес,В чем разница между k-NN и взвешенным k-NN?,prompt10,dialog1180,analytics_mistral_7b_prompt10_dialog1180,analytics,42.7,44.4,53.4,0.0,0.0,0.0,0.0,0.0,0.0,0.0
mistral,7.0B,1_Классификаторы_KNN_и_наивный_байес,Вычисли вероятность спама для слова 'приз' из примера.,prompt10,dialog1181,analytics_mistral_7b_prompt10_dialog1181,analytics,42.7,44.4,53.4,0.0,0.0,0.0,0.0,0.0,0.0,0.0
mistral,7.0B,1_Классификаторы_KNN_и_наивный_байес,"Вычисли расстояние Евклида между (1,2) и (3,4).",prompt10,dialog1182,analytics_mistral_7b_prompt10_dialog1182,analytics,42.7,44.4,53.4,0.0,0.0,0.0,0.0,0.0,0.0,0.0
mistral,7.0B,1_Классификаторы_KNN_и_наивный_байес,"В примере с погодой, вычисли F(да) для теста.",prompt10,dialog1183,analytics_mistral_7b_prompt10_dialog1183,analytics,42.7,44.4,53.4,0.0,0.0,0.0,0.0,0.0,0.0,0.0
mistral,7.0B,1_Классификаторы_KNN_и_наивный_байес,"Вычисли P(да | пасмурно, холодно, влажно, да).",prompt10,dialog1184,analytics_mistral_7b_prompt10_dialog1184,analytics,42.7,44.4,53.4,0.0,0.0,0.0,0.0,0.0,0.0,0.0
mistral,7.0B,1_Классификаторы_KNN_и_наивный_байес,"В спам-примере, вычисли P(win|спам) с Laplace.",prompt10,dialog1185,analytics_mistral_7b_prompt10_dialog1185,analytics,42.7,44.4,53.4,0.0,0.0,0.0,0.0,0.0,0.0,0.0
mistral,7.0B,3. Инструменты обучения НС,Что такое autograd?,prompt10,dialog1186,analytics_mistral_7b_prompt10_dialog1186,analytics,42.7,44.4,53.4,0.0,0.0,0.0,0.0,0.0,0.0,0.0
mistral,7.0B,3. Инструменты обучения НС,Что такое TensorFlow?,prompt10,dialog1187,analytics_mistral_7b_prompt10_dialog1187,analytics,42.7,44.4,53.4,0.0,0.0,0.0,0.0,0.0,0.0,0.0
mistral,7.0B,3. Инструменты обучения НС,Что такое Keras?,prompt10,dialog1188,analytics_mistral_7b_prompt10_dialog1188,analytics,42.7,44.4,53.4,0.0,0.0,0.0,0.0,0.0,0.0,0.0
mistral,7.0B,3. Инструменты обучения НС,Что такое over-fitting?,prompt10,dialog1189,analytics_mistral_7b_prompt10_dialog1189,analytics,42.7,44.4,53.4,0.0,0.0,0.0,0.0,0.0,0.0,0.0
mistral,7.0B,3. Инструменты обучения НС,Что такое SGD?,prompt10,dialog1190,analytics_mistral_7b_prompt10_dialog1190,analytics,42.7,44.4,53.4,0.0,0.0,0.0,0.0,0.0,0.0,0.0
mistral,7.0B,3. Инструменты обучения НС,Что такое Momentum в оптимизации?,prompt10,dialog1191,analytics_mistral_7b_prompt10_dialog1191,analytics,42.7,44.4,53.4,0.0,0.0,0.0,0.0,0.0,0.0,0.0
mistral,7.0B,3. Инструменты обучения НС,Что такое Adam?,prompt10,dialog1192,analytics_mistral_7b_prompt10_dialog1192,analytics,42.7,44.4,53.4,0.0,0.0,0.0,0.0,0.0,0.0,0.0
mistral,7.0B,3. Инструменты обучения НС,Что такое learning rate?,prompt10,dialog1193,analytics_mistral_7b_prompt10_dialog1193,analytics,42.7,44.4,53.4,0.0,0.0,0.0,0.0,0.0,0.0,0.0
mistral,7.0B,3. Инструменты обучения НС,Что такое метод Ньютона?,prompt10,dialog1194,analytics_mistral_7b_prompt10_dialog1194,analytics,42.7,44.4,53.4,0.0,0.0,0.0,0.0,0.0,0.0,0.0
mistral,7.0B,3. Инструменты обучения НС,Что такое RMSProp?,prompt10,dialog1195,analytics_mistral_7b_prompt10_dialog1195,analytics,42.7,44.4,53.4,0.0,0.0,0.0,0.0,0.0,0.0,0.0
mistral,7.0B,3. Инструменты обучения НС,"Вычисли шаг в SGD для L(w)=w^2, w=3, η=0.1.",prompt10,dialog1196,analytics_mistral_7b_prompt10_dialog1196,analytics,42.7,44.4,53.4,0.0,0.0,0.0,0.0,0.0,0.0,0.0
mistral,7.0B,3. Инструменты обучения НС,"Вычисли v_t в Momentum: γ=0.9, v_{t-1}=1, ∇L=2, η=0.1.",prompt10,dialog1197,analytics_mistral_7b_prompt10_dialog1197,analytics,42.7,44.4,53.4,0.0,0.0,0.0,0.0,0.0,0.0,0.0
mistral,7.0B,3. Инструменты обучения НС,"В Adagrad, G_{t-1,ii}=4, g_t=2, η=0.1, ε=1e-8.",prompt10,dialog1198,analytics_mistral_7b_prompt10_dialog1198,analytics,42.7,44.4,53.4,0.0,0.0,0.0,0.0,0.0,0.0,0.0
mistral,7.0B,3. Инструменты обучения НС,"Вычисли learning rate decay: η0=0.1, t=5, T=10, linear.",prompt10,dialog1199,analytics_mistral_7b_prompt10_dialog1199,analytics,42.7,44.4,53.4,0.0,0.0,0.0,0.0,0.0,0.0,0.0
mistral,7.0B,3. Инструменты обучения НС,"В Nesterov, вычисли ∇ в ω - γ v_{t-1}: γ=0.9, v=1, ∇=2.",prompt10,dialog1200,analytics_mistral_7b_prompt10_dialog1200,analytics,42.7,44.4,53.4,0.0,0.0,0.0,0.0,0.0,0.0,0.0
mistral,7.0B,1_Классификаторы_KNN_и_наивный_байес,Что такое метод k-ближайших соседей?,prompt9,dialog1141,analytics_mistral_7b_prompt9_dialog1141,analytics,39.5,44.1,49.2,0.0,0.0,0.0,0.0,0.0,0.0,0.0
mistral,7.0B,1_Классификаторы_KNN_и_наивный_байес,Как выбрать количество соседей k в k-NN?,prompt9,dialog1142,analytics_mistral_7b_prompt9_dialog1142,analytics,39.5,44.1,49.2,0.0,0.0,0.0,0.0,0.0,0.0,0.0
mistral,7.0B,1_Классификаторы_KNN_и_наивный_байес,Что такое евклидова метрика?,prompt9,dialog1143,analytics_mistral_7b_prompt9_dialog1143,analytics,39.5,44.1,49.2,0.0,0.0,0.0,0.0,0.0,0.0,0.0
mistral,7.0B,1_Классификаторы_KNN_и_наивный_байес,В чем суть наивного байесовского классификатора?,prompt9,dialog1144,analytics_mistral_7b_prompt9_dialog1144,analytics,39.5,44.1,49.2,0.0,0.0,0.0,0.0,0.0,0.0,0.0
mistral,7.0B,1_Классификаторы_KNN_и_наивный_байес,Как работает сглаживание по Лапласу?,prompt9,dialog1145,analytics_mistral_7b_prompt9_dialog1145,analytics,39.5,44.1,49.2,0.0,0.0,0.0,0.0,0.0,0.0,0.0
mistral,7.0B,1_Классификаторы_KNN_и_наивный_байес,Что такое манхэттенское расстояние?,prompt9,dialog1146,analytics_mistral_7b_prompt9_dialog1146,analytics,39.5,44.1,49.2,0.0,0.0,0.0,0.0,0.0,0.0,0.0
mistral,7.0B,1_Классификаторы_KNN_и_наивный_байес,Как вычислить вероятность класса в Naive Bayes?,prompt9,dialog1147,analytics_mistral_7b_prompt9_dialog1147,analytics,39.5,44.1,49.2,0.0,0.0,0.0,0.0,0.0,0.0,0.0
mistral,7.0B,1_Классификаторы_KNN_и_наивный_байес,Что такое расстояние Чебышёва?,prompt9,dialog1148,analytics_mistral_7b_prompt9_dialog1148,analytics,39.5,44.1,49.2,0.0,0.0,0.0,0.0,0.0,0.0,0.0
mistral,7.0B,1_Классификаторы_KNN_и_наивный_байес,Как классифицировать письмо как спам в Naive Bayes?,prompt9,dialog1149,analytics_mistral_7b_prompt9_dialog1149,analytics,39.5,44.1,49.2,0.0,0.0,0.0,0.0,0.0,0.0,0.0
mistral,7.0B,1_Классификаторы_KNN_и_наивный_байес,В чем разница между k-NN и взвешенным k-NN?,prompt9,dialog1150,analytics_mistral_7b_prompt9_dialog1150,analytics,39.5,44.1,49.2,0.0,0.0,0.0,0.0,0.0,0.0,0.0
mistral,7.0B,1_Классификаторы_KNN_и_наивный_байес,Вычисли вероятность спама для слова 'приз' из примера.,prompt9,dialog1151,analytics_mistral_7b_prompt9_dialog1151,analytics,39.5,44.1,49.2,0.0,0.0,0.0,0.0,0.0,0.0,0.0
mistral,7.0B,1_Классификаторы_KNN_и_наивный_байес,"Вычисли расстояние Евклида между (1,2) и (3,4).",prompt9,dialog1152,analytics_mistral_7b_prompt9_dialog1152,analytics,39.5,44.1,49.2,0.0,0.0,0.0,0.0,0.0,0.0,0.0
mistral,7.0B,1_Классификаторы_KNN_и_наивный_байес,"В примере с погодой, вычисли F(да) для теста.",prompt9,dialog1153,analytics_mistral_7b_prompt9_dialog1153,analytics,39.5,44.1,49.2,0.0,0.0,0.0,0.0,0.0,0.0,0.0
mistral,7.0B,1_Классификаторы_KNN_и_наивный_байес,"Вычисли P(да | пасмурно, холодно, влажно, да).",prompt9,dialog1154,analytics_mistral_7b_prompt9_dialog1154,analytics,39.5,44.1,49.2,0.0,0.0,0.0,0.0,0.0,0.0,0.0
mistral,7.0B,1_Классификаторы_KNN_и_наивный_байес,"В спам-примере, вычисли P(win|спам) с Laplace.",prompt9,dialog1155,analytics_mistral_7b_prompt9_dialog1155,analytics,39.5,44.1,49.2,0.0,0.0,0.0,0.0,0.0,0.0,0.0
mistral,7.0B,3. Инструменты обучения НС,Что такое autograd?,prompt9,dialog1156,analytics_mistral_7b_prompt9_dialog1156,analytics,39.5,44.1,49.2,0.0,0.0,0.0,0.0,0.0,0.0,0.0
mistral,7.0B,3. Инструменты обучения НС,Что такое TensorFlow?,prompt9,dialog1157,analytics_mistral_7b_prompt9_dialog1157,analytics,39.5,44.1,49.2,0.0,0.0,0.0,0.0,0.0,0.0,0.0
mistral,7.0B,3. Инструменты обучения НС,Что такое Keras?,prompt9,dialog1158,analytics_mistral_7b_prompt9_dialog1158,analytics,39.5,44.1,49.2,0.0,0.0,0.0,0.0,0.0,0.0,0.0
mistral,7.0B,3. Инструменты обучения НС,Что такое over-fitting?,prompt9,dialog1159,analytics_mistral_7b_prompt9_dialog1159,analytics,39.5,44.1,49.2,0.0,0.0,0.0,0.0,0.0,0.0,0.0
mistral,7.0B,3. Инструменты обучения НС,Что такое SGD?,prompt9,dialog1160,analytics_mistral_7b_prompt9_dialog1160,analytics,39.5,44.1,49.2,0.0,0.0,0.0,0.0,0.0,0.0,0.0
mistral,7.0B,3. Инструменты обучения НС,Что такое Momentum в оптимизации?,prompt9,dialog1161,analytics_mistral_7b_prompt9_dialog1161,analytics,39.5,44.1,49.2,0.0,0.0,0.0,0.0,0.0,0.0,0.0
mistral,7.0B,3. Инструменты обучения НС,Что такое Adam?,prompt9,dialog1162,analytics_mistral_7b_prompt9_dialog1162,analytics,39.5,44.1,49.2,0.0,0.0,0.0,0.0,0.0,0.0,0.0
mistral,7.0B,3. Инструменты обучения НС,Что такое learning rate?,prompt9,dialog1163,analytics_mistral_7b_prompt9_dialog1163,analytics,39.5,44.1,49.2,0.0,0.0,0.0,0.0,0.0,0.0,0.0
mistral,7.0B,3. Инструменты обучения НС,Что такое метод Ньютона?,prompt9,dialog1164,analytics_mistral_7b_prompt9_dialog1164,analytics,39.5,44.1,49.2,0.0,0.0,0.0,0.0,0.0,0.0,0.0
mistral,7.0B,3. Инструменты обучения НС,Что такое RMSProp?,prompt9,dialog1165,analytics_mistral_7b_prompt9_dialog1165,analytics,39.5,44.1,49.2,0.0,0.0,0.0,0.0,0.0,0.0,0.0
mistral,7.0B,3. Инструменты обучения НС,"Вычисли шаг в SGD для L(w)=w^2, w=3, η=0.1.",prompt9,dialog1166,analytics_mistral_7b_prompt9_dialog1166,analytics,39.5,44.1,49.2,0.0,0.0,0.0,0.0,0.0,0.0,0.0
mistral,7.0B,3. Инструменты обучения НС,"Вычисли v_t в Momentum: γ=0.9, v_{t-1}=1, ∇L=2, η=0.1.",prompt9,dialog1167,analytics_mistral_7b_prompt9_dialog1167,analytics,39.5,44.1,49.2,0.0,0.0,0.0,0.0,0.0,0.0,0.0
mistral,7.0B,3. Инструменты обучения НС,"В Adagrad, G_{t-1,ii}=4, g_t=2, η=0.1, ε=1e-8.",prompt9,dialog1168,analytics_mistral_7b_prompt9_dialog1168,analytics,39.5,44.1,49.2,0.0,0.0,0.0,0.0,0.0,0.0,0.0
mistral,7.0B,3. Инструменты обучения НС,"Вычисли learning rate decay: η0=0.1, t=5, T=10, linear.",prompt9,dialog1169,analytics_mistral_7b_prompt9_dialog1169,analytics,39.5,44.1,49.2,0.0,0.0,0.0,0.0,0.0,0.0,0.0
mistral,7.0B,3. Инструменты обучения НС,"В Nesterov, вычисли ∇ в ω - γ v_{t-1}: γ=0.9, v=1, ∇=2.",prompt9,dialog1170,analytics_mistral_7b_prompt9_dialog1170,analytics,39.5,44.1,49.2,0.0,0.0,0.0,0.0,0.0,0.0,0.0
mistral,7.0B,1_Классификаторы_KNN_и_наивный_байес,Что такое метод k-ближайших соседей?,prompt7,dialog1081,analytics_mistral_7b_prompt7_dialog1081,analytics,34.2,33.6,51.6,0.0,0.0,0.0,0.0,0.0,0.0,0.0
mistral,7.0B,1_Классификаторы_KNN_и_наивный_байес,Как выбрать количество соседей k в k-NN?,prompt7,dialog1082,analytics_mistral_7b_prompt7_dialog1082,analytics,34.2,33.6,51.6,0.0,0.0,0.0,0.0,0.0,0.0,0.0
mistral,7.0B,1_Классификаторы_KNN_и_наивный_байес,Что такое евклидова метрика?,prompt7,dialog1083,analytics_mistral_7b_prompt7_dialog1083,analytics,34.2,33.6,51.6,0.0,0.0,0.0,0.0,0.0,0.0,0.0
mistral,7.0B,1_Классификаторы_KNN_и_наивный_байес,В чем суть наивного байесовского классификатора?,prompt7,dialog1084,analytics_mistral_7b_prompt7_dialog1084,analytics,34.2,33.6,51.6,0.0,0.0,0.0,0.0,0.0,0.0,0.0
mistral,7.0B,1_Классификаторы_KNN_и_наивный_байес,Как работает сглаживание по Лапласу?,prompt7,dialog1085,analytics_mistral_7b_prompt7_dialog1085,analytics,34.2,33.6,51.6,0.0,0.0,0.0,0.0,0.0,0.0,0.0
mistral,7.0B,1_Классификаторы_KNN_и_наивный_байес,Что такое манхэттенское расстояние?,prompt7,dialog1086,analytics_mistral_7b_prompt7_dialog1086,analytics,34.2,33.6,51.6,0.0,0.0,0.0,0.0,0.0,0.0,0.0
mistral,7.0B,1_Классификаторы_KNN_и_наивный_байес,Как вычислить вероятность класса в Naive Bayes?,prompt7,dialog1087,analytics_mistral_7b_prompt7_dialog1087,analytics,34.2,33.6,51.6,0.0,0.0,0.0,0.0,0.0,0.0,0.0
mistral,7.0B,1_Классификаторы_KNN_и_наивный_байес,Что такое расстояние Чебышёва?,prompt7,dialog1088,analytics_mistral_7b_prompt7_dialog1088,analytics,34.2,33.6,51.6,0.0,0.0,0.0,0.0,0.0,0.0,0.0
mistral,7.0B,1_Классификаторы_KNN_и_наивный_байес,Как классифицировать письмо как спам в Naive Bayes?,prompt7,dialog1089,analytics_mistral_7b_prompt7_dialog1089,analytics,34.2,33.6,51.6,0.0,0.0,0.0,0.0,0.0,0.0,0.0
mistral,7.0B,1_Классификаторы_KNN_и_наивный_байес,В чем разница между k-NN и взвешенным k-NN?,prompt7,dialog1090,analytics_mistral_7b_prompt7_dialog1090,analytics,34.2,33.6,51.6,0.0,0.0,0.0,0.0,0.0,0.0,0.0
mistral,7.0B,1_Классификаторы_KNN_и_наивный_байес,Вычисли вероятность спама для слова 'приз' из примера.,prompt7,dialog1091,analytics_mistral_7b_prompt7_dialog1091,analytics,34.2,33.6,51.6,0.0,0.0,0.0,0.0,0.0,0.0,0.0
mistral,7.0B,1_Классификаторы_KNN_и_наивный_байес,"Вычисли расстояние Евклида между (1,2) и (3,4).",prompt7,dialog1092,analytics_mistral_7b_prompt7_dialog1092,analytics,34.2,33.6,51.6,0.0,0.0,0.0,0.0,0.0,0.0,0.0
mistral,7.0B,1_Классификаторы_KNN_и_наивный_байес,"В примере с погодой, вычисли F(да) для теста.",prompt7,dialog1093,analytics_mistral_7b_prompt7_dialog1093,analytics,34.2,33.6,51.6,0.0,0.0,0.0,0.0,0.0,0.0,0.0
mistral,7.0B,1_Классификаторы_KNN_и_наивный_байес,"Вычисли P(да | пасмурно, холодно, влажно, да).",prompt7,dialog1094,analytics_mistral_7b_prompt7_dialog1094,analytics,34.2,33.6,51.6,0.0,0.0,0.0,0.0,0.0,0.0,0.0
mistral,7.0B,1_Классификаторы_KNN_и_наивный_байес,"В спам-примере, вычисли P(win|спам) с Laplace.",prompt7,dialog1095,analytics_mistral_7b_prompt7_dialog1095,analytics,34.2,33.6,51.6,0.0,0.0,0.0,0.0,0.0,0.0,0.0
mistral,7.0B,3. Инструменты обучения НС,Что такое autograd?,prompt7,dialog1096,analytics_mistral_7b_prompt7_dialog1096,analytics,34.2,33.6,51.6,0.0,0.0,0.0,0.0,0.0,0.0,0.0
mistral,7.0B,3. Инструменты обучения НС,Что такое TensorFlow?,prompt7,dialog1097,analytics_mistral_7b_prompt7_dialog1097,analytics,34.2,33.6,51.6,0.0,0.0,0.0,0.0,0.0,0.0,0.0
mistral,7.0B,3. Инструменты обучения НС,Что такое Keras?,prompt7,dialog1098,analytics_mistral_7b_prompt7_dialog1098,analytics,34.2,33.6,51.6,0.0,0.0,0.0,0.0,0.0,0.0,0.0
mistral,7.0B,3. Инструменты обучения НС,Что такое over-fitting?,prompt7,dialog1099,analytics_mistral_7b_prompt7_dialog1099,analytics,34.2,33.6,51.6,0.0,0.0,0.0,0.0,0.0,0.0,0.0
mistral,7.0B,3. Инструменты обучения НС,Что такое SGD?,prompt7,dialog1100,analytics_mistral_7b_prompt7_dialog1100,analytics,34.2,33.6,51.6,0.0,0.0,0.0,0.0,0.0,0.0,0.0
mistral,7.0B,3. Инструменты обучения НС,Что такое Momentum в оптимизации?,prompt7,dialog1101,analytics_mistral_7b_prompt7_dialog1101,analytics,34.2,33.6,51.6,0.0,0.0,0.0,0.0,0.0,0.0,0.0
mistral,7.0B,3. Инструменты обучения НС,Что такое Adam?,prompt7,dialog1102,analytics_mistral_7b_prompt7_dialog1102,analytics,34.2,33.6,51.6,0.0,0.0,0.0,0.0,0.0,0.0,0.0
mistral,7.0B,3. Инструменты обучения НС,Что такое learning rate?,prompt7,dialog1103,analytics_mistral_7b_prompt7_dialog1103,analytics,34.2,33.6,51.6,0.0,0.0,0.0,0.0,0.0,0.0,0.0
mistral,7.0B,3. Инструменты обучения НС,Что такое метод Ньютона?,prompt7,dialog1104,analytics_mistral_7b_prompt7_dialog1104,analytics,34.2,33.6,51.6,0.0,0.0,0.0,0.0,0.0,0.0,0.0
mistral,7.0B,3. Инструменты обучения НС,Что такое RMSProp?,prompt7,dialog1105,analytics_mistral_7b_prompt7_dialog1105,analytics,34.2,33.6,51.6,0.0,0.0,0.0,0.0,0.0,0.0,0.0
mistral,7.0B,3. Инструменты обучения НС,"Вычисли шаг в SGD для L(w)=w^2, w=3, η=0.1.",prompt7,dialog1106,analytics_mistral_7b_prompt7_dialog1106,analytics,34.2,33.6,51.6,0.0,0.0,0.0,0.0,0.0,0.0,0.0
mistral,7.0B,3. Инструменты обучения НС,"Вычисли v_t в Momentum: γ=0.9, v_{t-1}=1, ∇L=2, η=0.1.",prompt7,dialog1107,analytics_mistral_7b_prompt7_dialog1107,analytics,34.2,33.6,51.6,0.0,0.0,0.0,0.0,0.0,0.0,0.0
mistral,7.0B,3. Инструменты обучения НС,"В Adagrad, G_{t-1,ii}=4, g_t=2, η=0.1, ε=1e-8.",prompt7,dialog1108,analytics_mistral_7b_prompt7_dialog1108,analytics,34.2,33.6,51.6,0.0,0.0,0.0,0.0,0.0,0.0,0.0
mistral,7.0B,3. Инструменты обучения НС,"Вычисли learning rate decay: η0=0.1, t=5, T=10, linear.",prompt7,dialog1109,analytics_mistral_7b_prompt7_dialog1109,analytics,34.2,33.6,51.6,0.0,0.0,0.0,0.0,0.0,0.0,0.0
mistral,7.0B,3. Инструменты обучения НС,"В Nesterov, вычисли ∇ в ω - γ v_{t-1}: γ=0.9, v=1, ∇=2.",prompt7,dialog1110,analytics_mistral_7b_prompt7_dialog1110,analytics,34.2,33.6,51.6,0.0,0.0,0.0,0.0,0.0,0.0,0.0
mistral,7.0B,1_Классификаторы_KNN_и_наивный_байес,Что такое метод k-ближайших соседей?,prompt6,dialog1051,analytics_mistral_7b_prompt6_dialog1051,analytics,41.8,43.2,55.4,0.0,0.0,0.0,0.0,0.0,0.0,0.0
mistral,7.0B,1_Классификаторы_KNN_и_наивный_байес,Как выбрать количество соседей k в k-NN?,prompt6,dialog1052,analytics_mistral_7b_prompt6_dialog1052,analytics,41.8,43.2,55.4,0.0,0.0,0.0,0.0,0.0,0.0,0.0
mistral,7.0B,1_Классификаторы_KNN_и_наивный_байес,Что такое евклидова метрика?,prompt6,dialog1053,analytics_mistral_7b_prompt6_dialog1053,analytics,41.8,43.2,55.4,0.0,0.0,0.0,0.0,0.0,0.0,0.0
mistral,7.0B,1_Классификаторы_KNN_и_наивный_байес,В чем суть наивного байесовского классификатора?,prompt6,dialog1054,analytics_mistral_7b_prompt6_dialog1054,analytics,41.8,43.2,55.4,0.0,0.0,0.0,0.0,0.0,0.0,0.0
mistral,7.0B,1_Классификаторы_KNN_и_наивный_байес,Как работает сглаживание по Лапласу?,prompt6,dialog1055,analytics_mistral_7b_prompt6_dialog1055,analytics,41.8,43.2,55.4,0.0,0.0,0.0,0.0,0.0,0.0,0.0
mistral,7.0B,1_Классификаторы_KNN_и_наивный_байес,Что такое манхэттенское расстояние?,prompt6,dialog1056,analytics_mistral_7b_prompt6_dialog1056,analytics,41.8,43.2,55.4,0.0,0.0,0.0,0.0,0.0,0.0,0.0
mistral,7.0B,1_Классификаторы_KNN_и_наивный_байес,Как вычислить вероятность класса в Naive Bayes?,prompt6,dialog1057,analytics_mistral_7b_prompt6_dialog1057,analytics,41.8,43.2,55.4,0.0,0.0,0.0,0.0,0.0,0.0,0.0
mistral,7.0B,1_Классификаторы_KNN_и_наивный_байес,Что такое расстояние Чебышёва?,prompt6,dialog1058,analytics_mistral_7b_prompt6_dialog1058,analytics,41.8,43.2,55.4,0.0,0.0,0.0,0.0,0.0,0.0,0.0
mistral,7.0B,1_Классификаторы_KNN_и_наивный_байес,Как классифицировать письмо как спам в Naive Bayes?,prompt6,dialog1059,analytics_mistral_7b_prompt6_dialog1059,analytics,41.8,43.2,55.4,0.0,0.0,0.0,0.0,0.0,0.0,0.0
mistral,7.0B,1_Классификаторы_KNN_и_наивный_байес,В чем разница между k-NN и взвешенным k-NN?,prompt6,dialog1060,analytics_mistral_7b_prompt6_dialog1060,analytics,41.8,43.2,55.4,0.0,0.0,0.0,0.0,0.0,0.0,0.0
mistral,7.0B,1_Классификаторы_KNN_и_наивный_байес,Вычисли вероятность спама для слова 'приз' из примера.,prompt6,dialog1061,analytics_mistral_7b_prompt6_dialog1061,analytics,41.8,43.2,55.4,0.0,0.0,0.0,0.0,0.0,0.0,0.0
mistral,7.0B,1_Классификаторы_KNN_и_наивный_байес,"Вычисли расстояние Евклида между (1,2) и (3,4).",prompt6,dialog1062,analytics_mistral_7b_prompt6_dialog1062,analytics,41.8,43.2,55.4,0.0,0.0,0.0,0.0,0.0,0.0,0.0
mistral,7.0B,1_Классификаторы_KNN_и_наивный_байес,"В примере с погодой, вычисли F(да) для теста.",prompt6,dialog1063,analytics_mistral_7b_prompt6_dialog1063,analytics,41.8,43.2,55.4,0.0,0.0,0.0,0.0,0.0,0.0,0.0
mistral,7.0B,1_Классификаторы_KNN_и_наивный_байес,"Вычисли P(да | пасмурно, холодно, влажно, да).",prompt6,dialog1064,analytics_mistral_7b_prompt6_dialog1064,analytics,41.8,43.2,55.4,0.0,0.0,0.0,0.0,0.0,0.0,0.0
mistral,7.0B,1_Классификаторы_KNN_и_наивный_байес,"В спам-примере, вычисли P(win|спам) с Laplace.",prompt6,dialog1065,analytics_mistral_7b_prompt6_dialog1065,analytics,41.8,43.2,55.4,0.0,0.0,0.0,0.0,0.0,0.0,0.0
mistral,7.0B,3. Инструменты обучения НС,Что такое autograd?,prompt6,dialog1066,analytics_mistral_7b_prompt6_dialog1066,analytics,41.8,43.2,55.4,0.0,0.0,0.0,0.0,0.0,0.0,0.0
mistral,7.0B,3. Инструменты обучения НС,Что такое TensorFlow?,prompt6,dialog1067,analytics_mistral_7b_prompt6_dialog1067,analytics,41.8,43.2,55.4,0.0,0.0,0.0,0.0,0.0,0.0,0.0
mistral,7.0B,3. Инструменты обучения НС,Что такое Keras?,prompt6,dialog1068,analytics_mistral_7b_prompt6_dialog1068,analytics,41.8,43.2,55.4,0.0,0.0,0.0,0.0,0.0,0.0,0.0
mistral,7.0B,3. Инструменты обучения НС,Что такое over-fitting?,prompt6,dialog1069,analytics_mistral_7b_prompt6_dialog1069,analytics,41.8,43.2,55.4,0.0,0.0,0.0,0.0,0.0,0.0,0.0
mistral,7.0B,3. Инструменты обучения НС,Что такое SGD?,prompt6,dialog1070,analytics_mistral_7b_prompt6_dialog1070,analytics,41.8,43.2,55.4,0.0,0.0,0.0,0.0,0.0,0.0,0.0
mistral,7.0B,3. Инструменты обучения НС,Что такое Momentum в оптимизации?,prompt6,dialog1071,analytics_mistral_7b_prompt6_dialog1071,analytics,41.8,43.2,55.4,0.0,0.0,0.0,0.0,0.0,0.0,0.0
mistral,7.0B,3. Инструменты обучения НС,Что такое Adam?,prompt6,dialog1072,analytics_mistral_7b_prompt6_dialog1072,analytics,41.8,43.2,55.4,0.0,0.0,0.0,0.0,0.0,0.0,0.0
mistral,7.0B,3. Инструменты обучения НС,Что такое learning rate?,prompt6,dialog1073,analytics_mistral_7b_prompt6_dialog1073,analytics,41.8,43.2,55.4,0.0,0.0,0.0,0.0,0.0,0.0,0.0
mistral,7.0B,3. Инструменты обучения НС,Что такое метод Ньютона?,prompt6,dialog1074,analytics_mistral_7b_prompt6_dialog1074,analytics,41.8,43.2,55.4,0.0,0.0,0.0,0.0,0.0,0.0,0.0
mistral,7.0B,3. Инструменты обучения НС,Что такое RMSProp?,prompt6,dialog1075,analytics_mistral_7b_prompt6_dialog1075,analytics,41.8,43.2,55.4,0.0,0.0,0.0,0.0,0.0,0.0,0.0
mistral,7.0B,3. Инструменты обучения НС,"Вычисли шаг в SGD для L(w)=w^2, w=3, η=0.1.",prompt6,dialog1076,analytics_mistral_7b_prompt6_dialog1076,analytics,41.8,43.2,55.4,0.0,0.0,0.0,0.0,0.0,0.0,0.0
mistral,7.0B,3. Инструменты обучения НС,"Вычисли v_t в Momentum: γ=0.9, v_{t-1}=1, ∇L=2, η=0.1.",prompt6,dialog1077,analytics_mistral_7b_prompt6_dialog1077,analytics,41.8,43.2,55.4,0.0,0.0,0.0,0.0,0.0,0.0,0.0
mistral,7.0B,3. Инструменты обучения НС,"В Adagrad, G_{t-1,ii}=4, g_t=2, η=0.1, ε=1e-8.",prompt6,dialog1078,analytics_mistral_7b_prompt6_dialog1078,analytics,41.8,43.2,55.4,0.0,0.0,0.0,0.0,0.0,0.0,0.0
mistral,7.0B,3. Инструменты обучения НС,"Вычисли learning rate decay: η0=0.1, t=5, T=10, linear.",prompt6,dialog1079,analytics_mistral_7b_prompt6_dialog1079,analytics,41.8,43.2,55.4,0.0,0.0,0.0,0.0,0.0,0.0,0.0
mistral,7.0B,3. Инструменты обучения НС,"В Nesterov, вычисли ∇ в ω - γ v_{t-1}: γ=0.9, v=1, ∇=2.",prompt6,dialog1080,analytics_mistral_7b_prompt6_dialog1080,analytics,41.8,43.2,55.4,0.0,0.0,0.0,0.0,0.0,0.0,0.0
mistral,7.0B,1_Классификаторы_KNN_и_наивный_байес,Что такое метод k-ближайших соседей?,prompt1,dialog0901,analytics_mistral_7b_prompt1_dialog0901,analytics,48.6,50.1,55.4,0.0,0.0,0.0,0.0,0.0,0.0,0.0
mistral,7.0B,1_Классификаторы_KNN_и_наивный_байес,Как выбрать количество соседей k в k-NN?,prompt1,dialog0902,analytics_mistral_7b_prompt1_dialog0902,analytics,48.6,50.1,55.4,0.0,0.0,0.0,0.0,0.0,0.0,0.0
mistral,7.0B,1_Классификаторы_KNN_и_наивный_байес,Что такое евклидова метрика?,prompt1,dialog0903,analytics_mistral_7b_prompt1_dialog0903,analytics,48.6,50.1,55.4,0.0,0.0,0.0,0.0,0.0,0.0,0.0
mistral,7.0B,1_Классификаторы_KNN_и_наивный_байес,В чем суть наивного байесовского классификатора?,prompt1,dialog0904,analytics_mistral_7b_prompt1_dialog0904,analytics,48.6,50.1,55.4,0.0,0.0,0.0,0.0,0.0,0.0,0.0
mistral,7.0B,1_Классификаторы_KNN_и_наивный_байес,Как работает сглаживание по Лапласу?,prompt1,dialog0905,analytics_mistral_7b_prompt1_dialog0905,analytics,48.6,50.1,55.4,0.0,0.0,0.0,0.0,0.0,0.0,0.0
mistral,7.0B,1_Классификаторы_KNN_и_наивный_байес,Что такое манхэттенское расстояние?,prompt1,dialog0906,analytics_mistral_7b_prompt1_dialog0906,analytics,48.6,50.1,55.4,0.0,0.0,0.0,0.0,0.0,0.0,0.0
mistral,7.0B,1_Классификаторы_KNN_и_наивный_байес,Как вычислить вероятность класса в Naive Bayes?,prompt1,dialog0907,analytics_mistral_7b_prompt1_dialog0907,analytics,48.6,50.1,55.4,0.0,0.0,0.0,0.0,0.0,0.0,0.0
mistral,7.0B,1_Классификаторы_KNN_и_наивный_байес,Что такое расстояние Чебышёва?,prompt1,dialog0908,analytics_mistral_7b_prompt1_dialog0908,analytics,48.6,50.1,55.4,0.0,0.0,0.0,0.0,0.0,0.0,0.0
mistral,7.0B,1_Классификаторы_KNN_и_наивный_байес,Как классифицировать письмо как спам в Naive Bayes?,prompt1,dialog0909,analytics_mistral_7b_prompt1_dialog0909,analytics,48.6,50.1,55.4,0.0,0.0,0.0,0.0,0.0,0.0,0.0
mistral,7.0B,1_Классификаторы_KNN_и_наивный_байес,В чем разница между k-NN и взвешенным k-NN?,prompt1,dialog0910,analytics_mistral_7b_prompt1_dialog0910,analytics,48.6,50.1,55.4,0.0,0.0,0.0,0.0,0.0,0.0,0.0
mistral,7.0B,1_Классификаторы_KNN_и_наивный_байес,Вычисли вероятность спама для слова 'приз' из примера.,prompt1,dialog0911,analytics_mistral_7b_prompt1_dialog0911,analytics,48.6,50.1,55.4,0.0,0.0,0.0,0.0,0.0,0.0,0.0
mistral,7.0B,1_Классификаторы_KNN_и_наивный_байес,"Вычисли расстояние Евклида между (1,2) и (3,4).",prompt1,dialog0912,analytics_mistral_7b_prompt1_dialog0912,analytics,48.6,50.1,55.4,0.0,0.0,0.0,0.0,0.0,0.0,0.0
mistral,7.0B,1_Классификаторы_KNN_и_наивный_байес,"В примере с погодой, вычисли F(да) для теста.",prompt1,dialog0913,analytics_mistral_7b_prompt1_dialog0913,analytics,48.6,50.1,55.4,0.0,0.0,0.0,0.0,0.0,0.0,0.0
mistral,7.0B,1_Классификаторы_KNN_и_наивный_байес,"Вычисли P(да | пасмурно, холодно, влажно, да).",prompt1,dialog0914,analytics_mistral_7b_prompt1_dialog0914,analytics,48.6,50.1,55.4,0.0,0.0,0.0,0.0,0.0,0.0,0.0
mistral,7.0B,1_Классификаторы_KNN_и_наивный_байес,"В спам-примере, вычисли P(win|спам) с Laplace.",prompt1,dialog0915,analytics_mistral_7b_prompt1_dialog0915,analytics,48.6,50.1,55.4,0.0,0.0,0.0,0.0,0.0,0.0,0.0
mistral,7.0B,3. Инструменты обучения НС,Что такое autograd?,prompt1,dialog0916,analytics_mistral_7b_prompt1_dialog0916,analytics,48.6,50.1,55.4,0.0,0.0,0.0,0.0,0.0,0.0,0.0
mistral,7.0B,3. Инструменты обучения НС,Что такое TensorFlow?,prompt1,dialog0917,analytics_mistral_7b_prompt1_dialog0917,analytics,48.6,50.1,55.4,0.0,0.0,0.0,0.0,0.0,0.0,0.0
mistral,7.0B,3. Инструменты обучения НС,Что такое Keras?,prompt1,dialog0918,analytics_mistral_7b_prompt1_dialog0918,analytics,48.6,50.1,55.4,0.0,0.0,0.0,0.0,0.0,0.0,0.0
mistral,7.0B,3. Инструменты обучения НС,Что такое over-fitting?,prompt1,dialog0919,analytics_mistral_7b_prompt1_dialog0919,analytics,48.6,50.1,55.4,0.0,0.0,0.0,0.0,0.0,0.0,0.0
mistral,7.0B,3. Инструменты обучения НС,Что такое SGD?,prompt1,dialog0920,analytics_mistral_7b_prompt1_dialog0920,analytics,48.6,50.1,55.4,0.0,0.0,0.0,0.0,0.0,0.0,0.0
mistral,7.0B,3. Инструменты обучения НС,Что такое Momentum в оптимизации?,prompt1,dialog0921,analytics_mistral_7b_prompt1_dialog0921,analytics,48.6,50.1,55.4,0.0,0.0,0.0,0.0,0.0,0.0,0.0
mistral,7.0B,3. Инструменты обучения НС,Что такое Adam?,prompt1,dialog0922,analytics_mistral_7b_prompt1_dialog0922,analytics,48.6,50.1,55.4,0.0,0.0,0.0,0.0,0.0,0.0,0.0
mistral,7.0B,3. Инструменты обучения НС,Что такое learning rate?,prompt1,dialog0923,analytics_mistral_7b_prompt1_dialog0923,analytics,48.6,50.1,55.4,0.0,0.0,0.0,0.0,0.0,0.0,0.0
mistral,7.0B,3. Инструменты обучения НС,Что такое метод Ньютона?,prompt1,dialog0924,analytics_mistral_7b_prompt1_dialog0924,analytics,48.6,50.1,55.4,0.0,0.0,0.0,0.0,0.0,0.0,0.0
mistral,7.0B,3. Инструменты обучения НС,Что такое RMSProp?,prompt1,dialog0925,analytics_mistral_7b_prompt1_dialog0925,analytics,48.6,50.1,55.4,0.0,0.0,0.0,0.0,0.0,0.0,0.0
mistral,7.0B,3. Инструменты обучения НС,"Вычисли шаг в SGD для L(w)=w^2, w=3, η=0.1.",prompt1,dialog0926,analytics_mistral_7b_prompt1_dialog0926,analytics,48.6,50.1,55.4,0.0,0.0,0.0,0.0,0.0,0.0,0.0
mistral,7.0B,3. Инструменты обучения НС,"Вычисли v_t в Momentum: γ=0.9, v_{t-1}=1, ∇L=2, η=0.1.",prompt1,dialog0927,analytics_mistral_7b_prompt1_dialog0927,analytics,48.6,50.1,55.4,0.0,0.0,0.0,0.0,0.0,0.0,0.0
mistral,7.0B,3. Инструменты обучения НС,"В Adagrad, G_{t-1,ii}=4, g_t=2, η=0.1, ε=1e-8.",prompt1,dialog0928,analytics_mistral_7b_prompt1_dialog0928,analytics,48.6,50.1,55.4,0.0,0.0,0.0,0.0,0.0,0.0,0.0
mistral,7.0B,3. Инструменты обучения НС,"Вычисли learning rate decay: η0=0.1, t=5, T=10, linear.",prompt1,dialog0929,analytics_mistral_7b_prompt1_dialog0929,analytics,48.6,50.1,55.4,0.0,0.0,0.0,0.0,0.0,0.0,0.0
mistral,7.0B,3. Инструменты обучения НС,"В Nesterov, вычисли ∇ в ω - γ v_{t-1}: γ=0.9, v=1, ∇=2.",prompt1,dialog0930,analytics_mistral_7b_prompt1_dialog0930,analytics,48.6,50.1,55.4,0.0,0.0,0.0,0.0,0.0,0.0,0.0
mistral,7.0B,1_Классификаторы_KNN_и_наивный_байес,Что такое метод k-ближайших соседей?,prompt8,dialog1111,analytics_mistral_7b_prompt8_dialog1111,analytics,39.3,42.7,55.9,0.0,0.0,0.0,0.0,0.0,0.0,0.0
mistral,7.0B,1_Классификаторы_KNN_и_наивный_байес,Как выбрать количество соседей k в k-NN?,prompt8,dialog1112,analytics_mistral_7b_prompt8_dialog1112,analytics,39.3,42.7,55.9,0.0,0.0,0.0,0.0,0.0,0.0,0.0
mistral,7.0B,1_Классификаторы_KNN_и_наивный_байес,Что такое евклидова метрика?,prompt8,dialog1113,analytics_mistral_7b_prompt8_dialog1113,analytics,39.3,42.7,55.9,0.0,0.0,0.0,0.0,0.0,0.0,0.0
mistral,7.0B,1_Классификаторы_KNN_и_наивный_байес,В чем суть наивного байесовского классификатора?,prompt8,dialog1114,analytics_mistral_7b_prompt8_dialog1114,analytics,39.3,42.7,55.9,0.0,0.0,0.0,0.0,0.0,0.0,0.0
mistral,7.0B,1_Классификаторы_KNN_и_наивный_байес,Как работает сглаживание по Лапласу?,prompt8,dialog1115,analytics_mistral_7b_prompt8_dialog1115,analytics,39.3,42.7,55.9,0.0,0.0,0.0,0.0,0.0,0.0,0.0
mistral,7.0B,1_Классификаторы_KNN_и_наивный_байес,Что такое манхэттенское расстояние?,prompt8,dialog1116,analytics_mistral_7b_prompt8_dialog1116,analytics,39.3,42.7,55.9,0.0,0.0,0.0,0.0,0.0,0.0,0.0
mistral,7.0B,1_Классификаторы_KNN_и_наивный_байес,Как вычислить вероятность класса в Naive Bayes?,prompt8,dialog1117,analytics_mistral_7b_prompt8_dialog1117,analytics,39.3,42.7,55.9,0.0,0.0,0.0,0.0,0.0,0.0,0.0
mistral,7.0B,1_Классификаторы_KNN_и_наивный_байес,Что такое расстояние Чебышёва?,prompt8,dialog1118,analytics_mistral_7b_prompt8_dialog1118,analytics,39.3,42.7,55.9,0.0,0.0,0.0,0.0,0.0,0.0,0.0
mistral,7.0B,1_Классификаторы_KNN_и_наивный_байес,Как классифицировать письмо как спам в Naive Bayes?,prompt8,dialog1119,analytics_mistral_7b_prompt8_dialog1119,analytics,39.3,42.7,55.9,0.0,0.0,0.0,0.0,0.0,0.0,0.0
mistral,7.0B,1_Классификаторы_KNN_и_наивный_байес,В чем разница между k-NN и взвешенным k-NN?,prompt8,dialog1120,analytics_mistral_7b_prompt8_dialog1120,analytics,39.3,42.7,55.9,0.0,0.0,0.0,0.0,0.0,0.0,0.0
mistral,7.0B,1_Классификаторы_KNN_и_наивный_байес,Вычисли вероятность спама для слова 'приз' из примера.,prompt8,dialog1121,analytics_mistral_7b_prompt8_dialog1121,analytics,39.3,42.7,55.9,0.0,0.0,0.0,0.0,0.0,0.0,0.0
mistral,7.0B,1_Классификаторы_KNN_и_наивный_байес,"Вычисли расстояние Евклида между (1,2) и (3,4).",prompt8,dialog1122,analytics_mistral_7b_prompt8_dialog1122,analytics,39.3,42.7,55.9,0.0,0.0,0.0,0.0,0.0,0.0,0.0
mistral,7.0B,1_Классификаторы_KNN_и_наивный_байес,"В примере с погодой, вычисли F(да) для теста.",prompt8,dialog1123,analytics_mistral_7b_prompt8_dialog1123,analytics,39.3,42.7,55.9,0.0,0.0,0.0,0.0,0.0,0.0,0.0
mistral,7.0B,1_Классификаторы_KNN_и_наивный_байес,"Вычисли P(да | пасмурно, холодно, влажно, да).",prompt8,dialog1124,analytics_mistral_7b_prompt8_dialog1124,analytics,39.3,42.7,55.9,0.0,0.0,0.0,0.0,0.0,0.0,0.0
mistral,7.0B,1_Классификаторы_KNN_и_наивный_байес,"В спам-примере, вычисли P(win|спам) с Laplace.",prompt8,dialog1125,analytics_mistral_7b_prompt8_dialog1125,analytics,39.3,42.7,55.9,0.0,0.0,0.0,0.0,0.0,0.0,0.0
mistral,7.0B,3. Инструменты обучения НС,Что такое autograd?,prompt8,dialog1126,analytics_mistral_7b_prompt8_dialog1126,analytics,39.3,42.7,55.9,0.0,0.0,0.0,0.0,0.0,0.0,0.0
mistral,7.0B,3. Инструменты обучения НС,Что такое TensorFlow?,prompt8,dialog1127,analytics_mistral_7b_prompt8_dialog1127,analytics,39.3,42.7,55.9,0.0,0.0,0.0,0.0,0.0,0.0,0.0
mistral,7.0B,3. Инструменты обучения НС,Что такое Keras?,prompt8,dialog1128,analytics_mistral_7b_prompt8_dialog1128,analytics,39.3,42.7,55.9,0.0,0.0,0.0,0.0,0.0,0.0,0.0
mistral,7.0B,3. Инструменты обучения НС,Что такое over-fitting?,prompt8,dialog1129,analytics_mistral_7b_prompt8_dialog1129,analytics,39.3,42.7,55.9,0.0,0.0,0.0,0.0,0.0,0.0,0.0
mistral,7.0B,3. Инструменты обучения НС,Что такое SGD?,prompt8,dialog1130,analytics_mistral_7b_prompt8_dialog1130,analytics,39.3,42.7,55.9,0.0,0.0,0.0,0.0,0.0,0.0,0.0
mistral,7.0B,3. Инструменты обучения НС,Что такое Momentum в оптимизации?,prompt8,dialog1131,analytics_mistral_7b_prompt8_dialog1131,analytics,39.3,42.7,55.9,0.0,0.0,0.0,0.0,0.0,0.0,0.0
mistral,7.0B,3. Инструменты обучения НС,Что такое Adam?,prompt8,dialog1132,analytics_mistral_7b_prompt8_dialog1132,analytics,39.3,42.7,55.9,0.0,0.0,0.0,0.0,0.0,0.0,0.0
mistral,7.0B,3. Инструменты обучения НС,Что такое learning rate?,prompt8,dialog1133,analytics_mistral_7b_prompt8_dialog1133,analytics,39.3,42.7,55.9,0.0,0.0,0.0,0.0,0.0,0.0,0.0
mistral,7.0B,3. Инструменты обучения НС,Что такое метод Ньютона?,prompt8,dialog1134,analytics_mistral_7b_prompt8_dialog1134,analytics,39.3,42.7,55.9,0.0,0.0,0.0,0.0,0.0,0.0,0.0
mistral,7.0B,3. Инструменты обучения НС,Что такое RMSProp?,prompt8,dialog1135,analytics_mistral_7b_prompt8_dialog1135,analytics,39.3,42.7,55.9,0.0,0.0,0.0,0.0,0.0,0.0,0.0
mistral,7.0B,3. Инструменты обучения НС,"Вычисли шаг в SGD для L(w)=w^2, w=3, η=0.1.",prompt8,dialog1136,analytics_mistral_7b_prompt8_dialog1136,analytics,39.3,42.7,55.9,0.0,0.0,0.0,0.0,0.0,0.0,0.0
mistral,7.0B,3. Инструменты обучения НС,"Вычисли v_t в Momentum: γ=0.9, v_{t-1}=1, ∇L=2, η=0.1.",prompt8,dialog1137,analytics_mistral_7b_prompt8_dialog1137,analytics,39.3,42.7,55.9,0.0,0.0,0.0,0.0,0.0,0.0,0.0
mistral,7.0B,3. Инструменты обучения НС,"В Adagrad, G_{t-1,ii}=4, g_t=2, η=0.1, ε=1e-8.",prompt8,dialog1138,analytics_mistral_7b_prompt8_dialog1138,analytics,39.3,42.7,55.9,0.0,0.0,0.0,0.0,0.0,0.0,0.0
mistral,7.0B,3. Инструменты обучения НС,"Вычисли learning rate decay: η0=0.1, t=5, T=10, linear.",prompt8,dialog1139,analytics_mistral_7b_prompt8_dialog1139,analytics,39.3,42.7,55.9,0.0,0.0,0.0,0.0,0.0,0.0,0.0
mistral,7.0B,3. Инструменты обучения НС,"В Nesterov, вычисли ∇ в ω - γ v_{t-1}: γ=0.9, v=1, ∇=2.",prompt8,dialog1140,analytics_mistral_7b_prompt8_dialog1140,analytics,39.3,42.7,55.9,0.0,0.0,0.0,0.0,0.0,0.0,0.0
mistral,7.0B,1_Классификаторы_KNN_и_наивный_байес,Что такое метод k-ближайших соседей?,prompt11,dialog1201,analytics_mistral_7b_prompt11_dialog1201,analytics,37.0,37.8,53.9,0.0,0.0,0.0,0.0,0.0,0.0,0.0
mistral,7.0B,1_Классификаторы_KNN_и_наивный_байес,Как выбрать количество соседей k в k-NN?,prompt11,dialog1202,analytics_mistral_7b_prompt11_dialog1202,analytics,37.0,37.8,53.9,0.0,0.0,0.0,0.0,0.0,0.0,0.0
mistral,7.0B,1_Классификаторы_KNN_и_наивный_байес,Что такое евклидова метрика?,prompt11,dialog1203,analytics_mistral_7b_prompt11_dialog1203,analytics,37.0,37.8,53.9,0.0,0.0,0.0,0.0,0.0,0.0,0.0
mistral,7.0B,1_Классификаторы_KNN_и_наивный_байес,В чем суть наивного байесовского классификатора?,prompt11,dialog1204,analytics_mistral_7b_prompt11_dialog1204,analytics,37.0,37.8,53.9,0.0,0.0,0.0,0.0,0.0,0.0,0.0
mistral,7.0B,1_Классификаторы_KNN_и_наивный_байес,Как работает сглаживание по Лапласу?,prompt11,dialog1205,analytics_mistral_7b_prompt11_dialog1205,analytics,37.0,37.8,53.9,0.0,0.0,0.0,0.0,0.0,0.0,0.0
mistral,7.0B,1_Классификаторы_KNN_и_наивный_байес,Что такое манхэттенское расстояние?,prompt11,dialog1206,analytics_mistral_7b_prompt11_dialog1206,analytics,37.0,37.8,53.9,0.0,0.0,0.0,0.0,0.0,0.0,0.0
mistral,7.0B,1_Классификаторы_KNN_и_наивный_байес,Как вычислить вероятность класса в Naive Bayes?,prompt11,dialog1207,analytics_mistral_7b_prompt11_dialog1207,analytics,37.0,37.8,53.9,0.0,0.0,0.0,0.0,0.0,0.0,0.0
mistral,7.0B,1_Классификаторы_KNN_и_наивный_байес,Что такое расстояние Чебышёва?,prompt11,dialog1208,analytics_mistral_7b_prompt11_dialog1208,analytics,37.0,37.8,53.9,0.0,0.0,0.0,0.0,0.0,0.0,0.0
mistral,7.0B,1_Классификаторы_KNN_и_наивный_байес,Как классифицировать письмо как спам в Naive Bayes?,prompt11,dialog1209,analytics_mistral_7b_prompt11_dialog1209,analytics,37.0,37.8,53.9,0.0,0.0,0.0,0.0,0.0,0.0,0.0
mistral,7.0B,1_Классификаторы_KNN_и_наивный_байес,В чем разница между k-NN и взвешенным k-NN?,prompt11,dialog1210,analytics_mistral_7b_prompt11_dialog1210,analytics,37.0,37.8,53.9,0.0,0.0,0.0,0.0,0.0,0.0,0.0
mistral,7.0B,1_Классификаторы_KNN_и_наивный_байес,Вычисли вероятность спама для слова 'приз' из примера.,prompt11,dialog1211,analytics_mistral_7b_prompt11_dialog1211,analytics,37.0,37.8,53.9,0.0,0.0,0.0,0.0,0.0,0.0,0.0
mistral,7.0B,1_Классификаторы_KNN_и_наивный_байес,"Вычисли расстояние Евклида между (1,2) и (3,4).",prompt11,dialog1212,analytics_mistral_7b_prompt11_dialog1212,analytics,37.0,37.8,53.9,0.0,0.0,0.0,0.0,0.0,0.0,0.0
mistral,7.0B,1_Классификаторы_KNN_и_наивный_байес,"В примере с погодой, вычисли F(да) для теста.",prompt11,dialog1213,analytics_mistral_7b_prompt11_dialog1213,analytics,37.0,37.8,53.9,0.0,0.0,0.0,0.0,0.0,0.0,0.0
mistral,7.0B,1_Классификаторы_KNN_и_наивный_байес,"Вычисли P(да | пасмурно, холодно, влажно, да).",prompt11,dialog1214,analytics_mistral_7b_prompt11_dialog1214,analytics,37.0,37.8,53.9,0.0,0.0,0.0,0.0,0.0,0.0,0.0
mistral,7.0B,1_Классификаторы_KNN_и_наивный_байес,"В спам-примере, вычисли P(win|спам) с Laplace.",prompt11,dialog1215,analytics_mistral_7b_prompt11_dialog1215,analytics,37.0,37.8,53.9,0.0,0.0,0.0,0.0,0.0,0.0,0.0
mistral,7.0B,3. Инструменты обучения НС,Что такое autograd?,prompt11,dialog1216,analytics_mistral_7b_prompt11_dialog1216,analytics,37.0,37.8,53.9,0.0,0.0,0.0,0.0,0.0,0.0,0.0
mistral,7.0B,3. Инструменты обучения НС,Что такое TensorFlow?,prompt11,dialog1217,analytics_mistral_7b_prompt11_dialog1217,analytics,37.0,37.8,53.9,0.0,0.0,0.0,0.0,0.0,0.0,0.0
mistral,7.0B,3. Инструменты обучения НС,Что такое Keras?,prompt11,dialog1218,analytics_mistral_7b_prompt11_dialog1218,analytics,37.0,37.8,53.9,0.0,0.0,0.0,0.0,0.0,0.0,0.0
mistral,7.0B,3. Инструменты обучения НС,Что такое over-fitting?,prompt11,dialog1219,analytics_mistral_7b_prompt11_dialog1219,analytics,37.0,37.8,53.9,0.0,0.0,0.0,0.0,0.0,0.0,0.0
mistral,7.0B,3. Инструменты обучения НС,Что такое SGD?,prompt11,dialog1220,analytics_mistral_7b_prompt11_dialog1220,analytics,37.0,37.8,53.9,0.0,0.0,0.0,0.0,0.0,0.0,0.0
mistral,7.0B,3. Инструменты обучения НС,Что такое Momentum в оптимизации?,prompt11,dialog1221,analytics_mistral_7b_prompt11_dialog1221,analytics,37.0,37.8,53.9,0.0,0.0,0.0,0.0,0.0,0.0,0.0
mistral,7.0B,3. Инструменты обучения НС,Что такое Adam?,prompt11,dialog1222,analytics_mistral_7b_prompt11_dialog1222,analytics,37.0,37.8,53.9,0.0,0.0,0.0,0.0,0.0,0.0,0.0
mistral,7.0B,3. Инструменты обучения НС,Что такое learning rate?,prompt11,dialog1223,analytics_mistral_7b_prompt11_dialog1223,analytics,37.0,37.8,53.9,0.0,0.0,0.0,0.0,0.0,0.0,0.0
mistral,7.0B,3. Инструменты обучения НС,Что такое метод Ньютона?,prompt11,dialog1224,analytics_mistral_7b_prompt11_dialog1224,analytics,37.0,37.8,53.9,0.0,0.0,0.0,0.0,0.0,0.0,0.0
mistral,7.0B,3. Инструменты обучения НС,Что такое RMSProp?,prompt11,dialog1225,analytics_mistral_7b_prompt11_dialog1225,analytics,37.0,37.8,53.9,0.0,0.0,0.0,0.0,0.0,0.0,0.0
mistral,7.0B,3. Инструменты обучения НС,"Вычисли шаг в SGD для L(w)=w^2, w=3, η=0.1.",prompt11,dialog1226,analytics_mistral_7b_prompt11_dialog1226,analytics,37.0,37.8,53.9,0.0,0.0,0.0,0.0,0.0,0.0,0.0
mistral,7.0B,3. Инструменты обучения НС,"Вычисли v_t в Momentum: γ=0.9, v_{t-1}=1, ∇L=2, η=0.1.",prompt11,dialog1227,analytics_mistral_7b_prompt11_dialog1227,analytics,37.0,37.8,53.9,0.0,0.0,0.0,0.0,0.0,0.0,0.0
mistral,7.0B,3. Инструменты обучения НС,"В Adagrad, G_{t-1,ii}=4, g_t=2, η=0.1, ε=1e-8.",prompt11,dialog1228,analytics_mistral_7b_prompt11_dialog1228,analytics,37.0,37.8,53.9,0.0,0.0,0.0,0.0,0.0,0.0,0.0
mistral,7.0B,3. Инструменты обучения НС,"Вычисли learning rate decay: η0=0.1, t=5, T=10, linear.",prompt11,dialog1229,analytics_mistral_7b_prompt11_dialog1229,analytics,37.0,37.8,53.9,0.0,0.0,0.0,0.0,0.0,0.0,0.0
mistral,7.0B,3. Инструменты обучения НС,"В Nesterov, вычисли ∇ в ω - γ v_{t-1}: γ=0.9, v=1, ∇=2.",prompt11,dialog1230,analytics_mistral_7b_prompt11_dialog1230,analytics,37.0,37.8,53.9,0.0,0.0,0.0,0.0,0.0,0.0,0.0
gemma3,4.3B,5._Рекуррентные_НС,"Зачем нужны рекуррентные нейронные сети, если существуют полносвязные и сверточные?",prompt14,dialog0196,2-file_gemma3_4b_prompt14_dialog0196,2-file,50.1,44.2,65.5,0.0,0.0,0.0,0.0,0.0,0.0,0.0
gemma3,4.3B,5._Рекуррентные_НС,Что такое скрытое состояние в RNN?,prompt14,dialog0197,2-file_gemma3_4b_prompt14_dialog0197,2-file,50.1,44.2,65.5,0.0,0.0,0.0,0.0,0.0,0.0,0.0
gemma3,4.3B,5._Рекуррентные_НС,Какие типы входов и выходов встречаются в задачах RNN?,prompt14,dialog0198,2-file_gemma3_4b_prompt14_dialog0198,2-file,50.1,44.2,65.5,0.0,0.0,0.0,0.0,0.0,0.0,0.0
gemma3,4.3B,5._Рекуррентные_НС,В чем отличие Simple RNN от глубоких RNN?,prompt14,dialog0199,2-file_gemma3_4b_prompt14_dialog0199,2-file,50.1,44.2,65.5,0.0,0.0,0.0,0.0,0.0,0.0,0.0
gemma3,4.3B,5._Рекуррентные_НС,Что такое двунаправленные RNN и зачем они нужны?,prompt14,dialog0200,2-file_gemma3_4b_prompt14_dialog0200,2-file,50.1,44.2,65.5,0.0,0.0,0.0,0.0,0.0,0.0,0.0
gemma3,4.3B,5._Рекуррентные_НС,Как LSTM решает проблему затухающих градиентов?,prompt14,dialog0201,2-file_gemma3_4b_prompt14_dialog0201,2-file,50.1,44.2,65.5,0.0,0.0,0.0,0.0,0.0,0.0,0.0
gemma3,4.3B,5._Рекуррентные_НС,Какие компоненты включает стандартная LSTM ячейка?,prompt14,dialog0202,2-file_gemma3_4b_prompt14_dialog0202,2-file,50.1,44.2,65.5,0.0,0.0,0.0,0.0,0.0,0.0,0.0
gemma3,4.3B,5._Рекуррентные_НС,Чем GRU отличается от LSTM?,prompt14,dialog0203,2-file_gemma3_4b_prompt14_dialog0203,2-file,50.1,44.2,65.5,0.0,0.0,0.0,0.0,0.0,0.0,0.0
gemma3,4.3B,5._Рекуррентные_НС,Зачем нужны замочные скважины (peepholes) в LSTM?,prompt14,dialog0204,2-file_gemma3_4b_prompt14_dialog0204,2-file,50.1,44.2,65.5,0.0,0.0,0.0,0.0,0.0,0.0,0.0
gemma3,4.3B,5._Рекуррентные_НС,Почему нормализация по мини-батчам важна для обучения RNN?,prompt14,dialog0205,2-file_gemma3_4b_prompt14_dialog0205,2-file,50.1,44.2,65.5,0.0,0.0,0.0,0.0,0.0,0.0,0.0
gemma3,4.3B,5._Рекуррентные_НС,В чем трудность применения обычной batch normalization к RNN?,prompt14,dialog0206,2-file_gemma3_4b_prompt14_dialog0206,2-file,50.1,44.2,65.5,0.0,0.0,0.0,0.0,0.0,0.0,0.0
gemma3,4.3B,5._Рекуррентные_НС,Как работает механизм внимания (Attention)?,prompt14,dialog0207,2-file_gemma3_4b_prompt14_dialog0207,2-file,50.1,44.2,65.5,0.0,0.0,0.0,0.0,0.0,0.0,0.0
gemma3,4.3B,5._Рекуррентные_НС,Почему внимание важно в задачах машинного перевода?,prompt14,dialog0208,2-file_gemma3_4b_prompt14_dialog0208,2-file,50.1,44.2,65.5,0.0,0.0,0.0,0.0,0.0,0.0,0.0
gemma3,4.3B,5._Рекуррентные_НС,"Чем Show, Attend and Tell отличается от обычного RNN для обработки изображений?",prompt14,dialog0209,2-file_gemma3_4b_prompt14_dialog0209,2-file,50.1,44.2,65.5,0.0,0.0,0.0,0.0,0.0,0.0,0.0
gemma3,4.3B,5._Рекуррентные_НС,Можно ли автоматически подбирать архитектуру рекуррентной ячейки?,prompt14,dialog0210,2-file_gemma3_4b_prompt14_dialog0210,2-file,50.1,44.2,65.5,0.0,0.0,0.0,0.0,0.0,0.0,0.0
gemma3,4.3B,5._Рекуррентные_НС,"Зачем нужны рекуррентные нейронные сети, если существуют полносвязные и сверточные?",prompt13,dialog0181,2-file_gemma3_4b_prompt13_dialog0181,2-file,45.6,37.5,67.4,0.0,0.0,0.0,0.0,0.0,0.0,0.0
gemma3,4.3B,5._Рекуррентные_НС,Что такое скрытое состояние в RNN?,prompt13,dialog0182,2-file_gemma3_4b_prompt13_dialog0182,2-file,45.6,37.5,67.4,0.0,0.0,0.0,0.0,0.0,0.0,0.0
gemma3,4.3B,5._Рекуррентные_НС,Какие типы входов и выходов встречаются в задачах RNN?,prompt13,dialog0183,2-file_gemma3_4b_prompt13_dialog0183,2-file,45.6,37.5,67.4,0.0,0.0,0.0,0.0,0.0,0.0,0.0
gemma3,4.3B,5._Рекуррентные_НС,В чем отличие Simple RNN от глубоких RNN?,prompt13,dialog0184,2-file_gemma3_4b_prompt13_dialog0184,2-file,45.6,37.5,67.4,0.0,0.0,0.0,0.0,0.0,0.0,0.0
gemma3,4.3B,5._Рекуррентные_НС,Что такое двунаправленные RNN и зачем они нужны?,prompt13,dialog0185,2-file_gemma3_4b_prompt13_dialog0185,2-file,45.6,37.5,67.4,0.0,0.0,0.0,0.0,0.0,0.0,0.0
gemma3,4.3B,5._Рекуррентные_НС,Как LSTM решает проблему затухающих градиентов?,prompt13,dialog0186,2-file_gemma3_4b_prompt13_dialog0186,2-file,45.6,37.5,67.4,0.0,0.0,0.0,0.0,0.0,0.0,0.0
gemma3,4.3B,5._Рекуррентные_НС,Какие компоненты включает стандартная LSTM ячейка?,prompt13,dialog0187,2-file_gemma3_4b_prompt13_dialog0187,2-file,45.6,37.5,67.4,0.0,0.0,0.0,0.0,0.0,0.0,0.0
gemma3,4.3B,5._Рекуррентные_НС,Чем GRU отличается от LSTM?,prompt13,dialog0188,2-file_gemma3_4b_prompt13_dialog0188,2-file,45.6,37.5,67.4,0.0,0.0,0.0,0.0,0.0,0.0,0.0
gemma3,4.3B,5._Рекуррентные_НС,Зачем нужны замочные скважины (peepholes) в LSTM?,prompt13,dialog0189,2-file_gemma3_4b_prompt13_dialog0189,2-file,45.6,37.5,67.4,0.0,0.0,0.0,0.0,0.0,0.0,0.0
gemma3,4.3B,5._Рекуррентные_НС,Почему нормализация по мини-батчам важна для обучения RNN?,prompt13,dialog0190,2-file_gemma3_4b_prompt13_dialog0190,2-file,45.6,37.5,67.4,0.0,0.0,0.0,0.0,0.0,0.0,0.0
gemma3,4.3B,5._Рекуррентные_НС,В чем трудность применения обычной batch normalization к RNN?,prompt13,dialog0191,2-file_gemma3_4b_prompt13_dialog0191,2-file,45.6,37.5,67.4,0.0,0.0,0.0,0.0,0.0,0.0,0.0
gemma3,4.3B,5._Рекуррентные_НС,Как работает механизм внимания (Attention)?,prompt13,dialog0192,2-file_gemma3_4b_prompt13_dialog0192,2-file,45.6,37.5,67.4,0.0,0.0,0.0,0.0,0.0,0.0,0.0
gemma3,4.3B,5._Рекуррентные_НС,Почему внимание важно в задачах машинного перевода?,prompt13,dialog0193,2-file_gemma3_4b_prompt13_dialog0193,2-file,45.6,37.5,67.4,0.0,0.0,0.0,0.0,0.0,0.0,0.0
gemma3,4.3B,5._Рекуррентные_НС,"Чем Show, Attend and Tell отличается от обычного RNN для обработки изображений?",prompt13,dialog0194,2-file_gemma3_4b_prompt13_dialog0194,2-file,45.6,37.5,67.4,0.0,0.0,0.0,0.0,0.0,0.0,0.0
gemma3,4.3B,5._Рекуррентные_НС,Можно ли автоматически подбирать архитектуру рекуррентной ячейки?,prompt13,dialog0195,2-file_gemma3_4b_prompt13_dialog0195,2-file,45.6,37.5,67.4,0.0,0.0,0.0,0.0,0.0,0.0,0.0
gemma3,4.3B,5._Рекуррентные_НС,"Зачем нужны рекуррентные нейронные сети, если существуют полносвязные и сверточные?",prompt4,dialog0046,2-file_gemma3_4b_prompt4_dialog0046,2-file,53.5,47.6,68.3,0.0,0.0,0.0,0.0,0.0,0.0,0.0
gemma3,4.3B,5._Рекуррентные_НС,Что такое скрытое состояние в RNN?,prompt4,dialog0047,2-file_gemma3_4b_prompt4_dialog0047,2-file,53.5,47.6,68.3,0.0,0.0,0.0,0.0,0.0,0.0,0.0
gemma3,4.3B,5._Рекуррентные_НС,Какие типы входов и выходов встречаются в задачах RNN?,prompt4,dialog0048,2-file_gemma3_4b_prompt4_dialog0048,2-file,53.5,47.6,68.3,0.0,0.0,0.0,0.0,0.0,0.0,0.0
gemma3,4.3B,5._Рекуррентные_НС,В чем отличие Simple RNN от глубоких RNN?,prompt4,dialog0049,2-file_gemma3_4b_prompt4_dialog0049,2-file,53.5,47.6,68.3,0.0,0.0,0.0,0.0,0.0,0.0,0.0
gemma3,4.3B,5._Рекуррентные_НС,Что такое двунаправленные RNN и зачем они нужны?,prompt4,dialog0050,2-file_gemma3_4b_prompt4_dialog0050,2-file,53.5,47.6,68.3,0.0,0.0,0.0,0.0,0.0,0.0,0.0
gemma3,4.3B,5._Рекуррентные_НС,Как LSTM решает проблему затухающих градиентов?,prompt4,dialog0051,2-file_gemma3_4b_prompt4_dialog0051,2-file,53.5,47.6,68.3,0.0,0.0,0.0,0.0,0.0,0.0,0.0
gemma3,4.3B,5._Рекуррентные_НС,Какие компоненты включает стандартная LSTM ячейка?,prompt4,dialog0052,2-file_gemma3_4b_prompt4_dialog0052,2-file,53.5,47.6,68.3,0.0,0.0,0.0,0.0,0.0,0.0,0.0
gemma3,4.3B,5._Рекуррентные_НС,Чем GRU отличается от LSTM?,prompt4,dialog0053,2-file_gemma3_4b_prompt4_dialog0053,2-file,53.5,47.6,68.3,0.0,0.0,0.0,0.0,0.0,0.0,0.0
gemma3,4.3B,5._Рекуррентные_НС,Зачем нужны замочные скважины (peepholes) в LSTM?,prompt4,dialog0054,2-file_gemma3_4b_prompt4_dialog0054,2-file,53.5,47.6,68.3,0.0,0.0,0.0,0.0,0.0,0.0,0.0
gemma3,4.3B,5._Рекуррентные_НС,Почему нормализация по мини-батчам важна для обучения RNN?,prompt4,dialog0055,2-file_gemma3_4b_prompt4_dialog0055,2-file,53.5,47.6,68.3,0.0,0.0,0.0,0.0,0.0,0.0,0.0
gemma3,4.3B,5._Рекуррентные_НС,В чем трудность применения обычной batch normalization к RNN?,prompt4,dialog0056,2-file_gemma3_4b_prompt4_dialog0056,2-file,53.5,47.6,68.3,0.0,0.0,0.0,0.0,0.0,0.0,0.0
gemma3,4.3B,5._Рекуррентные_НС,Как работает механизм внимания (Attention)?,prompt4,dialog0057,2-file_gemma3_4b_prompt4_dialog0057,2-file,53.5,47.6,68.3,0.0,0.0,0.0,0.0,0.0,0.0,0.0
gemma3,4.3B,5._Рекуррентные_НС,Почему внимание важно в задачах машинного перевода?,prompt4,dialog0058,2-file_gemma3_4b_prompt4_dialog0058,2-file,53.5,47.6,68.3,0.0,0.0,0.0,0.0,0.0,0.0,0.0
gemma3,4.3B,5._Рекуррентные_НС,"Чем Show, Attend and Tell отличается от обычного RNN для обработки изображений?",prompt4,dialog0059,2-file_gemma3_4b_prompt4_dialog0059,2-file,53.5,47.6,68.3,0.0,0.0,0.0,0.0,0.0,0.0,0.0
gemma3,4.3B,5._Рекуррентные_НС,Можно ли автоматически подбирать архитектуру рекуррентной ячейки?,prompt4,dialog0060,2-file_gemma3_4b_prompt4_dialog0060,2-file,53.5,47.6,68.3,0.0,0.0,0.0,0.0,0.0,0.0,0.0
gemma3,4.3B,5._Рекуррентные_НС,"Зачем нужны рекуррентные нейронные сети, если существуют полносвязные и сверточные?",prompt4,dialog0271,2-file_gemma3_4b_prompt4_dialog0271,2-file,53.5,47.6,68.3,0.0,0.0,0.0,0.0,0.0,0.0,0.0
gemma3,4.3B,5._Рекуррентные_НС,Что такое скрытое состояние в RNN?,prompt4,dialog0272,2-file_gemma3_4b_prompt4_dialog0272,2-file,53.5,47.6,68.3,0.0,0.0,0.0,0.0,0.0,0.0,0.0
gemma3,4.3B,5._Рекуррентные_НС,Какие типы входов и выходов встречаются в задачах RNN?,prompt4,dialog0273,2-file_gemma3_4b_prompt4_dialog0273,2-file,53.5,47.6,68.3,0.0,0.0,0.0,0.0,0.0,0.0,0.0
gemma3,4.3B,5._Рекуррентные_НС,В чем отличие Simple RNN от глубоких RNN?,prompt4,dialog0274,2-file_gemma3_4b_prompt4_dialog0274,2-file,53.5,47.6,68.3,0.0,0.0,0.0,0.0,0.0,0.0,0.0
gemma3,4.3B,5._Рекуррентные_НС,Что такое двунаправленные RNN и зачем они нужны?,prompt4,dialog0275,2-file_gemma3_4b_prompt4_dialog0275,2-file,53.5,47.6,68.3,0.0,0.0,0.0,0.0,0.0,0.0,0.0
gemma3,4.3B,5._Рекуррентные_НС,Как LSTM решает проблему затухающих градиентов?,prompt4,dialog0276,2-file_gemma3_4b_prompt4_dialog0276,2-file,53.5,47.6,68.3,0.0,0.0,0.0,0.0,0.0,0.0,0.0
gemma3,4.3B,5._Рекуррентные_НС,Какие компоненты включает стандартная LSTM ячейка?,prompt4,dialog0277,2-file_gemma3_4b_prompt4_dialog0277,2-file,53.5,47.6,68.3,0.0,0.0,0.0,0.0,0.0,0.0,0.0
gemma3,4.3B,5._Рекуррентные_НС,Чем GRU отличается от LSTM?,prompt4,dialog0278,2-file_gemma3_4b_prompt4_dialog0278,2-file,53.5,47.6,68.3,0.0,0.0,0.0,0.0,0.0,0.0,0.0
gemma3,4.3B,5._Рекуррентные_НС,Зачем нужны замочные скважины (peepholes) в LSTM?,prompt4,dialog0279,2-file_gemma3_4b_prompt4_dialog0279,2-file,53.5,47.6,68.3,0.0,0.0,0.0,0.0,0.0,0.0,0.0
gemma3,4.3B,5._Рекуррентные_НС,Почему нормализация по мини-батчам важна для обучения RNN?,prompt4,dialog0280,2-file_gemma3_4b_prompt4_dialog0280,2-file,53.5,47.6,68.3,0.0,0.0,0.0,0.0,0.0,0.0,0.0
gemma3,4.3B,5._Рекуррентные_НС,В чем трудность применения обычной batch normalization к RNN?,prompt4,dialog0281,2-file_gemma3_4b_prompt4_dialog0281,2-file,53.5,47.6,68.3,0.0,0.0,0.0,0.0,0.0,0.0,0.0
gemma3,4.3B,5._Рекуррентные_НС,Как работает механизм внимания (Attention)?,prompt4,dialog0282,2-file_gemma3_4b_prompt4_dialog0282,2-file,53.5,47.6,68.3,0.0,0.0,0.0,0.0,0.0,0.0,0.0
gemma3,4.3B,5._Рекуррентные_НС,Почему внимание важно в задачах машинного перевода?,prompt4,dialog0283,2-file_gemma3_4b_prompt4_dialog0283,2-file,53.5,47.6,68.3,0.0,0.0,0.0,0.0,0.0,0.0,0.0
gemma3,4.3B,5._Рекуррентные_НС,"Чем Show, Attend and Tell отличается от обычного RNN для обработки изображений?",prompt4,dialog0284,2-file_gemma3_4b_prompt4_dialog0284,2-file,53.5,47.6,68.3,0.0,0.0,0.0,0.0,0.0,0.0,0.0
gemma3,4.3B,5._Рекуррентные_НС,Можно ли автоматически подбирать архитектуру рекуррентной ячейки?,prompt4,dialog0285,2-file_gemma3_4b_prompt4_dialog0285,2-file,53.5,47.6,68.3,0.0,0.0,0.0,0.0,0.0,0.0,0.0
gemma3,4.3B,5._Рекуррентные_НС,"Зачем нужны рекуррентные нейронные сети, если существуют полносвязные и сверточные?",prompt3,dialog0031,2-file_gemma3_4b_prompt3_dialog0031,2-file,45.2,38.0,63.1,0.0,0.0,0.0,0.0,0.0,0.0,0.0
gemma3,4.3B,5._Рекуррентные_НС,Что такое скрытое состояние в RNN?,prompt3,dialog0032,2-file_gemma3_4b_prompt3_dialog0032,2-file,45.2,38.0,63.1,0.0,0.0,0.0,0.0,0.0,0.0,0.0
gemma3,4.3B,5._Рекуррентные_НС,Какие типы входов и выходов встречаются в задачах RNN?,prompt3,dialog0033,2-file_gemma3_4b_prompt3_dialog0033,2-file,45.2,38.0,63.1,0.0,0.0,0.0,0.0,0.0,0.0,0.0
gemma3,4.3B,5._Рекуррентные_НС,В чем отличие Simple RNN от глубоких RNN?,prompt3,dialog0034,2-file_gemma3_4b_prompt3_dialog0034,2-file,45.2,38.0,63.1,0.0,0.0,0.0,0.0,0.0,0.0,0.0
gemma3,4.3B,5._Рекуррентные_НС,Что такое двунаправленные RNN и зачем они нужны?,prompt3,dialog0035,2-file_gemma3_4b_prompt3_dialog0035,2-file,45.2,38.0,63.1,0.0,0.0,0.0,0.0,0.0,0.0,0.0
gemma3,4.3B,5._Рекуррентные_НС,Как LSTM решает проблему затухающих градиентов?,prompt3,dialog0036,2-file_gemma3_4b_prompt3_dialog0036,2-file,45.2,38.0,63.1,0.0,0.0,0.0,0.0,0.0,0.0,0.0
gemma3,4.3B,5._Рекуррентные_НС,Какие компоненты включает стандартная LSTM ячейка?,prompt3,dialog0037,2-file_gemma3_4b_prompt3_dialog0037,2-file,45.2,38.0,63.1,0.0,0.0,0.0,0.0,0.0,0.0,0.0
gemma3,4.3B,5._Рекуррентные_НС,Чем GRU отличается от LSTM?,prompt3,dialog0038,2-file_gemma3_4b_prompt3_dialog0038,2-file,45.2,38.0,63.1,0.0,0.0,0.0,0.0,0.0,0.0,0.0
gemma3,4.3B,5._Рекуррентные_НС,Зачем нужны замочные скважины (peepholes) в LSTM?,prompt3,dialog0039,2-file_gemma3_4b_prompt3_dialog0039,2-file,45.2,38.0,63.1,0.0,0.0,0.0,0.0,0.0,0.0,0.0
gemma3,4.3B,5._Рекуррентные_НС,Почему нормализация по мини-батчам важна для обучения RNN?,prompt3,dialog0040,2-file_gemma3_4b_prompt3_dialog0040,2-file,45.2,38.0,63.1,0.0,0.0,0.0,0.0,0.0,0.0,0.0
gemma3,4.3B,5._Рекуррентные_НС,В чем трудность применения обычной batch normalization к RNN?,prompt3,dialog0041,2-file_gemma3_4b_prompt3_dialog0041,2-file,45.2,38.0,63.1,0.0,0.0,0.0,0.0,0.0,0.0,0.0
gemma3,4.3B,5._Рекуррентные_НС,Как работает механизм внимания (Attention)?,prompt3,dialog0042,2-file_gemma3_4b_prompt3_dialog0042,2-file,45.2,38.0,63.1,0.0,0.0,0.0,0.0,0.0,0.0,0.0
gemma3,4.3B,5._Рекуррентные_НС,Почему внимание важно в задачах машинного перевода?,prompt3,dialog0043,2-file_gemma3_4b_prompt3_dialog0043,2-file,45.2,38.0,63.1,0.0,0.0,0.0,0.0,0.0,0.0,0.0
gemma3,4.3B,5._Рекуррентные_НС,"Чем Show, Attend and Tell отличается от обычного RNN для обработки изображений?",prompt3,dialog0044,2-file_gemma3_4b_prompt3_dialog0044,2-file,45.2,38.0,63.1,0.0,0.0,0.0,0.0,0.0,0.0,0.0
gemma3,4.3B,5._Рекуррентные_НС,Можно ли автоматически подбирать архитектуру рекуррентной ячейки?,prompt3,dialog0045,2-file_gemma3_4b_prompt3_dialog0045,2-file,45.2,38.0,63.1,0.0,0.0,0.0,0.0,0.0,0.0,0.0
gemma3,4.3B,5._Рекуррентные_НС,"Зачем нужны рекуррентные нейронные сети, если существуют полносвязные и сверточные?",prompt3,dialog0256,2-file_gemma3_4b_prompt3_dialog0256,2-file,45.2,38.0,63.1,0.0,0.0,0.0,0.0,0.0,0.0,0.0
gemma3,4.3B,5._Рекуррентные_НС,Что такое скрытое состояние в RNN?,prompt3,dialog0257,2-file_gemma3_4b_prompt3_dialog0257,2-file,45.2,38.0,63.1,0.0,0.0,0.0,0.0,0.0,0.0,0.0
gemma3,4.3B,5._Рекуррентные_НС,Какие типы входов и выходов встречаются в задачах RNN?,prompt3,dialog0258,2-file_gemma3_4b_prompt3_dialog0258,2-file,45.2,38.0,63.1,0.0,0.0,0.0,0.0,0.0,0.0,0.0
gemma3,4.3B,5._Рекуррентные_НС,В чем отличие Simple RNN от глубоких RNN?,prompt3,dialog0259,2-file_gemma3_4b_prompt3_dialog0259,2-file,45.2,38.0,63.1,0.0,0.0,0.0,0.0,0.0,0.0,0.0
gemma3,4.3B,5._Рекуррентные_НС,Что такое двунаправленные RNN и зачем они нужны?,prompt3,dialog0260,2-file_gemma3_4b_prompt3_dialog0260,2-file,45.2,38.0,63.1,0.0,0.0,0.0,0.0,0.0,0.0,0.0
gemma3,4.3B,5._Рекуррентные_НС,Как LSTM решает проблему затухающих градиентов?,prompt3,dialog0261,2-file_gemma3_4b_prompt3_dialog0261,2-file,45.2,38.0,63.1,0.0,0.0,0.0,0.0,0.0,0.0,0.0
gemma3,4.3B,5._Рекуррентные_НС,Какие компоненты включает стандартная LSTM ячейка?,prompt3,dialog0262,2-file_gemma3_4b_prompt3_dialog0262,2-file,45.2,38.0,63.1,0.0,0.0,0.0,0.0,0.0,0.0,0.0
gemma3,4.3B,5._Рекуррентные_НС,Чем GRU отличается от LSTM?,prompt3,dialog0263,2-file_gemma3_4b_prompt3_dialog0263,2-file,45.2,38.0,63.1,0.0,0.0,0.0,0.0,0.0,0.0,0.0
gemma3,4.3B,5._Рекуррентные_НС,Зачем нужны замочные скважины (peepholes) в LSTM?,prompt3,dialog0264,2-file_gemma3_4b_prompt3_dialog0264,2-file,45.2,38.0,63.1,0.0,0.0,0.0,0.0,0.0,0.0,0.0
gemma3,4.3B,5._Рекуррентные_НС,Почему нормализация по мини-батчам важна для обучения RNN?,prompt3,dialog0265,2-file_gemma3_4b_prompt3_dialog0265,2-file,45.2,38.0,63.1,0.0,0.0,0.0,0.0,0.0,0.0,0.0
gemma3,4.3B,5._Рекуррентные_НС,В чем трудность применения обычной batch normalization к RNN?,prompt3,dialog0266,2-file_gemma3_4b_prompt3_dialog0266,2-file,45.2,38.0,63.1,0.0,0.0,0.0,0.0,0.0,0.0,0.0
gemma3,4.3B,5._Рекуррентные_НС,Как работает механизм внимания (Attention)?,prompt3,dialog0267,2-file_gemma3_4b_prompt3_dialog0267,2-file,45.2,38.0,63.1,0.0,0.0,0.0,0.0,0.0,0.0,0.0
gemma3,4.3B,5._Рекуррентные_НС,Почему внимание важно в задачах машинного перевода?,prompt3,dialog0268,2-file_gemma3_4b_prompt3_dialog0268,2-file,45.2,38.0,63.1,0.0,0.0,0.0,0.0,0.0,0.0,0.0
gemma3,4.3B,5._Рекуррентные_НС,"Чем Show, Attend and Tell отличается от обычного RNN для обработки изображений?",prompt3,dialog0269,2-file_gemma3_4b_prompt3_dialog0269,2-file,45.2,38.0,63.1,0.0,0.0,0.0,0.0,0.0,0.0,0.0
gemma3,4.3B,5._Рекуррентные_НС,Можно ли автоматически подбирать архитектуру рекуррентной ячейки?,prompt3,dialog0270,2-file_gemma3_4b_prompt3_dialog0270,2-file,45.2,38.0,63.1,0.0,0.0,0.0,0.0,0.0,0.0,0.0
gemma3,4.3B,5._Рекуррентные_НС,"Зачем нужны рекуррентные нейронные сети, если существуют полносвязные и сверточные?",prompt2,dialog0016,2-file_gemma3_4b_prompt2_dialog0016,2-file,57.5,50.3,71.4,0.0,0.0,0.0,0.0,0.0,0.0,0.0
gemma3,4.3B,5._Рекуррентные_НС,Что такое скрытое состояние в RNN?,prompt2,dialog0017,2-file_gemma3_4b_prompt2_dialog0017,2-file,57.5,50.3,71.4,0.0,0.0,0.0,0.0,0.0,0.0,0.0
gemma3,4.3B,5._Рекуррентные_НС,Какие типы входов и выходов встречаются в задачах RNN?,prompt2,dialog0018,2-file_gemma3_4b_prompt2_dialog0018,2-file,57.5,50.3,71.4,0.0,0.0,0.0,0.0,0.0,0.0,0.0
gemma3,4.3B,5._Рекуррентные_НС,В чем отличие Simple RNN от глубоких RNN?,prompt2,dialog0019,2-file_gemma3_4b_prompt2_dialog0019,2-file,57.5,50.3,71.4,0.0,0.0,0.0,0.0,0.0,0.0,0.0
gemma3,4.3B,5._Рекуррентные_НС,Что такое двунаправленные RNN и зачем они нужны?,prompt2,dialog0020,2-file_gemma3_4b_prompt2_dialog0020,2-file,57.5,50.3,71.4,0.0,0.0,0.0,0.0,0.0,0.0,0.0
gemma3,4.3B,5._Рекуррентные_НС,Как LSTM решает проблему затухающих градиентов?,prompt2,dialog0021,2-file_gemma3_4b_prompt2_dialog0021,2-file,57.5,50.3,71.4,0.0,0.0,0.0,0.0,0.0,0.0,0.0
gemma3,4.3B,5._Рекуррентные_НС,Какие компоненты включает стандартная LSTM ячейка?,prompt2,dialog0022,2-file_gemma3_4b_prompt2_dialog0022,2-file,57.5,50.3,71.4,0.0,0.0,0.0,0.0,0.0,0.0,0.0
gemma3,4.3B,5._Рекуррентные_НС,Чем GRU отличается от LSTM?,prompt2,dialog0023,2-file_gemma3_4b_prompt2_dialog0023,2-file,57.5,50.3,71.4,0.0,0.0,0.0,0.0,0.0,0.0,0.0
gemma3,4.3B,5._Рекуррентные_НС,Зачем нужны замочные скважины (peepholes) в LSTM?,prompt2,dialog0024,2-file_gemma3_4b_prompt2_dialog0024,2-file,57.5,50.3,71.4,0.0,0.0,0.0,0.0,0.0,0.0,0.0
gemma3,4.3B,5._Рекуррентные_НС,Почему нормализация по мини-батчам важна для обучения RNN?,prompt2,dialog0025,2-file_gemma3_4b_prompt2_dialog0025,2-file,57.5,50.3,71.4,0.0,0.0,0.0,0.0,0.0,0.0,0.0
gemma3,4.3B,5._Рекуррентные_НС,В чем трудность применения обычной batch normalization к RNN?,prompt2,dialog0026,2-file_gemma3_4b_prompt2_dialog0026,2-file,57.5,50.3,71.4,0.0,0.0,0.0,0.0,0.0,0.0,0.0
gemma3,4.3B,5._Рекуррентные_НС,Как работает механизм внимания (Attention)?,prompt2,dialog0027,2-file_gemma3_4b_prompt2_dialog0027,2-file,57.5,50.3,71.4,0.0,0.0,0.0,0.0,0.0,0.0,0.0
gemma3,4.3B,5._Рекуррентные_НС,Почему внимание важно в задачах машинного перевода?,prompt2,dialog0028,2-file_gemma3_4b_prompt2_dialog0028,2-file,57.5,50.3,71.4,0.0,0.0,0.0,0.0,0.0,0.0,0.0
gemma3,4.3B,5._Рекуррентные_НС,"Чем Show, Attend and Tell отличается от обычного RNN для обработки изображений?",prompt2,dialog0029,2-file_gemma3_4b_prompt2_dialog0029,2-file,57.5,50.3,71.4,0.0,0.0,0.0,0.0,0.0,0.0,0.0
gemma3,4.3B,5._Рекуррентные_НС,Можно ли автоматически подбирать архитектуру рекуррентной ячейки?,prompt2,dialog0030,2-file_gemma3_4b_prompt2_dialog0030,2-file,57.5,50.3,71.4,0.0,0.0,0.0,0.0,0.0,0.0,0.0
gemma3,4.3B,5._Рекуррентные_НС,"Зачем нужны рекуррентные нейронные сети, если существуют полносвязные и сверточные?",prompt2,dialog0241,2-file_gemma3_4b_prompt2_dialog0241,2-file,57.5,50.3,71.4,0.0,0.0,0.0,0.0,0.0,0.0,0.0
gemma3,4.3B,5._Рекуррентные_НС,Что такое скрытое состояние в RNN?,prompt2,dialog0242,2-file_gemma3_4b_prompt2_dialog0242,2-file,57.5,50.3,71.4,0.0,0.0,0.0,0.0,0.0,0.0,0.0
gemma3,4.3B,5._Рекуррентные_НС,Какие типы входов и выходов встречаются в задачах RNN?,prompt2,dialog0243,2-file_gemma3_4b_prompt2_dialog0243,2-file,57.5,50.3,71.4,0.0,0.0,0.0,0.0,0.0,0.0,0.0
gemma3,4.3B,5._Рекуррентные_НС,В чем отличие Simple RNN от глубоких RNN?,prompt2,dialog0244,2-file_gemma3_4b_prompt2_dialog0244,2-file,57.5,50.3,71.4,0.0,0.0,0.0,0.0,0.0,0.0,0.0
gemma3,4.3B,5._Рекуррентные_НС,Что такое двунаправленные RNN и зачем они нужны?,prompt2,dialog0245,2-file_gemma3_4b_prompt2_dialog0245,2-file,57.5,50.3,71.4,0.0,0.0,0.0,0.0,0.0,0.0,0.0
gemma3,4.3B,5._Рекуррентные_НС,Как LSTM решает проблему затухающих градиентов?,prompt2,dialog0246,2-file_gemma3_4b_prompt2_dialog0246,2-file,57.5,50.3,71.4,0.0,0.0,0.0,0.0,0.0,0.0,0.0
gemma3,4.3B,5._Рекуррентные_НС,Какие компоненты включает стандартная LSTM ячейка?,prompt2,dialog0247,2-file_gemma3_4b_prompt2_dialog0247,2-file,57.5,50.3,71.4,0.0,0.0,0.0,0.0,0.0,0.0,0.0
gemma3,4.3B,5._Рекуррентные_НС,Чем GRU отличается от LSTM?,prompt2,dialog0248,2-file_gemma3_4b_prompt2_dialog0248,2-file,57.5,50.3,71.4,0.0,0.0,0.0,0.0,0.0,0.0,0.0
gemma3,4.3B,5._Рекуррентные_НС,Зачем нужны замочные скважины (peepholes) в LSTM?,prompt2,dialog0249,2-file_gemma3_4b_prompt2_dialog0249,2-file,57.5,50.3,71.4,0.0,0.0,0.0,0.0,0.0,0.0,0.0
gemma3,4.3B,5._Рекуррентные_НС,Почему нормализация по мини-батчам важна для обучения RNN?,prompt2,dialog0250,2-file_gemma3_4b_prompt2_dialog0250,2-file,57.5,50.3,71.4,0.0,0.0,0.0,0.0,0.0,0.0,0.0
gemma3,4.3B,5._Рекуррентные_НС,В чем трудность применения обычной batch normalization к RNN?,prompt2,dialog0251,2-file_gemma3_4b_prompt2_dialog0251,2-file,57.5,50.3,71.4,0.0,0.0,0.0,0.0,0.0,0.0,0.0
gemma3,4.3B,5._Рекуррентные_НС,Как работает механизм внимания (Attention)?,prompt2,dialog0252,2-file_gemma3_4b_prompt2_dialog0252,2-file,57.5,50.3,71.4,0.0,0.0,0.0,0.0,0.0,0.0,0.0
gemma3,4.3B,5._Рекуррентные_НС,Почему внимание важно в задачах машинного перевода?,prompt2,dialog0253,2-file_gemma3_4b_prompt2_dialog0253,2-file,57.5,50.3,71.4,0.0,0.0,0.0,0.0,0.0,0.0,0.0
gemma3,4.3B,5._Рекуррентные_НС,"Чем Show, Attend and Tell отличается от обычного RNN для обработки изображений?",prompt2,dialog0254,2-file_gemma3_4b_prompt2_dialog0254,2-file,57.5,50.3,71.4,0.0,0.0,0.0,0.0,0.0,0.0,0.0
gemma3,4.3B,5._Рекуррентные_НС,Можно ли автоматически подбирать архитектуру рекуррентной ячейки?,prompt2,dialog0255,2-file_gemma3_4b_prompt2_dialog0255,2-file,57.5,50.3,71.4,0.0,0.0,0.0,0.0,0.0,0.0,0.0
gemma3,4.3B,5._Рекуррентные_НС,"Зачем нужны рекуррентные нейронные сети, если существуют полносвязные и сверточные?",prompt5,dialog0061,2-file_gemma3_4b_prompt5_dialog0061,2-file,51.5,47.6,63.6,0.0,0.0,0.0,0.0,0.0,0.0,0.0
gemma3,4.3B,5._Рекуррентные_НС,Что такое скрытое состояние в RNN?,prompt5,dialog0062,2-file_gemma3_4b_prompt5_dialog0062,2-file,51.5,47.6,63.6,0.0,0.0,0.0,0.0,0.0,0.0,0.0
gemma3,4.3B,5._Рекуррентные_НС,Какие типы входов и выходов встречаются в задачах RNN?,prompt5,dialog0063,2-file_gemma3_4b_prompt5_dialog0063,2-file,51.5,47.6,63.6,0.0,0.0,0.0,0.0,0.0,0.0,0.0
gemma3,4.3B,5._Рекуррентные_НС,В чем отличие Simple RNN от глубоких RNN?,prompt5,dialog0064,2-file_gemma3_4b_prompt5_dialog0064,2-file,51.5,47.6,63.6,0.0,0.0,0.0,0.0,0.0,0.0,0.0
gemma3,4.3B,5._Рекуррентные_НС,Что такое двунаправленные RNN и зачем они нужны?,prompt5,dialog0065,2-file_gemma3_4b_prompt5_dialog0065,2-file,51.5,47.6,63.6,0.0,0.0,0.0,0.0,0.0,0.0,0.0
gemma3,4.3B,5._Рекуррентные_НС,Как LSTM решает проблему затухающих градиентов?,prompt5,dialog0066,2-file_gemma3_4b_prompt5_dialog0066,2-file,51.5,47.6,63.6,0.0,0.0,0.0,0.0,0.0,0.0,0.0
gemma3,4.3B,5._Рекуррентные_НС,Какие компоненты включает стандартная LSTM ячейка?,prompt5,dialog0067,2-file_gemma3_4b_prompt5_dialog0067,2-file,51.5,47.6,63.6,0.0,0.0,0.0,0.0,0.0,0.0,0.0
gemma3,4.3B,5._Рекуррентные_НС,Чем GRU отличается от LSTM?,prompt5,dialog0068,2-file_gemma3_4b_prompt5_dialog0068,2-file,51.5,47.6,63.6,0.0,0.0,0.0,0.0,0.0,0.0,0.0
gemma3,4.3B,5._Рекуррентные_НС,Зачем нужны замочные скважины (peepholes) в LSTM?,prompt5,dialog0069,2-file_gemma3_4b_prompt5_dialog0069,2-file,51.5,47.6,63.6,0.0,0.0,0.0,0.0,0.0,0.0,0.0
gemma3,4.3B,5._Рекуррентные_НС,Почему нормализация по мини-батчам важна для обучения RNN?,prompt5,dialog0070,2-file_gemma3_4b_prompt5_dialog0070,2-file,51.5,47.6,63.6,0.0,0.0,0.0,0.0,0.0,0.0,0.0
gemma3,4.3B,5._Рекуррентные_НС,В чем трудность применения обычной batch normalization к RNN?,prompt5,dialog0071,2-file_gemma3_4b_prompt5_dialog0071,2-file,51.5,47.6,63.6,0.0,0.0,0.0,0.0,0.0,0.0,0.0
gemma3,4.3B,5._Рекуррентные_НС,Как работает механизм внимания (Attention)?,prompt5,dialog0072,2-file_gemma3_4b_prompt5_dialog0072,2-file,51.5,47.6,63.6,0.0,0.0,0.0,0.0,0.0,0.0,0.0
gemma3,4.3B,5._Рекуррентные_НС,Почему внимание важно в задачах машинного перевода?,prompt5,dialog0073,2-file_gemma3_4b_prompt5_dialog0073,2-file,51.5,47.6,63.6,0.0,0.0,0.0,0.0,0.0,0.0,0.0
gemma3,4.3B,5._Рекуррентные_НС,"Чем Show, Attend and Tell отличается от обычного RNN для обработки изображений?",prompt5,dialog0074,2-file_gemma3_4b_prompt5_dialog0074,2-file,51.5,47.6,63.6,0.0,0.0,0.0,0.0,0.0,0.0,0.0
gemma3,4.3B,5._Рекуррентные_НС,Можно ли автоматически подбирать архитектуру рекуррентной ячейки?,prompt5,dialog0075,2-file_gemma3_4b_prompt5_dialog0075,2-file,51.5,47.6,63.6,0.0,0.0,0.0,0.0,0.0,0.0,0.0
gemma3,4.3B,5._Рекуррентные_НС,"Зачем нужны рекуррентные нейронные сети, если существуют полносвязные и сверточные?",prompt5,dialog0286,2-file_gemma3_4b_prompt5_dialog0286,2-file,51.5,47.6,63.6,0.0,0.0,0.0,0.0,0.0,0.0,0.0
gemma3,4.3B,5._Рекуррентные_НС,Что такое скрытое состояние в RNN?,prompt5,dialog0287,2-file_gemma3_4b_prompt5_dialog0287,2-file,51.5,47.6,63.6,0.0,0.0,0.0,0.0,0.0,0.0,0.0
gemma3,4.3B,5._Рекуррентные_НС,Какие типы входов и выходов встречаются в задачах RNN?,prompt5,dialog0288,2-file_gemma3_4b_prompt5_dialog0288,2-file,51.5,47.6,63.6,0.0,0.0,0.0,0.0,0.0,0.0,0.0
gemma3,4.3B,5._Рекуррентные_НС,В чем отличие Simple RNN от глубоких RNN?,prompt5,dialog0289,2-file_gemma3_4b_prompt5_dialog0289,2-file,51.5,47.6,63.6,0.0,0.0,0.0,0.0,0.0,0.0,0.0
gemma3,4.3B,5._Рекуррентные_НС,Что такое двунаправленные RNN и зачем они нужны?,prompt5,dialog0290,2-file_gemma3_4b_prompt5_dialog0290,2-file,51.5,47.6,63.6,0.0,0.0,0.0,0.0,0.0,0.0,0.0
gemma3,4.3B,5._Рекуррентные_НС,Как LSTM решает проблему затухающих градиентов?,prompt5,dialog0291,2-file_gemma3_4b_prompt5_dialog0291,2-file,51.5,47.6,63.6,0.0,0.0,0.0,0.0,0.0,0.0,0.0
gemma3,4.3B,5._Рекуррентные_НС,Какие компоненты включает стандартная LSTM ячейка?,prompt5,dialog0292,2-file_gemma3_4b_prompt5_dialog0292,2-file,51.5,47.6,63.6,0.0,0.0,0.0,0.0,0.0,0.0,0.0
gemma3,4.3B,5._Рекуррентные_НС,Чем GRU отличается от LSTM?,prompt5,dialog0293,2-file_gemma3_4b_prompt5_dialog0293,2-file,51.5,47.6,63.6,0.0,0.0,0.0,0.0,0.0,0.0,0.0
gemma3,4.3B,5._Рекуррентные_НС,Зачем нужны замочные скважины (peepholes) в LSTM?,prompt5,dialog0294,2-file_gemma3_4b_prompt5_dialog0294,2-file,51.5,47.6,63.6,0.0,0.0,0.0,0.0,0.0,0.0,0.0
gemma3,4.3B,5._Рекуррентные_НС,Почему нормализация по мини-батчам важна для обучения RNN?,prompt5,dialog0295,2-file_gemma3_4b_prompt5_dialog0295,2-file,51.5,47.6,63.6,0.0,0.0,0.0,0.0,0.0,0.0,0.0
gemma3,4.3B,5._Рекуррентные_НС,В чем трудность применения обычной batch normalization к RNN?,prompt5,dialog0296,2-file_gemma3_4b_prompt5_dialog0296,2-file,51.5,47.6,63.6,0.0,0.0,0.0,0.0,0.0,0.0,0.0
gemma3,4.3B,5._Рекуррентные_НС,Как работает механизм внимания (Attention)?,prompt5,dialog0297,2-file_gemma3_4b_prompt5_dialog0297,2-file,51.5,47.6,63.6,0.0,0.0,0.0,0.0,0.0,0.0,0.0
gemma3,4.3B,5._Рекуррентные_НС,Почему внимание важно в задачах машинного перевода?,prompt5,dialog0298,2-file_gemma3_4b_prompt5_dialog0298,2-file,51.5,47.6,63.6,0.0,0.0,0.0,0.0,0.0,0.0,0.0
gemma3,4.3B,5._Рекуррентные_НС,"Чем Show, Attend and Tell отличается от обычного RNN для обработки изображений?",prompt5,dialog0299,2-file_gemma3_4b_prompt5_dialog0299,2-file,51.5,47.6,63.6,0.0,0.0,0.0,0.0,0.0,0.0,0.0
gemma3,4.3B,5._Рекуррентные_НС,Можно ли автоматически подбирать архитектуру рекуррентной ячейки?,prompt5,dialog0300,2-file_gemma3_4b_prompt5_dialog0300,2-file,51.5,47.6,63.6,0.0,0.0,0.0,0.0,0.0,0.0,0.0
gemma3,4.3B,5._Рекуррентные_НС,"Зачем нужны рекуррентные нейронные сети, если существуют полносвязные и сверточные?",prompt12,dialog0166,2-file_gemma3_4b_prompt12_dialog0166,2-file,51.3,48.3,64.5,0.0,0.0,0.0,0.0,0.0,0.0,0.0
gemma3,4.3B,5._Рекуррентные_НС,Что такое скрытое состояние в RNN?,prompt12,dialog0167,2-file_gemma3_4b_prompt12_dialog0167,2-file,51.3,48.3,64.5,0.0,0.0,0.0,0.0,0.0,0.0,0.0
gemma3,4.3B,5._Рекуррентные_НС,Какие типы входов и выходов встречаются в задачах RNN?,prompt12,dialog0168,2-file_gemma3_4b_prompt12_dialog0168,2-file,51.3,48.3,64.5,0.0,0.0,0.0,0.0,0.0,0.0,0.0
gemma3,4.3B,5._Рекуррентные_НС,В чем отличие Simple RNN от глубоких RNN?,prompt12,dialog0169,2-file_gemma3_4b_prompt12_dialog0169,2-file,51.3,48.3,64.5,0.0,0.0,0.0,0.0,0.0,0.0,0.0
gemma3,4.3B,5._Рекуррентные_НС,Что такое двунаправленные RNN и зачем они нужны?,prompt12,dialog0170,2-file_gemma3_4b_prompt12_dialog0170,2-file,51.3,48.3,64.5,0.0,0.0,0.0,0.0,0.0,0.0,0.0
gemma3,4.3B,5._Рекуррентные_НС,Как LSTM решает проблему затухающих градиентов?,prompt12,dialog0171,2-file_gemma3_4b_prompt12_dialog0171,2-file,51.3,48.3,64.5,0.0,0.0,0.0,0.0,0.0,0.0,0.0
gemma3,4.3B,5._Рекуррентные_НС,Какие компоненты включает стандартная LSTM ячейка?,prompt12,dialog0172,2-file_gemma3_4b_prompt12_dialog0172,2-file,51.3,48.3,64.5,0.0,0.0,0.0,0.0,0.0,0.0,0.0
gemma3,4.3B,5._Рекуррентные_НС,Чем GRU отличается от LSTM?,prompt12,dialog0173,2-file_gemma3_4b_prompt12_dialog0173,2-file,51.3,48.3,64.5,0.0,0.0,0.0,0.0,0.0,0.0,0.0
gemma3,4.3B,5._Рекуррентные_НС,Зачем нужны замочные скважины (peepholes) в LSTM?,prompt12,dialog0174,2-file_gemma3_4b_prompt12_dialog0174,2-file,51.3,48.3,64.5,0.0,0.0,0.0,0.0,0.0,0.0,0.0
gemma3,4.3B,5._Рекуррентные_НС,Почему нормализация по мини-батчам важна для обучения RNN?,prompt12,dialog0175,2-file_gemma3_4b_prompt12_dialog0175,2-file,51.3,48.3,64.5,0.0,0.0,0.0,0.0,0.0,0.0,0.0
gemma3,4.3B,5._Рекуррентные_НС,В чем трудность применения обычной batch normalization к RNN?,prompt12,dialog0176,2-file_gemma3_4b_prompt12_dialog0176,2-file,51.3,48.3,64.5,0.0,0.0,0.0,0.0,0.0,0.0,0.0
gemma3,4.3B,5._Рекуррентные_НС,Как работает механизм внимания (Attention)?,prompt12,dialog0177,2-file_gemma3_4b_prompt12_dialog0177,2-file,51.3,48.3,64.5,0.0,0.0,0.0,0.0,0.0,0.0,0.0
gemma3,4.3B,5._Рекуррентные_НС,Почему внимание важно в задачах машинного перевода?,prompt12,dialog0178,2-file_gemma3_4b_prompt12_dialog0178,2-file,51.3,48.3,64.5,0.0,0.0,0.0,0.0,0.0,0.0,0.0
gemma3,4.3B,5._Рекуррентные_НС,"Чем Show, Attend and Tell отличается от обычного RNN для обработки изображений?",prompt12,dialog0179,2-file_gemma3_4b_prompt12_dialog0179,2-file,51.3,48.3,64.5,0.0,0.0,0.0,0.0,0.0,0.0,0.0
gemma3,4.3B,5._Рекуррентные_НС,Можно ли автоматически подбирать архитектуру рекуррентной ячейки?,prompt12,dialog0180,2-file_gemma3_4b_prompt12_dialog0180,2-file,51.3,48.3,64.5,0.0,0.0,0.0,0.0,0.0,0.0,0.0
gemma3,4.3B,5._Рекуррентные_НС,"Зачем нужны рекуррентные нейронные сети, если существуют полносвязные и сверточные?",prompt15,dialog0211,2-file_gemma3_4b_prompt15_dialog0211,2-file,58.2,51.7,70.7,0.0,0.0,0.0,0.0,0.0,0.0,0.0
gemma3,4.3B,5._Рекуррентные_НС,Что такое скрытое состояние в RNN?,prompt15,dialog0212,2-file_gemma3_4b_prompt15_dialog0212,2-file,58.2,51.7,70.7,0.0,0.0,0.0,0.0,0.0,0.0,0.0
gemma3,4.3B,5._Рекуррентные_НС,Какие типы входов и выходов встречаются в задачах RNN?,prompt15,dialog0213,2-file_gemma3_4b_prompt15_dialog0213,2-file,58.2,51.7,70.7,0.0,0.0,0.0,0.0,0.0,0.0,0.0
gemma3,4.3B,5._Рекуррентные_НС,В чем отличие Simple RNN от глубоких RNN?,prompt15,dialog0214,2-file_gemma3_4b_prompt15_dialog0214,2-file,58.2,51.7,70.7,0.0,0.0,0.0,0.0,0.0,0.0,0.0
gemma3,4.3B,5._Рекуррентные_НС,Что такое двунаправленные RNN и зачем они нужны?,prompt15,dialog0215,2-file_gemma3_4b_prompt15_dialog0215,2-file,58.2,51.7,70.7,0.0,0.0,0.0,0.0,0.0,0.0,0.0
gemma3,4.3B,5._Рекуррентные_НС,Как LSTM решает проблему затухающих градиентов?,prompt15,dialog0216,2-file_gemma3_4b_prompt15_dialog0216,2-file,58.2,51.7,70.7,0.0,0.0,0.0,0.0,0.0,0.0,0.0
gemma3,4.3B,5._Рекуррентные_НС,Какие компоненты включает стандартная LSTM ячейка?,prompt15,dialog0217,2-file_gemma3_4b_prompt15_dialog0217,2-file,58.2,51.7,70.7,0.0,0.0,0.0,0.0,0.0,0.0,0.0
gemma3,4.3B,5._Рекуррентные_НС,Чем GRU отличается от LSTM?,prompt15,dialog0218,2-file_gemma3_4b_prompt15_dialog0218,2-file,58.2,51.7,70.7,0.0,0.0,0.0,0.0,0.0,0.0,0.0
gemma3,4.3B,5._Рекуррентные_НС,Зачем нужны замочные скважины (peepholes) в LSTM?,prompt15,dialog0219,2-file_gemma3_4b_prompt15_dialog0219,2-file,58.2,51.7,70.7,0.0,0.0,0.0,0.0,0.0,0.0,0.0
gemma3,4.3B,5._Рекуррентные_НС,Почему нормализация по мини-батчам важна для обучения RNN?,prompt15,dialog0220,2-file_gemma3_4b_prompt15_dialog0220,2-file,58.2,51.7,70.7,0.0,0.0,0.0,0.0,0.0,0.0,0.0
gemma3,4.3B,5._Рекуррентные_НС,В чем трудность применения обычной batch normalization к RNN?,prompt15,dialog0221,2-file_gemma3_4b_prompt15_dialog0221,2-file,58.2,51.7,70.7,0.0,0.0,0.0,0.0,0.0,0.0,0.0
gemma3,4.3B,5._Рекуррентные_НС,Как работает механизм внимания (Attention)?,prompt15,dialog0222,2-file_gemma3_4b_prompt15_dialog0222,2-file,58.2,51.7,70.7,0.0,0.0,0.0,0.0,0.0,0.0,0.0
gemma3,4.3B,5._Рекуррентные_НС,Почему внимание важно в задачах машинного перевода?,prompt15,dialog0223,2-file_gemma3_4b_prompt15_dialog0223,2-file,58.2,51.7,70.7,0.0,0.0,0.0,0.0,0.0,0.0,0.0
gemma3,4.3B,5._Рекуррентные_НС,"Чем Show, Attend and Tell отличается от обычного RNN для обработки изображений?",prompt15,dialog0224,2-file_gemma3_4b_prompt15_dialog0224,2-file,58.2,51.7,70.7,0.0,0.0,0.0,0.0,0.0,0.0,0.0
gemma3,4.3B,5._Рекуррентные_НС,Можно ли автоматически подбирать архитектуру рекуррентной ячейки?,prompt15,dialog0225,2-file_gemma3_4b_prompt15_dialog0225,2-file,58.2,51.7,70.7,0.0,0.0,0.0,0.0,0.0,0.0,0.0
gemma3,4.3B,5._Рекуррентные_НС,"Зачем нужны рекуррентные нейронные сети, если существуют полносвязные и сверточные?",prompt10,dialog0136,2-file_gemma3_4b_prompt10_dialog0136,2-file,49.4,42.1,67.7,0.0,0.0,0.0,0.0,0.0,0.0,0.0
gemma3,4.3B,5._Рекуррентные_НС,Что такое скрытое состояние в RNN?,prompt10,dialog0137,2-file_gemma3_4b_prompt10_dialog0137,2-file,49.4,42.1,67.7,0.0,0.0,0.0,0.0,0.0,0.0,0.0
gemma3,4.3B,5._Рекуррентные_НС,Какие типы входов и выходов встречаются в задачах RNN?,prompt10,dialog0138,2-file_gemma3_4b_prompt10_dialog0138,2-file,49.4,42.1,67.7,0.0,0.0,0.0,0.0,0.0,0.0,0.0
gemma3,4.3B,5._Рекуррентные_НС,В чем отличие Simple RNN от глубоких RNN?,prompt10,dialog0139,2-file_gemma3_4b_prompt10_dialog0139,2-file,49.4,42.1,67.7,0.0,0.0,0.0,0.0,0.0,0.0,0.0
gemma3,4.3B,5._Рекуррентные_НС,Что такое двунаправленные RNN и зачем они нужны?,prompt10,dialog0140,2-file_gemma3_4b_prompt10_dialog0140,2-file,49.4,42.1,67.7,0.0,0.0,0.0,0.0,0.0,0.0,0.0
gemma3,4.3B,5._Рекуррентные_НС,Как LSTM решает проблему затухающих градиентов?,prompt10,dialog0141,2-file_gemma3_4b_prompt10_dialog0141,2-file,49.4,42.1,67.7,0.0,0.0,0.0,0.0,0.0,0.0,0.0
gemma3,4.3B,5._Рекуррентные_НС,Какие компоненты включает стандартная LSTM ячейка?,prompt10,dialog0142,2-file_gemma3_4b_prompt10_dialog0142,2-file,49.4,42.1,67.7,0.0,0.0,0.0,0.0,0.0,0.0,0.0
gemma3,4.3B,5._Рекуррентные_НС,Чем GRU отличается от LSTM?,prompt10,dialog0143,2-file_gemma3_4b_prompt10_dialog0143,2-file,49.4,42.1,67.7,0.0,0.0,0.0,0.0,0.0,0.0,0.0
gemma3,4.3B,5._Рекуррентные_НС,Зачем нужны замочные скважины (peepholes) в LSTM?,prompt10,dialog0144,2-file_gemma3_4b_prompt10_dialog0144,2-file,49.4,42.1,67.7,0.0,0.0,0.0,0.0,0.0,0.0,0.0
gemma3,4.3B,5._Рекуррентные_НС,Почему нормализация по мини-батчам важна для обучения RNN?,prompt10,dialog0145,2-file_gemma3_4b_prompt10_dialog0145,2-file,49.4,42.1,67.7,0.0,0.0,0.0,0.0,0.0,0.0,0.0
gemma3,4.3B,5._Рекуррентные_НС,В чем трудность применения обычной batch normalization к RNN?,prompt10,dialog0146,2-file_gemma3_4b_prompt10_dialog0146,2-file,49.4,42.1,67.7,0.0,0.0,0.0,0.0,0.0,0.0,0.0
gemma3,4.3B,5._Рекуррентные_НС,Как работает механизм внимания (Attention)?,prompt10,dialog0147,2-file_gemma3_4b_prompt10_dialog0147,2-file,49.4,42.1,67.7,0.0,0.0,0.0,0.0,0.0,0.0,0.0
gemma3,4.3B,5._Рекуррентные_НС,Почему внимание важно в задачах машинного перевода?,prompt10,dialog0148,2-file_gemma3_4b_prompt10_dialog0148,2-file,49.4,42.1,67.7,0.0,0.0,0.0,0.0,0.0,0.0,0.0
gemma3,4.3B,5._Рекуррентные_НС,"Чем Show, Attend and Tell отличается от обычного RNN для обработки изображений?",prompt10,dialog0149,2-file_gemma3_4b_prompt10_dialog0149,2-file,49.4,42.1,67.7,0.0,0.0,0.0,0.0,0.0,0.0,0.0
gemma3,4.3B,5._Рекуррентные_НС,Можно ли автоматически подбирать архитектуру рекуррентной ячейки?,prompt10,dialog0150,2-file_gemma3_4b_prompt10_dialog0150,2-file,49.4,42.1,67.7,0.0,0.0,0.0,0.0,0.0,0.0,0.0
gemma3,4.3B,5._Рекуррентные_НС,"Зачем нужны рекуррентные нейронные сети, если существуют полносвязные и сверточные?",prompt9,dialog0121,2-file_gemma3_4b_prompt9_dialog0121,2-file,57.0,52.8,67.8,0.0,0.0,0.0,0.0,0.0,0.0,0.0
gemma3,4.3B,5._Рекуррентные_НС,Что такое скрытое состояние в RNN?,prompt9,dialog0122,2-file_gemma3_4b_prompt9_dialog0122,2-file,57.0,52.8,67.8,0.0,0.0,0.0,0.0,0.0,0.0,0.0
gemma3,4.3B,5._Рекуррентные_НС,Какие типы входов и выходов встречаются в задачах RNN?,prompt9,dialog0123,2-file_gemma3_4b_prompt9_dialog0123,2-file,57.0,52.8,67.8,0.0,0.0,0.0,0.0,0.0,0.0,0.0
gemma3,4.3B,5._Рекуррентные_НС,В чем отличие Simple RNN от глубоких RNN?,prompt9,dialog0124,2-file_gemma3_4b_prompt9_dialog0124,2-file,57.0,52.8,67.8,0.0,0.0,0.0,0.0,0.0,0.0,0.0
gemma3,4.3B,5._Рекуррентные_НС,Что такое двунаправленные RNN и зачем они нужны?,prompt9,dialog0125,2-file_gemma3_4b_prompt9_dialog0125,2-file,57.0,52.8,67.8,0.0,0.0,0.0,0.0,0.0,0.0,0.0
gemma3,4.3B,5._Рекуррентные_НС,Как LSTM решает проблему затухающих градиентов?,prompt9,dialog0126,2-file_gemma3_4b_prompt9_dialog0126,2-file,57.0,52.8,67.8,0.0,0.0,0.0,0.0,0.0,0.0,0.0
gemma3,4.3B,5._Рекуррентные_НС,Какие компоненты включает стандартная LSTM ячейка?,prompt9,dialog0127,2-file_gemma3_4b_prompt9_dialog0127,2-file,57.0,52.8,67.8,0.0,0.0,0.0,0.0,0.0,0.0,0.0
gemma3,4.3B,5._Рекуррентные_НС,Чем GRU отличается от LSTM?,prompt9,dialog0128,2-file_gemma3_4b_prompt9_dialog0128,2-file,57.0,52.8,67.8,0.0,0.0,0.0,0.0,0.0,0.0,0.0
gemma3,4.3B,5._Рекуррентные_НС,Зачем нужны замочные скважины (peepholes) в LSTM?,prompt9,dialog0129,2-file_gemma3_4b_prompt9_dialog0129,2-file,57.0,52.8,67.8,0.0,0.0,0.0,0.0,0.0,0.0,0.0
gemma3,4.3B,5._Рекуррентные_НС,Почему нормализация по мини-батчам важна для обучения RNN?,prompt9,dialog0130,2-file_gemma3_4b_prompt9_dialog0130,2-file,57.0,52.8,67.8,0.0,0.0,0.0,0.0,0.0,0.0,0.0
gemma3,4.3B,5._Рекуррентные_НС,В чем трудность применения обычной batch normalization к RNN?,prompt9,dialog0131,2-file_gemma3_4b_prompt9_dialog0131,2-file,57.0,52.8,67.8,0.0,0.0,0.0,0.0,0.0,0.0,0.0
gemma3,4.3B,5._Рекуррентные_НС,Как работает механизм внимания (Attention)?,prompt9,dialog0132,2-file_gemma3_4b_prompt9_dialog0132,2-file,57.0,52.8,67.8,0.0,0.0,0.0,0.0,0.0,0.0,0.0
gemma3,4.3B,5._Рекуррентные_НС,Почему внимание важно в задачах машинного перевода?,prompt9,dialog0133,2-file_gemma3_4b_prompt9_dialog0133,2-file,57.0,52.8,67.8,0.0,0.0,0.0,0.0,0.0,0.0,0.0
gemma3,4.3B,5._Рекуррентные_НС,"Чем Show, Attend and Tell отличается от обычного RNN для обработки изображений?",prompt9,dialog0134,2-file_gemma3_4b_prompt9_dialog0134,2-file,57.0,52.8,67.8,0.0,0.0,0.0,0.0,0.0,0.0,0.0
gemma3,4.3B,5._Рекуррентные_НС,Можно ли автоматически подбирать архитектуру рекуррентной ячейки?,prompt9,dialog0135,2-file_gemma3_4b_prompt9_dialog0135,2-file,57.0,52.8,67.8,0.0,0.0,0.0,0.0,0.0,0.0,0.0
gemma3,4.3B,5._Рекуррентные_НС,"Зачем нужны рекуррентные нейронные сети, если существуют полносвязные и сверточные?",prompt7,dialog0091,2-file_gemma3_4b_prompt7_dialog0091,2-file,46.8,40.9,61.6,0.0,0.0,0.0,0.0,0.0,0.0,0.0
gemma3,4.3B,5._Рекуррентные_НС,Что такое скрытое состояние в RNN?,prompt7,dialog0092,2-file_gemma3_4b_prompt7_dialog0092,2-file,46.8,40.9,61.6,0.0,0.0,0.0,0.0,0.0,0.0,0.0
gemma3,4.3B,5._Рекуррентные_НС,Какие типы входов и выходов встречаются в задачах RNN?,prompt7,dialog0093,2-file_gemma3_4b_prompt7_dialog0093,2-file,46.8,40.9,61.6,0.0,0.0,0.0,0.0,0.0,0.0,0.0
gemma3,4.3B,5._Рекуррентные_НС,В чем отличие Simple RNN от глубоких RNN?,prompt7,dialog0094,2-file_gemma3_4b_prompt7_dialog0094,2-file,46.8,40.9,61.6,0.0,0.0,0.0,0.0,0.0,0.0,0.0
gemma3,4.3B,5._Рекуррентные_НС,Что такое двунаправленные RNN и зачем они нужны?,prompt7,dialog0095,2-file_gemma3_4b_prompt7_dialog0095,2-file,46.8,40.9,61.6,0.0,0.0,0.0,0.0,0.0,0.0,0.0
gemma3,4.3B,5._Рекуррентные_НС,Как LSTM решает проблему затухающих градиентов?,prompt7,dialog0096,2-file_gemma3_4b_prompt7_dialog0096,2-file,46.8,40.9,61.6,0.0,0.0,0.0,0.0,0.0,0.0,0.0
gemma3,4.3B,5._Рекуррентные_НС,Какие компоненты включает стандартная LSTM ячейка?,prompt7,dialog0097,2-file_gemma3_4b_prompt7_dialog0097,2-file,46.8,40.9,61.6,0.0,0.0,0.0,0.0,0.0,0.0,0.0
gemma3,4.3B,5._Рекуррентные_НС,Чем GRU отличается от LSTM?,prompt7,dialog0098,2-file_gemma3_4b_prompt7_dialog0098,2-file,46.8,40.9,61.6,0.0,0.0,0.0,0.0,0.0,0.0,0.0
gemma3,4.3B,5._Рекуррентные_НС,Зачем нужны замочные скважины (peepholes) в LSTM?,prompt7,dialog0099,2-file_gemma3_4b_prompt7_dialog0099,2-file,46.8,40.9,61.6,0.0,0.0,0.0,0.0,0.0,0.0,0.0
gemma3,4.3B,5._Рекуррентные_НС,Почему нормализация по мини-батчам важна для обучения RNN?,prompt7,dialog0100,2-file_gemma3_4b_prompt7_dialog0100,2-file,46.8,40.9,61.6,0.0,0.0,0.0,0.0,0.0,0.0,0.0
gemma3,4.3B,5._Рекуррентные_НС,В чем трудность применения обычной batch normalization к RNN?,prompt7,dialog0101,2-file_gemma3_4b_prompt7_dialog0101,2-file,46.8,40.9,61.6,0.0,0.0,0.0,0.0,0.0,0.0,0.0
gemma3,4.3B,5._Рекуррентные_НС,Как работает механизм внимания (Attention)?,prompt7,dialog0102,2-file_gemma3_4b_prompt7_dialog0102,2-file,46.8,40.9,61.6,0.0,0.0,0.0,0.0,0.0,0.0,0.0
gemma3,4.3B,5._Рекуррентные_НС,Почему внимание важно в задачах машинного перевода?,prompt7,dialog0103,2-file_gemma3_4b_prompt7_dialog0103,2-file,46.8,40.9,61.6,0.0,0.0,0.0,0.0,0.0,0.0,0.0
gemma3,4.3B,5._Рекуррентные_НС,"Чем Show, Attend and Tell отличается от обычного RNN для обработки изображений?",prompt7,dialog0104,2-file_gemma3_4b_prompt7_dialog0104,2-file,46.8,40.9,61.6,0.0,0.0,0.0,0.0,0.0,0.0,0.0
gemma3,4.3B,5._Рекуррентные_НС,Можно ли автоматически подбирать архитектуру рекуррентной ячейки?,prompt7,dialog0105,2-file_gemma3_4b_prompt7_dialog0105,2-file,46.8,40.9,61.6,0.0,0.0,0.0,0.0,0.0,0.0,0.0
gemma3,4.3B,5._Рекуррентные_НС,"Зачем нужны рекуррентные нейронные сети, если существуют полносвязные и сверточные?",prompt6,dialog0076,2-file_gemma3_4b_prompt6_dialog0076,2-file,48.6,41.9,64.1,0.0,0.0,0.0,0.0,0.0,0.0,0.0
gemma3,4.3B,5._Рекуррентные_НС,Что такое скрытое состояние в RNN?,prompt6,dialog0077,2-file_gemma3_4b_prompt6_dialog0077,2-file,48.6,41.9,64.1,0.0,0.0,0.0,0.0,0.0,0.0,0.0
gemma3,4.3B,5._Рекуррентные_НС,Какие типы входов и выходов встречаются в задачах RNN?,prompt6,dialog0078,2-file_gemma3_4b_prompt6_dialog0078,2-file,48.6,41.9,64.1,0.0,0.0,0.0,0.0,0.0,0.0,0.0
gemma3,4.3B,5._Рекуррентные_НС,В чем отличие Simple RNN от глубоких RNN?,prompt6,dialog0079,2-file_gemma3_4b_prompt6_dialog0079,2-file,48.6,41.9,64.1,0.0,0.0,0.0,0.0,0.0,0.0,0.0
gemma3,4.3B,5._Рекуррентные_НС,Что такое двунаправленные RNN и зачем они нужны?,prompt6,dialog0080,2-file_gemma3_4b_prompt6_dialog0080,2-file,48.6,41.9,64.1,0.0,0.0,0.0,0.0,0.0,0.0,0.0
gemma3,4.3B,5._Рекуррентные_НС,Как LSTM решает проблему затухающих градиентов?,prompt6,dialog0081,2-file_gemma3_4b_prompt6_dialog0081,2-file,48.6,41.9,64.1,0.0,0.0,0.0,0.0,0.0,0.0,0.0
gemma3,4.3B,5._Рекуррентные_НС,Какие компоненты включает стандартная LSTM ячейка?,prompt6,dialog0082,2-file_gemma3_4b_prompt6_dialog0082,2-file,48.6,41.9,64.1,0.0,0.0,0.0,0.0,0.0,0.0,0.0
gemma3,4.3B,5._Рекуррентные_НС,Чем GRU отличается от LSTM?,prompt6,dialog0083,2-file_gemma3_4b_prompt6_dialog0083,2-file,48.6,41.9,64.1,0.0,0.0,0.0,0.0,0.0,0.0,0.0
gemma3,4.3B,5._Рекуррентные_НС,Зачем нужны замочные скважины (peepholes) в LSTM?,prompt6,dialog0084,2-file_gemma3_4b_prompt6_dialog0084,2-file,48.6,41.9,64.1,0.0,0.0,0.0,0.0,0.0,0.0,0.0
gemma3,4.3B,5._Рекуррентные_НС,Почему нормализация по мини-батчам важна для обучения RNN?,prompt6,dialog0085,2-file_gemma3_4b_prompt6_dialog0085,2-file,48.6,41.9,64.1,0.0,0.0,0.0,0.0,0.0,0.0,0.0
gemma3,4.3B,5._Рекуррентные_НС,В чем трудность применения обычной batch normalization к RNN?,prompt6,dialog0086,2-file_gemma3_4b_prompt6_dialog0086,2-file,48.6,41.9,64.1,0.0,0.0,0.0,0.0,0.0,0.0,0.0
gemma3,4.3B,5._Рекуррентные_НС,Как работает механизм внимания (Attention)?,prompt6,dialog0087,2-file_gemma3_4b_prompt6_dialog0087,2-file,48.6,41.9,64.1,0.0,0.0,0.0,0.0,0.0,0.0,0.0
gemma3,4.3B,5._Рекуррентные_НС,Почему внимание важно в задачах машинного перевода?,prompt6,dialog0088,2-file_gemma3_4b_prompt6_dialog0088,2-file,48.6,41.9,64.1,0.0,0.0,0.0,0.0,0.0,0.0,0.0
gemma3,4.3B,5._Рекуррентные_НС,"Чем Show, Attend and Tell отличается от обычного RNN для обработки изображений?",prompt6,dialog0089,2-file_gemma3_4b_prompt6_dialog0089,2-file,48.6,41.9,64.1,0.0,0.0,0.0,0.0,0.0,0.0,0.0
gemma3,4.3B,5._Рекуррентные_НС,Можно ли автоматически подбирать архитектуру рекуррентной ячейки?,prompt6,dialog0090,2-file_gemma3_4b_prompt6_dialog0090,2-file,48.6,41.9,64.1,0.0,0.0,0.0,0.0,0.0,0.0,0.0
gemma3,4.3B,5._Рекуррентные_НС,"Зачем нужны рекуррентные нейронные сети, если существуют полносвязные и сверточные?",prompt1,dialog0001,2-file_gemma3_4b_prompt1_dialog0001,2-file,55.3,49.6,70.1,0.0,0.0,0.0,0.0,0.0,0.0,0.0
gemma3,4.3B,5._Рекуррентные_НС,Что такое скрытое состояние в RNN?,prompt1,dialog0002,2-file_gemma3_4b_prompt1_dialog0002,2-file,55.3,49.6,70.1,0.0,0.0,0.0,0.0,0.0,0.0,0.0
gemma3,4.3B,5._Рекуррентные_НС,Какие типы входов и выходов встречаются в задачах RNN?,prompt1,dialog0003,2-file_gemma3_4b_prompt1_dialog0003,2-file,55.3,49.6,70.1,0.0,0.0,0.0,0.0,0.0,0.0,0.0
gemma3,4.3B,5._Рекуррентные_НС,В чем отличие Simple RNN от глубоких RNN?,prompt1,dialog0004,2-file_gemma3_4b_prompt1_dialog0004,2-file,55.3,49.6,70.1,0.0,0.0,0.0,0.0,0.0,0.0,0.0
gemma3,4.3B,5._Рекуррентные_НС,Что такое двунаправленные RNN и зачем они нужны?,prompt1,dialog0005,2-file_gemma3_4b_prompt1_dialog0005,2-file,55.3,49.6,70.1,0.0,0.0,0.0,0.0,0.0,0.0,0.0
gemma3,4.3B,5._Рекуррентные_НС,Как LSTM решает проблему затухающих градиентов?,prompt1,dialog0006,2-file_gemma3_4b_prompt1_dialog0006,2-file,55.3,49.6,70.1,0.0,0.0,0.0,0.0,0.0,0.0,0.0
gemma3,4.3B,5._Рекуррентные_НС,Какие компоненты включает стандартная LSTM ячейка?,prompt1,dialog0007,2-file_gemma3_4b_prompt1_dialog0007,2-file,55.3,49.6,70.1,0.0,0.0,0.0,0.0,0.0,0.0,0.0
gemma3,4.3B,5._Рекуррентные_НС,Чем GRU отличается от LSTM?,prompt1,dialog0008,2-file_gemma3_4b_prompt1_dialog0008,2-file,55.3,49.6,70.1,0.0,0.0,0.0,0.0,0.0,0.0,0.0
gemma3,4.3B,5._Рекуррентные_НС,Зачем нужны замочные скважины (peepholes) в LSTM?,prompt1,dialog0009,2-file_gemma3_4b_prompt1_dialog0009,2-file,55.3,49.6,70.1,0.0,0.0,0.0,0.0,0.0,0.0,0.0
gemma3,4.3B,5._Рекуррентные_НС,Почему нормализация по мини-батчам важна для обучения RNN?,prompt1,dialog0010,2-file_gemma3_4b_prompt1_dialog0010,2-file,55.3,49.6,70.1,0.0,0.0,0.0,0.0,0.0,0.0,0.0
gemma3,4.3B,5._Рекуррентные_НС,В чем трудность применения обычной batch normalization к RNN?,prompt1,dialog0011,2-file_gemma3_4b_prompt1_dialog0011,2-file,55.3,49.6,70.1,0.0,0.0,0.0,0.0,0.0,0.0,0.0
gemma3,4.3B,5._Рекуррентные_НС,Как работает механизм внимания (Attention)?,prompt1,dialog0012,2-file_gemma3_4b_prompt1_dialog0012,2-file,55.3,49.6,70.1,0.0,0.0,0.0,0.0,0.0,0.0,0.0
gemma3,4.3B,5._Рекуррентные_НС,Почему внимание важно в задачах машинного перевода?,prompt1,dialog0013,2-file_gemma3_4b_prompt1_dialog0013,2-file,55.3,49.6,70.1,0.0,0.0,0.0,0.0,0.0,0.0,0.0
gemma3,4.3B,5._Рекуррентные_НС,"Чем Show, Attend and Tell отличается от обычного RNN для обработки изображений?",prompt1,dialog0014,2-file_gemma3_4b_prompt1_dialog0014,2-file,55.3,49.6,70.1,0.0,0.0,0.0,0.0,0.0,0.0,0.0
gemma3,4.3B,5._Рекуррентные_НС,Можно ли автоматически подбирать архитектуру рекуррентной ячейки?,prompt1,dialog0015,2-file_gemma3_4b_prompt1_dialog0015,2-file,55.3,49.6,70.1,0.0,0.0,0.0,0.0,0.0,0.0,0.0
gemma3,4.3B,5._Рекуррентные_НС,"Зачем нужны рекуррентные нейронные сети, если существуют полносвязные и сверточные?",prompt1,dialog0226,2-file_gemma3_4b_prompt1_dialog0226,2-file,55.3,49.6,70.1,0.0,0.0,0.0,0.0,0.0,0.0,0.0
gemma3,4.3B,5._Рекуррентные_НС,Что такое скрытое состояние в RNN?,prompt1,dialog0227,2-file_gemma3_4b_prompt1_dialog0227,2-file,55.3,49.6,70.1,0.0,0.0,0.0,0.0,0.0,0.0,0.0
gemma3,4.3B,5._Рекуррентные_НС,Какие типы входов и выходов встречаются в задачах RNN?,prompt1,dialog0228,2-file_gemma3_4b_prompt1_dialog0228,2-file,55.3,49.6,70.1,0.0,0.0,0.0,0.0,0.0,0.0,0.0
gemma3,4.3B,5._Рекуррентные_НС,В чем отличие Simple RNN от глубоких RNN?,prompt1,dialog0229,2-file_gemma3_4b_prompt1_dialog0229,2-file,55.3,49.6,70.1,0.0,0.0,0.0,0.0,0.0,0.0,0.0
gemma3,4.3B,5._Рекуррентные_НС,Что такое двунаправленные RNN и зачем они нужны?,prompt1,dialog0230,2-file_gemma3_4b_prompt1_dialog0230,2-file,55.3,49.6,70.1,0.0,0.0,0.0,0.0,0.0,0.0,0.0
gemma3,4.3B,5._Рекуррентные_НС,Как LSTM решает проблему затухающих градиентов?,prompt1,dialog0231,2-file_gemma3_4b_prompt1_dialog0231,2-file,55.3,49.6,70.1,0.0,0.0,0.0,0.0,0.0,0.0,0.0
gemma3,4.3B,5._Рекуррентные_НС,Какие компоненты включает стандартная LSTM ячейка?,prompt1,dialog0232,2-file_gemma3_4b_prompt1_dialog0232,2-file,55.3,49.6,70.1,0.0,0.0,0.0,0.0,0.0,0.0,0.0
gemma3,4.3B,5._Рекуррентные_НС,Чем GRU отличается от LSTM?,prompt1,dialog0233,2-file_gemma3_4b_prompt1_dialog0233,2-file,55.3,49.6,70.1,0.0,0.0,0.0,0.0,0.0,0.0,0.0
gemma3,4.3B,5._Рекуррентные_НС,Зачем нужны замочные скважины (peepholes) в LSTM?,prompt1,dialog0234,2-file_gemma3_4b_prompt1_dialog0234,2-file,55.3,49.6,70.1,0.0,0.0,0.0,0.0,0.0,0.0,0.0
gemma3,4.3B,5._Рекуррентные_НС,Почему нормализация по мини-батчам важна для обучения RNN?,prompt1,dialog0235,2-file_gemma3_4b_prompt1_dialog0235,2-file,55.3,49.6,70.1,0.0,0.0,0.0,0.0,0.0,0.0,0.0
gemma3,4.3B,5._Рекуррентные_НС,В чем трудность применения обычной batch normalization к RNN?,prompt1,dialog0236,2-file_gemma3_4b_prompt1_dialog0236,2-file,55.3,49.6,70.1,0.0,0.0,0.0,0.0,0.0,0.0,0.0
gemma3,4.3B,5._Рекуррентные_НС,Как работает механизм внимания (Attention)?,prompt1,dialog0237,2-file_gemma3_4b_prompt1_dialog0237,2-file,55.3,49.6,70.1,0.0,0.0,0.0,0.0,0.0,0.0,0.0
gemma3,4.3B,5._Рекуррентные_НС,Почему внимание важно в задачах машинного перевода?,prompt1,dialog0238,2-file_gemma3_4b_prompt1_dialog0238,2-file,55.3,49.6,70.1,0.0,0.0,0.0,0.0,0.0,0.0,0.0
gemma3,4.3B,5._Рекуррентные_НС,"Чем Show, Attend and Tell отличается от обычного RNN для обработки изображений?",prompt1,dialog0239,2-file_gemma3_4b_prompt1_dialog0239,2-file,55.3,49.6,70.1,0.0,0.0,0.0,0.0,0.0,0.0,0.0
gemma3,4.3B,5._Рекуррентные_НС,Можно ли автоматически подбирать архитектуру рекуррентной ячейки?,prompt1,dialog0240,2-file_gemma3_4b_prompt1_dialog0240,2-file,55.3,49.6,70.1,0.0,0.0,0.0,0.0,0.0,0.0,0.0
gemma3,4.3B,5._Рекуррентные_НС,"Зачем нужны рекуррентные нейронные сети, если существуют полносвязные и сверточные?",prompt8,dialog0106,2-file_gemma3_4b_prompt8_dialog0106,2-file,45.9,39.5,65.1,0.0,0.0,0.0,0.0,0.0,0.0,0.0
gemma3,4.3B,5._Рекуррентные_НС,Что такое скрытое состояние в RNN?,prompt8,dialog0107,2-file_gemma3_4b_prompt8_dialog0107,2-file,45.9,39.5,65.1,0.0,0.0,0.0,0.0,0.0,0.0,0.0
gemma3,4.3B,5._Рекуррентные_НС,Какие типы входов и выходов встречаются в задачах RNN?,prompt8,dialog0108,2-file_gemma3_4b_prompt8_dialog0108,2-file,45.9,39.5,65.1,0.0,0.0,0.0,0.0,0.0,0.0,0.0
gemma3,4.3B,5._Рекуррентные_НС,В чем отличие Simple RNN от глубоких RNN?,prompt8,dialog0109,2-file_gemma3_4b_prompt8_dialog0109,2-file,45.9,39.5,65.1,0.0,0.0,0.0,0.0,0.0,0.0,0.0
gemma3,4.3B,5._Рекуррентные_НС,Что такое двунаправленные RNN и зачем они нужны?,prompt8,dialog0110,2-file_gemma3_4b_prompt8_dialog0110,2-file,45.9,39.5,65.1,0.0,0.0,0.0,0.0,0.0,0.0,0.0
gemma3,4.3B,5._Рекуррентные_НС,Как LSTM решает проблему затухающих градиентов?,prompt8,dialog0111,2-file_gemma3_4b_prompt8_dialog0111,2-file,45.9,39.5,65.1,0.0,0.0,0.0,0.0,0.0,0.0,0.0
gemma3,4.3B,5._Рекуррентные_НС,Какие компоненты включает стандартная LSTM ячейка?,prompt8,dialog0112,2-file_gemma3_4b_prompt8_dialog0112,2-file,45.9,39.5,65.1,0.0,0.0,0.0,0.0,0.0,0.0,0.0
gemma3,4.3B,5._Рекуррентные_НС,Чем GRU отличается от LSTM?,prompt8,dialog0113,2-file_gemma3_4b_prompt8_dialog0113,2-file,45.9,39.5,65.1,0.0,0.0,0.0,0.0,0.0,0.0,0.0
gemma3,4.3B,5._Рекуррентные_НС,Зачем нужны замочные скважины (peepholes) в LSTM?,prompt8,dialog0114,2-file_gemma3_4b_prompt8_dialog0114,2-file,45.9,39.5,65.1,0.0,0.0,0.0,0.0,0.0,0.0,0.0
gemma3,4.3B,5._Рекуррентные_НС,Почему нормализация по мини-батчам важна для обучения RNN?,prompt8,dialog0115,2-file_gemma3_4b_prompt8_dialog0115,2-file,45.9,39.5,65.1,0.0,0.0,0.0,0.0,0.0,0.0,0.0
gemma3,4.3B,5._Рекуррентные_НС,В чем трудность применения обычной batch normalization к RNN?,prompt8,dialog0116,2-file_gemma3_4b_prompt8_dialog0116,2-file,45.9,39.5,65.1,0.0,0.0,0.0,0.0,0.0,0.0,0.0
gemma3,4.3B,5._Рекуррентные_НС,Как работает механизм внимания (Attention)?,prompt8,dialog0117,2-file_gemma3_4b_prompt8_dialog0117,2-file,45.9,39.5,65.1,0.0,0.0,0.0,0.0,0.0,0.0,0.0
gemma3,4.3B,5._Рекуррентные_НС,Почему внимание важно в задачах машинного перевода?,prompt8,dialog0118,2-file_gemma3_4b_prompt8_dialog0118,2-file,45.9,39.5,65.1,0.0,0.0,0.0,0.0,0.0,0.0,0.0
gemma3,4.3B,5._Рекуррентные_НС,"Чем Show, Attend and Tell отличается от обычного RNN для обработки изображений?",prompt8,dialog0119,2-file_gemma3_4b_prompt8_dialog0119,2-file,45.9,39.5,65.1,0.0,0.0,0.0,0.0,0.0,0.0,0.0
gemma3,4.3B,5._Рекуррентные_НС,Можно ли автоматически подбирать архитектуру рекуррентной ячейки?,prompt8,dialog0120,2-file_gemma3_4b_prompt8_dialog0120,2-file,45.9,39.5,65.1,0.0,0.0,0.0,0.0,0.0,0.0,0.0
gemma3,4.3B,5._Рекуррентные_НС,"Зачем нужны рекуррентные нейронные сети, если существуют полносвязные и сверточные?",prompt11,dialog0151,2-file_gemma3_4b_prompt11_dialog0151,2-file,55.8,49.7,72.6,0.0,0.0,0.0,0.0,0.0,0.0,0.0
gemma3,4.3B,5._Рекуррентные_НС,Что такое скрытое состояние в RNN?,prompt11,dialog0152,2-file_gemma3_4b_prompt11_dialog0152,2-file,55.8,49.7,72.6,0.0,0.0,0.0,0.0,0.0,0.0,0.0
gemma3,4.3B,5._Рекуррентные_НС,Какие типы входов и выходов встречаются в задачах RNN?,prompt11,dialog0153,2-file_gemma3_4b_prompt11_dialog0153,2-file,55.8,49.7,72.6,0.0,0.0,0.0,0.0,0.0,0.0,0.0
gemma3,4.3B,5._Рекуррентные_НС,В чем отличие Simple RNN от глубоких RNN?,prompt11,dialog0154,2-file_gemma3_4b_prompt11_dialog0154,2-file,55.8,49.7,72.6,0.0,0.0,0.0,0.0,0.0,0.0,0.0
gemma3,4.3B,5._Рекуррентные_НС,Что такое двунаправленные RNN и зачем они нужны?,prompt11,dialog0155,2-file_gemma3_4b_prompt11_dialog0155,2-file,55.8,49.7,72.6,0.0,0.0,0.0,0.0,0.0,0.0,0.0
gemma3,4.3B,5._Рекуррентные_НС,Как LSTM решает проблему затухающих градиентов?,prompt11,dialog0156,2-file_gemma3_4b_prompt11_dialog0156,2-file,55.8,49.7,72.6,0.0,0.0,0.0,0.0,0.0,0.0,0.0
gemma3,4.3B,5._Рекуррентные_НС,Какие компоненты включает стандартная LSTM ячейка?,prompt11,dialog0157,2-file_gemma3_4b_prompt11_dialog0157,2-file,55.8,49.7,72.6,0.0,0.0,0.0,0.0,0.0,0.0,0.0
gemma3,4.3B,5._Рекуррентные_НС,Чем GRU отличается от LSTM?,prompt11,dialog0158,2-file_gemma3_4b_prompt11_dialog0158,2-file,55.8,49.7,72.6,0.0,0.0,0.0,0.0,0.0,0.0,0.0
gemma3,4.3B,5._Рекуррентные_НС,Зачем нужны замочные скважины (peepholes) в LSTM?,prompt11,dialog0159,2-file_gemma3_4b_prompt11_dialog0159,2-file,55.8,49.7,72.6,0.0,0.0,0.0,0.0,0.0,0.0,0.0
gemma3,4.3B,5._Рекуррентные_НС,Почему нормализация по мини-батчам важна для обучения RNN?,prompt11,dialog0160,2-file_gemma3_4b_prompt11_dialog0160,2-file,55.8,49.7,72.6,0.0,0.0,0.0,0.0,0.0,0.0,0.0
gemma3,4.3B,5._Рекуррентные_НС,В чем трудность применения обычной batch normalization к RNN?,prompt11,dialog0161,2-file_gemma3_4b_prompt11_dialog0161,2-file,55.8,49.7,72.6,0.0,0.0,0.0,0.0,0.0,0.0,0.0
gemma3,4.3B,5._Рекуррентные_НС,Как работает механизм внимания (Attention)?,prompt11,dialog0162,2-file_gemma3_4b_prompt11_dialog0162,2-file,55.8,49.7,72.6,0.0,0.0,0.0,0.0,0.0,0.0,0.0
gemma3,4.3B,5._Рекуррентные_НС,Почему внимание важно в задачах машинного перевода?,prompt11,dialog0163,2-file_gemma3_4b_prompt11_dialog0163,2-file,55.8,49.7,72.6,0.0,0.0,0.0,0.0,0.0,0.0,0.0
gemma3,4.3B,5._Рекуррентные_НС,"Чем Show, Attend and Tell отличается от обычного RNN для обработки изображений?",prompt11,dialog0164,2-file_gemma3_4b_prompt11_dialog0164,2-file,55.8,49.7,72.6,0.0,0.0,0.0,0.0,0.0,0.0,0.0
gemma3,4.3B,5._Рекуррентные_НС,Можно ли автоматически подбирать архитектуру рекуррентной ячейки?,prompt11,dialog0165,2-file_gemma3_4b_prompt11_dialog0165,2-file,55.8,49.7,72.6,0.0,0.0,0.0,0.0,0.0,0.0,0.0
phi4-mini,3.8B,5._Рекуррентные_НС,"Зачем нужны рекуррентные нейронные сети, если существуют полносвязные и сверточные?",prompt14,dialog0421,2-file_phi4-mini_3.8b_prompt14_dialog0421,2-file,0.0,0.0,0.0,0.0,0.0,0.0,0.0,0.0,0.0,0.0
phi4-mini,3.8B,5._Рекуррентные_НС,Что такое скрытое состояние в RNN?,prompt14,dialog0422,2-file_phi4-mini_3.8b_prompt14_dialog0422,2-file,0.0,0.0,0.0,0.0,0.0,0.0,0.0,0.0,0.0,0.0
phi4-mini,3.8B,5._Рекуррентные_НС,Какие типы входов и выходов встречаются в задачах RNN?,prompt14,dialog0423,2-file_phi4-mini_3.8b_prompt14_dialog0423,2-file,0.0,0.0,0.0,0.0,0.0,0.0,0.0,0.0,0.0,0.0
phi4-mini,3.8B,5._Рекуррентные_НС,В чем отличие Simple RNN от глубоких RNN?,prompt14,dialog0424,2-file_phi4-mini_3.8b_prompt14_dialog0424,2-file,0.0,0.0,0.0,0.0,0.0,0.0,0.0,0.0,0.0,0.0
phi4-mini,3.8B,5._Рекуррентные_НС,Что такое двунаправленные RNN и зачем они нужны?,prompt14,dialog0425,2-file_phi4-mini_3.8b_prompt14_dialog0425,2-file,0.0,0.0,0.0,0.0,0.0,0.0,0.0,0.0,0.0,0.0
phi4-mini,3.8B,5._Рекуррентные_НС,Как LSTM решает проблему затухающих градиентов?,prompt14,dialog0426,2-file_phi4-mini_3.8b_prompt14_dialog0426,2-file,0.0,0.0,0.0,0.0,0.0,0.0,0.0,0.0,0.0,0.0
phi4-mini,3.8B,5._Рекуррентные_НС,Какие компоненты включает стандартная LSTM ячейка?,prompt14,dialog0427,2-file_phi4-mini_3.8b_prompt14_dialog0427,2-file,0.0,0.0,0.0,0.0,0.0,0.0,0.0,0.0,0.0,0.0
phi4-mini,3.8B,5._Рекуррентные_НС,Чем GRU отличается от LSTM?,prompt14,dialog0428,2-file_phi4-mini_3.8b_prompt14_dialog0428,2-file,0.0,0.0,0.0,0.0,0.0,0.0,0.0,0.0,0.0,0.0
phi4-mini,3.8B,5._Рекуррентные_НС,Зачем нужны замочные скважины (peepholes) в LSTM?,prompt14,dialog0429,2-file_phi4-mini_3.8b_prompt14_dialog0429,2-file,0.0,0.0,0.0,0.0,0.0,0.0,0.0,0.0,0.0,0.0
phi4-mini,3.8B,5._Рекуррентные_НС,Почему нормализация по мини-батчам важна для обучения RNN?,prompt14,dialog0430,2-file_phi4-mini_3.8b_prompt14_dialog0430,2-file,0.0,0.0,0.0,0.0,0.0,0.0,0.0,0.0,0.0,0.0
phi4-mini,3.8B,5._Рекуррентные_НС,В чем трудность применения обычной batch normalization к RNN?,prompt14,dialog0431,2-file_phi4-mini_3.8b_prompt14_dialog0431,2-file,0.0,0.0,0.0,0.0,0.0,0.0,0.0,0.0,0.0,0.0
phi4-mini,3.8B,5._Рекуррентные_НС,Как работает механизм внимания (Attention)?,prompt14,dialog0432,2-file_phi4-mini_3.8b_prompt14_dialog0432,2-file,0.0,0.0,0.0,0.0,0.0,0.0,0.0,0.0,0.0,0.0
phi4-mini,3.8B,5._Рекуррентные_НС,Почему внимание важно в задачах машинного перевода?,prompt14,dialog0433,2-file_phi4-mini_3.8b_prompt14_dialog0433,2-file,0.0,0.0,0.0,0.0,0.0,0.0,0.0,0.0,0.0,0.0
phi4-mini,3.8B,5._Рекуррентные_НС,"Чем Show, Attend and Tell отличается от обычного RNN для обработки изображений?",prompt14,dialog0434,2-file_phi4-mini_3.8b_prompt14_dialog0434,2-file,0.0,0.0,0.0,0.0,0.0,0.0,0.0,0.0,0.0,0.0
phi4-mini,3.8B,5._Рекуррентные_НС,Можно ли автоматически подбирать архитектуру рекуррентной ячейки?,prompt14,dialog0435,2-file_phi4-mini_3.8b_prompt14_dialog0435,2-file,0.0,0.0,0.0,0.0,0.0,0.0,0.0,0.0,0.0,0.0
phi4-mini,3.8B,5._Рекуррентные_НС,"Зачем нужны рекуррентные нейронные сети, если существуют полносвязные и сверточные?",prompt13,dialog0406,2-file_phi4-mini_3.8b_prompt13_dialog0406,2-file,0.0,0.0,0.0,0.0,0.0,0.0,0.0,0.0,0.0,0.0
phi4-mini,3.8B,5._Рекуррентные_НС,Что такое скрытое состояние в RNN?,prompt13,dialog0407,2-file_phi4-mini_3.8b_prompt13_dialog0407,2-file,0.0,0.0,0.0,0.0,0.0,0.0,0.0,0.0,0.0,0.0
phi4-mini,3.8B,5._Рекуррентные_НС,Какие типы входов и выходов встречаются в задачах RNN?,prompt13,dialog0408,2-file_phi4-mini_3.8b_prompt13_dialog0408,2-file,0.0,0.0,0.0,0.0,0.0,0.0,0.0,0.0,0.0,0.0
phi4-mini,3.8B,5._Рекуррентные_НС,В чем отличие Simple RNN от глубоких RNN?,prompt13,dialog0409,2-file_phi4-mini_3.8b_prompt13_dialog0409,2-file,0.0,0.0,0.0,0.0,0.0,0.0,0.0,0.0,0.0,0.0
phi4-mini,3.8B,5._Рекуррентные_НС,Что такое двунаправленные RNN и зачем они нужны?,prompt13,dialog0410,2-file_phi4-mini_3.8b_prompt13_dialog0410,2-file,0.0,0.0,0.0,0.0,0.0,0.0,0.0,0.0,0.0,0.0
phi4-mini,3.8B,5._Рекуррентные_НС,Как LSTM решает проблему затухающих градиентов?,prompt13,dialog0411,2-file_phi4-mini_3.8b_prompt13_dialog0411,2-file,0.0,0.0,0.0,0.0,0.0,0.0,0.0,0.0,0.0,0.0
phi4-mini,3.8B,5._Рекуррентные_НС,Какие компоненты включает стандартная LSTM ячейка?,prompt13,dialog0412,2-file_phi4-mini_3.8b_prompt13_dialog0412,2-file,0.0,0.0,0.0,0.0,0.0,0.0,0.0,0.0,0.0,0.0
phi4-mini,3.8B,5._Рекуррентные_НС,Чем GRU отличается от LSTM?,prompt13,dialog0413,2-file_phi4-mini_3.8b_prompt13_dialog0413,2-file,0.0,0.0,0.0,0.0,0.0,0.0,0.0,0.0,0.0,0.0
phi4-mini,3.8B,5._Рекуррентные_НС,Зачем нужны замочные скважины (peepholes) в LSTM?,prompt13,dialog0414,2-file_phi4-mini_3.8b_prompt13_dialog0414,2-file,0.0,0.0,0.0,0.0,0.0,0.0,0.0,0.0,0.0,0.0
phi4-mini,3.8B,5._Рекуррентные_НС,Почему нормализация по мини-батчам важна для обучения RNN?,prompt13,dialog0415,2-file_phi4-mini_3.8b_prompt13_dialog0415,2-file,0.0,0.0,0.0,0.0,0.0,0.0,0.0,0.0,0.0,0.0
phi4-mini,3.8B,5._Рекуррентные_НС,В чем трудность применения обычной batch normalization к RNN?,prompt13,dialog0416,2-file_phi4-mini_3.8b_prompt13_dialog0416,2-file,0.0,0.0,0.0,0.0,0.0,0.0,0.0,0.0,0.0,0.0
phi4-mini,3.8B,5._Рекуррентные_НС,Как работает механизм внимания (Attention)?,prompt13,dialog0417,2-file_phi4-mini_3.8b_prompt13_dialog0417,2-file,0.0,0.0,0.0,0.0,0.0,0.0,0.0,0.0,0.0,0.0
phi4-mini,3.8B,5._Рекуррентные_НС,Почему внимание важно в задачах машинного перевода?,prompt13,dialog0418,2-file_phi4-mini_3.8b_prompt13_dialog0418,2-file,0.0,0.0,0.0,0.0,0.0,0.0,0.0,0.0,0.0,0.0
phi4-mini,3.8B,5._Рекуррентные_НС,"Чем Show, Attend and Tell отличается от обычного RNN для обработки изображений?",prompt13,dialog0419,2-file_phi4-mini_3.8b_prompt13_dialog0419,2-file,0.0,0.0,0.0,0.0,0.0,0.0,0.0,0.0,0.0,0.0
phi4-mini,3.8B,5._Рекуррентные_НС,Можно ли автоматически подбирать архитектуру рекуррентной ячейки?,prompt13,dialog0420,2-file_phi4-mini_3.8b_prompt13_dialog0420,2-file,0.0,0.0,0.0,0.0,0.0,0.0,0.0,0.0,0.0,0.0
phi4-mini,3.8B,5._Рекуррентные_НС,"Зачем нужны рекуррентные нейронные сети, если существуют полносвязные и сверточные?",prompt4,dialog0271,2-file_phi4-mini_3.8b_prompt4_dialog0271,2-file,0.0,0.0,0.0,0.0,0.0,0.0,0.0,0.0,0.0,0.0
phi4-mini,3.8B,5._Рекуррентные_НС,Что такое скрытое состояние в RNN?,prompt4,dialog0272,2-file_phi4-mini_3.8b_prompt4_dialog0272,2-file,0.0,0.0,0.0,0.0,0.0,0.0,0.0,0.0,0.0,0.0
phi4-mini,3.8B,5._Рекуррентные_НС,Какие типы входов и выходов встречаются в задачах RNN?,prompt4,dialog0273,2-file_phi4-mini_3.8b_prompt4_dialog0273,2-file,0.0,0.0,0.0,0.0,0.0,0.0,0.0,0.0,0.0,0.0
phi4-mini,3.8B,5._Рекуррентные_НС,В чем отличие Simple RNN от глубоких RNN?,prompt4,dialog0274,2-file_phi4-mini_3.8b_prompt4_dialog0274,2-file,0.0,0.0,0.0,0.0,0.0,0.0,0.0,0.0,0.0,0.0
phi4-mini,3.8B,5._Рекуррентные_НС,Что такое двунаправленные RNN и зачем они нужны?,prompt4,dialog0275,2-file_phi4-mini_3.8b_prompt4_dialog0275,2-file,0.0,0.0,0.0,0.0,0.0,0.0,0.0,0.0,0.0,0.0
phi4-mini,3.8B,5._Рекуррентные_НС,Как LSTM решает проблему затухающих градиентов?,prompt4,dialog0276,2-file_phi4-mini_3.8b_prompt4_dialog0276,2-file,0.0,0.0,0.0,0.0,0.0,0.0,0.0,0.0,0.0,0.0
phi4-mini,3.8B,5._Рекуррентные_НС,Какие компоненты включает стандартная LSTM ячейка?,prompt4,dialog0277,2-file_phi4-mini_3.8b_prompt4_dialog0277,2-file,0.0,0.0,0.0,0.0,0.0,0.0,0.0,0.0,0.0,0.0
phi4-mini,3.8B,5._Рекуррентные_НС,Чем GRU отличается от LSTM?,prompt4,dialog0278,2-file_phi4-mini_3.8b_prompt4_dialog0278,2-file,0.0,0.0,0.0,0.0,0.0,0.0,0.0,0.0,0.0,0.0
phi4-mini,3.8B,5._Рекуррентные_НС,Зачем нужны замочные скважины (peepholes) в LSTM?,prompt4,dialog0279,2-file_phi4-mini_3.8b_prompt4_dialog0279,2-file,0.0,0.0,0.0,0.0,0.0,0.0,0.0,0.0,0.0,0.0
phi4-mini,3.8B,5._Рекуррентные_НС,Почему нормализация по мини-батчам важна для обучения RNN?,prompt4,dialog0280,2-file_phi4-mini_3.8b_prompt4_dialog0280,2-file,0.0,0.0,0.0,0.0,0.0,0.0,0.0,0.0,0.0,0.0
phi4-mini,3.8B,5._Рекуррентные_НС,В чем трудность применения обычной batch normalization к RNN?,prompt4,dialog0281,2-file_phi4-mini_3.8b_prompt4_dialog0281,2-file,0.0,0.0,0.0,0.0,0.0,0.0,0.0,0.0,0.0,0.0
phi4-mini,3.8B,5._Рекуррентные_НС,Как работает механизм внимания (Attention)?,prompt4,dialog0282,2-file_phi4-mini_3.8b_prompt4_dialog0282,2-file,0.0,0.0,0.0,0.0,0.0,0.0,0.0,0.0,0.0,0.0
phi4-mini,3.8B,5._Рекуррентные_НС,Почему внимание важно в задачах машинного перевода?,prompt4,dialog0283,2-file_phi4-mini_3.8b_prompt4_dialog0283,2-file,0.0,0.0,0.0,0.0,0.0,0.0,0.0,0.0,0.0,0.0
phi4-mini,3.8B,5._Рекуррентные_НС,"Чем Show, Attend and Tell отличается от обычного RNN для обработки изображений?",prompt4,dialog0284,2-file_phi4-mini_3.8b_prompt4_dialog0284,2-file,0.0,0.0,0.0,0.0,0.0,0.0,0.0,0.0,0.0,0.0
phi4-mini,3.8B,5._Рекуррентные_НС,Можно ли автоматически подбирать архитектуру рекуррентной ячейки?,prompt4,dialog0285,2-file_phi4-mini_3.8b_prompt4_dialog0285,2-file,0.0,0.0,0.0,0.0,0.0,0.0,0.0,0.0,0.0,0.0
phi4-mini,3.8B,5._Рекуррентные_НС,"Зачем нужны рекуррентные нейронные сети, если существуют полносвязные и сверточные?",prompt3,dialog0256,2-file_phi4-mini_3.8b_prompt3_dialog0256,2-file,0.0,0.0,0.0,0.0,0.0,0.0,0.0,0.0,0.0,0.0
phi4-mini,3.8B,5._Рекуррентные_НС,Что такое скрытое состояние в RNN?,prompt3,dialog0257,2-file_phi4-mini_3.8b_prompt3_dialog0257,2-file,0.0,0.0,0.0,0.0,0.0,0.0,0.0,0.0,0.0,0.0
phi4-mini,3.8B,5._Рекуррентные_НС,Какие типы входов и выходов встречаются в задачах RNN?,prompt3,dialog0258,2-file_phi4-mini_3.8b_prompt3_dialog0258,2-file,0.0,0.0,0.0,0.0,0.0,0.0,0.0,0.0,0.0,0.0
phi4-mini,3.8B,5._Рекуррентные_НС,В чем отличие Simple RNN от глубоких RNN?,prompt3,dialog0259,2-file_phi4-mini_3.8b_prompt3_dialog0259,2-file,0.0,0.0,0.0,0.0,0.0,0.0,0.0,0.0,0.0,0.0
phi4-mini,3.8B,5._Рекуррентные_НС,Что такое двунаправленные RNN и зачем они нужны?,prompt3,dialog0260,2-file_phi4-mini_3.8b_prompt3_dialog0260,2-file,0.0,0.0,0.0,0.0,0.0,0.0,0.0,0.0,0.0,0.0
phi4-mini,3.8B,5._Рекуррентные_НС,Как LSTM решает проблему затухающих градиентов?,prompt3,dialog0261,2-file_phi4-mini_3.8b_prompt3_dialog0261,2-file,0.0,0.0,0.0,0.0,0.0,0.0,0.0,0.0,0.0,0.0
phi4-mini,3.8B,5._Рекуррентные_НС,Какие компоненты включает стандартная LSTM ячейка?,prompt3,dialog0262,2-file_phi4-mini_3.8b_prompt3_dialog0262,2-file,0.0,0.0,0.0,0.0,0.0,0.0,0.0,0.0,0.0,0.0
phi4-mini,3.8B,5._Рекуррентные_НС,Чем GRU отличается от LSTM?,prompt3,dialog0263,2-file_phi4-mini_3.8b_prompt3_dialog0263,2-file,0.0,0.0,0.0,0.0,0.0,0.0,0.0,0.0,0.0,0.0
phi4-mini,3.8B,5._Рекуррентные_НС,Зачем нужны замочные скважины (peepholes) в LSTM?,prompt3,dialog0264,2-file_phi4-mini_3.8b_prompt3_dialog0264,2-file,0.0,0.0,0.0,0.0,0.0,0.0,0.0,0.0,0.0,0.0
phi4-mini,3.8B,5._Рекуррентные_НС,Почему нормализация по мини-батчам важна для обучения RNN?,prompt3,dialog0265,2-file_phi4-mini_3.8b_prompt3_dialog0265,2-file,0.0,0.0,0.0,0.0,0.0,0.0,0.0,0.0,0.0,0.0
phi4-mini,3.8B,5._Рекуррентные_НС,В чем трудность применения обычной batch normalization к RNN?,prompt3,dialog0266,2-file_phi4-mini_3.8b_prompt3_dialog0266,2-file,0.0,0.0,0.0,0.0,0.0,0.0,0.0,0.0,0.0,0.0
phi4-mini,3.8B,5._Рекуррентные_НС,Как работает механизм внимания (Attention)?,prompt3,dialog0267,2-file_phi4-mini_3.8b_prompt3_dialog0267,2-file,0.0,0.0,0.0,0.0,0.0,0.0,0.0,0.0,0.0,0.0
phi4-mini,3.8B,5._Рекуррентные_НС,Почему внимание важно в задачах машинного перевода?,prompt3,dialog0268,2-file_phi4-mini_3.8b_prompt3_dialog0268,2-file,0.0,0.0,0.0,0.0,0.0,0.0,0.0,0.0,0.0,0.0
phi4-mini,3.8B,5._Рекуррентные_НС,"Чем Show, Attend and Tell отличается от обычного RNN для обработки изображений?",prompt3,dialog0269,2-file_phi4-mini_3.8b_prompt3_dialog0269,2-file,0.0,0.0,0.0,0.0,0.0,0.0,0.0,0.0,0.0,0.0
phi4-mini,3.8B,5._Рекуррентные_НС,Можно ли автоматически подбирать архитектуру рекуррентной ячейки?,prompt3,dialog0270,2-file_phi4-mini_3.8b_prompt3_dialog0270,2-file,0.0,0.0,0.0,0.0,0.0,0.0,0.0,0.0,0.0,0.0
phi4-mini,3.8B,5._Рекуррентные_НС,"Зачем нужны рекуррентные нейронные сети, если существуют полносвязные и сверточные?",prompt2,dialog0016,2-file_phi4-mini_3.8b_prompt2_dialog0016,2-file,0.0,0.0,0.0,0.0,0.0,0.0,0.0,0.0,0.0,0.0
phi4-mini,3.8B,5._Рекуррентные_НС,Что такое скрытое состояние в RNN?,prompt2,dialog0017,2-file_phi4-mini_3.8b_prompt2_dialog0017,2-file,0.0,0.0,0.0,0.0,0.0,0.0,0.0,0.0,0.0,0.0
phi4-mini,3.8B,5._Рекуррентные_НС,Какие типы входов и выходов встречаются в задачах RNN?,prompt2,dialog0018,2-file_phi4-mini_3.8b_prompt2_dialog0018,2-file,0.0,0.0,0.0,0.0,0.0,0.0,0.0,0.0,0.0,0.0
phi4-mini,3.8B,5._Рекуррентные_НС,В чем отличие Simple RNN от глубоких RNN?,prompt2,dialog0019,2-file_phi4-mini_3.8b_prompt2_dialog0019,2-file,0.0,0.0,0.0,0.0,0.0,0.0,0.0,0.0,0.0,0.0
phi4-mini,3.8B,5._Рекуррентные_НС,Что такое двунаправленные RNN и зачем они нужны?,prompt2,dialog0020,2-file_phi4-mini_3.8b_prompt2_dialog0020,2-file,0.0,0.0,0.0,0.0,0.0,0.0,0.0,0.0,0.0,0.0
phi4-mini,3.8B,5._Рекуррентные_НС,Как LSTM решает проблему затухающих градиентов?,prompt2,dialog0021,2-file_phi4-mini_3.8b_prompt2_dialog0021,2-file,0.0,0.0,0.0,0.0,0.0,0.0,0.0,0.0,0.0,0.0
phi4-mini,3.8B,5._Рекуррентные_НС,Какие компоненты включает стандартная LSTM ячейка?,prompt2,dialog0022,2-file_phi4-mini_3.8b_prompt2_dialog0022,2-file,0.0,0.0,0.0,0.0,0.0,0.0,0.0,0.0,0.0,0.0
phi4-mini,3.8B,5._Рекуррентные_НС,Чем GRU отличается от LSTM?,prompt2,dialog0023,2-file_phi4-mini_3.8b_prompt2_dialog0023,2-file,0.0,0.0,0.0,0.0,0.0,0.0,0.0,0.0,0.0,0.0
phi4-mini,3.8B,5._Рекуррентные_НС,Зачем нужны замочные скважины (peepholes) в LSTM?,prompt2,dialog0024,2-file_phi4-mini_3.8b_prompt2_dialog0024,2-file,0.0,0.0,0.0,0.0,0.0,0.0,0.0,0.0,0.0,0.0
phi4-mini,3.8B,5._Рекуррентные_НС,Почему нормализация по мини-батчам важна для обучения RNN?,prompt2,dialog0025,2-file_phi4-mini_3.8b_prompt2_dialog0025,2-file,0.0,0.0,0.0,0.0,0.0,0.0,0.0,0.0,0.0,0.0
phi4-mini,3.8B,5._Рекуррентные_НС,В чем трудность применения обычной batch normalization к RNN?,prompt2,dialog0026,2-file_phi4-mini_3.8b_prompt2_dialog0026,2-file,0.0,0.0,0.0,0.0,0.0,0.0,0.0,0.0,0.0,0.0
phi4-mini,3.8B,5._Рекуррентные_НС,Как работает механизм внимания (Attention)?,prompt2,dialog0027,2-file_phi4-mini_3.8b_prompt2_dialog0027,2-file,0.0,0.0,0.0,0.0,0.0,0.0,0.0,0.0,0.0,0.0
phi4-mini,3.8B,5._Рекуррентные_НС,Почему внимание важно в задачах машинного перевода?,prompt2,dialog0028,2-file_phi4-mini_3.8b_prompt2_dialog0028,2-file,0.0,0.0,0.0,0.0,0.0,0.0,0.0,0.0,0.0,0.0
phi4-mini,3.8B,5._Рекуррентные_НС,"Чем Show, Attend and Tell отличается от обычного RNN для обработки изображений?",prompt2,dialog0029,2-file_phi4-mini_3.8b_prompt2_dialog0029,2-file,0.0,0.0,0.0,0.0,0.0,0.0,0.0,0.0,0.0,0.0
phi4-mini,3.8B,5._Рекуррентные_НС,Можно ли автоматически подбирать архитектуру рекуррентной ячейки?,prompt2,dialog0030,2-file_phi4-mini_3.8b_prompt2_dialog0030,2-file,0.0,0.0,0.0,0.0,0.0,0.0,0.0,0.0,0.0,0.0
phi4-mini,3.8B,5._Рекуррентные_НС,"Зачем нужны рекуррентные нейронные сети, если существуют полносвязные и сверточные?",prompt5,dialog0286,2-file_phi4-mini_3.8b_prompt5_dialog0286,2-file,0.0,0.0,0.0,0.0,0.0,0.0,0.0,0.0,0.0,0.0
phi4-mini,3.8B,5._Рекуррентные_НС,Что такое скрытое состояние в RNN?,prompt5,dialog0287,2-file_phi4-mini_3.8b_prompt5_dialog0287,2-file,0.0,0.0,0.0,0.0,0.0,0.0,0.0,0.0,0.0,0.0
phi4-mini,3.8B,5._Рекуррентные_НС,Какие типы входов и выходов встречаются в задачах RNN?,prompt5,dialog0288,2-file_phi4-mini_3.8b_prompt5_dialog0288,2-file,0.0,0.0,0.0,0.0,0.0,0.0,0.0,0.0,0.0,0.0
phi4-mini,3.8B,5._Рекуррентные_НС,В чем отличие Simple RNN от глубоких RNN?,prompt5,dialog0289,2-file_phi4-mini_3.8b_prompt5_dialog0289,2-file,0.0,0.0,0.0,0.0,0.0,0.0,0.0,0.0,0.0,0.0
phi4-mini,3.8B,5._Рекуррентные_НС,Что такое двунаправленные RNN и зачем они нужны?,prompt5,dialog0290,2-file_phi4-mini_3.8b_prompt5_dialog0290,2-file,0.0,0.0,0.0,0.0,0.0,0.0,0.0,0.0,0.0,0.0
phi4-mini,3.8B,5._Рекуррентные_НС,Как LSTM решает проблему затухающих градиентов?,prompt5,dialog0291,2-file_phi4-mini_3.8b_prompt5_dialog0291,2-file,0.0,0.0,0.0,0.0,0.0,0.0,0.0,0.0,0.0,0.0
phi4-mini,3.8B,5._Рекуррентные_НС,Какие компоненты включает стандартная LSTM ячейка?,prompt5,dialog0292,2-file_phi4-mini_3.8b_prompt5_dialog0292,2-file,0.0,0.0,0.0,0.0,0.0,0.0,0.0,0.0,0.0,0.0
phi4-mini,3.8B,5._Рекуррентные_НС,Чем GRU отличается от LSTM?,prompt5,dialog0293,2-file_phi4-mini_3.8b_prompt5_dialog0293,2-file,0.0,0.0,0.0,0.0,0.0,0.0,0.0,0.0,0.0,0.0
phi4-mini,3.8B,5._Рекуррентные_НС,Зачем нужны замочные скважины (peepholes) в LSTM?,prompt5,dialog0294,2-file_phi4-mini_3.8b_prompt5_dialog0294,2-file,0.0,0.0,0.0,0.0,0.0,0.0,0.0,0.0,0.0,0.0
phi4-mini,3.8B,5._Рекуррентные_НС,Почему нормализация по мини-батчам важна для обучения RNN?,prompt5,dialog0295,2-file_phi4-mini_3.8b_prompt5_dialog0295,2-file,0.0,0.0,0.0,0.0,0.0,0.0,0.0,0.0,0.0,0.0
phi4-mini,3.8B,5._Рекуррентные_НС,В чем трудность применения обычной batch normalization к RNN?,prompt5,dialog0296,2-file_phi4-mini_3.8b_prompt5_dialog0296,2-file,0.0,0.0,0.0,0.0,0.0,0.0,0.0,0.0,0.0,0.0
phi4-mini,3.8B,5._Рекуррентные_НС,Как работает механизм внимания (Attention)?,prompt5,dialog0297,2-file_phi4-mini_3.8b_prompt5_dialog0297,2-file,0.0,0.0,0.0,0.0,0.0,0.0,0.0,0.0,0.0,0.0
phi4-mini,3.8B,5._Рекуррентные_НС,Почему внимание важно в задачах машинного перевода?,prompt5,dialog0298,2-file_phi4-mini_3.8b_prompt5_dialog0298,2-file,0.0,0.0,0.0,0.0,0.0,0.0,0.0,0.0,0.0,0.0
phi4-mini,3.8B,5._Рекуррентные_НС,"Чем Show, Attend and Tell отличается от обычного RNN для обработки изображений?",prompt5,dialog0299,2-file_phi4-mini_3.8b_prompt5_dialog0299,2-file,0.0,0.0,0.0,0.0,0.0,0.0,0.0,0.0,0.0,0.0
phi4-mini,3.8B,5._Рекуррентные_НС,Можно ли автоматически подбирать архитектуру рекуррентной ячейки?,prompt5,dialog0300,2-file_phi4-mini_3.8b_prompt5_dialog0300,2-file,0.0,0.0,0.0,0.0,0.0,0.0,0.0,0.0,0.0,0.0
phi4-mini,3.8B,5._Рекуррентные_НС,"Зачем нужны рекуррентные нейронные сети, если существуют полносвязные и сверточные?",prompt12,dialog0391,2-file_phi4-mini_3.8b_prompt12_dialog0391,2-file,0.0,0.0,0.0,0.0,0.0,0.0,0.0,0.0,0.0,0.0
phi4-mini,3.8B,5._Рекуррентные_НС,Что такое скрытое состояние в RNN?,prompt12,dialog0392,2-file_phi4-mini_3.8b_prompt12_dialog0392,2-file,0.0,0.0,0.0,0.0,0.0,0.0,0.0,0.0,0.0,0.0
phi4-mini,3.8B,5._Рекуррентные_НС,Какие типы входов и выходов встречаются в задачах RNN?,prompt12,dialog0393,2-file_phi4-mini_3.8b_prompt12_dialog0393,2-file,0.0,0.0,0.0,0.0,0.0,0.0,0.0,0.0,0.0,0.0
phi4-mini,3.8B,5._Рекуррентные_НС,В чем отличие Simple RNN от глубоких RNN?,prompt12,dialog0394,2-file_phi4-mini_3.8b_prompt12_dialog0394,2-file,0.0,0.0,0.0,0.0,0.0,0.0,0.0,0.0,0.0,0.0
phi4-mini,3.8B,5._Рекуррентные_НС,Что такое двунаправленные RNN и зачем они нужны?,prompt12,dialog0395,2-file_phi4-mini_3.8b_prompt12_dialog0395,2-file,0.0,0.0,0.0,0.0,0.0,0.0,0.0,0.0,0.0,0.0
phi4-mini,3.8B,5._Рекуррентные_НС,Как LSTM решает проблему затухающих градиентов?,prompt12,dialog0396,2-file_phi4-mini_3.8b_prompt12_dialog0396,2-file,0.0,0.0,0.0,0.0,0.0,0.0,0.0,0.0,0.0,0.0
phi4-mini,3.8B,5._Рекуррентные_НС,Какие компоненты включает стандартная LSTM ячейка?,prompt12,dialog0397,2-file_phi4-mini_3.8b_prompt12_dialog0397,2-file,0.0,0.0,0.0,0.0,0.0,0.0,0.0,0.0,0.0,0.0
phi4-mini,3.8B,5._Рекуррентные_НС,Чем GRU отличается от LSTM?,prompt12,dialog0398,2-file_phi4-mini_3.8b_prompt12_dialog0398,2-file,0.0,0.0,0.0,0.0,0.0,0.0,0.0,0.0,0.0,0.0
phi4-mini,3.8B,5._Рекуррентные_НС,Зачем нужны замочные скважины (peepholes) в LSTM?,prompt12,dialog0399,2-file_phi4-mini_3.8b_prompt12_dialog0399,2-file,0.0,0.0,0.0,0.0,0.0,0.0,0.0,0.0,0.0,0.0
phi4-mini,3.8B,5._Рекуррентные_НС,Почему нормализация по мини-батчам важна для обучения RNN?,prompt12,dialog0400,2-file_phi4-mini_3.8b_prompt12_dialog0400,2-file,0.0,0.0,0.0,0.0,0.0,0.0,0.0,0.0,0.0,0.0
phi4-mini,3.8B,5._Рекуррентные_НС,В чем трудность применения обычной batch normalization к RNN?,prompt12,dialog0401,2-file_phi4-mini_3.8b_prompt12_dialog0401,2-file,0.0,0.0,0.0,0.0,0.0,0.0,0.0,0.0,0.0,0.0
phi4-mini,3.8B,5._Рекуррентные_НС,Как работает механизм внимания (Attention)?,prompt12,dialog0402,2-file_phi4-mini_3.8b_prompt12_dialog0402,2-file,0.0,0.0,0.0,0.0,0.0,0.0,0.0,0.0,0.0,0.0
phi4-mini,3.8B,5._Рекуррентные_НС,Почему внимание важно в задачах машинного перевода?,prompt12,dialog0403,2-file_phi4-mini_3.8b_prompt12_dialog0403,2-file,0.0,0.0,0.0,0.0,0.0,0.0,0.0,0.0,0.0,0.0
phi4-mini,3.8B,5._Рекуррентные_НС,"Чем Show, Attend and Tell отличается от обычного RNN для обработки изображений?",prompt12,dialog0404,2-file_phi4-mini_3.8b_prompt12_dialog0404,2-file,0.0,0.0,0.0,0.0,0.0,0.0,0.0,0.0,0.0,0.0
phi4-mini,3.8B,5._Рекуррентные_НС,Можно ли автоматически подбирать архитектуру рекуррентной ячейки?,prompt12,dialog0405,2-file_phi4-mini_3.8b_prompt12_dialog0405,2-file,0.0,0.0,0.0,0.0,0.0,0.0,0.0,0.0,0.0,0.0
phi4-mini,3.8B,5._Рекуррентные_НС,"Зачем нужны рекуррентные нейронные сети, если существуют полносвязные и сверточные?",prompt15,dialog0436,2-file_phi4-mini_3.8b_prompt15_dialog0436,2-file,0.0,0.0,0.0,0.0,0.0,0.0,0.0,0.0,0.0,0.0
phi4-mini,3.8B,5._Рекуррентные_НС,Что такое скрытое состояние в RNN?,prompt15,dialog0437,2-file_phi4-mini_3.8b_prompt15_dialog0437,2-file,0.0,0.0,0.0,0.0,0.0,0.0,0.0,0.0,0.0,0.0
phi4-mini,3.8B,5._Рекуррентные_НС,Какие типы входов и выходов встречаются в задачах RNN?,prompt15,dialog0438,2-file_phi4-mini_3.8b_prompt15_dialog0438,2-file,0.0,0.0,0.0,0.0,0.0,0.0,0.0,0.0,0.0,0.0
phi4-mini,3.8B,5._Рекуррентные_НС,В чем отличие Simple RNN от глубоких RNN?,prompt15,dialog0439,2-file_phi4-mini_3.8b_prompt15_dialog0439,2-file,0.0,0.0,0.0,0.0,0.0,0.0,0.0,0.0,0.0,0.0
phi4-mini,3.8B,5._Рекуррентные_НС,Что такое двунаправленные RNN и зачем они нужны?,prompt15,dialog0440,2-file_phi4-mini_3.8b_prompt15_dialog0440,2-file,0.0,0.0,0.0,0.0,0.0,0.0,0.0,0.0,0.0,0.0
phi4-mini,3.8B,5._Рекуррентные_НС,Как LSTM решает проблему затухающих градиентов?,prompt15,dialog0441,2-file_phi4-mini_3.8b_prompt15_dialog0441,2-file,0.0,0.0,0.0,0.0,0.0,0.0,0.0,0.0,0.0,0.0
phi4-mini,3.8B,5._Рекуррентные_НС,Какие компоненты включает стандартная LSTM ячейка?,prompt15,dialog0442,2-file_phi4-mini_3.8b_prompt15_dialog0442,2-file,0.0,0.0,0.0,0.0,0.0,0.0,0.0,0.0,0.0,0.0
phi4-mini,3.8B,5._Рекуррентные_НС,Чем GRU отличается от LSTM?,prompt15,dialog0443,2-file_phi4-mini_3.8b_prompt15_dialog0443,2-file,0.0,0.0,0.0,0.0,0.0,0.0,0.0,0.0,0.0,0.0
phi4-mini,3.8B,5._Рекуррентные_НС,Зачем нужны замочные скважины (peepholes) в LSTM?,prompt15,dialog0444,2-file_phi4-mini_3.8b_prompt15_dialog0444,2-file,0.0,0.0,0.0,0.0,0.0,0.0,0.0,0.0,0.0,0.0
phi4-mini,3.8B,5._Рекуррентные_НС,Почему нормализация по мини-батчам важна для обучения RNN?,prompt15,dialog0445,2-file_phi4-mini_3.8b_prompt15_dialog0445,2-file,0.0,0.0,0.0,0.0,0.0,0.0,0.0,0.0,0.0,0.0
phi4-mini,3.8B,5._Рекуррентные_НС,В чем трудность применения обычной batch normalization к RNN?,prompt15,dialog0446,2-file_phi4-mini_3.8b_prompt15_dialog0446,2-file,0.0,0.0,0.0,0.0,0.0,0.0,0.0,0.0,0.0,0.0
phi4-mini,3.8B,5._Рекуррентные_НС,Как работает механизм внимания (Attention)?,prompt15,dialog0447,2-file_phi4-mini_3.8b_prompt15_dialog0447,2-file,0.0,0.0,0.0,0.0,0.0,0.0,0.0,0.0,0.0,0.0
phi4-mini,3.8B,5._Рекуррентные_НС,Почему внимание важно в задачах машинного перевода?,prompt15,dialog0448,2-file_phi4-mini_3.8b_prompt15_dialog0448,2-file,0.0,0.0,0.0,0.0,0.0,0.0,0.0,0.0,0.0,0.0
phi4-mini,3.8B,5._Рекуррентные_НС,"Чем Show, Attend and Tell отличается от обычного RNN для обработки изображений?",prompt15,dialog0449,2-file_phi4-mini_3.8b_prompt15_dialog0449,2-file,0.0,0.0,0.0,0.0,0.0,0.0,0.0,0.0,0.0,0.0
phi4-mini,3.8B,5._Рекуррентные_НС,Можно ли автоматически подбирать архитектуру рекуррентной ячейки?,prompt15,dialog0450,2-file_phi4-mini_3.8b_prompt15_dialog0450,2-file,0.0,0.0,0.0,0.0,0.0,0.0,0.0,0.0,0.0,0.0
phi4-mini,3.8B,5._Рекуррентные_НС,"Зачем нужны рекуррентные нейронные сети, если существуют полносвязные и сверточные?",prompt10,dialog0361,2-file_phi4-mini_3.8b_prompt10_dialog0361,2-file,0.0,50.0,0.0,0.0,0.0,0.0,0.0,0.0,0.0,0.0
phi4-mini,3.8B,5._Рекуррентные_НС,Что такое скрытое состояние в RNN?,prompt10,dialog0362,2-file_phi4-mini_3.8b_prompt10_dialog0362,2-file,0.0,50.0,0.0,0.0,0.0,0.0,0.0,0.0,0.0,0.0
phi4-mini,3.8B,5._Рекуррентные_НС,Какие типы входов и выходов встречаются в задачах RNN?,prompt10,dialog0363,2-file_phi4-mini_3.8b_prompt10_dialog0363,2-file,0.0,50.0,0.0,0.0,0.0,0.0,0.0,0.0,0.0,0.0
phi4-mini,3.8B,5._Рекуррентные_НС,В чем отличие Simple RNN от глубоких RNN?,prompt10,dialog0364,2-file_phi4-mini_3.8b_prompt10_dialog0364,2-file,0.0,50.0,0.0,0.0,0.0,0.0,0.0,0.0,0.0,0.0
phi4-mini,3.8B,5._Рекуррентные_НС,Что такое двунаправленные RNN и зачем они нужны?,prompt10,dialog0365,2-file_phi4-mini_3.8b_prompt10_dialog0365,2-file,0.0,50.0,0.0,0.0,0.0,0.0,0.0,0.0,0.0,0.0
phi4-mini,3.8B,5._Рекуррентные_НС,Как LSTM решает проблему затухающих градиентов?,prompt10,dialog0366,2-file_phi4-mini_3.8b_prompt10_dialog0366,2-file,0.0,50.0,0.0,0.0,0.0,0.0,0.0,0.0,0.0,0.0
phi4-mini,3.8B,5._Рекуррентные_НС,Какие компоненты включает стандартная LSTM ячейка?,prompt10,dialog0367,2-file_phi4-mini_3.8b_prompt10_dialog0367,2-file,0.0,50.0,0.0,0.0,0.0,0.0,0.0,0.0,0.0,0.0
phi4-mini,3.8B,5._Рекуррентные_НС,Чем GRU отличается от LSTM?,prompt10,dialog0368,2-file_phi4-mini_3.8b_prompt10_dialog0368,2-file,0.0,50.0,0.0,0.0,0.0,0.0,0.0,0.0,0.0,0.0
phi4-mini,3.8B,5._Рекуррентные_НС,Зачем нужны замочные скважины (peepholes) в LSTM?,prompt10,dialog0369,2-file_phi4-mini_3.8b_prompt10_dialog0369,2-file,0.0,50.0,0.0,0.0,0.0,0.0,0.0,0.0,0.0,0.0
phi4-mini,3.8B,5._Рекуррентные_НС,Почему нормализация по мини-батчам важна для обучения RNN?,prompt10,dialog0370,2-file_phi4-mini_3.8b_prompt10_dialog0370,2-file,0.0,50.0,0.0,0.0,0.0,0.0,0.0,0.0,0.0,0.0
phi4-mini,3.8B,5._Рекуррентные_НС,В чем трудность применения обычной batch normalization к RNN?,prompt10,dialog0371,2-file_phi4-mini_3.8b_prompt10_dialog0371,2-file,0.0,50.0,0.0,0.0,0.0,0.0,0.0,0.0,0.0,0.0
phi4-mini,3.8B,5._Рекуррентные_НС,Как работает механизм внимания (Attention)?,prompt10,dialog0372,2-file_phi4-mini_3.8b_prompt10_dialog0372,2-file,0.0,50.0,0.0,0.0,0.0,0.0,0.0,0.0,0.0,0.0
phi4-mini,3.8B,5._Рекуррентные_НС,Почему внимание важно в задачах машинного перевода?,prompt10,dialog0373,2-file_phi4-mini_3.8b_prompt10_dialog0373,2-file,0.0,50.0,0.0,0.0,0.0,0.0,0.0,0.0,0.0,0.0
phi4-mini,3.8B,5._Рекуррентные_НС,"Чем Show, Attend and Tell отличается от обычного RNN для обработки изображений?",prompt10,dialog0374,2-file_phi4-mini_3.8b_prompt10_dialog0374,2-file,0.0,50.0,0.0,0.0,0.0,0.0,0.0,0.0,0.0,0.0
phi4-mini,3.8B,5._Рекуррентные_НС,Можно ли автоматически подбирать архитектуру рекуррентной ячейки?,prompt10,dialog0375,2-file_phi4-mini_3.8b_prompt10_dialog0375,2-file,0.0,50.0,0.0,0.0,0.0,0.0,0.0,0.0,0.0,0.0
phi4-mini,3.8B,5._Рекуррентные_НС,"Зачем нужны рекуррентные нейронные сети, если существуют полносвязные и сверточные?",prompt9,dialog0346,2-file_phi4-mini_3.8b_prompt9_dialog0346,2-file,0.0,0.0,0.0,0.0,0.0,0.0,0.0,0.0,0.0,0.0
phi4-mini,3.8B,5._Рекуррентные_НС,Что такое скрытое состояние в RNN?,prompt9,dialog0347,2-file_phi4-mini_3.8b_prompt9_dialog0347,2-file,0.0,0.0,0.0,0.0,0.0,0.0,0.0,0.0,0.0,0.0
phi4-mini,3.8B,5._Рекуррентные_НС,Какие типы входов и выходов встречаются в задачах RNN?,prompt9,dialog0348,2-file_phi4-mini_3.8b_prompt9_dialog0348,2-file,0.0,0.0,0.0,0.0,0.0,0.0,0.0,0.0,0.0,0.0
phi4-mini,3.8B,5._Рекуррентные_НС,В чем отличие Simple RNN от глубоких RNN?,prompt9,dialog0349,2-file_phi4-mini_3.8b_prompt9_dialog0349,2-file,0.0,0.0,0.0,0.0,0.0,0.0,0.0,0.0,0.0,0.0
phi4-mini,3.8B,5._Рекуррентные_НС,Что такое двунаправленные RNN и зачем они нужны?,prompt9,dialog0350,2-file_phi4-mini_3.8b_prompt9_dialog0350,2-file,0.0,0.0,0.0,0.0,0.0,0.0,0.0,0.0,0.0,0.0
phi4-mini,3.8B,5._Рекуррентные_НС,Как LSTM решает проблему затухающих градиентов?,prompt9,dialog0351,2-file_phi4-mini_3.8b_prompt9_dialog0351,2-file,0.0,0.0,0.0,0.0,0.0,0.0,0.0,0.0,0.0,0.0
phi4-mini,3.8B,5._Рекуррентные_НС,Какие компоненты включает стандартная LSTM ячейка?,prompt9,dialog0352,2-file_phi4-mini_3.8b_prompt9_dialog0352,2-file,0.0,0.0,0.0,0.0,0.0,0.0,0.0,0.0,0.0,0.0
phi4-mini,3.8B,5._Рекуррентные_НС,Чем GRU отличается от LSTM?,prompt9,dialog0353,2-file_phi4-mini_3.8b_prompt9_dialog0353,2-file,0.0,0.0,0.0,0.0,0.0,0.0,0.0,0.0,0.0,0.0
phi4-mini,3.8B,5._Рекуррентные_НС,Зачем нужны замочные скважины (peepholes) в LSTM?,prompt9,dialog0354,2-file_phi4-mini_3.8b_prompt9_dialog0354,2-file,0.0,0.0,0.0,0.0,0.0,0.0,0.0,0.0,0.0,0.0
phi4-mini,3.8B,5._Рекуррентные_НС,Почему нормализация по мини-батчам важна для обучения RNN?,prompt9,dialog0355,2-file_phi4-mini_3.8b_prompt9_dialog0355,2-file,0.0,0.0,0.0,0.0,0.0,0.0,0.0,0.0,0.0,0.0
phi4-mini,3.8B,5._Рекуррентные_НС,В чем трудность применения обычной batch normalization к RNN?,prompt9,dialog0356,2-file_phi4-mini_3.8b_prompt9_dialog0356,2-file,0.0,0.0,0.0,0.0,0.0,0.0,0.0,0.0,0.0,0.0
phi4-mini,3.8B,5._Рекуррентные_НС,Как работает механизм внимания (Attention)?,prompt9,dialog0357,2-file_phi4-mini_3.8b_prompt9_dialog0357,2-file,0.0,0.0,0.0,0.0,0.0,0.0,0.0,0.0,0.0,0.0
phi4-mini,3.8B,5._Рекуррентные_НС,Почему внимание важно в задачах машинного перевода?,prompt9,dialog0358,2-file_phi4-mini_3.8b_prompt9_dialog0358,2-file,0.0,0.0,0.0,0.0,0.0,0.0,0.0,0.0,0.0,0.0
phi4-mini,3.8B,5._Рекуррентные_НС,"Чем Show, Attend and Tell отличается от обычного RNN для обработки изображений?",prompt9,dialog0359,2-file_phi4-mini_3.8b_prompt9_dialog0359,2-file,0.0,0.0,0.0,0.0,0.0,0.0,0.0,0.0,0.0,0.0
phi4-mini,3.8B,5._Рекуррентные_НС,Можно ли автоматически подбирать архитектуру рекуррентной ячейки?,prompt9,dialog0360,2-file_phi4-mini_3.8b_prompt9_dialog0360,2-file,0.0,0.0,0.0,0.0,0.0,0.0,0.0,0.0,0.0,0.0
phi4-mini,3.8B,5._Рекуррентные_НС,"Зачем нужны рекуррентные нейронные сети, если существуют полносвязные и сверточные?",prompt7,dialog0316,2-file_phi4-mini_3.8b_prompt7_dialog0316,2-file,0.0,0.0,0.0,0.0,0.0,0.0,0.0,0.0,0.0,0.0
phi4-mini,3.8B,5._Рекуррентные_НС,Что такое скрытое состояние в RNN?,prompt7,dialog0317,2-file_phi4-mini_3.8b_prompt7_dialog0317,2-file,0.0,0.0,0.0,0.0,0.0,0.0,0.0,0.0,0.0,0.0
phi4-mini,3.8B,5._Рекуррентные_НС,Какие типы входов и выходов встречаются в задачах RNN?,prompt7,dialog0318,2-file_phi4-mini_3.8b_prompt7_dialog0318,2-file,0.0,0.0,0.0,0.0,0.0,0.0,0.0,0.0,0.0,0.0
phi4-mini,3.8B,5._Рекуррентные_НС,В чем отличие Simple RNN от глубоких RNN?,prompt7,dialog0319,2-file_phi4-mini_3.8b_prompt7_dialog0319,2-file,0.0,0.0,0.0,0.0,0.0,0.0,0.0,0.0,0.0,0.0
phi4-mini,3.8B,5._Рекуррентные_НС,Что такое двунаправленные RNN и зачем они нужны?,prompt7,dialog0320,2-file_phi4-mini_3.8b_prompt7_dialog0320,2-file,0.0,0.0,0.0,0.0,0.0,0.0,0.0,0.0,0.0,0.0
phi4-mini,3.8B,5._Рекуррентные_НС,Как LSTM решает проблему затухающих градиентов?,prompt7,dialog0321,2-file_phi4-mini_3.8b_prompt7_dialog0321,2-file,0.0,0.0,0.0,0.0,0.0,0.0,0.0,0.0,0.0,0.0
phi4-mini,3.8B,5._Рекуррентные_НС,Какие компоненты включает стандартная LSTM ячейка?,prompt7,dialog0322,2-file_phi4-mini_3.8b_prompt7_dialog0322,2-file,0.0,0.0,0.0,0.0,0.0,0.0,0.0,0.0,0.0,0.0
phi4-mini,3.8B,5._Рекуррентные_НС,Чем GRU отличается от LSTM?,prompt7,dialog0323,2-file_phi4-mini_3.8b_prompt7_dialog0323,2-file,0.0,0.0,0.0,0.0,0.0,0.0,0.0,0.0,0.0,0.0
phi4-mini,3.8B,5._Рекуррентные_НС,Зачем нужны замочные скважины (peepholes) в LSTM?,prompt7,dialog0324,2-file_phi4-mini_3.8b_prompt7_dialog0324,2-file,0.0,0.0,0.0,0.0,0.0,0.0,0.0,0.0,0.0,0.0
phi4-mini,3.8B,5._Рекуррентные_НС,Почему нормализация по мини-батчам важна для обучения RNN?,prompt7,dialog0325,2-file_phi4-mini_3.8b_prompt7_dialog0325,2-file,0.0,0.0,0.0,0.0,0.0,0.0,0.0,0.0,0.0,0.0
phi4-mini,3.8B,5._Рекуррентные_НС,В чем трудность применения обычной batch normalization к RNN?,prompt7,dialog0326,2-file_phi4-mini_3.8b_prompt7_dialog0326,2-file,0.0,0.0,0.0,0.0,0.0,0.0,0.0,0.0,0.0,0.0
phi4-mini,3.8B,5._Рекуррентные_НС,Как работает механизм внимания (Attention)?,prompt7,dialog0327,2-file_phi4-mini_3.8b_prompt7_dialog0327,2-file,0.0,0.0,0.0,0.0,0.0,0.0,0.0,0.0,0.0,0.0
phi4-mini,3.8B,5._Рекуррентные_НС,Почему внимание важно в задачах машинного перевода?,prompt7,dialog0328,2-file_phi4-mini_3.8b_prompt7_dialog0328,2-file,0.0,0.0,0.0,0.0,0.0,0.0,0.0,0.0,0.0,0.0
phi4-mini,3.8B,5._Рекуррентные_НС,"Чем Show, Attend and Tell отличается от обычного RNN для обработки изображений?",prompt7,dialog0329,2-file_phi4-mini_3.8b_prompt7_dialog0329,2-file,0.0,0.0,0.0,0.0,0.0,0.0,0.0,0.0,0.0,0.0
phi4-mini,3.8B,5._Рекуррентные_НС,Можно ли автоматически подбирать архитектуру рекуррентной ячейки?,prompt7,dialog0330,2-file_phi4-mini_3.8b_prompt7_dialog0330,2-file,0.0,0.0,0.0,0.0,0.0,0.0,0.0,0.0,0.0,0.0
phi4-mini,3.8B,5._Рекуррентные_НС,"Зачем нужны рекуррентные нейронные сети, если существуют полносвязные и сверточные?",prompt6,dialog0301,2-file_phi4-mini_3.8b_prompt6_dialog0301,2-file,0.0,0.0,0.0,0.0,0.0,0.0,0.0,0.0,0.0,0.0
phi4-mini,3.8B,5._Рекуррентные_НС,Что такое скрытое состояние в RNN?,prompt6,dialog0302,2-file_phi4-mini_3.8b_prompt6_dialog0302,2-file,0.0,0.0,0.0,0.0,0.0,0.0,0.0,0.0,0.0,0.0
phi4-mini,3.8B,5._Рекуррентные_НС,Какие типы входов и выходов встречаются в задачах RNN?,prompt6,dialog0303,2-file_phi4-mini_3.8b_prompt6_dialog0303,2-file,0.0,0.0,0.0,0.0,0.0,0.0,0.0,0.0,0.0,0.0
phi4-mini,3.8B,5._Рекуррентные_НС,В чем отличие Simple RNN от глубоких RNN?,prompt6,dialog0304,2-file_phi4-mini_3.8b_prompt6_dialog0304,2-file,0.0,0.0,0.0,0.0,0.0,0.0,0.0,0.0,0.0,0.0
phi4-mini,3.8B,5._Рекуррентные_НС,Что такое двунаправленные RNN и зачем они нужны?,prompt6,dialog0305,2-file_phi4-mini_3.8b_prompt6_dialog0305,2-file,0.0,0.0,0.0,0.0,0.0,0.0,0.0,0.0,0.0,0.0
phi4-mini,3.8B,5._Рекуррентные_НС,Как LSTM решает проблему затухающих градиентов?,prompt6,dialog0306,2-file_phi4-mini_3.8b_prompt6_dialog0306,2-file,0.0,0.0,0.0,0.0,0.0,0.0,0.0,0.0,0.0,0.0
phi4-mini,3.8B,5._Рекуррентные_НС,Какие компоненты включает стандартная LSTM ячейка?,prompt6,dialog0307,2-file_phi4-mini_3.8b_prompt6_dialog0307,2-file,0.0,0.0,0.0,0.0,0.0,0.0,0.0,0.0,0.0,0.0
phi4-mini,3.8B,5._Рекуррентные_НС,Чем GRU отличается от LSTM?,prompt6,dialog0308,2-file_phi4-mini_3.8b_prompt6_dialog0308,2-file,0.0,0.0,0.0,0.0,0.0,0.0,0.0,0.0,0.0,0.0
phi4-mini,3.8B,5._Рекуррентные_НС,Зачем нужны замочные скважины (peepholes) в LSTM?,prompt6,dialog0309,2-file_phi4-mini_3.8b_prompt6_dialog0309,2-file,0.0,0.0,0.0,0.0,0.0,0.0,0.0,0.0,0.0,0.0
phi4-mini,3.8B,5._Рекуррентные_НС,Почему нормализация по мини-батчам важна для обучения RNN?,prompt6,dialog0310,2-file_phi4-mini_3.8b_prompt6_dialog0310,2-file,0.0,0.0,0.0,0.0,0.0,0.0,0.0,0.0,0.0,0.0
phi4-mini,3.8B,5._Рекуррентные_НС,В чем трудность применения обычной batch normalization к RNN?,prompt6,dialog0311,2-file_phi4-mini_3.8b_prompt6_dialog0311,2-file,0.0,0.0,0.0,0.0,0.0,0.0,0.0,0.0,0.0,0.0
phi4-mini,3.8B,5._Рекуррентные_НС,Как работает механизм внимания (Attention)?,prompt6,dialog0312,2-file_phi4-mini_3.8b_prompt6_dialog0312,2-file,0.0,0.0,0.0,0.0,0.0,0.0,0.0,0.0,0.0,0.0
phi4-mini,3.8B,5._Рекуррентные_НС,Почему внимание важно в задачах машинного перевода?,prompt6,dialog0313,2-file_phi4-mini_3.8b_prompt6_dialog0313,2-file,0.0,0.0,0.0,0.0,0.0,0.0,0.0,0.0,0.0,0.0
phi4-mini,3.8B,5._Рекуррентные_НС,"Чем Show, Attend and Tell отличается от обычного RNN для обработки изображений?",prompt6,dialog0314,2-file_phi4-mini_3.8b_prompt6_dialog0314,2-file,0.0,0.0,0.0,0.0,0.0,0.0,0.0,0.0,0.0,0.0
phi4-mini,3.8B,5._Рекуррентные_НС,Можно ли автоматически подбирать архитектуру рекуррентной ячейки?,prompt6,dialog0315,2-file_phi4-mini_3.8b_prompt6_dialog0315,2-file,0.0,0.0,0.0,0.0,0.0,0.0,0.0,0.0,0.0,0.0
phi4-mini,3.8B,5._Рекуррентные_НС,"Зачем нужны рекуррентные нейронные сети, если существуют полносвязные и сверточные?",prompt1,dialog0001,2-file_phi4-mini_3.8b_prompt1_dialog0001,2-file,0.0,0.0,0.0,0.0,0.0,0.0,0.0,0.0,0.0,0.0
phi4-mini,3.8B,5._Рекуррентные_НС,Что такое скрытое состояние в RNN?,prompt1,dialog0002,2-file_phi4-mini_3.8b_prompt1_dialog0002,2-file,0.0,0.0,0.0,0.0,0.0,0.0,0.0,0.0,0.0,0.0
phi4-mini,3.8B,5._Рекуррентные_НС,Какие типы входов и выходов встречаются в задачах RNN?,prompt1,dialog0003,2-file_phi4-mini_3.8b_prompt1_dialog0003,2-file,0.0,0.0,0.0,0.0,0.0,0.0,0.0,0.0,0.0,0.0
phi4-mini,3.8B,5._Рекуррентные_НС,В чем отличие Simple RNN от глубоких RNN?,prompt1,dialog0004,2-file_phi4-mini_3.8b_prompt1_dialog0004,2-file,0.0,0.0,0.0,0.0,0.0,0.0,0.0,0.0,0.0,0.0
phi4-mini,3.8B,5._Рекуррентные_НС,Что такое двунаправленные RNN и зачем они нужны?,prompt1,dialog0005,2-file_phi4-mini_3.8b_prompt1_dialog0005,2-file,0.0,0.0,0.0,0.0,0.0,0.0,0.0,0.0,0.0,0.0
phi4-mini,3.8B,5._Рекуррентные_НС,Как LSTM решает проблему затухающих градиентов?,prompt1,dialog0006,2-file_phi4-mini_3.8b_prompt1_dialog0006,2-file,0.0,0.0,0.0,0.0,0.0,0.0,0.0,0.0,0.0,0.0
phi4-mini,3.8B,5._Рекуррентные_НС,Какие компоненты включает стандартная LSTM ячейка?,prompt1,dialog0007,2-file_phi4-mini_3.8b_prompt1_dialog0007,2-file,0.0,0.0,0.0,0.0,0.0,0.0,0.0,0.0,0.0,0.0
phi4-mini,3.8B,5._Рекуррентные_НС,Чем GRU отличается от LSTM?,prompt1,dialog0008,2-file_phi4-mini_3.8b_prompt1_dialog0008,2-file,0.0,0.0,0.0,0.0,0.0,0.0,0.0,0.0,0.0,0.0
phi4-mini,3.8B,5._Рекуррентные_НС,Зачем нужны замочные скважины (peepholes) в LSTM?,prompt1,dialog0009,2-file_phi4-mini_3.8b_prompt1_dialog0009,2-file,0.0,0.0,0.0,0.0,0.0,0.0,0.0,0.0,0.0,0.0
phi4-mini,3.8B,5._Рекуррентные_НС,Почему нормализация по мини-батчам важна для обучения RNN?,prompt1,dialog0010,2-file_phi4-mini_3.8b_prompt1_dialog0010,2-file,0.0,0.0,0.0,0.0,0.0,0.0,0.0,0.0,0.0,0.0
phi4-mini,3.8B,5._Рекуррентные_НС,В чем трудность применения обычной batch normalization к RNN?,prompt1,dialog0011,2-file_phi4-mini_3.8b_prompt1_dialog0011,2-file,0.0,0.0,0.0,0.0,0.0,0.0,0.0,0.0,0.0,0.0
phi4-mini,3.8B,5._Рекуррентные_НС,Как работает механизм внимания (Attention)?,prompt1,dialog0012,2-file_phi4-mini_3.8b_prompt1_dialog0012,2-file,0.0,0.0,0.0,0.0,0.0,0.0,0.0,0.0,0.0,0.0
phi4-mini,3.8B,5._Рекуррентные_НС,Почему внимание важно в задачах машинного перевода?,prompt1,dialog0013,2-file_phi4-mini_3.8b_prompt1_dialog0013,2-file,0.0,0.0,0.0,0.0,0.0,0.0,0.0,0.0,0.0,0.0
phi4-mini,3.8B,5._Рекуррентные_НС,"Чем Show, Attend and Tell отличается от обычного RNN для обработки изображений?",prompt1,dialog0014,2-file_phi4-mini_3.8b_prompt1_dialog0014,2-file,0.0,0.0,0.0,0.0,0.0,0.0,0.0,0.0,0.0,0.0
phi4-mini,3.8B,5._Рекуррентные_НС,Можно ли автоматически подбирать архитектуру рекуррентной ячейки?,prompt1,dialog0015,2-file_phi4-mini_3.8b_prompt1_dialog0015,2-file,0.0,0.0,0.0,0.0,0.0,0.0,0.0,0.0,0.0,0.0
phi4-mini,3.8B,5._Рекуррентные_НС,"Зачем нужны рекуррентные нейронные сети, если существуют полносвязные и сверточные?",prompt8,dialog0331,2-file_phi4-mini_3.8b_prompt8_dialog0331,2-file,0.0,0.0,0.0,0.0,0.0,0.0,0.0,0.0,0.0,0.0
phi4-mini,3.8B,5._Рекуррентные_НС,Что такое скрытое состояние в RNN?,prompt8,dialog0332,2-file_phi4-mini_3.8b_prompt8_dialog0332,2-file,0.0,0.0,0.0,0.0,0.0,0.0,0.0,0.0,0.0,0.0
phi4-mini,3.8B,5._Рекуррентные_НС,Какие типы входов и выходов встречаются в задачах RNN?,prompt8,dialog0333,2-file_phi4-mini_3.8b_prompt8_dialog0333,2-file,0.0,0.0,0.0,0.0,0.0,0.0,0.0,0.0,0.0,0.0
phi4-mini,3.8B,5._Рекуррентные_НС,В чем отличие Simple RNN от глубоких RNN?,prompt8,dialog0334,2-file_phi4-mini_3.8b_prompt8_dialog0334,2-file,0.0,0.0,0.0,0.0,0.0,0.0,0.0,0.0,0.0,0.0
phi4-mini,3.8B,5._Рекуррентные_НС,Что такое двунаправленные RNN и зачем они нужны?,prompt8,dialog0335,2-file_phi4-mini_3.8b_prompt8_dialog0335,2-file,0.0,0.0,0.0,0.0,0.0,0.0,0.0,0.0,0.0,0.0
phi4-mini,3.8B,5._Рекуррентные_НС,Как LSTM решает проблему затухающих градиентов?,prompt8,dialog0336,2-file_phi4-mini_3.8b_prompt8_dialog0336,2-file,0.0,0.0,0.0,0.0,0.0,0.0,0.0,0.0,0.0,0.0
phi4-mini,3.8B,5._Рекуррентные_НС,Какие компоненты включает стандартная LSTM ячейка?,prompt8,dialog0337,2-file_phi4-mini_3.8b_prompt8_dialog0337,2-file,0.0,0.0,0.0,0.0,0.0,0.0,0.0,0.0,0.0,0.0
phi4-mini,3.8B,5._Рекуррентные_НС,Чем GRU отличается от LSTM?,prompt8,dialog0338,2-file_phi4-mini_3.8b_prompt8_dialog0338,2-file,0.0,0.0,0.0,0.0,0.0,0.0,0.0,0.0,0.0,0.0
phi4-mini,3.8B,5._Рекуррентные_НС,Зачем нужны замочные скважины (peepholes) в LSTM?,prompt8,dialog0339,2-file_phi4-mini_3.8b_prompt8_dialog0339,2-file,0.0,0.0,0.0,0.0,0.0,0.0,0.0,0.0,0.0,0.0
phi4-mini,3.8B,5._Рекуррентные_НС,Почему нормализация по мини-батчам важна для обучения RNN?,prompt8,dialog0340,2-file_phi4-mini_3.8b_prompt8_dialog0340,2-file,0.0,0.0,0.0,0.0,0.0,0.0,0.0,0.0,0.0,0.0
phi4-mini,3.8B,5._Рекуррентные_НС,В чем трудность применения обычной batch normalization к RNN?,prompt8,dialog0341,2-file_phi4-mini_3.8b_prompt8_dialog0341,2-file,0.0,0.0,0.0,0.0,0.0,0.0,0.0,0.0,0.0,0.0
phi4-mini,3.8B,5._Рекуррентные_НС,Как работает механизм внимания (Attention)?,prompt8,dialog0342,2-file_phi4-mini_3.8b_prompt8_dialog0342,2-file,0.0,0.0,0.0,0.0,0.0,0.0,0.0,0.0,0.0,0.0
phi4-mini,3.8B,5._Рекуррентные_НС,Почему внимание важно в задачах машинного перевода?,prompt8,dialog0343,2-file_phi4-mini_3.8b_prompt8_dialog0343,2-file,0.0,0.0,0.0,0.0,0.0,0.0,0.0,0.0,0.0,0.0
phi4-mini,3.8B,5._Рекуррентные_НС,"Чем Show, Attend and Tell отличается от обычного RNN для обработки изображений?",prompt8,dialog0344,2-file_phi4-mini_3.8b_prompt8_dialog0344,2-file,0.0,0.0,0.0,0.0,0.0,0.0,0.0,0.0,0.0,0.0
phi4-mini,3.8B,5._Рекуррентные_НС,Можно ли автоматически подбирать архитектуру рекуррентной ячейки?,prompt8,dialog0345,2-file_phi4-mini_3.8b_prompt8_dialog0345,2-file,0.0,0.0,0.0,0.0,0.0,0.0,0.0,0.0,0.0,0.0
phi4-mini,3.8B,5._Рекуррентные_НС,"Зачем нужны рекуррентные нейронные сети, если существуют полносвязные и сверточные?",prompt11,dialog0376,2-file_phi4-mini_3.8b_prompt11_dialog0376,2-file,0.0,0.0,0.0,0.0,0.0,0.0,0.0,0.0,0.0,0.0
phi4-mini,3.8B,5._Рекуррентные_НС,Что такое скрытое состояние в RNN?,prompt11,dialog0377,2-file_phi4-mini_3.8b_prompt11_dialog0377,2-file,0.0,0.0,0.0,0.0,0.0,0.0,0.0,0.0,0.0,0.0
phi4-mini,3.8B,5._Рекуррентные_НС,Какие типы входов и выходов встречаются в задачах RNN?,prompt11,dialog0378,2-file_phi4-mini_3.8b_prompt11_dialog0378,2-file,0.0,0.0,0.0,0.0,0.0,0.0,0.0,0.0,0.0,0.0
phi4-mini,3.8B,5._Рекуррентные_НС,В чем отличие Simple RNN от глубоких RNN?,prompt11,dialog0379,2-file_phi4-mini_3.8b_prompt11_dialog0379,2-file,0.0,0.0,0.0,0.0,0.0,0.0,0.0,0.0,0.0,0.0
phi4-mini,3.8B,5._Рекуррентные_НС,Что такое двунаправленные RNN и зачем они нужны?,prompt11,dialog0380,2-file_phi4-mini_3.8b_prompt11_dialog0380,2-file,0.0,0.0,0.0,0.0,0.0,0.0,0.0,0.0,0.0,0.0
phi4-mini,3.8B,5._Рекуррентные_НС,Как LSTM решает проблему затухающих градиентов?,prompt11,dialog0381,2-file_phi4-mini_3.8b_prompt11_dialog0381,2-file,0.0,0.0,0.0,0.0,0.0,0.0,0.0,0.0,0.0,0.0
phi4-mini,3.8B,5._Рекуррентные_НС,Какие компоненты включает стандартная LSTM ячейка?,prompt11,dialog0382,2-file_phi4-mini_3.8b_prompt11_dialog0382,2-file,0.0,0.0,0.0,0.0,0.0,0.0,0.0,0.0,0.0,0.0
phi4-mini,3.8B,5._Рекуррентные_НС,Чем GRU отличается от LSTM?,prompt11,dialog0383,2-file_phi4-mini_3.8b_prompt11_dialog0383,2-file,0.0,0.0,0.0,0.0,0.0,0.0,0.0,0.0,0.0,0.0
phi4-mini,3.8B,5._Рекуррентные_НС,Зачем нужны замочные скважины (peepholes) в LSTM?,prompt11,dialog0384,2-file_phi4-mini_3.8b_prompt11_dialog0384,2-file,0.0,0.0,0.0,0.0,0.0,0.0,0.0,0.0,0.0,0.0
phi4-mini,3.8B,5._Рекуррентные_НС,Почему нормализация по мини-батчам важна для обучения RNN?,prompt11,dialog0385,2-file_phi4-mini_3.8b_prompt11_dialog0385,2-file,0.0,0.0,0.0,0.0,0.0,0.0,0.0,0.0,0.0,0.0
phi4-mini,3.8B,5._Рекуррентные_НС,В чем трудность применения обычной batch normalization к RNN?,prompt11,dialog0386,2-file_phi4-mini_3.8b_prompt11_dialog0386,2-file,0.0,0.0,0.0,0.0,0.0,0.0,0.0,0.0,0.0,0.0
phi4-mini,3.8B,5._Рекуррентные_НС,Как работает механизм внимания (Attention)?,prompt11,dialog0387,2-file_phi4-mini_3.8b_prompt11_dialog0387,2-file,0.0,0.0,0.0,0.0,0.0,0.0,0.0,0.0,0.0,0.0
phi4-mini,3.8B,5._Рекуррентные_НС,Почему внимание важно в задачах машинного перевода?,prompt11,dialog0388,2-file_phi4-mini_3.8b_prompt11_dialog0388,2-file,0.0,0.0,0.0,0.0,0.0,0.0,0.0,0.0,0.0,0.0
phi4-mini,3.8B,5._Рекуррентные_НС,"Чем Show, Attend and Tell отличается от обычного RNN для обработки изображений?",prompt11,dialog0389,2-file_phi4-mini_3.8b_prompt11_dialog0389,2-file,0.0,0.0,0.0,0.0,0.0,0.0,0.0,0.0,0.0,0.0
phi4-mini,3.8B,5._Рекуррентные_НС,Можно ли автоматически подбирать архитектуру рекуррентной ячейки?,prompt11,dialog0390,2-file_phi4-mini_3.8b_prompt11_dialog0390,2-file,0.0,0.0,0.0,0.0,0.0,0.0,0.0,0.0,0.0,0.0
llama3.2,1.0B,5._Рекуррентные_НС,"Зачем нужны рекуррентные нейронные сети, если существуют полносвязные и сверточные?",prompt14,dialog0196,2-file_llama3.2_1b_prompt14_dialog0196,2-file,22.7,29.9,32.9,0.0,0.0,0.0,0.0,0.0,0.0,0.0
llama3.2,1.0B,5._Рекуррентные_НС,Что такое скрытое состояние в RNN?,prompt14,dialog0197,2-file_llama3.2_1b_prompt14_dialog0197,2-file,22.7,29.9,32.9,0.0,0.0,0.0,0.0,0.0,0.0,0.0
llama3.2,1.0B,5._Рекуррентные_НС,Какие типы входов и выходов встречаются в задачах RNN?,prompt14,dialog0198,2-file_llama3.2_1b_prompt14_dialog0198,2-file,22.7,29.9,32.9,0.0,0.0,0.0,0.0,0.0,0.0,0.0
llama3.2,1.0B,5._Рекуррентные_НС,В чем отличие Simple RNN от глубоких RNN?,prompt14,dialog0199,2-file_llama3.2_1b_prompt14_dialog0199,2-file,22.7,29.9,32.9,0.0,0.0,0.0,0.0,0.0,0.0,0.0
llama3.2,1.0B,5._Рекуррентные_НС,Что такое двунаправленные RNN и зачем они нужны?,prompt14,dialog0200,2-file_llama3.2_1b_prompt14_dialog0200,2-file,22.7,29.9,32.9,0.0,0.0,0.0,0.0,0.0,0.0,0.0
llama3.2,1.0B,5._Рекуррентные_НС,Как LSTM решает проблему затухающих градиентов?,prompt14,dialog0201,2-file_llama3.2_1b_prompt14_dialog0201,2-file,22.7,29.9,32.9,0.0,0.0,0.0,0.0,0.0,0.0,0.0
llama3.2,1.0B,5._Рекуррентные_НС,Какие компоненты включает стандартная LSTM ячейка?,prompt14,dialog0202,2-file_llama3.2_1b_prompt14_dialog0202,2-file,22.7,29.9,32.9,0.0,0.0,0.0,0.0,0.0,0.0,0.0
llama3.2,1.0B,5._Рекуррентные_НС,Чем GRU отличается от LSTM?,prompt14,dialog0203,2-file_llama3.2_1b_prompt14_dialog0203,2-file,22.7,29.9,32.9,0.0,0.0,0.0,0.0,0.0,0.0,0.0
llama3.2,1.0B,5._Рекуррентные_НС,Зачем нужны замочные скважины (peepholes) в LSTM?,prompt14,dialog0204,2-file_llama3.2_1b_prompt14_dialog0204,2-file,22.7,29.9,32.9,0.0,0.0,0.0,0.0,0.0,0.0,0.0
llama3.2,1.0B,5._Рекуррентные_НС,Почему нормализация по мини-батчам важна для обучения RNN?,prompt14,dialog0205,2-file_llama3.2_1b_prompt14_dialog0205,2-file,22.7,29.9,32.9,0.0,0.0,0.0,0.0,0.0,0.0,0.0
llama3.2,1.0B,5._Рекуррентные_НС,В чем трудность применения обычной batch normalization к RNN?,prompt14,dialog0206,2-file_llama3.2_1b_prompt14_dialog0206,2-file,22.7,29.9,32.9,0.0,0.0,0.0,0.0,0.0,0.0,0.0
llama3.2,1.0B,5._Рекуррентные_НС,Как работает механизм внимания (Attention)?,prompt14,dialog0207,2-file_llama3.2_1b_prompt14_dialog0207,2-file,22.7,29.9,32.9,0.0,0.0,0.0,0.0,0.0,0.0,0.0
llama3.2,1.0B,5._Рекуррентные_НС,Почему внимание важно в задачах машинного перевода?,prompt14,dialog0208,2-file_llama3.2_1b_prompt14_dialog0208,2-file,22.7,29.9,32.9,0.0,0.0,0.0,0.0,0.0,0.0,0.0
llama3.2,1.0B,5._Рекуррентные_НС,"Чем Show, Attend and Tell отличается от обычного RNN для обработки изображений?",prompt14,dialog0209,2-file_llama3.2_1b_prompt14_dialog0209,2-file,22.7,29.9,32.9,0.0,0.0,0.0,0.0,0.0,0.0,0.0
llama3.2,1.0B,5._Рекуррентные_НС,Можно ли автоматически подбирать архитектуру рекуррентной ячейки?,prompt14,dialog0210,2-file_llama3.2_1b_prompt14_dialog0210,2-file,22.7,29.9,32.9,0.0,0.0,0.0,0.0,0.0,0.0,0.0
llama3.2,1.0B,5._Рекуррентные_НС,"Зачем нужны рекуррентные нейронные сети, если существуют полносвязные и сверточные?",prompt13,dialog0181,2-file_llama3.2_1b_prompt13_dialog0181,2-file,22.1,25.6,38.8,0.0,0.0,0.0,0.0,0.0,0.0,0.0
llama3.2,1.0B,5._Рекуррентные_НС,Что такое скрытое состояние в RNN?,prompt13,dialog0182,2-file_llama3.2_1b_prompt13_dialog0182,2-file,22.1,25.6,38.8,0.0,0.0,0.0,0.0,0.0,0.0,0.0
llama3.2,1.0B,5._Рекуррентные_НС,Какие типы входов и выходов встречаются в задачах RNN?,prompt13,dialog0183,2-file_llama3.2_1b_prompt13_dialog0183,2-file,22.1,25.6,38.8,0.0,0.0,0.0,0.0,0.0,0.0,0.0
llama3.2,1.0B,5._Рекуррентные_НС,В чем отличие Simple RNN от глубоких RNN?,prompt13,dialog0184,2-file_llama3.2_1b_prompt13_dialog0184,2-file,22.1,25.6,38.8,0.0,0.0,0.0,0.0,0.0,0.0,0.0
llama3.2,1.0B,5._Рекуррентные_НС,Что такое двунаправленные RNN и зачем они нужны?,prompt13,dialog0185,2-file_llama3.2_1b_prompt13_dialog0185,2-file,22.1,25.6,38.8,0.0,0.0,0.0,0.0,0.0,0.0,0.0
llama3.2,1.0B,5._Рекуррентные_НС,Как LSTM решает проблему затухающих градиентов?,prompt13,dialog0186,2-file_llama3.2_1b_prompt13_dialog0186,2-file,22.1,25.6,38.8,0.0,0.0,0.0,0.0,0.0,0.0,0.0
llama3.2,1.0B,5._Рекуррентные_НС,Какие компоненты включает стандартная LSTM ячейка?,prompt13,dialog0187,2-file_llama3.2_1b_prompt13_dialog0187,2-file,22.1,25.6,38.8,0.0,0.0,0.0,0.0,0.0,0.0,0.0
llama3.2,1.0B,5._Рекуррентные_НС,Чем GRU отличается от LSTM?,prompt13,dialog0188,2-file_llama3.2_1b_prompt13_dialog0188,2-file,22.1,25.6,38.8,0.0,0.0,0.0,0.0,0.0,0.0,0.0
llama3.2,1.0B,5._Рекуррентные_НС,Зачем нужны замочные скважины (peepholes) в LSTM?,prompt13,dialog0189,2-file_llama3.2_1b_prompt13_dialog0189,2-file,22.1,25.6,38.8,0.0,0.0,0.0,0.0,0.0,0.0,0.0
llama3.2,1.0B,5._Рекуррентные_НС,Почему нормализация по мини-батчам важна для обучения RNN?,prompt13,dialog0190,2-file_llama3.2_1b_prompt13_dialog0190,2-file,22.1,25.6,38.8,0.0,0.0,0.0,0.0,0.0,0.0,0.0
llama3.2,1.0B,5._Рекуррентные_НС,В чем трудность применения обычной batch normalization к RNN?,prompt13,dialog0191,2-file_llama3.2_1b_prompt13_dialog0191,2-file,22.1,25.6,38.8,0.0,0.0,0.0,0.0,0.0,0.0,0.0
llama3.2,1.0B,5._Рекуррентные_НС,Как работает механизм внимания (Attention)?,prompt13,dialog0192,2-file_llama3.2_1b_prompt13_dialog0192,2-file,22.1,25.6,38.8,0.0,0.0,0.0,0.0,0.0,0.0,0.0
llama3.2,1.0B,5._Рекуррентные_НС,Почему внимание важно в задачах машинного перевода?,prompt13,dialog0193,2-file_llama3.2_1b_prompt13_dialog0193,2-file,22.1,25.6,38.8,0.0,0.0,0.0,0.0,0.0,0.0,0.0
llama3.2,1.0B,5._Рекуррентные_НС,"Чем Show, Attend and Tell отличается от обычного RNN для обработки изображений?",prompt13,dialog0194,2-file_llama3.2_1b_prompt13_dialog0194,2-file,22.1,25.6,38.8,0.0,0.0,0.0,0.0,0.0,0.0,0.0
llama3.2,1.0B,5._Рекуррентные_НС,Можно ли автоматически подбирать архитектуру рекуррентной ячейки?,prompt13,dialog0195,2-file_llama3.2_1b_prompt13_dialog0195,2-file,22.1,25.6,38.8,0.0,0.0,0.0,0.0,0.0,0.0,0.0
llama3.2,1.0B,5._Рекуррентные_НС,"Зачем нужны рекуррентные нейронные сети, если существуют полносвязные и сверточные?",prompt4,dialog0046,2-file_llama3.2_1b_prompt4_dialog0046,2-file,21.8,25.3,36.6,0.0,0.0,0.0,0.0,0.0,0.0,0.0
llama3.2,1.0B,5._Рекуррентные_НС,Что такое скрытое состояние в RNN?,prompt4,dialog0047,2-file_llama3.2_1b_prompt4_dialog0047,2-file,21.8,25.3,36.6,0.0,0.0,0.0,0.0,0.0,0.0,0.0
llama3.2,1.0B,5._Рекуррентные_НС,Какие типы входов и выходов встречаются в задачах RNN?,prompt4,dialog0048,2-file_llama3.2_1b_prompt4_dialog0048,2-file,21.8,25.3,36.6,0.0,0.0,0.0,0.0,0.0,0.0,0.0
llama3.2,1.0B,5._Рекуррентные_НС,В чем отличие Simple RNN от глубоких RNN?,prompt4,dialog0049,2-file_llama3.2_1b_prompt4_dialog0049,2-file,21.8,25.3,36.6,0.0,0.0,0.0,0.0,0.0,0.0,0.0
llama3.2,1.0B,5._Рекуррентные_НС,Что такое двунаправленные RNN и зачем они нужны?,prompt4,dialog0050,2-file_llama3.2_1b_prompt4_dialog0050,2-file,21.8,25.3,36.6,0.0,0.0,0.0,0.0,0.0,0.0,0.0
llama3.2,1.0B,5._Рекуррентные_НС,Как LSTM решает проблему затухающих градиентов?,prompt4,dialog0051,2-file_llama3.2_1b_prompt4_dialog0051,2-file,21.8,25.3,36.6,0.0,0.0,0.0,0.0,0.0,0.0,0.0
llama3.2,1.0B,5._Рекуррентные_НС,Какие компоненты включает стандартная LSTM ячейка?,prompt4,dialog0052,2-file_llama3.2_1b_prompt4_dialog0052,2-file,21.8,25.3,36.6,0.0,0.0,0.0,0.0,0.0,0.0,0.0
llama3.2,1.0B,5._Рекуррентные_НС,Чем GRU отличается от LSTM?,prompt4,dialog0053,2-file_llama3.2_1b_prompt4_dialog0053,2-file,21.8,25.3,36.6,0.0,0.0,0.0,0.0,0.0,0.0,0.0
llama3.2,1.0B,5._Рекуррентные_НС,Зачем нужны замочные скважины (peepholes) в LSTM?,prompt4,dialog0054,2-file_llama3.2_1b_prompt4_dialog0054,2-file,21.8,25.3,36.6,0.0,0.0,0.0,0.0,0.0,0.0,0.0
llama3.2,1.0B,5._Рекуррентные_НС,Почему нормализация по мини-батчам важна для обучения RNN?,prompt4,dialog0055,2-file_llama3.2_1b_prompt4_dialog0055,2-file,21.8,25.3,36.6,0.0,0.0,0.0,0.0,0.0,0.0,0.0
llama3.2,1.0B,5._Рекуррентные_НС,В чем трудность применения обычной batch normalization к RNN?,prompt4,dialog0056,2-file_llama3.2_1b_prompt4_dialog0056,2-file,21.8,25.3,36.6,0.0,0.0,0.0,0.0,0.0,0.0,0.0
llama3.2,1.0B,5._Рекуррентные_НС,Как работает механизм внимания (Attention)?,prompt4,dialog0057,2-file_llama3.2_1b_prompt4_dialog0057,2-file,21.8,25.3,36.6,0.0,0.0,0.0,0.0,0.0,0.0,0.0
llama3.2,1.0B,5._Рекуррентные_НС,Почему внимание важно в задачах машинного перевода?,prompt4,dialog0058,2-file_llama3.2_1b_prompt4_dialog0058,2-file,21.8,25.3,36.6,0.0,0.0,0.0,0.0,0.0,0.0,0.0
llama3.2,1.0B,5._Рекуррентные_НС,"Чем Show, Attend and Tell отличается от обычного RNN для обработки изображений?",prompt4,dialog0059,2-file_llama3.2_1b_prompt4_dialog0059,2-file,21.8,25.3,36.6,0.0,0.0,0.0,0.0,0.0,0.0,0.0
llama3.2,1.0B,5._Рекуррентные_НС,Можно ли автоматически подбирать архитектуру рекуррентной ячейки?,prompt4,dialog0060,2-file_llama3.2_1b_prompt4_dialog0060,2-file,21.8,25.3,36.6,0.0,0.0,0.0,0.0,0.0,0.0,0.0
llama3.2,1.0B,5._Рекуррентные_НС,"Зачем нужны рекуррентные нейронные сети, если существуют полносвязные и сверточные?",prompt3,dialog0031,2-file_llama3.2_1b_prompt3_dialog0031,2-file,18.1,23.4,36.9,0.0,0.0,0.0,0.0,0.0,0.0,0.0
llama3.2,1.0B,5._Рекуррентные_НС,Что такое скрытое состояние в RNN?,prompt3,dialog0032,2-file_llama3.2_1b_prompt3_dialog0032,2-file,18.1,23.4,36.9,0.0,0.0,0.0,0.0,0.0,0.0,0.0
llama3.2,1.0B,5._Рекуррентные_НС,Какие типы входов и выходов встречаются в задачах RNN?,prompt3,dialog0033,2-file_llama3.2_1b_prompt3_dialog0033,2-file,18.1,23.4,36.9,0.0,0.0,0.0,0.0,0.0,0.0,0.0
llama3.2,1.0B,5._Рекуррентные_НС,В чем отличие Simple RNN от глубоких RNN?,prompt3,dialog0034,2-file_llama3.2_1b_prompt3_dialog0034,2-file,18.1,23.4,36.9,0.0,0.0,0.0,0.0,0.0,0.0,0.0
llama3.2,1.0B,5._Рекуррентные_НС,Что такое двунаправленные RNN и зачем они нужны?,prompt3,dialog0035,2-file_llama3.2_1b_prompt3_dialog0035,2-file,18.1,23.4,36.9,0.0,0.0,0.0,0.0,0.0,0.0,0.0
llama3.2,1.0B,5._Рекуррентные_НС,Как LSTM решает проблему затухающих градиентов?,prompt3,dialog0036,2-file_llama3.2_1b_prompt3_dialog0036,2-file,18.1,23.4,36.9,0.0,0.0,0.0,0.0,0.0,0.0,0.0
llama3.2,1.0B,5._Рекуррентные_НС,Какие компоненты включает стандартная LSTM ячейка?,prompt3,dialog0037,2-file_llama3.2_1b_prompt3_dialog0037,2-file,18.1,23.4,36.9,0.0,0.0,0.0,0.0,0.0,0.0,0.0
llama3.2,1.0B,5._Рекуррентные_НС,Чем GRU отличается от LSTM?,prompt3,dialog0038,2-file_llama3.2_1b_prompt3_dialog0038,2-file,18.1,23.4,36.9,0.0,0.0,0.0,0.0,0.0,0.0,0.0
llama3.2,1.0B,5._Рекуррентные_НС,Зачем нужны замочные скважины (peepholes) в LSTM?,prompt3,dialog0039,2-file_llama3.2_1b_prompt3_dialog0039,2-file,18.1,23.4,36.9,0.0,0.0,0.0,0.0,0.0,0.0,0.0
llama3.2,1.0B,5._Рекуррентные_НС,Почему нормализация по мини-батчам важна для обучения RNN?,prompt3,dialog0040,2-file_llama3.2_1b_prompt3_dialog0040,2-file,18.1,23.4,36.9,0.0,0.0,0.0,0.0,0.0,0.0,0.0
llama3.2,1.0B,5._Рекуррентные_НС,В чем трудность применения обычной batch normalization к RNN?,prompt3,dialog0041,2-file_llama3.2_1b_prompt3_dialog0041,2-file,18.1,23.4,36.9,0.0,0.0,0.0,0.0,0.0,0.0,0.0
llama3.2,1.0B,5._Рекуррентные_НС,Как работает механизм внимания (Attention)?,prompt3,dialog0042,2-file_llama3.2_1b_prompt3_dialog0042,2-file,18.1,23.4,36.9,0.0,0.0,0.0,0.0,0.0,0.0,0.0
llama3.2,1.0B,5._Рекуррентные_НС,Почему внимание важно в задачах машинного перевода?,prompt3,dialog0043,2-file_llama3.2_1b_prompt3_dialog0043,2-file,18.1,23.4,36.9,0.0,0.0,0.0,0.0,0.0,0.0,0.0
llama3.2,1.0B,5._Рекуррентные_НС,"Чем Show, Attend and Tell отличается от обычного RNN для обработки изображений?",prompt3,dialog0044,2-file_llama3.2_1b_prompt3_dialog0044,2-file,18.1,23.4,36.9,0.0,0.0,0.0,0.0,0.0,0.0,0.0
llama3.2,1.0B,5._Рекуррентные_НС,Можно ли автоматически подбирать архитектуру рекуррентной ячейки?,prompt3,dialog0045,2-file_llama3.2_1b_prompt3_dialog0045,2-file,18.1,23.4,36.9,0.0,0.0,0.0,0.0,0.0,0.0,0.0
llama3.2,1.0B,5._Рекуррентные_НС,"Зачем нужны рекуррентные нейронные сети, если существуют полносвязные и сверточные?",prompt2,dialog0016,2-file_llama3.2_1b_prompt2_dialog0016,2-file,21.6,24.4,38.3,0.0,0.0,0.0,0.0,0.0,0.0,0.0
llama3.2,1.0B,5._Рекуррентные_НС,Что такое скрытое состояние в RNN?,prompt2,dialog0017,2-file_llama3.2_1b_prompt2_dialog0017,2-file,21.6,24.4,38.3,0.0,0.0,0.0,0.0,0.0,0.0,0.0
llama3.2,1.0B,5._Рекуррентные_НС,Какие типы входов и выходов встречаются в задачах RNN?,prompt2,dialog0018,2-file_llama3.2_1b_prompt2_dialog0018,2-file,21.6,24.4,38.3,0.0,0.0,0.0,0.0,0.0,0.0,0.0
llama3.2,1.0B,5._Рекуррентные_НС,В чем отличие Simple RNN от глубоких RNN?,prompt2,dialog0019,2-file_llama3.2_1b_prompt2_dialog0019,2-file,21.6,24.4,38.3,0.0,0.0,0.0,0.0,0.0,0.0,0.0
llama3.2,1.0B,5._Рекуррентные_НС,Что такое двунаправленные RNN и зачем они нужны?,prompt2,dialog0020,2-file_llama3.2_1b_prompt2_dialog0020,2-file,21.6,24.4,38.3,0.0,0.0,0.0,0.0,0.0,0.0,0.0
llama3.2,1.0B,5._Рекуррентные_НС,Как LSTM решает проблему затухающих градиентов?,prompt2,dialog0021,2-file_llama3.2_1b_prompt2_dialog0021,2-file,21.6,24.4,38.3,0.0,0.0,0.0,0.0,0.0,0.0,0.0
llama3.2,1.0B,5._Рекуррентные_НС,Какие компоненты включает стандартная LSTM ячейка?,prompt2,dialog0022,2-file_llama3.2_1b_prompt2_dialog0022,2-file,21.6,24.4,38.3,0.0,0.0,0.0,0.0,0.0,0.0,0.0
llama3.2,1.0B,5._Рекуррентные_НС,Чем GRU отличается от LSTM?,prompt2,dialog0023,2-file_llama3.2_1b_prompt2_dialog0023,2-file,21.6,24.4,38.3,0.0,0.0,0.0,0.0,0.0,0.0,0.0
llama3.2,1.0B,5._Рекуррентные_НС,Зачем нужны замочные скважины (peepholes) в LSTM?,prompt2,dialog0024,2-file_llama3.2_1b_prompt2_dialog0024,2-file,21.6,24.4,38.3,0.0,0.0,0.0,0.0,0.0,0.0,0.0
llama3.2,1.0B,5._Рекуррентные_НС,Почему нормализация по мини-батчам важна для обучения RNN?,prompt2,dialog0025,2-file_llama3.2_1b_prompt2_dialog0025,2-file,21.6,24.4,38.3,0.0,0.0,0.0,0.0,0.0,0.0,0.0
llama3.2,1.0B,5._Рекуррентные_НС,В чем трудность применения обычной batch normalization к RNN?,prompt2,dialog0026,2-file_llama3.2_1b_prompt2_dialog0026,2-file,21.6,24.4,38.3,0.0,0.0,0.0,0.0,0.0,0.0,0.0
llama3.2,1.0B,5._Рекуррентные_НС,Как работает механизм внимания (Attention)?,prompt2,dialog0027,2-file_llama3.2_1b_prompt2_dialog0027,2-file,21.6,24.4,38.3,0.0,0.0,0.0,0.0,0.0,0.0,0.0
llama3.2,1.0B,5._Рекуррентные_НС,Почему внимание важно в задачах машинного перевода?,prompt2,dialog0028,2-file_llama3.2_1b_prompt2_dialog0028,2-file,21.6,24.4,38.3,0.0,0.0,0.0,0.0,0.0,0.0,0.0
llama3.2,1.0B,5._Рекуррентные_НС,"Чем Show, Attend and Tell отличается от обычного RNN для обработки изображений?",prompt2,dialog0029,2-file_llama3.2_1b_prompt2_dialog0029,2-file,21.6,24.4,38.3,0.0,0.0,0.0,0.0,0.0,0.0,0.0
llama3.2,1.0B,5._Рекуррентные_НС,Можно ли автоматически подбирать архитектуру рекуррентной ячейки?,prompt2,dialog0030,2-file_llama3.2_1b_prompt2_dialog0030,2-file,21.6,24.4,38.3,0.0,0.0,0.0,0.0,0.0,0.0,0.0
llama3.2,1.0B,5._Рекуррентные_НС,"Зачем нужны рекуррентные нейронные сети, если существуют полносвязные и сверточные?",prompt5,dialog0061,2-file_llama3.2_1b_prompt5_dialog0061,2-file,21.9,25.9,36.6,0.0,0.0,0.0,0.0,0.0,0.0,0.0
llama3.2,1.0B,5._Рекуррентные_НС,Что такое скрытое состояние в RNN?,prompt5,dialog0062,2-file_llama3.2_1b_prompt5_dialog0062,2-file,21.9,25.9,36.6,0.0,0.0,0.0,0.0,0.0,0.0,0.0
llama3.2,1.0B,5._Рекуррентные_НС,Какие типы входов и выходов встречаются в задачах RNN?,prompt5,dialog0063,2-file_llama3.2_1b_prompt5_dialog0063,2-file,21.9,25.9,36.6,0.0,0.0,0.0,0.0,0.0,0.0,0.0
llama3.2,1.0B,5._Рекуррентные_НС,В чем отличие Simple RNN от глубоких RNN?,prompt5,dialog0064,2-file_llama3.2_1b_prompt5_dialog0064,2-file,21.9,25.9,36.6,0.0,0.0,0.0,0.0,0.0,0.0,0.0
llama3.2,1.0B,5._Рекуррентные_НС,Что такое двунаправленные RNN и зачем они нужны?,prompt5,dialog0065,2-file_llama3.2_1b_prompt5_dialog0065,2-file,21.9,25.9,36.6,0.0,0.0,0.0,0.0,0.0,0.0,0.0
llama3.2,1.0B,5._Рекуррентные_НС,Как LSTM решает проблему затухающих градиентов?,prompt5,dialog0066,2-file_llama3.2_1b_prompt5_dialog0066,2-file,21.9,25.9,36.6,0.0,0.0,0.0,0.0,0.0,0.0,0.0
llama3.2,1.0B,5._Рекуррентные_НС,Какие компоненты включает стандартная LSTM ячейка?,prompt5,dialog0067,2-file_llama3.2_1b_prompt5_dialog0067,2-file,21.9,25.9,36.6,0.0,0.0,0.0,0.0,0.0,0.0,0.0
llama3.2,1.0B,5._Рекуррентные_НС,Чем GRU отличается от LSTM?,prompt5,dialog0068,2-file_llama3.2_1b_prompt5_dialog0068,2-file,21.9,25.9,36.6,0.0,0.0,0.0,0.0,0.0,0.0,0.0
llama3.2,1.0B,5._Рекуррентные_НС,Зачем нужны замочные скважины (peepholes) в LSTM?,prompt5,dialog0069,2-file_llama3.2_1b_prompt5_dialog0069,2-file,21.9,25.9,36.6,0.0,0.0,0.0,0.0,0.0,0.0,0.0
llama3.2,1.0B,5._Рекуррентные_НС,Почему нормализация по мини-батчам важна для обучения RNN?,prompt5,dialog0070,2-file_llama3.2_1b_prompt5_dialog0070,2-file,21.9,25.9,36.6,0.0,0.0,0.0,0.0,0.0,0.0,0.0
llama3.2,1.0B,5._Рекуррентные_НС,В чем трудность применения обычной batch normalization к RNN?,prompt5,dialog0071,2-file_llama3.2_1b_prompt5_dialog0071,2-file,21.9,25.9,36.6,0.0,0.0,0.0,0.0,0.0,0.0,0.0
llama3.2,1.0B,5._Рекуррентные_НС,Как работает механизм внимания (Attention)?,prompt5,dialog0072,2-file_llama3.2_1b_prompt5_dialog0072,2-file,21.9,25.9,36.6,0.0,0.0,0.0,0.0,0.0,0.0,0.0
llama3.2,1.0B,5._Рекуррентные_НС,Почему внимание важно в задачах машинного перевода?,prompt5,dialog0073,2-file_llama3.2_1b_prompt5_dialog0073,2-file,21.9,25.9,36.6,0.0,0.0,0.0,0.0,0.0,0.0,0.0
llama3.2,1.0B,5._Рекуррентные_НС,"Чем Show, Attend and Tell отличается от обычного RNN для обработки изображений?",prompt5,dialog0074,2-file_llama3.2_1b_prompt5_dialog0074,2-file,21.9,25.9,36.6,0.0,0.0,0.0,0.0,0.0,0.0,0.0
llama3.2,1.0B,5._Рекуррентные_НС,Можно ли автоматически подбирать архитектуру рекуррентной ячейки?,prompt5,dialog0075,2-file_llama3.2_1b_prompt5_dialog0075,2-file,21.9,25.9,36.6,0.0,0.0,0.0,0.0,0.0,0.0,0.0
llama3.2,1.0B,5._Рекуррентные_НС,"Зачем нужны рекуррентные нейронные сети, если существуют полносвязные и сверточные?",prompt12,dialog0166,2-file_llama3.2_1b_prompt12_dialog0166,2-file,23.7,34.0,34.4,0.0,0.0,0.0,0.0,0.0,0.0,0.0
llama3.2,1.0B,5._Рекуррентные_НС,Что такое скрытое состояние в RNN?,prompt12,dialog0167,2-file_llama3.2_1b_prompt12_dialog0167,2-file,23.7,34.0,34.4,0.0,0.0,0.0,0.0,0.0,0.0,0.0
llama3.2,1.0B,5._Рекуррентные_НС,Какие типы входов и выходов встречаются в задачах RNN?,prompt12,dialog0168,2-file_llama3.2_1b_prompt12_dialog0168,2-file,23.7,34.0,34.4,0.0,0.0,0.0,0.0,0.0,0.0,0.0
llama3.2,1.0B,5._Рекуррентные_НС,В чем отличие Simple RNN от глубоких RNN?,prompt12,dialog0169,2-file_llama3.2_1b_prompt12_dialog0169,2-file,23.7,34.0,34.4,0.0,0.0,0.0,0.0,0.0,0.0,0.0
llama3.2,1.0B,5._Рекуррентные_НС,Что такое двунаправленные RNN и зачем они нужны?,prompt12,dialog0170,2-file_llama3.2_1b_prompt12_dialog0170,2-file,23.7,34.0,34.4,0.0,0.0,0.0,0.0,0.0,0.0,0.0
llama3.2,1.0B,5._Рекуррентные_НС,Как LSTM решает проблему затухающих градиентов?,prompt12,dialog0171,2-file_llama3.2_1b_prompt12_dialog0171,2-file,23.7,34.0,34.4,0.0,0.0,0.0,0.0,0.0,0.0,0.0
llama3.2,1.0B,5._Рекуррентные_НС,Какие компоненты включает стандартная LSTM ячейка?,prompt12,dialog0172,2-file_llama3.2_1b_prompt12_dialog0172,2-file,23.7,34.0,34.4,0.0,0.0,0.0,0.0,0.0,0.0,0.0
llama3.2,1.0B,5._Рекуррентные_НС,Чем GRU отличается от LSTM?,prompt12,dialog0173,2-file_llama3.2_1b_prompt12_dialog0173,2-file,23.7,34.0,34.4,0.0,0.0,0.0,0.0,0.0,0.0,0.0
llama3.2,1.0B,5._Рекуррентные_НС,Зачем нужны замочные скважины (peepholes) в LSTM?,prompt12,dialog0174,2-file_llama3.2_1b_prompt12_dialog0174,2-file,23.7,34.0,34.4,0.0,0.0,0.0,0.0,0.0,0.0,0.0
llama3.2,1.0B,5._Рекуррентные_НС,Почему нормализация по мини-батчам важна для обучения RNN?,prompt12,dialog0175,2-file_llama3.2_1b_prompt12_dialog0175,2-file,23.7,34.0,34.4,0.0,0.0,0.0,0.0,0.0,0.0,0.0
llama3.2,1.0B,5._Рекуррентные_НС,В чем трудность применения обычной batch normalization к RNN?,prompt12,dialog0176,2-file_llama3.2_1b_prompt12_dialog0176,2-file,23.7,34.0,34.4,0.0,0.0,0.0,0.0,0.0,0.0,0.0
llama3.2,1.0B,5._Рекуррентные_НС,Как работает механизм внимания (Attention)?,prompt12,dialog0177,2-file_llama3.2_1b_prompt12_dialog0177,2-file,23.7,34.0,34.4,0.0,0.0,0.0,0.0,0.0,0.0,0.0
llama3.2,1.0B,5._Рекуррентные_НС,Почему внимание важно в задачах машинного перевода?,prompt12,dialog0178,2-file_llama3.2_1b_prompt12_dialog0178,2-file,23.7,34.0,34.4,0.0,0.0,0.0,0.0,0.0,0.0,0.0
llama3.2,1.0B,5._Рекуррентные_НС,"Чем Show, Attend and Tell отличается от обычного RNN для обработки изображений?",prompt12,dialog0179,2-file_llama3.2_1b_prompt12_dialog0179,2-file,23.7,34.0,34.4,0.0,0.0,0.0,0.0,0.0,0.0,0.0
llama3.2,1.0B,5._Рекуррентные_НС,Можно ли автоматически подбирать архитектуру рекуррентной ячейки?,prompt12,dialog0180,2-file_llama3.2_1b_prompt12_dialog0180,2-file,23.7,34.0,34.4,0.0,0.0,0.0,0.0,0.0,0.0,0.0
llama3.2,1.0B,5._Рекуррентные_НС,"Зачем нужны рекуррентные нейронные сети, если существуют полносвязные и сверточные?",prompt15,dialog0211,2-file_llama3.2_1b_prompt15_dialog0211,2-file,25.1,27.1,34.7,0.0,0.0,0.0,0.0,0.0,0.0,0.0
llama3.2,1.0B,5._Рекуррентные_НС,Что такое скрытое состояние в RNN?,prompt15,dialog0212,2-file_llama3.2_1b_prompt15_dialog0212,2-file,25.1,27.1,34.7,0.0,0.0,0.0,0.0,0.0,0.0,0.0
llama3.2,1.0B,5._Рекуррентные_НС,Какие типы входов и выходов встречаются в задачах RNN?,prompt15,dialog0213,2-file_llama3.2_1b_prompt15_dialog0213,2-file,25.1,27.1,34.7,0.0,0.0,0.0,0.0,0.0,0.0,0.0
llama3.2,1.0B,5._Рекуррентные_НС,В чем отличие Simple RNN от глубоких RNN?,prompt15,dialog0214,2-file_llama3.2_1b_prompt15_dialog0214,2-file,25.1,27.1,34.7,0.0,0.0,0.0,0.0,0.0,0.0,0.0
llama3.2,1.0B,5._Рекуррентные_НС,Что такое двунаправленные RNN и зачем они нужны?,prompt15,dialog0215,2-file_llama3.2_1b_prompt15_dialog0215,2-file,25.1,27.1,34.7,0.0,0.0,0.0,0.0,0.0,0.0,0.0
llama3.2,1.0B,5._Рекуррентные_НС,Как LSTM решает проблему затухающих градиентов?,prompt15,dialog0216,2-file_llama3.2_1b_prompt15_dialog0216,2-file,25.1,27.1,34.7,0.0,0.0,0.0,0.0,0.0,0.0,0.0
llama3.2,1.0B,5._Рекуррентные_НС,Какие компоненты включает стандартная LSTM ячейка?,prompt15,dialog0217,2-file_llama3.2_1b_prompt15_dialog0217,2-file,25.1,27.1,34.7,0.0,0.0,0.0,0.0,0.0,0.0,0.0
llama3.2,1.0B,5._Рекуррентные_НС,Чем GRU отличается от LSTM?,prompt15,dialog0218,2-file_llama3.2_1b_prompt15_dialog0218,2-file,25.1,27.1,34.7,0.0,0.0,0.0,0.0,0.0,0.0,0.0
llama3.2,1.0B,5._Рекуррентные_НС,Зачем нужны замочные скважины (peepholes) в LSTM?,prompt15,dialog0219,2-file_llama3.2_1b_prompt15_dialog0219,2-file,25.1,27.1,34.7,0.0,0.0,0.0,0.0,0.0,0.0,0.0
llama3.2,1.0B,5._Рекуррентные_НС,Почему нормализация по мини-батчам важна для обучения RNN?,prompt15,dialog0220,2-file_llama3.2_1b_prompt15_dialog0220,2-file,25.1,27.1,34.7,0.0,0.0,0.0,0.0,0.0,0.0,0.0
llama3.2,1.0B,5._Рекуррентные_НС,В чем трудность применения обычной batch normalization к RNN?,prompt15,dialog0221,2-file_llama3.2_1b_prompt15_dialog0221,2-file,25.1,27.1,34.7,0.0,0.0,0.0,0.0,0.0,0.0,0.0
llama3.2,1.0B,5._Рекуррентные_НС,Как работает механизм внимания (Attention)?,prompt15,dialog0222,2-file_llama3.2_1b_prompt15_dialog0222,2-file,25.1,27.1,34.7,0.0,0.0,0.0,0.0,0.0,0.0,0.0
llama3.2,1.0B,5._Рекуррентные_НС,Почему внимание важно в задачах машинного перевода?,prompt15,dialog0223,2-file_llama3.2_1b_prompt15_dialog0223,2-file,25.1,27.1,34.7,0.0,0.0,0.0,0.0,0.0,0.0,0.0
llama3.2,1.0B,5._Рекуррентные_НС,"Чем Show, Attend and Tell отличается от обычного RNN для обработки изображений?",prompt15,dialog0224,2-file_llama3.2_1b_prompt15_dialog0224,2-file,25.1,27.1,34.7,0.0,0.0,0.0,0.0,0.0,0.0,0.0
llama3.2,1.0B,5._Рекуррентные_НС,Можно ли автоматически подбирать архитектуру рекуррентной ячейки?,prompt15,dialog0225,2-file_llama3.2_1b_prompt15_dialog0225,2-file,25.1,27.1,34.7,0.0,0.0,0.0,0.0,0.0,0.0,0.0
llama3.2,1.0B,5._Рекуррентные_НС,"Зачем нужны рекуррентные нейронные сети, если существуют полносвязные и сверточные?",prompt10,dialog0136,2-file_llama3.2_1b_prompt10_dialog0136,2-file,21.6,20.9,40.4,0.0,0.0,0.0,0.0,0.0,0.0,0.0
llama3.2,1.0B,5._Рекуррентные_НС,Что такое скрытое состояние в RNN?,prompt10,dialog0137,2-file_llama3.2_1b_prompt10_dialog0137,2-file,21.6,20.9,40.4,0.0,0.0,0.0,0.0,0.0,0.0,0.0
llama3.2,1.0B,5._Рекуррентные_НС,Какие типы входов и выходов встречаются в задачах RNN?,prompt10,dialog0138,2-file_llama3.2_1b_prompt10_dialog0138,2-file,21.6,20.9,40.4,0.0,0.0,0.0,0.0,0.0,0.0,0.0
llama3.2,1.0B,5._Рекуррентные_НС,В чем отличие Simple RNN от глубоких RNN?,prompt10,dialog0139,2-file_llama3.2_1b_prompt10_dialog0139,2-file,21.6,20.9,40.4,0.0,0.0,0.0,0.0,0.0,0.0,0.0
llama3.2,1.0B,5._Рекуррентные_НС,Что такое двунаправленные RNN и зачем они нужны?,prompt10,dialog0140,2-file_llama3.2_1b_prompt10_dialog0140,2-file,21.6,20.9,40.4,0.0,0.0,0.0,0.0,0.0,0.0,0.0
llama3.2,1.0B,5._Рекуррентные_НС,Как LSTM решает проблему затухающих градиентов?,prompt10,dialog0141,2-file_llama3.2_1b_prompt10_dialog0141,2-file,21.6,20.9,40.4,0.0,0.0,0.0,0.0,0.0,0.0,0.0
llama3.2,1.0B,5._Рекуррентные_НС,Какие компоненты включает стандартная LSTM ячейка?,prompt10,dialog0142,2-file_llama3.2_1b_prompt10_dialog0142,2-file,21.6,20.9,40.4,0.0,0.0,0.0,0.0,0.0,0.0,0.0
llama3.2,1.0B,5._Рекуррентные_НС,Чем GRU отличается от LSTM?,prompt10,dialog0143,2-file_llama3.2_1b_prompt10_dialog0143,2-file,21.6,20.9,40.4,0.0,0.0,0.0,0.0,0.0,0.0,0.0
llama3.2,1.0B,5._Рекуррентные_НС,Зачем нужны замочные скважины (peepholes) в LSTM?,prompt10,dialog0144,2-file_llama3.2_1b_prompt10_dialog0144,2-file,21.6,20.9,40.4,0.0,0.0,0.0,0.0,0.0,0.0,0.0
llama3.2,1.0B,5._Рекуррентные_НС,Почему нормализация по мини-батчам важна для обучения RNN?,prompt10,dialog0145,2-file_llama3.2_1b_prompt10_dialog0145,2-file,21.6,20.9,40.4,0.0,0.0,0.0,0.0,0.0,0.0,0.0
llama3.2,1.0B,5._Рекуррентные_НС,В чем трудность применения обычной batch normalization к RNN?,prompt10,dialog0146,2-file_llama3.2_1b_prompt10_dialog0146,2-file,21.6,20.9,40.4,0.0,0.0,0.0,0.0,0.0,0.0,0.0
llama3.2,1.0B,5._Рекуррентные_НС,Как работает механизм внимания (Attention)?,prompt10,dialog0147,2-file_llama3.2_1b_prompt10_dialog0147,2-file,21.6,20.9,40.4,0.0,0.0,0.0,0.0,0.0,0.0,0.0
llama3.2,1.0B,5._Рекуррентные_НС,Почему внимание важно в задачах машинного перевода?,prompt10,dialog0148,2-file_llama3.2_1b_prompt10_dialog0148,2-file,21.6,20.9,40.4,0.0,0.0,0.0,0.0,0.0,0.0,0.0
llama3.2,1.0B,5._Рекуррентные_НС,"Чем Show, Attend and Tell отличается от обычного RNN для обработки изображений?",prompt10,dialog0149,2-file_llama3.2_1b_prompt10_dialog0149,2-file,21.6,20.9,40.4,0.0,0.0,0.0,0.0,0.0,0.0,0.0
llama3.2,1.0B,5._Рекуррентные_НС,Можно ли автоматически подбирать архитектуру рекуррентной ячейки?,prompt10,dialog0150,2-file_llama3.2_1b_prompt10_dialog0150,2-file,21.6,20.9,40.4,0.0,0.0,0.0,0.0,0.0,0.0,0.0
llama3.2,1.0B,5._Рекуррентные_НС,"Зачем нужны рекуррентные нейронные сети, если существуют полносвязные и сверточные?",prompt9,dialog0121,2-file_llama3.2_1b_prompt9_dialog0121,2-file,20.6,22.1,30.2,0.0,0.0,0.0,0.0,0.0,0.0,0.0
llama3.2,1.0B,5._Рекуррентные_НС,Что такое скрытое состояние в RNN?,prompt9,dialog0122,2-file_llama3.2_1b_prompt9_dialog0122,2-file,20.6,22.1,30.2,0.0,0.0,0.0,0.0,0.0,0.0,0.0
llama3.2,1.0B,5._Рекуррентные_НС,Какие типы входов и выходов встречаются в задачах RNN?,prompt9,dialog0123,2-file_llama3.2_1b_prompt9_dialog0123,2-file,20.6,22.1,30.2,0.0,0.0,0.0,0.0,0.0,0.0,0.0
llama3.2,1.0B,5._Рекуррентные_НС,В чем отличие Simple RNN от глубоких RNN?,prompt9,dialog0124,2-file_llama3.2_1b_prompt9_dialog0124,2-file,20.6,22.1,30.2,0.0,0.0,0.0,0.0,0.0,0.0,0.0
llama3.2,1.0B,5._Рекуррентные_НС,Что такое двунаправленные RNN и зачем они нужны?,prompt9,dialog0125,2-file_llama3.2_1b_prompt9_dialog0125,2-file,20.6,22.1,30.2,0.0,0.0,0.0,0.0,0.0,0.0,0.0
llama3.2,1.0B,5._Рекуррентные_НС,Как LSTM решает проблему затухающих градиентов?,prompt9,dialog0126,2-file_llama3.2_1b_prompt9_dialog0126,2-file,20.6,22.1,30.2,0.0,0.0,0.0,0.0,0.0,0.0,0.0
llama3.2,1.0B,5._Рекуррентные_НС,Какие компоненты включает стандартная LSTM ячейка?,prompt9,dialog0127,2-file_llama3.2_1b_prompt9_dialog0127,2-file,20.6,22.1,30.2,0.0,0.0,0.0,0.0,0.0,0.0,0.0
llama3.2,1.0B,5._Рекуррентные_НС,Чем GRU отличается от LSTM?,prompt9,dialog0128,2-file_llama3.2_1b_prompt9_dialog0128,2-file,20.6,22.1,30.2,0.0,0.0,0.0,0.0,0.0,0.0,0.0
llama3.2,1.0B,5._Рекуррентные_НС,Зачем нужны замочные скважины (peepholes) в LSTM?,prompt9,dialog0129,2-file_llama3.2_1b_prompt9_dialog0129,2-file,20.6,22.1,30.2,0.0,0.0,0.0,0.0,0.0,0.0,0.0
llama3.2,1.0B,5._Рекуррентные_НС,Почему нормализация по мини-батчам важна для обучения RNN?,prompt9,dialog0130,2-file_llama3.2_1b_prompt9_dialog0130,2-file,20.6,22.1,30.2,0.0,0.0,0.0,0.0,0.0,0.0,0.0
llama3.2,1.0B,5._Рекуррентные_НС,В чем трудность применения обычной batch normalization к RNN?,prompt9,dialog0131,2-file_llama3.2_1b_prompt9_dialog0131,2-file,20.6,22.1,30.2,0.0,0.0,0.0,0.0,0.0,0.0,0.0
llama3.2,1.0B,5._Рекуррентные_НС,Как работает механизм внимания (Attention)?,prompt9,dialog0132,2-file_llama3.2_1b_prompt9_dialog0132,2-file,20.6,22.1,30.2,0.0,0.0,0.0,0.0,0.0,0.0,0.0
llama3.2,1.0B,5._Рекуррентные_НС,Почему внимание важно в задачах машинного перевода?,prompt9,dialog0133,2-file_llama3.2_1b_prompt9_dialog0133,2-file,20.6,22.1,30.2,0.0,0.0,0.0,0.0,0.0,0.0,0.0
llama3.2,1.0B,5._Рекуррентные_НС,"Чем Show, Attend and Tell отличается от обычного RNN для обработки изображений?",prompt9,dialog0134,2-file_llama3.2_1b_prompt9_dialog0134,2-file,20.6,22.1,30.2,0.0,0.0,0.0,0.0,0.0,0.0,0.0
llama3.2,1.0B,5._Рекуррентные_НС,Можно ли автоматически подбирать архитектуру рекуррентной ячейки?,prompt9,dialog0135,2-file_llama3.2_1b_prompt9_dialog0135,2-file,20.6,22.1,30.2,0.0,0.0,0.0,0.0,0.0,0.0,0.0
llama3.2,1.0B,5._Рекуррентные_НС,"Зачем нужны рекуррентные нейронные сети, если существуют полносвязные и сверточные?",prompt7,dialog0091,2-file_llama3.2_1b_prompt7_dialog0091,2-file,27.6,32.1,41.3,0.0,0.0,0.0,0.0,0.0,0.0,0.0
llama3.2,1.0B,5._Рекуррентные_НС,Что такое скрытое состояние в RNN?,prompt7,dialog0092,2-file_llama3.2_1b_prompt7_dialog0092,2-file,27.6,32.1,41.3,0.0,0.0,0.0,0.0,0.0,0.0,0.0
llama3.2,1.0B,5._Рекуррентные_НС,Какие типы входов и выходов встречаются в задачах RNN?,prompt7,dialog0093,2-file_llama3.2_1b_prompt7_dialog0093,2-file,27.6,32.1,41.3,0.0,0.0,0.0,0.0,0.0,0.0,0.0
llama3.2,1.0B,5._Рекуррентные_НС,В чем отличие Simple RNN от глубоких RNN?,prompt7,dialog0094,2-file_llama3.2_1b_prompt7_dialog0094,2-file,27.6,32.1,41.3,0.0,0.0,0.0,0.0,0.0,0.0,0.0
llama3.2,1.0B,5._Рекуррентные_НС,Что такое двунаправленные RNN и зачем они нужны?,prompt7,dialog0095,2-file_llama3.2_1b_prompt7_dialog0095,2-file,27.6,32.1,41.3,0.0,0.0,0.0,0.0,0.0,0.0,0.0
llama3.2,1.0B,5._Рекуррентные_НС,Как LSTM решает проблему затухающих градиентов?,prompt7,dialog0096,2-file_llama3.2_1b_prompt7_dialog0096,2-file,27.6,32.1,41.3,0.0,0.0,0.0,0.0,0.0,0.0,0.0
llama3.2,1.0B,5._Рекуррентные_НС,Какие компоненты включает стандартная LSTM ячейка?,prompt7,dialog0097,2-file_llama3.2_1b_prompt7_dialog0097,2-file,27.6,32.1,41.3,0.0,0.0,0.0,0.0,0.0,0.0,0.0
llama3.2,1.0B,5._Рекуррентные_НС,Чем GRU отличается от LSTM?,prompt7,dialog0098,2-file_llama3.2_1b_prompt7_dialog0098,2-file,27.6,32.1,41.3,0.0,0.0,0.0,0.0,0.0,0.0,0.0
llama3.2,1.0B,5._Рекуррентные_НС,Зачем нужны замочные скважины (peepholes) в LSTM?,prompt7,dialog0099,2-file_llama3.2_1b_prompt7_dialog0099,2-file,27.6,32.1,41.3,0.0,0.0,0.0,0.0,0.0,0.0,0.0
llama3.2,1.0B,5._Рекуррентные_НС,Почему нормализация по мини-батчам важна для обучения RNN?,prompt7,dialog0100,2-file_llama3.2_1b_prompt7_dialog0100,2-file,27.6,32.1,41.3,0.0,0.0,0.0,0.0,0.0,0.0,0.0
llama3.2,1.0B,5._Рекуррентные_НС,В чем трудность применения обычной batch normalization к RNN?,prompt7,dialog0101,2-file_llama3.2_1b_prompt7_dialog0101,2-file,27.6,32.1,41.3,0.0,0.0,0.0,0.0,0.0,0.0,0.0
llama3.2,1.0B,5._Рекуррентные_НС,Как работает механизм внимания (Attention)?,prompt7,dialog0102,2-file_llama3.2_1b_prompt7_dialog0102,2-file,27.6,32.1,41.3,0.0,0.0,0.0,0.0,0.0,0.0,0.0
llama3.2,1.0B,5._Рекуррентные_НС,Почему внимание важно в задачах машинного перевода?,prompt7,dialog0103,2-file_llama3.2_1b_prompt7_dialog0103,2-file,27.6,32.1,41.3,0.0,0.0,0.0,0.0,0.0,0.0,0.0
llama3.2,1.0B,5._Рекуррентные_НС,"Чем Show, Attend and Tell отличается от обычного RNN для обработки изображений?",prompt7,dialog0104,2-file_llama3.2_1b_prompt7_dialog0104,2-file,27.6,32.1,41.3,0.0,0.0,0.0,0.0,0.0,0.0,0.0
llama3.2,1.0B,5._Рекуррентные_НС,Можно ли автоматически подбирать архитектуру рекуррентной ячейки?,prompt7,dialog0105,2-file_llama3.2_1b_prompt7_dialog0105,2-file,27.6,32.1,41.3,0.0,0.0,0.0,0.0,0.0,0.0,0.0
llama3.2,1.0B,5._Рекуррентные_НС,"Зачем нужны рекуррентные нейронные сети, если существуют полносвязные и сверточные?",prompt6,dialog0076,2-file_llama3.2_1b_prompt6_dialog0076,2-file,19.1,27.3,34.7,0.0,0.0,0.0,0.0,0.0,0.0,0.0
llama3.2,1.0B,5._Рекуррентные_НС,Что такое скрытое состояние в RNN?,prompt6,dialog0077,2-file_llama3.2_1b_prompt6_dialog0077,2-file,19.1,27.3,34.7,0.0,0.0,0.0,0.0,0.0,0.0,0.0
llama3.2,1.0B,5._Рекуррентные_НС,Какие типы входов и выходов встречаются в задачах RNN?,prompt6,dialog0078,2-file_llama3.2_1b_prompt6_dialog0078,2-file,19.1,27.3,34.7,0.0,0.0,0.0,0.0,0.0,0.0,0.0
llama3.2,1.0B,5._Рекуррентные_НС,В чем отличие Simple RNN от глубоких RNN?,prompt6,dialog0079,2-file_llama3.2_1b_prompt6_dialog0079,2-file,19.1,27.3,34.7,0.0,0.0,0.0,0.0,0.0,0.0,0.0
llama3.2,1.0B,5._Рекуррентные_НС,Что такое двунаправленные RNN и зачем они нужны?,prompt6,dialog0080,2-file_llama3.2_1b_prompt6_dialog0080,2-file,19.1,27.3,34.7,0.0,0.0,0.0,0.0,0.0,0.0,0.0
llama3.2,1.0B,5._Рекуррентные_НС,Как LSTM решает проблему затухающих градиентов?,prompt6,dialog0081,2-file_llama3.2_1b_prompt6_dialog0081,2-file,19.1,27.3,34.7,0.0,0.0,0.0,0.0,0.0,0.0,0.0
llama3.2,1.0B,5._Рекуррентные_НС,Какие компоненты включает стандартная LSTM ячейка?,prompt6,dialog0082,2-file_llama3.2_1b_prompt6_dialog0082,2-file,19.1,27.3,34.7,0.0,0.0,0.0,0.0,0.0,0.0,0.0
llama3.2,1.0B,5._Рекуррентные_НС,Чем GRU отличается от LSTM?,prompt6,dialog0083,2-file_llama3.2_1b_prompt6_dialog0083,2-file,19.1,27.3,34.7,0.0,0.0,0.0,0.0,0.0,0.0,0.0
llama3.2,1.0B,5._Рекуррентные_НС,Зачем нужны замочные скважины (peepholes) в LSTM?,prompt6,dialog0084,2-file_llama3.2_1b_prompt6_dialog0084,2-file,19.1,27.3,34.7,0.0,0.0,0.0,0.0,0.0,0.0,0.0
llama3.2,1.0B,5._Рекуррентные_НС,Почему нормализация по мини-батчам важна для обучения RNN?,prompt6,dialog0085,2-file_llama3.2_1b_prompt6_dialog0085,2-file,19.1,27.3,34.7,0.0,0.0,0.0,0.0,0.0,0.0,0.0
llama3.2,1.0B,5._Рекуррентные_НС,В чем трудность применения обычной batch normalization к RNN?,prompt6,dialog0086,2-file_llama3.2_1b_prompt6_dialog0086,2-file,19.1,27.3,34.7,0.0,0.0,0.0,0.0,0.0,0.0,0.0
llama3.2,1.0B,5._Рекуррентные_НС,Как работает механизм внимания (Attention)?,prompt6,dialog0087,2-file_llama3.2_1b_prompt6_dialog0087,2-file,19.1,27.3,34.7,0.0,0.0,0.0,0.0,0.0,0.0,0.0
llama3.2,1.0B,5._Рекуррентные_НС,Почему внимание важно в задачах машинного перевода?,prompt6,dialog0088,2-file_llama3.2_1b_prompt6_dialog0088,2-file,19.1,27.3,34.7,0.0,0.0,0.0,0.0,0.0,0.0,0.0
llama3.2,1.0B,5._Рекуррентные_НС,"Чем Show, Attend and Tell отличается от обычного RNN для обработки изображений?",prompt6,dialog0089,2-file_llama3.2_1b_prompt6_dialog0089,2-file,19.1,27.3,34.7,0.0,0.0,0.0,0.0,0.0,0.0,0.0
llama3.2,1.0B,5._Рекуррентные_НС,Можно ли автоматически подбирать архитектуру рекуррентной ячейки?,prompt6,dialog0090,2-file_llama3.2_1b_prompt6_dialog0090,2-file,19.1,27.3,34.7,0.0,0.0,0.0,0.0,0.0,0.0,0.0
llama3.2,1.0B,5._Рекуррентные_НС,"Зачем нужны рекуррентные нейронные сети, если существуют полносвязные и сверточные?",prompt1,dialog0001,2-file_llama3.2_1b_prompt1_dialog0001,2-file,23.3,24.0,38.6,0.0,0.0,0.0,0.0,0.0,0.0,0.0
llama3.2,1.0B,5._Рекуррентные_НС,Что такое скрытое состояние в RNN?,prompt1,dialog0002,2-file_llama3.2_1b_prompt1_dialog0002,2-file,23.3,24.0,38.6,0.0,0.0,0.0,0.0,0.0,0.0,0.0
llama3.2,1.0B,5._Рекуррентные_НС,Какие типы входов и выходов встречаются в задачах RNN?,prompt1,dialog0003,2-file_llama3.2_1b_prompt1_dialog0003,2-file,23.3,24.0,38.6,0.0,0.0,0.0,0.0,0.0,0.0,0.0
llama3.2,1.0B,5._Рекуррентные_НС,В чем отличие Simple RNN от глубоких RNN?,prompt1,dialog0004,2-file_llama3.2_1b_prompt1_dialog0004,2-file,23.3,24.0,38.6,0.0,0.0,0.0,0.0,0.0,0.0,0.0
llama3.2,1.0B,5._Рекуррентные_НС,Что такое двунаправленные RNN и зачем они нужны?,prompt1,dialog0005,2-file_llama3.2_1b_prompt1_dialog0005,2-file,23.3,24.0,38.6,0.0,0.0,0.0,0.0,0.0,0.0,0.0
llama3.2,1.0B,5._Рекуррентные_НС,Как LSTM решает проблему затухающих градиентов?,prompt1,dialog0006,2-file_llama3.2_1b_prompt1_dialog0006,2-file,23.3,24.0,38.6,0.0,0.0,0.0,0.0,0.0,0.0,0.0
llama3.2,1.0B,5._Рекуррентные_НС,Какие компоненты включает стандартная LSTM ячейка?,prompt1,dialog0007,2-file_llama3.2_1b_prompt1_dialog0007,2-file,23.3,24.0,38.6,0.0,0.0,0.0,0.0,0.0,0.0,0.0
llama3.2,1.0B,5._Рекуррентные_НС,Чем GRU отличается от LSTM?,prompt1,dialog0008,2-file_llama3.2_1b_prompt1_dialog0008,2-file,23.3,24.0,38.6,0.0,0.0,0.0,0.0,0.0,0.0,0.0
llama3.2,1.0B,5._Рекуррентные_НС,Зачем нужны замочные скважины (peepholes) в LSTM?,prompt1,dialog0009,2-file_llama3.2_1b_prompt1_dialog0009,2-file,23.3,24.0,38.6,0.0,0.0,0.0,0.0,0.0,0.0,0.0
llama3.2,1.0B,5._Рекуррентные_НС,Почему нормализация по мини-батчам важна для обучения RNN?,prompt1,dialog0010,2-file_llama3.2_1b_prompt1_dialog0010,2-file,23.3,24.0,38.6,0.0,0.0,0.0,0.0,0.0,0.0,0.0
llama3.2,1.0B,5._Рекуррентные_НС,В чем трудность применения обычной batch normalization к RNN?,prompt1,dialog0011,2-file_llama3.2_1b_prompt1_dialog0011,2-file,23.3,24.0,38.6,0.0,0.0,0.0,0.0,0.0,0.0,0.0
llama3.2,1.0B,5._Рекуррентные_НС,Как работает механизм внимания (Attention)?,prompt1,dialog0012,2-file_llama3.2_1b_prompt1_dialog0012,2-file,23.3,24.0,38.6,0.0,0.0,0.0,0.0,0.0,0.0,0.0
llama3.2,1.0B,5._Рекуррентные_НС,Почему внимание важно в задачах машинного перевода?,prompt1,dialog0013,2-file_llama3.2_1b_prompt1_dialog0013,2-file,23.3,24.0,38.6,0.0,0.0,0.0,0.0,0.0,0.0,0.0
llama3.2,1.0B,5._Рекуррентные_НС,"Чем Show, Attend and Tell отличается от обычного RNN для обработки изображений?",prompt1,dialog0014,2-file_llama3.2_1b_prompt1_dialog0014,2-file,23.3,24.0,38.6,0.0,0.0,0.0,0.0,0.0,0.0,0.0
llama3.2,1.0B,5._Рекуррентные_НС,Можно ли автоматически подбирать архитектуру рекуррентной ячейки?,prompt1,dialog0015,2-file_llama3.2_1b_prompt1_dialog0015,2-file,23.3,24.0,38.6,0.0,0.0,0.0,0.0,0.0,0.0,0.0
llama3.2,1.0B,5._Рекуррентные_НС,"Зачем нужны рекуррентные нейронные сети, если существуют полносвязные и сверточные?",prompt8,dialog0106,2-file_llama3.2_1b_prompt8_dialog0106,2-file,23.9,25.8,37.4,0.0,0.0,0.0,0.0,0.0,0.0,0.0
llama3.2,1.0B,5._Рекуррентные_НС,Что такое скрытое состояние в RNN?,prompt8,dialog0107,2-file_llama3.2_1b_prompt8_dialog0107,2-file,23.9,25.8,37.4,0.0,0.0,0.0,0.0,0.0,0.0,0.0
llama3.2,1.0B,5._Рекуррентные_НС,Какие типы входов и выходов встречаются в задачах RNN?,prompt8,dialog0108,2-file_llama3.2_1b_prompt8_dialog0108,2-file,23.9,25.8,37.4,0.0,0.0,0.0,0.0,0.0,0.0,0.0
llama3.2,1.0B,5._Рекуррентные_НС,В чем отличие Simple RNN от глубоких RNN?,prompt8,dialog0109,2-file_llama3.2_1b_prompt8_dialog0109,2-file,23.9,25.8,37.4,0.0,0.0,0.0,0.0,0.0,0.0,0.0
llama3.2,1.0B,5._Рекуррентные_НС,Что такое двунаправленные RNN и зачем они нужны?,prompt8,dialog0110,2-file_llama3.2_1b_prompt8_dialog0110,2-file,23.9,25.8,37.4,0.0,0.0,0.0,0.0,0.0,0.0,0.0
llama3.2,1.0B,5._Рекуррентные_НС,Как LSTM решает проблему затухающих градиентов?,prompt8,dialog0111,2-file_llama3.2_1b_prompt8_dialog0111,2-file,23.9,25.8,37.4,0.0,0.0,0.0,0.0,0.0,0.0,0.0
llama3.2,1.0B,5._Рекуррентные_НС,Какие компоненты включает стандартная LSTM ячейка?,prompt8,dialog0112,2-file_llama3.2_1b_prompt8_dialog0112,2-file,23.9,25.8,37.4,0.0,0.0,0.0,0.0,0.0,0.0,0.0
llama3.2,1.0B,5._Рекуррентные_НС,Чем GRU отличается от LSTM?,prompt8,dialog0113,2-file_llama3.2_1b_prompt8_dialog0113,2-file,23.9,25.8,37.4,0.0,0.0,0.0,0.0,0.0,0.0,0.0
llama3.2,1.0B,5._Рекуррентные_НС,Зачем нужны замочные скважины (peepholes) в LSTM?,prompt8,dialog0114,2-file_llama3.2_1b_prompt8_dialog0114,2-file,23.9,25.8,37.4,0.0,0.0,0.0,0.0,0.0,0.0,0.0
llama3.2,1.0B,5._Рекуррентные_НС,Почему нормализация по мини-батчам важна для обучения RNN?,prompt8,dialog0115,2-file_llama3.2_1b_prompt8_dialog0115,2-file,23.9,25.8,37.4,0.0,0.0,0.0,0.0,0.0,0.0,0.0
llama3.2,1.0B,5._Рекуррентные_НС,В чем трудность применения обычной batch normalization к RNN?,prompt8,dialog0116,2-file_llama3.2_1b_prompt8_dialog0116,2-file,23.9,25.8,37.4,0.0,0.0,0.0,0.0,0.0,0.0,0.0
llama3.2,1.0B,5._Рекуррентные_НС,Как работает механизм внимания (Attention)?,prompt8,dialog0117,2-file_llama3.2_1b_prompt8_dialog0117,2-file,23.9,25.8,37.4,0.0,0.0,0.0,0.0,0.0,0.0,0.0
llama3.2,1.0B,5._Рекуррентные_НС,Почему внимание важно в задачах машинного перевода?,prompt8,dialog0118,2-file_llama3.2_1b_prompt8_dialog0118,2-file,23.9,25.8,37.4,0.0,0.0,0.0,0.0,0.0,0.0,0.0
llama3.2,1.0B,5._Рекуррентные_НС,"Чем Show, Attend and Tell отличается от обычного RNN для обработки изображений?",prompt8,dialog0119,2-file_llama3.2_1b_prompt8_dialog0119,2-file,23.9,25.8,37.4,0.0,0.0,0.0,0.0,0.0,0.0,0.0
llama3.2,1.0B,5._Рекуррентные_НС,Можно ли автоматически подбирать архитектуру рекуррентной ячейки?,prompt8,dialog0120,2-file_llama3.2_1b_prompt8_dialog0120,2-file,23.9,25.8,37.4,0.0,0.0,0.0,0.0,0.0,0.0,0.0
llama3.2,1.0B,5._Рекуррентные_НС,"Зачем нужны рекуррентные нейронные сети, если существуют полносвязные и сверточные?",prompt11,dialog0151,2-file_llama3.2_1b_prompt11_dialog0151,2-file,20.8,25.8,41.3,0.0,0.0,0.0,0.0,0.0,0.0,0.0
llama3.2,1.0B,5._Рекуррентные_НС,Что такое скрытое состояние в RNN?,prompt11,dialog0152,2-file_llama3.2_1b_prompt11_dialog0152,2-file,20.8,25.8,41.3,0.0,0.0,0.0,0.0,0.0,0.0,0.0
llama3.2,1.0B,5._Рекуррентные_НС,Какие типы входов и выходов встречаются в задачах RNN?,prompt11,dialog0153,2-file_llama3.2_1b_prompt11_dialog0153,2-file,20.8,25.8,41.3,0.0,0.0,0.0,0.0,0.0,0.0,0.0
llama3.2,1.0B,5._Рекуррентные_НС,В чем отличие Simple RNN от глубоких RNN?,prompt11,dialog0154,2-file_llama3.2_1b_prompt11_dialog0154,2-file,20.8,25.8,41.3,0.0,0.0,0.0,0.0,0.0,0.0,0.0
llama3.2,1.0B,5._Рекуррентные_НС,Что такое двунаправленные RNN и зачем они нужны?,prompt11,dialog0155,2-file_llama3.2_1b_prompt11_dialog0155,2-file,20.8,25.8,41.3,0.0,0.0,0.0,0.0,0.0,0.0,0.0
llama3.2,1.0B,5._Рекуррентные_НС,Как LSTM решает проблему затухающих градиентов?,prompt11,dialog0156,2-file_llama3.2_1b_prompt11_dialog0156,2-file,20.8,25.8,41.3,0.0,0.0,0.0,0.0,0.0,0.0,0.0
llama3.2,1.0B,5._Рекуррентные_НС,Какие компоненты включает стандартная LSTM ячейка?,prompt11,dialog0157,2-file_llama3.2_1b_prompt11_dialog0157,2-file,20.8,25.8,41.3,0.0,0.0,0.0,0.0,0.0,0.0,0.0
llama3.2,1.0B,5._Рекуррентные_НС,Чем GRU отличается от LSTM?,prompt11,dialog0158,2-file_llama3.2_1b_prompt11_dialog0158,2-file,20.8,25.8,41.3,0.0,0.0,0.0,0.0,0.0,0.0,0.0
llama3.2,1.0B,5._Рекуррентные_НС,Зачем нужны замочные скважины (peepholes) в LSTM?,prompt11,dialog0159,2-file_llama3.2_1b_prompt11_dialog0159,2-file,20.8,25.8,41.3,0.0,0.0,0.0,0.0,0.0,0.0,0.0
llama3.2,1.0B,5._Рекуррентные_НС,Почему нормализация по мини-батчам важна для обучения RNN?,prompt11,dialog0160,2-file_llama3.2_1b_prompt11_dialog0160,2-file,20.8,25.8,41.3,0.0,0.0,0.0,0.0,0.0,0.0,0.0
llama3.2,1.0B,5._Рекуррентные_НС,В чем трудность применения обычной batch normalization к RNN?,prompt11,dialog0161,2-file_llama3.2_1b_prompt11_dialog0161,2-file,20.8,25.8,41.3,0.0,0.0,0.0,0.0,0.0,0.0,0.0
llama3.2,1.0B,5._Рекуррентные_НС,Как работает механизм внимания (Attention)?,prompt11,dialog0162,2-file_llama3.2_1b_prompt11_dialog0162,2-file,20.8,25.8,41.3,0.0,0.0,0.0,0.0,0.0,0.0,0.0
llama3.2,1.0B,5._Рекуррентные_НС,Почему внимание важно в задачах машинного перевода?,prompt11,dialog0163,2-file_llama3.2_1b_prompt11_dialog0163,2-file,20.8,25.8,41.3,0.0,0.0,0.0,0.0,0.0,0.0,0.0
llama3.2,1.0B,5._Рекуррентные_НС,"Чем Show, Attend and Tell отличается от обычного RNN для обработки изображений?",prompt11,dialog0164,2-file_llama3.2_1b_prompt11_dialog0164,2-file,20.8,25.8,41.3,0.0,0.0,0.0,0.0,0.0,0.0,0.0
llama3.2,1.0B,5._Рекуррентные_НС,Можно ли автоматически подбирать архитектуру рекуррентной ячейки?,prompt11,dialog0165,2-file_llama3.2_1b_prompt11_dialog0165,2-file,20.8,25.8,41.3,0.0,0.0,0.0,0.0,0.0,0.0,0.0
deepseek-r1,1.5B,5._Рекуррентные_НС,"Зачем нужны рекуррентные нейронные сети, если существуют полносвязные и сверточные?",prompt14,dialog1096,2-file_deepseek-r1_1.5b_prompt14_dialog1096,2-file,0.0,0.0,0.0,0.0,0.0,0.0,0.0,0.0,0.0,0.0
deepseek-r1,1.5B,5._Рекуррентные_НС,Что такое скрытое состояние в RNN?,prompt14,dialog1097,2-file_deepseek-r1_1.5b_prompt14_dialog1097,2-file,0.0,0.0,0.0,0.0,0.0,0.0,0.0,0.0,0.0,0.0
deepseek-r1,1.5B,5._Рекуррентные_НС,Какие типы входов и выходов встречаются в задачах RNN?,prompt14,dialog1098,2-file_deepseek-r1_1.5b_prompt14_dialog1098,2-file,0.0,0.0,0.0,0.0,0.0,0.0,0.0,0.0,0.0,0.0
deepseek-r1,1.5B,5._Рекуррентные_НС,В чем отличие Simple RNN от глубоких RNN?,prompt14,dialog1099,2-file_deepseek-r1_1.5b_prompt14_dialog1099,2-file,0.0,0.0,0.0,0.0,0.0,0.0,0.0,0.0,0.0,0.0
deepseek-r1,1.5B,5._Рекуррентные_НС,Что такое двунаправленные RNN и зачем они нужны?,prompt14,dialog1100,2-file_deepseek-r1_1.5b_prompt14_dialog1100,2-file,0.0,0.0,0.0,0.0,0.0,0.0,0.0,0.0,0.0,0.0
deepseek-r1,1.5B,5._Рекуррентные_НС,Как LSTM решает проблему затухающих градиентов?,prompt14,dialog1101,2-file_deepseek-r1_1.5b_prompt14_dialog1101,2-file,0.0,0.0,0.0,0.0,0.0,0.0,0.0,0.0,0.0,0.0
deepseek-r1,1.5B,5._Рекуррентные_НС,Какие компоненты включает стандартная LSTM ячейка?,prompt14,dialog1102,2-file_deepseek-r1_1.5b_prompt14_dialog1102,2-file,0.0,0.0,0.0,0.0,0.0,0.0,0.0,0.0,0.0,0.0
deepseek-r1,1.5B,5._Рекуррентные_НС,Чем GRU отличается от LSTM?,prompt14,dialog1103,2-file_deepseek-r1_1.5b_prompt14_dialog1103,2-file,0.0,0.0,0.0,0.0,0.0,0.0,0.0,0.0,0.0,0.0
deepseek-r1,1.5B,5._Рекуррентные_НС,Зачем нужны замочные скважины (peepholes) в LSTM?,prompt14,dialog1104,2-file_deepseek-r1_1.5b_prompt14_dialog1104,2-file,0.0,0.0,0.0,0.0,0.0,0.0,0.0,0.0,0.0,0.0
deepseek-r1,1.5B,5._Рекуррентные_НС,Почему нормализация по мини-батчам важна для обучения RNN?,prompt14,dialog1105,2-file_deepseek-r1_1.5b_prompt14_dialog1105,2-file,0.0,0.0,0.0,0.0,0.0,0.0,0.0,0.0,0.0,0.0
deepseek-r1,1.5B,5._Рекуррентные_НС,В чем трудность применения обычной batch normalization к RNN?,prompt14,dialog1106,2-file_deepseek-r1_1.5b_prompt14_dialog1106,2-file,0.0,0.0,0.0,0.0,0.0,0.0,0.0,0.0,0.0,0.0
deepseek-r1,1.5B,5._Рекуррентные_НС,Как работает механизм внимания (Attention)?,prompt14,dialog1107,2-file_deepseek-r1_1.5b_prompt14_dialog1107,2-file,0.0,0.0,0.0,0.0,0.0,0.0,0.0,0.0,0.0,0.0
deepseek-r1,1.5B,5._Рекуррентные_НС,Почему внимание важно в задачах машинного перевода?,prompt14,dialog1108,2-file_deepseek-r1_1.5b_prompt14_dialog1108,2-file,0.0,0.0,0.0,0.0,0.0,0.0,0.0,0.0,0.0,0.0
deepseek-r1,1.5B,5._Рекуррентные_НС,"Чем Show, Attend and Tell отличается от обычного RNN для обработки изображений?",prompt14,dialog1109,2-file_deepseek-r1_1.5b_prompt14_dialog1109,2-file,0.0,0.0,0.0,0.0,0.0,0.0,0.0,0.0,0.0,0.0
deepseek-r1,1.5B,5._Рекуррентные_НС,Можно ли автоматически подбирать архитектуру рекуррентной ячейки?,prompt14,dialog1110,2-file_deepseek-r1_1.5b_prompt14_dialog1110,2-file,0.0,0.0,0.0,0.0,0.0,0.0,0.0,0.0,0.0,0.0
deepseek-r1,1.5B,5._Рекуррентные_НС,"Зачем нужны рекуррентные нейронные сети, если существуют полносвязные и сверточные?",prompt13,dialog1081,2-file_deepseek-r1_1.5b_prompt13_dialog1081,2-file,0.0,0.0,0.0,0.0,0.0,0.0,0.0,0.0,0.0,0.0
deepseek-r1,1.5B,5._Рекуррентные_НС,Что такое скрытое состояние в RNN?,prompt13,dialog1082,2-file_deepseek-r1_1.5b_prompt13_dialog1082,2-file,0.0,0.0,0.0,0.0,0.0,0.0,0.0,0.0,0.0,0.0
deepseek-r1,1.5B,5._Рекуррентные_НС,Какие типы входов и выходов встречаются в задачах RNN?,prompt13,dialog1083,2-file_deepseek-r1_1.5b_prompt13_dialog1083,2-file,0.0,0.0,0.0,0.0,0.0,0.0,0.0,0.0,0.0,0.0
deepseek-r1,1.5B,5._Рекуррентные_НС,В чем отличие Simple RNN от глубоких RNN?,prompt13,dialog1084,2-file_deepseek-r1_1.5b_prompt13_dialog1084,2-file,0.0,0.0,0.0,0.0,0.0,0.0,0.0,0.0,0.0,0.0
deepseek-r1,1.5B,5._Рекуррентные_НС,Что такое двунаправленные RNN и зачем они нужны?,prompt13,dialog1085,2-file_deepseek-r1_1.5b_prompt13_dialog1085,2-file,0.0,0.0,0.0,0.0,0.0,0.0,0.0,0.0,0.0,0.0
deepseek-r1,1.5B,5._Рекуррентные_НС,Как LSTM решает проблему затухающих градиентов?,prompt13,dialog1086,2-file_deepseek-r1_1.5b_prompt13_dialog1086,2-file,0.0,0.0,0.0,0.0,0.0,0.0,0.0,0.0,0.0,0.0
deepseek-r1,1.5B,5._Рекуррентные_НС,Какие компоненты включает стандартная LSTM ячейка?,prompt13,dialog1087,2-file_deepseek-r1_1.5b_prompt13_dialog1087,2-file,0.0,0.0,0.0,0.0,0.0,0.0,0.0,0.0,0.0,0.0
deepseek-r1,1.5B,5._Рекуррентные_НС,Чем GRU отличается от LSTM?,prompt13,dialog1088,2-file_deepseek-r1_1.5b_prompt13_dialog1088,2-file,0.0,0.0,0.0,0.0,0.0,0.0,0.0,0.0,0.0,0.0
deepseek-r1,1.5B,5._Рекуррентные_НС,Зачем нужны замочные скважины (peepholes) в LSTM?,prompt13,dialog1089,2-file_deepseek-r1_1.5b_prompt13_dialog1089,2-file,0.0,0.0,0.0,0.0,0.0,0.0,0.0,0.0,0.0,0.0
deepseek-r1,1.5B,5._Рекуррентные_НС,Почему нормализация по мини-батчам важна для обучения RNN?,prompt13,dialog1090,2-file_deepseek-r1_1.5b_prompt13_dialog1090,2-file,0.0,0.0,0.0,0.0,0.0,0.0,0.0,0.0,0.0,0.0
deepseek-r1,1.5B,5._Рекуррентные_НС,В чем трудность применения обычной batch normalization к RNN?,prompt13,dialog1091,2-file_deepseek-r1_1.5b_prompt13_dialog1091,2-file,0.0,0.0,0.0,0.0,0.0,0.0,0.0,0.0,0.0,0.0
deepseek-r1,1.5B,5._Рекуррентные_НС,Как работает механизм внимания (Attention)?,prompt13,dialog1092,2-file_deepseek-r1_1.5b_prompt13_dialog1092,2-file,0.0,0.0,0.0,0.0,0.0,0.0,0.0,0.0,0.0,0.0
deepseek-r1,1.5B,5._Рекуррентные_НС,Почему внимание важно в задачах машинного перевода?,prompt13,dialog1093,2-file_deepseek-r1_1.5b_prompt13_dialog1093,2-file,0.0,0.0,0.0,0.0,0.0,0.0,0.0,0.0,0.0,0.0
deepseek-r1,1.5B,5._Рекуррентные_НС,"Чем Show, Attend and Tell отличается от обычного RNN для обработки изображений?",prompt13,dialog1094,2-file_deepseek-r1_1.5b_prompt13_dialog1094,2-file,0.0,0.0,0.0,0.0,0.0,0.0,0.0,0.0,0.0,0.0
deepseek-r1,1.5B,5._Рекуррентные_НС,Можно ли автоматически подбирать архитектуру рекуррентной ячейки?,prompt13,dialog1095,2-file_deepseek-r1_1.5b_prompt13_dialog1095,2-file,0.0,0.0,0.0,0.0,0.0,0.0,0.0,0.0,0.0,0.0
deepseek-r1,1.5B,5._Рекуррентные_НС,"Зачем нужны рекуррентные нейронные сети, если существуют полносвязные и сверточные?",prompt4,dialog0946,2-file_deepseek-r1_1.5b_prompt4_dialog0946,2-file,0.0,0.0,0.0,0.0,0.0,0.0,0.0,0.0,0.0,0.0
deepseek-r1,1.5B,5._Рекуррентные_НС,Что такое скрытое состояние в RNN?,prompt4,dialog0947,2-file_deepseek-r1_1.5b_prompt4_dialog0947,2-file,0.0,0.0,0.0,0.0,0.0,0.0,0.0,0.0,0.0,0.0
deepseek-r1,1.5B,5._Рекуррентные_НС,Какие типы входов и выходов встречаются в задачах RNN?,prompt4,dialog0948,2-file_deepseek-r1_1.5b_prompt4_dialog0948,2-file,0.0,0.0,0.0,0.0,0.0,0.0,0.0,0.0,0.0,0.0
deepseek-r1,1.5B,5._Рекуррентные_НС,В чем отличие Simple RNN от глубоких RNN?,prompt4,dialog0949,2-file_deepseek-r1_1.5b_prompt4_dialog0949,2-file,0.0,0.0,0.0,0.0,0.0,0.0,0.0,0.0,0.0,0.0
deepseek-r1,1.5B,5._Рекуррентные_НС,Что такое двунаправленные RNN и зачем они нужны?,prompt4,dialog0950,2-file_deepseek-r1_1.5b_prompt4_dialog0950,2-file,0.0,0.0,0.0,0.0,0.0,0.0,0.0,0.0,0.0,0.0
deepseek-r1,1.5B,5._Рекуррентные_НС,Как LSTM решает проблему затухающих градиентов?,prompt4,dialog0951,2-file_deepseek-r1_1.5b_prompt4_dialog0951,2-file,0.0,0.0,0.0,0.0,0.0,0.0,0.0,0.0,0.0,0.0
deepseek-r1,1.5B,5._Рекуррентные_НС,Какие компоненты включает стандартная LSTM ячейка?,prompt4,dialog0952,2-file_deepseek-r1_1.5b_prompt4_dialog0952,2-file,0.0,0.0,0.0,0.0,0.0,0.0,0.0,0.0,0.0,0.0
deepseek-r1,1.5B,5._Рекуррентные_НС,Чем GRU отличается от LSTM?,prompt4,dialog0953,2-file_deepseek-r1_1.5b_prompt4_dialog0953,2-file,0.0,0.0,0.0,0.0,0.0,0.0,0.0,0.0,0.0,0.0
deepseek-r1,1.5B,5._Рекуррентные_НС,Зачем нужны замочные скважины (peepholes) в LSTM?,prompt4,dialog0954,2-file_deepseek-r1_1.5b_prompt4_dialog0954,2-file,0.0,0.0,0.0,0.0,0.0,0.0,0.0,0.0,0.0,0.0
deepseek-r1,1.5B,5._Рекуррентные_НС,Почему нормализация по мини-батчам важна для обучения RNN?,prompt4,dialog0955,2-file_deepseek-r1_1.5b_prompt4_dialog0955,2-file,0.0,0.0,0.0,0.0,0.0,0.0,0.0,0.0,0.0,0.0
deepseek-r1,1.5B,5._Рекуррентные_НС,В чем трудность применения обычной batch normalization к RNN?,prompt4,dialog0956,2-file_deepseek-r1_1.5b_prompt4_dialog0956,2-file,0.0,0.0,0.0,0.0,0.0,0.0,0.0,0.0,0.0,0.0
deepseek-r1,1.5B,5._Рекуррентные_НС,Как работает механизм внимания (Attention)?,prompt4,dialog0957,2-file_deepseek-r1_1.5b_prompt4_dialog0957,2-file,0.0,0.0,0.0,0.0,0.0,0.0,0.0,0.0,0.0,0.0
deepseek-r1,1.5B,5._Рекуррентные_НС,Почему внимание важно в задачах машинного перевода?,prompt4,dialog0958,2-file_deepseek-r1_1.5b_prompt4_dialog0958,2-file,0.0,0.0,0.0,0.0,0.0,0.0,0.0,0.0,0.0,0.0
deepseek-r1,1.5B,5._Рекуррентные_НС,"Чем Show, Attend and Tell отличается от обычного RNN для обработки изображений?",prompt4,dialog0959,2-file_deepseek-r1_1.5b_prompt4_dialog0959,2-file,0.0,0.0,0.0,0.0,0.0,0.0,0.0,0.0,0.0,0.0
deepseek-r1,1.5B,5._Рекуррентные_НС,Можно ли автоматически подбирать архитектуру рекуррентной ячейки?,prompt4,dialog0960,2-file_deepseek-r1_1.5b_prompt4_dialog0960,2-file,0.0,0.0,0.0,0.0,0.0,0.0,0.0,0.0,0.0,0.0
deepseek-r1,1.5B,5._Рекуррентные_НС,"Зачем нужны рекуррентные нейронные сети, если существуют полносвязные и сверточные?",prompt3,dialog0931,2-file_deepseek-r1_1.5b_prompt3_dialog0931,2-file,0.0,0.0,0.0,0.0,0.0,0.0,0.0,0.0,0.0,0.0
deepseek-r1,1.5B,5._Рекуррентные_НС,Что такое скрытое состояние в RNN?,prompt3,dialog0932,2-file_deepseek-r1_1.5b_prompt3_dialog0932,2-file,0.0,0.0,0.0,0.0,0.0,0.0,0.0,0.0,0.0,0.0
deepseek-r1,1.5B,5._Рекуррентные_НС,Какие типы входов и выходов встречаются в задачах RNN?,prompt3,dialog0933,2-file_deepseek-r1_1.5b_prompt3_dialog0933,2-file,0.0,0.0,0.0,0.0,0.0,0.0,0.0,0.0,0.0,0.0
deepseek-r1,1.5B,5._Рекуррентные_НС,В чем отличие Simple RNN от глубоких RNN?,prompt3,dialog0934,2-file_deepseek-r1_1.5b_prompt3_dialog0934,2-file,0.0,0.0,0.0,0.0,0.0,0.0,0.0,0.0,0.0,0.0
deepseek-r1,1.5B,5._Рекуррентные_НС,Что такое двунаправленные RNN и зачем они нужны?,prompt3,dialog0935,2-file_deepseek-r1_1.5b_prompt3_dialog0935,2-file,0.0,0.0,0.0,0.0,0.0,0.0,0.0,0.0,0.0,0.0
deepseek-r1,1.5B,5._Рекуррентные_НС,Как LSTM решает проблему затухающих градиентов?,prompt3,dialog0936,2-file_deepseek-r1_1.5b_prompt3_dialog0936,2-file,0.0,0.0,0.0,0.0,0.0,0.0,0.0,0.0,0.0,0.0
deepseek-r1,1.5B,5._Рекуррентные_НС,Какие компоненты включает стандартная LSTM ячейка?,prompt3,dialog0937,2-file_deepseek-r1_1.5b_prompt3_dialog0937,2-file,0.0,0.0,0.0,0.0,0.0,0.0,0.0,0.0,0.0,0.0
deepseek-r1,1.5B,5._Рекуррентные_НС,Чем GRU отличается от LSTM?,prompt3,dialog0938,2-file_deepseek-r1_1.5b_prompt3_dialog0938,2-file,0.0,0.0,0.0,0.0,0.0,0.0,0.0,0.0,0.0,0.0
deepseek-r1,1.5B,5._Рекуррентные_НС,Зачем нужны замочные скважины (peepholes) в LSTM?,prompt3,dialog0939,2-file_deepseek-r1_1.5b_prompt3_dialog0939,2-file,0.0,0.0,0.0,0.0,0.0,0.0,0.0,0.0,0.0,0.0
deepseek-r1,1.5B,5._Рекуррентные_НС,Почему нормализация по мини-батчам важна для обучения RNN?,prompt3,dialog0940,2-file_deepseek-r1_1.5b_prompt3_dialog0940,2-file,0.0,0.0,0.0,0.0,0.0,0.0,0.0,0.0,0.0,0.0
deepseek-r1,1.5B,5._Рекуррентные_НС,В чем трудность применения обычной batch normalization к RNN?,prompt3,dialog0941,2-file_deepseek-r1_1.5b_prompt3_dialog0941,2-file,0.0,0.0,0.0,0.0,0.0,0.0,0.0,0.0,0.0,0.0
deepseek-r1,1.5B,5._Рекуррентные_НС,Как работает механизм внимания (Attention)?,prompt3,dialog0942,2-file_deepseek-r1_1.5b_prompt3_dialog0942,2-file,0.0,0.0,0.0,0.0,0.0,0.0,0.0,0.0,0.0,0.0
deepseek-r1,1.5B,5._Рекуррентные_НС,Почему внимание важно в задачах машинного перевода?,prompt3,dialog0943,2-file_deepseek-r1_1.5b_prompt3_dialog0943,2-file,0.0,0.0,0.0,0.0,0.0,0.0,0.0,0.0,0.0,0.0
deepseek-r1,1.5B,5._Рекуррентные_НС,"Чем Show, Attend and Tell отличается от обычного RNN для обработки изображений?",prompt3,dialog0944,2-file_deepseek-r1_1.5b_prompt3_dialog0944,2-file,0.0,0.0,0.0,0.0,0.0,0.0,0.0,0.0,0.0,0.0
deepseek-r1,1.5B,5._Рекуррентные_НС,Можно ли автоматически подбирать архитектуру рекуррентной ячейки?,prompt3,dialog0945,2-file_deepseek-r1_1.5b_prompt3_dialog0945,2-file,0.0,0.0,0.0,0.0,0.0,0.0,0.0,0.0,0.0,0.0
deepseek-r1,1.5B,5._Рекуррентные_НС,"Зачем нужны рекуррентные нейронные сети, если существуют полносвязные и сверточные?",prompt2,dialog0916,2-file_deepseek-r1_1.5b_prompt2_dialog0916,2-file,0.0,0.0,0.0,0.0,0.0,0.0,0.0,0.0,0.0,0.0
deepseek-r1,1.5B,5._Рекуррентные_НС,Что такое скрытое состояние в RNN?,prompt2,dialog0917,2-file_deepseek-r1_1.5b_prompt2_dialog0917,2-file,0.0,0.0,0.0,0.0,0.0,0.0,0.0,0.0,0.0,0.0
deepseek-r1,1.5B,5._Рекуррентные_НС,Какие типы входов и выходов встречаются в задачах RNN?,prompt2,dialog0918,2-file_deepseek-r1_1.5b_prompt2_dialog0918,2-file,0.0,0.0,0.0,0.0,0.0,0.0,0.0,0.0,0.0,0.0
deepseek-r1,1.5B,5._Рекуррентные_НС,В чем отличие Simple RNN от глубоких RNN?,prompt2,dialog0919,2-file_deepseek-r1_1.5b_prompt2_dialog0919,2-file,0.0,0.0,0.0,0.0,0.0,0.0,0.0,0.0,0.0,0.0
deepseek-r1,1.5B,5._Рекуррентные_НС,Что такое двунаправленные RNN и зачем они нужны?,prompt2,dialog0920,2-file_deepseek-r1_1.5b_prompt2_dialog0920,2-file,0.0,0.0,0.0,0.0,0.0,0.0,0.0,0.0,0.0,0.0
deepseek-r1,1.5B,5._Рекуррентные_НС,Как LSTM решает проблему затухающих градиентов?,prompt2,dialog0921,2-file_deepseek-r1_1.5b_prompt2_dialog0921,2-file,0.0,0.0,0.0,0.0,0.0,0.0,0.0,0.0,0.0,0.0
deepseek-r1,1.5B,5._Рекуррентные_НС,Какие компоненты включает стандартная LSTM ячейка?,prompt2,dialog0922,2-file_deepseek-r1_1.5b_prompt2_dialog0922,2-file,0.0,0.0,0.0,0.0,0.0,0.0,0.0,0.0,0.0,0.0
deepseek-r1,1.5B,5._Рекуррентные_НС,Чем GRU отличается от LSTM?,prompt2,dialog0923,2-file_deepseek-r1_1.5b_prompt2_dialog0923,2-file,0.0,0.0,0.0,0.0,0.0,0.0,0.0,0.0,0.0,0.0
deepseek-r1,1.5B,5._Рекуррентные_НС,Зачем нужны замочные скважины (peepholes) в LSTM?,prompt2,dialog0924,2-file_deepseek-r1_1.5b_prompt2_dialog0924,2-file,0.0,0.0,0.0,0.0,0.0,0.0,0.0,0.0,0.0,0.0
deepseek-r1,1.5B,5._Рекуррентные_НС,Почему нормализация по мини-батчам важна для обучения RNN?,prompt2,dialog0925,2-file_deepseek-r1_1.5b_prompt2_dialog0925,2-file,0.0,0.0,0.0,0.0,0.0,0.0,0.0,0.0,0.0,0.0
deepseek-r1,1.5B,5._Рекуррентные_НС,В чем трудность применения обычной batch normalization к RNN?,prompt2,dialog0926,2-file_deepseek-r1_1.5b_prompt2_dialog0926,2-file,0.0,0.0,0.0,0.0,0.0,0.0,0.0,0.0,0.0,0.0
deepseek-r1,1.5B,5._Рекуррентные_НС,Как работает механизм внимания (Attention)?,prompt2,dialog0927,2-file_deepseek-r1_1.5b_prompt2_dialog0927,2-file,0.0,0.0,0.0,0.0,0.0,0.0,0.0,0.0,0.0,0.0
deepseek-r1,1.5B,5._Рекуррентные_НС,Почему внимание важно в задачах машинного перевода?,prompt2,dialog0928,2-file_deepseek-r1_1.5b_prompt2_dialog0928,2-file,0.0,0.0,0.0,0.0,0.0,0.0,0.0,0.0,0.0,0.0
deepseek-r1,1.5B,5._Рекуррентные_НС,"Чем Show, Attend and Tell отличается от обычного RNN для обработки изображений?",prompt2,dialog0929,2-file_deepseek-r1_1.5b_prompt2_dialog0929,2-file,0.0,0.0,0.0,0.0,0.0,0.0,0.0,0.0,0.0,0.0
deepseek-r1,1.5B,5._Рекуррентные_НС,Можно ли автоматически подбирать архитектуру рекуррентной ячейки?,prompt2,dialog0930,2-file_deepseek-r1_1.5b_prompt2_dialog0930,2-file,0.0,0.0,0.0,0.0,0.0,0.0,0.0,0.0,0.0,0.0
deepseek-r1,1.5B,5._Рекуррентные_НС,"Зачем нужны рекуррентные нейронные сети, если существуют полносвязные и сверточные?",prompt5,dialog0961,2-file_deepseek-r1_1.5b_prompt5_dialog0961,2-file,0.0,0.0,0.0,0.0,0.0,0.0,0.0,0.0,0.0,0.0
deepseek-r1,1.5B,5._Рекуррентные_НС,Что такое скрытое состояние в RNN?,prompt5,dialog0962,2-file_deepseek-r1_1.5b_prompt5_dialog0962,2-file,0.0,0.0,0.0,0.0,0.0,0.0,0.0,0.0,0.0,0.0
deepseek-r1,1.5B,5._Рекуррентные_НС,Какие типы входов и выходов встречаются в задачах RNN?,prompt5,dialog0963,2-file_deepseek-r1_1.5b_prompt5_dialog0963,2-file,0.0,0.0,0.0,0.0,0.0,0.0,0.0,0.0,0.0,0.0
deepseek-r1,1.5B,5._Рекуррентные_НС,В чем отличие Simple RNN от глубоких RNN?,prompt5,dialog0964,2-file_deepseek-r1_1.5b_prompt5_dialog0964,2-file,0.0,0.0,0.0,0.0,0.0,0.0,0.0,0.0,0.0,0.0
deepseek-r1,1.5B,5._Рекуррентные_НС,Что такое двунаправленные RNN и зачем они нужны?,prompt5,dialog0965,2-file_deepseek-r1_1.5b_prompt5_dialog0965,2-file,0.0,0.0,0.0,0.0,0.0,0.0,0.0,0.0,0.0,0.0
deepseek-r1,1.5B,5._Рекуррентные_НС,Как LSTM решает проблему затухающих градиентов?,prompt5,dialog0966,2-file_deepseek-r1_1.5b_prompt5_dialog0966,2-file,0.0,0.0,0.0,0.0,0.0,0.0,0.0,0.0,0.0,0.0
deepseek-r1,1.5B,5._Рекуррентные_НС,Какие компоненты включает стандартная LSTM ячейка?,prompt5,dialog0967,2-file_deepseek-r1_1.5b_prompt5_dialog0967,2-file,0.0,0.0,0.0,0.0,0.0,0.0,0.0,0.0,0.0,0.0
deepseek-r1,1.5B,5._Рекуррентные_НС,Чем GRU отличается от LSTM?,prompt5,dialog0968,2-file_deepseek-r1_1.5b_prompt5_dialog0968,2-file,0.0,0.0,0.0,0.0,0.0,0.0,0.0,0.0,0.0,0.0
deepseek-r1,1.5B,5._Рекуррентные_НС,Зачем нужны замочные скважины (peepholes) в LSTM?,prompt5,dialog0969,2-file_deepseek-r1_1.5b_prompt5_dialog0969,2-file,0.0,0.0,0.0,0.0,0.0,0.0,0.0,0.0,0.0,0.0
deepseek-r1,1.5B,5._Рекуррентные_НС,Почему нормализация по мини-батчам важна для обучения RNN?,prompt5,dialog0970,2-file_deepseek-r1_1.5b_prompt5_dialog0970,2-file,0.0,0.0,0.0,0.0,0.0,0.0,0.0,0.0,0.0,0.0
deepseek-r1,1.5B,5._Рекуррентные_НС,В чем трудность применения обычной batch normalization к RNN?,prompt5,dialog0971,2-file_deepseek-r1_1.5b_prompt5_dialog0971,2-file,0.0,0.0,0.0,0.0,0.0,0.0,0.0,0.0,0.0,0.0
deepseek-r1,1.5B,5._Рекуррентные_НС,Как работает механизм внимания (Attention)?,prompt5,dialog0972,2-file_deepseek-r1_1.5b_prompt5_dialog0972,2-file,0.0,0.0,0.0,0.0,0.0,0.0,0.0,0.0,0.0,0.0
deepseek-r1,1.5B,5._Рекуррентные_НС,Почему внимание важно в задачах машинного перевода?,prompt5,dialog0973,2-file_deepseek-r1_1.5b_prompt5_dialog0973,2-file,0.0,0.0,0.0,0.0,0.0,0.0,0.0,0.0,0.0,0.0
deepseek-r1,1.5B,5._Рекуррентные_НС,"Чем Show, Attend and Tell отличается от обычного RNN для обработки изображений?",prompt5,dialog0974,2-file_deepseek-r1_1.5b_prompt5_dialog0974,2-file,0.0,0.0,0.0,0.0,0.0,0.0,0.0,0.0,0.0,0.0
deepseek-r1,1.5B,5._Рекуррентные_НС,Можно ли автоматически подбирать архитектуру рекуррентной ячейки?,prompt5,dialog0975,2-file_deepseek-r1_1.5b_prompt5_dialog0975,2-file,0.0,0.0,0.0,0.0,0.0,0.0,0.0,0.0,0.0,0.0
deepseek-r1,1.5B,5._Рекуррентные_НС,"Зачем нужны рекуррентные нейронные сети, если существуют полносвязные и сверточные?",prompt12,dialog1066,2-file_deepseek-r1_1.5b_prompt12_dialog1066,2-file,0.0,0.0,0.0,0.0,0.0,0.0,0.0,0.0,0.0,0.0
deepseek-r1,1.5B,5._Рекуррентные_НС,Что такое скрытое состояние в RNN?,prompt12,dialog1067,2-file_deepseek-r1_1.5b_prompt12_dialog1067,2-file,0.0,0.0,0.0,0.0,0.0,0.0,0.0,0.0,0.0,0.0
deepseek-r1,1.5B,5._Рекуррентные_НС,Какие типы входов и выходов встречаются в задачах RNN?,prompt12,dialog1068,2-file_deepseek-r1_1.5b_prompt12_dialog1068,2-file,0.0,0.0,0.0,0.0,0.0,0.0,0.0,0.0,0.0,0.0
deepseek-r1,1.5B,5._Рекуррентные_НС,В чем отличие Simple RNN от глубоких RNN?,prompt12,dialog1069,2-file_deepseek-r1_1.5b_prompt12_dialog1069,2-file,0.0,0.0,0.0,0.0,0.0,0.0,0.0,0.0,0.0,0.0
deepseek-r1,1.5B,5._Рекуррентные_НС,Что такое двунаправленные RNN и зачем они нужны?,prompt12,dialog1070,2-file_deepseek-r1_1.5b_prompt12_dialog1070,2-file,0.0,0.0,0.0,0.0,0.0,0.0,0.0,0.0,0.0,0.0
deepseek-r1,1.5B,5._Рекуррентные_НС,Как LSTM решает проблему затухающих градиентов?,prompt12,dialog1071,2-file_deepseek-r1_1.5b_prompt12_dialog1071,2-file,0.0,0.0,0.0,0.0,0.0,0.0,0.0,0.0,0.0,0.0
deepseek-r1,1.5B,5._Рекуррентные_НС,Какие компоненты включает стандартная LSTM ячейка?,prompt12,dialog1072,2-file_deepseek-r1_1.5b_prompt12_dialog1072,2-file,0.0,0.0,0.0,0.0,0.0,0.0,0.0,0.0,0.0,0.0
deepseek-r1,1.5B,5._Рекуррентные_НС,Чем GRU отличается от LSTM?,prompt12,dialog1073,2-file_deepseek-r1_1.5b_prompt12_dialog1073,2-file,0.0,0.0,0.0,0.0,0.0,0.0,0.0,0.0,0.0,0.0
deepseek-r1,1.5B,5._Рекуррентные_НС,Зачем нужны замочные скважины (peepholes) в LSTM?,prompt12,dialog1074,2-file_deepseek-r1_1.5b_prompt12_dialog1074,2-file,0.0,0.0,0.0,0.0,0.0,0.0,0.0,0.0,0.0,0.0
deepseek-r1,1.5B,5._Рекуррентные_НС,Почему нормализация по мини-батчам важна для обучения RNN?,prompt12,dialog1075,2-file_deepseek-r1_1.5b_prompt12_dialog1075,2-file,0.0,0.0,0.0,0.0,0.0,0.0,0.0,0.0,0.0,0.0
deepseek-r1,1.5B,5._Рекуррентные_НС,В чем трудность применения обычной batch normalization к RNN?,prompt12,dialog1076,2-file_deepseek-r1_1.5b_prompt12_dialog1076,2-file,0.0,0.0,0.0,0.0,0.0,0.0,0.0,0.0,0.0,0.0
deepseek-r1,1.5B,5._Рекуррентные_НС,Как работает механизм внимания (Attention)?,prompt12,dialog1077,2-file_deepseek-r1_1.5b_prompt12_dialog1077,2-file,0.0,0.0,0.0,0.0,0.0,0.0,0.0,0.0,0.0,0.0
deepseek-r1,1.5B,5._Рекуррентные_НС,Почему внимание важно в задачах машинного перевода?,prompt12,dialog1078,2-file_deepseek-r1_1.5b_prompt12_dialog1078,2-file,0.0,0.0,0.0,0.0,0.0,0.0,0.0,0.0,0.0,0.0
deepseek-r1,1.5B,5._Рекуррентные_НС,"Чем Show, Attend and Tell отличается от обычного RNN для обработки изображений?",prompt12,dialog1079,2-file_deepseek-r1_1.5b_prompt12_dialog1079,2-file,0.0,0.0,0.0,0.0,0.0,0.0,0.0,0.0,0.0,0.0
deepseek-r1,1.5B,5._Рекуррентные_НС,Можно ли автоматически подбирать архитектуру рекуррентной ячейки?,prompt12,dialog1080,2-file_deepseek-r1_1.5b_prompt12_dialog1080,2-file,0.0,0.0,0.0,0.0,0.0,0.0,0.0,0.0,0.0,0.0
deepseek-r1,1.5B,5._Рекуррентные_НС,"Зачем нужны рекуррентные нейронные сети, если существуют полносвязные и сверточные?",prompt15,dialog1111,2-file_deepseek-r1_1.5b_prompt15_dialog1111,2-file,0.0,0.0,0.0,0.0,0.0,0.0,0.0,0.0,0.0,0.0
deepseek-r1,1.5B,5._Рекуррентные_НС,Что такое скрытое состояние в RNN?,prompt15,dialog1112,2-file_deepseek-r1_1.5b_prompt15_dialog1112,2-file,0.0,0.0,0.0,0.0,0.0,0.0,0.0,0.0,0.0,0.0
deepseek-r1,1.5B,5._Рекуррентные_НС,Какие типы входов и выходов встречаются в задачах RNN?,prompt15,dialog1113,2-file_deepseek-r1_1.5b_prompt15_dialog1113,2-file,0.0,0.0,0.0,0.0,0.0,0.0,0.0,0.0,0.0,0.0
deepseek-r1,1.5B,5._Рекуррентные_НС,В чем отличие Simple RNN от глубоких RNN?,prompt15,dialog1114,2-file_deepseek-r1_1.5b_prompt15_dialog1114,2-file,0.0,0.0,0.0,0.0,0.0,0.0,0.0,0.0,0.0,0.0
deepseek-r1,1.5B,5._Рекуррентные_НС,Что такое двунаправленные RNN и зачем они нужны?,prompt15,dialog1115,2-file_deepseek-r1_1.5b_prompt15_dialog1115,2-file,0.0,0.0,0.0,0.0,0.0,0.0,0.0,0.0,0.0,0.0
deepseek-r1,1.5B,5._Рекуррентные_НС,Как LSTM решает проблему затухающих градиентов?,prompt15,dialog1116,2-file_deepseek-r1_1.5b_prompt15_dialog1116,2-file,0.0,0.0,0.0,0.0,0.0,0.0,0.0,0.0,0.0,0.0
deepseek-r1,1.5B,5._Рекуррентные_НС,Какие компоненты включает стандартная LSTM ячейка?,prompt15,dialog1117,2-file_deepseek-r1_1.5b_prompt15_dialog1117,2-file,0.0,0.0,0.0,0.0,0.0,0.0,0.0,0.0,0.0,0.0
deepseek-r1,1.5B,5._Рекуррентные_НС,Чем GRU отличается от LSTM?,prompt15,dialog1118,2-file_deepseek-r1_1.5b_prompt15_dialog1118,2-file,0.0,0.0,0.0,0.0,0.0,0.0,0.0,0.0,0.0,0.0
deepseek-r1,1.5B,5._Рекуррентные_НС,Зачем нужны замочные скважины (peepholes) в LSTM?,prompt15,dialog1119,2-file_deepseek-r1_1.5b_prompt15_dialog1119,2-file,0.0,0.0,0.0,0.0,0.0,0.0,0.0,0.0,0.0,0.0
deepseek-r1,1.5B,5._Рекуррентные_НС,Почему нормализация по мини-батчам важна для обучения RNN?,prompt15,dialog1120,2-file_deepseek-r1_1.5b_prompt15_dialog1120,2-file,0.0,0.0,0.0,0.0,0.0,0.0,0.0,0.0,0.0,0.0
deepseek-r1,1.5B,5._Рекуррентные_НС,В чем трудность применения обычной batch normalization к RNN?,prompt15,dialog1121,2-file_deepseek-r1_1.5b_prompt15_dialog1121,2-file,0.0,0.0,0.0,0.0,0.0,0.0,0.0,0.0,0.0,0.0
deepseek-r1,1.5B,5._Рекуррентные_НС,Как работает механизм внимания (Attention)?,prompt15,dialog1122,2-file_deepseek-r1_1.5b_prompt15_dialog1122,2-file,0.0,0.0,0.0,0.0,0.0,0.0,0.0,0.0,0.0,0.0
deepseek-r1,1.5B,5._Рекуррентные_НС,Почему внимание важно в задачах машинного перевода?,prompt15,dialog1123,2-file_deepseek-r1_1.5b_prompt15_dialog1123,2-file,0.0,0.0,0.0,0.0,0.0,0.0,0.0,0.0,0.0,0.0
deepseek-r1,1.5B,5._Рекуррентные_НС,"Чем Show, Attend and Tell отличается от обычного RNN для обработки изображений?",prompt15,dialog1124,2-file_deepseek-r1_1.5b_prompt15_dialog1124,2-file,0.0,0.0,0.0,0.0,0.0,0.0,0.0,0.0,0.0,0.0
deepseek-r1,1.5B,5._Рекуррентные_НС,Можно ли автоматически подбирать архитектуру рекуррентной ячейки?,prompt15,dialog1125,2-file_deepseek-r1_1.5b_prompt15_dialog1125,2-file,0.0,0.0,0.0,0.0,0.0,0.0,0.0,0.0,0.0,0.0
deepseek-r1,1.5B,5._Рекуррентные_НС,"Зачем нужны рекуррентные нейронные сети, если существуют полносвязные и сверточные?",prompt10,dialog1036,2-file_deepseek-r1_1.5b_prompt10_dialog1036,2-file,0.0,0.0,0.0,0.0,0.0,0.0,0.0,0.0,0.0,0.0
deepseek-r1,1.5B,5._Рекуррентные_НС,Что такое скрытое состояние в RNN?,prompt10,dialog1037,2-file_deepseek-r1_1.5b_prompt10_dialog1037,2-file,0.0,0.0,0.0,0.0,0.0,0.0,0.0,0.0,0.0,0.0
deepseek-r1,1.5B,5._Рекуррентные_НС,Какие типы входов и выходов встречаются в задачах RNN?,prompt10,dialog1038,2-file_deepseek-r1_1.5b_prompt10_dialog1038,2-file,0.0,0.0,0.0,0.0,0.0,0.0,0.0,0.0,0.0,0.0
deepseek-r1,1.5B,5._Рекуррентные_НС,В чем отличие Simple RNN от глубоких RNN?,prompt10,dialog1039,2-file_deepseek-r1_1.5b_prompt10_dialog1039,2-file,0.0,0.0,0.0,0.0,0.0,0.0,0.0,0.0,0.0,0.0
deepseek-r1,1.5B,5._Рекуррентные_НС,Что такое двунаправленные RNN и зачем они нужны?,prompt10,dialog1040,2-file_deepseek-r1_1.5b_prompt10_dialog1040,2-file,0.0,0.0,0.0,0.0,0.0,0.0,0.0,0.0,0.0,0.0
deepseek-r1,1.5B,5._Рекуррентные_НС,Как LSTM решает проблему затухающих градиентов?,prompt10,dialog1041,2-file_deepseek-r1_1.5b_prompt10_dialog1041,2-file,0.0,0.0,0.0,0.0,0.0,0.0,0.0,0.0,0.0,0.0
deepseek-r1,1.5B,5._Рекуррентные_НС,Какие компоненты включает стандартная LSTM ячейка?,prompt10,dialog1042,2-file_deepseek-r1_1.5b_prompt10_dialog1042,2-file,0.0,0.0,0.0,0.0,0.0,0.0,0.0,0.0,0.0,0.0
deepseek-r1,1.5B,5._Рекуррентные_НС,Чем GRU отличается от LSTM?,prompt10,dialog1043,2-file_deepseek-r1_1.5b_prompt10_dialog1043,2-file,0.0,0.0,0.0,0.0,0.0,0.0,0.0,0.0,0.0,0.0
deepseek-r1,1.5B,5._Рекуррентные_НС,Зачем нужны замочные скважины (peepholes) в LSTM?,prompt10,dialog1044,2-file_deepseek-r1_1.5b_prompt10_dialog1044,2-file,0.0,0.0,0.0,0.0,0.0,0.0,0.0,0.0,0.0,0.0
deepseek-r1,1.5B,5._Рекуррентные_НС,Почему нормализация по мини-батчам важна для обучения RNN?,prompt10,dialog1045,2-file_deepseek-r1_1.5b_prompt10_dialog1045,2-file,0.0,0.0,0.0,0.0,0.0,0.0,0.0,0.0,0.0,0.0
deepseek-r1,1.5B,5._Рекуррентные_НС,В чем трудность применения обычной batch normalization к RNN?,prompt10,dialog1046,2-file_deepseek-r1_1.5b_prompt10_dialog1046,2-file,0.0,0.0,0.0,0.0,0.0,0.0,0.0,0.0,0.0,0.0
deepseek-r1,1.5B,5._Рекуррентные_НС,Как работает механизм внимания (Attention)?,prompt10,dialog1047,2-file_deepseek-r1_1.5b_prompt10_dialog1047,2-file,0.0,0.0,0.0,0.0,0.0,0.0,0.0,0.0,0.0,0.0
deepseek-r1,1.5B,5._Рекуррентные_НС,Почему внимание важно в задачах машинного перевода?,prompt10,dialog1048,2-file_deepseek-r1_1.5b_prompt10_dialog1048,2-file,0.0,0.0,0.0,0.0,0.0,0.0,0.0,0.0,0.0,0.0
deepseek-r1,1.5B,5._Рекуррентные_НС,"Чем Show, Attend and Tell отличается от обычного RNN для обработки изображений?",prompt10,dialog1049,2-file_deepseek-r1_1.5b_prompt10_dialog1049,2-file,0.0,0.0,0.0,0.0,0.0,0.0,0.0,0.0,0.0,0.0
deepseek-r1,1.5B,5._Рекуррентные_НС,Можно ли автоматически подбирать архитектуру рекуррентной ячейки?,prompt10,dialog1050,2-file_deepseek-r1_1.5b_prompt10_dialog1050,2-file,0.0,0.0,0.0,0.0,0.0,0.0,0.0,0.0,0.0,0.0
deepseek-r1,1.5B,5._Рекуррентные_НС,"Зачем нужны рекуррентные нейронные сети, если существуют полносвязные и сверточные?",prompt9,dialog1021,2-file_deepseek-r1_1.5b_prompt9_dialog1021,2-file,0.0,0.0,0.0,0.0,0.0,0.0,0.0,0.0,0.0,0.0
deepseek-r1,1.5B,5._Рекуррентные_НС,Что такое скрытое состояние в RNN?,prompt9,dialog1022,2-file_deepseek-r1_1.5b_prompt9_dialog1022,2-file,0.0,0.0,0.0,0.0,0.0,0.0,0.0,0.0,0.0,0.0
deepseek-r1,1.5B,5._Рекуррентные_НС,Какие типы входов и выходов встречаются в задачах RNN?,prompt9,dialog1023,2-file_deepseek-r1_1.5b_prompt9_dialog1023,2-file,0.0,0.0,0.0,0.0,0.0,0.0,0.0,0.0,0.0,0.0
deepseek-r1,1.5B,5._Рекуррентные_НС,В чем отличие Simple RNN от глубоких RNN?,prompt9,dialog1024,2-file_deepseek-r1_1.5b_prompt9_dialog1024,2-file,0.0,0.0,0.0,0.0,0.0,0.0,0.0,0.0,0.0,0.0
deepseek-r1,1.5B,5._Рекуррентные_НС,Что такое двунаправленные RNN и зачем они нужны?,prompt9,dialog1025,2-file_deepseek-r1_1.5b_prompt9_dialog1025,2-file,0.0,0.0,0.0,0.0,0.0,0.0,0.0,0.0,0.0,0.0
deepseek-r1,1.5B,5._Рекуррентные_НС,Как LSTM решает проблему затухающих градиентов?,prompt9,dialog1026,2-file_deepseek-r1_1.5b_prompt9_dialog1026,2-file,0.0,0.0,0.0,0.0,0.0,0.0,0.0,0.0,0.0,0.0
deepseek-r1,1.5B,5._Рекуррентные_НС,Какие компоненты включает стандартная LSTM ячейка?,prompt9,dialog1027,2-file_deepseek-r1_1.5b_prompt9_dialog1027,2-file,0.0,0.0,0.0,0.0,0.0,0.0,0.0,0.0,0.0,0.0
deepseek-r1,1.5B,5._Рекуррентные_НС,Чем GRU отличается от LSTM?,prompt9,dialog1028,2-file_deepseek-r1_1.5b_prompt9_dialog1028,2-file,0.0,0.0,0.0,0.0,0.0,0.0,0.0,0.0,0.0,0.0
deepseek-r1,1.5B,5._Рекуррентные_НС,Зачем нужны замочные скважины (peepholes) в LSTM?,prompt9,dialog1029,2-file_deepseek-r1_1.5b_prompt9_dialog1029,2-file,0.0,0.0,0.0,0.0,0.0,0.0,0.0,0.0,0.0,0.0
deepseek-r1,1.5B,5._Рекуррентные_НС,Почему нормализация по мини-батчам важна для обучения RNN?,prompt9,dialog1030,2-file_deepseek-r1_1.5b_prompt9_dialog1030,2-file,0.0,0.0,0.0,0.0,0.0,0.0,0.0,0.0,0.0,0.0
deepseek-r1,1.5B,5._Рекуррентные_НС,В чем трудность применения обычной batch normalization к RNN?,prompt9,dialog1031,2-file_deepseek-r1_1.5b_prompt9_dialog1031,2-file,0.0,0.0,0.0,0.0,0.0,0.0,0.0,0.0,0.0,0.0
deepseek-r1,1.5B,5._Рекуррентные_НС,Как работает механизм внимания (Attention)?,prompt9,dialog1032,2-file_deepseek-r1_1.5b_prompt9_dialog1032,2-file,0.0,0.0,0.0,0.0,0.0,0.0,0.0,0.0,0.0,0.0
deepseek-r1,1.5B,5._Рекуррентные_НС,Почему внимание важно в задачах машинного перевода?,prompt9,dialog1033,2-file_deepseek-r1_1.5b_prompt9_dialog1033,2-file,0.0,0.0,0.0,0.0,0.0,0.0,0.0,0.0,0.0,0.0
deepseek-r1,1.5B,5._Рекуррентные_НС,"Чем Show, Attend and Tell отличается от обычного RNN для обработки изображений?",prompt9,dialog1034,2-file_deepseek-r1_1.5b_prompt9_dialog1034,2-file,0.0,0.0,0.0,0.0,0.0,0.0,0.0,0.0,0.0,0.0
deepseek-r1,1.5B,5._Рекуррентные_НС,Можно ли автоматически подбирать архитектуру рекуррентной ячейки?,prompt9,dialog1035,2-file_deepseek-r1_1.5b_prompt9_dialog1035,2-file,0.0,0.0,0.0,0.0,0.0,0.0,0.0,0.0,0.0,0.0
deepseek-r1,1.5B,5._Рекуррентные_НС,"Зачем нужны рекуррентные нейронные сети, если существуют полносвязные и сверточные?",prompt7,dialog0991,2-file_deepseek-r1_1.5b_prompt7_dialog0991,2-file,0.0,0.0,0.0,0.0,0.0,0.0,0.0,0.0,0.0,0.0
deepseek-r1,1.5B,5._Рекуррентные_НС,Что такое скрытое состояние в RNN?,prompt7,dialog0992,2-file_deepseek-r1_1.5b_prompt7_dialog0992,2-file,0.0,0.0,0.0,0.0,0.0,0.0,0.0,0.0,0.0,0.0
deepseek-r1,1.5B,5._Рекуррентные_НС,Какие типы входов и выходов встречаются в задачах RNN?,prompt7,dialog0993,2-file_deepseek-r1_1.5b_prompt7_dialog0993,2-file,0.0,0.0,0.0,0.0,0.0,0.0,0.0,0.0,0.0,0.0
deepseek-r1,1.5B,5._Рекуррентные_НС,В чем отличие Simple RNN от глубоких RNN?,prompt7,dialog0994,2-file_deepseek-r1_1.5b_prompt7_dialog0994,2-file,0.0,0.0,0.0,0.0,0.0,0.0,0.0,0.0,0.0,0.0
deepseek-r1,1.5B,5._Рекуррентные_НС,Что такое двунаправленные RNN и зачем они нужны?,prompt7,dialog0995,2-file_deepseek-r1_1.5b_prompt7_dialog0995,2-file,0.0,0.0,0.0,0.0,0.0,0.0,0.0,0.0,0.0,0.0
deepseek-r1,1.5B,5._Рекуррентные_НС,Как LSTM решает проблему затухающих градиентов?,prompt7,dialog0996,2-file_deepseek-r1_1.5b_prompt7_dialog0996,2-file,0.0,0.0,0.0,0.0,0.0,0.0,0.0,0.0,0.0,0.0
deepseek-r1,1.5B,5._Рекуррентные_НС,Какие компоненты включает стандартная LSTM ячейка?,prompt7,dialog0997,2-file_deepseek-r1_1.5b_prompt7_dialog0997,2-file,0.0,0.0,0.0,0.0,0.0,0.0,0.0,0.0,0.0,0.0
deepseek-r1,1.5B,5._Рекуррентные_НС,Чем GRU отличается от LSTM?,prompt7,dialog0998,2-file_deepseek-r1_1.5b_prompt7_dialog0998,2-file,0.0,0.0,0.0,0.0,0.0,0.0,0.0,0.0,0.0,0.0
deepseek-r1,1.5B,5._Рекуррентные_НС,Зачем нужны замочные скважины (peepholes) в LSTM?,prompt7,dialog0999,2-file_deepseek-r1_1.5b_prompt7_dialog0999,2-file,0.0,0.0,0.0,0.0,0.0,0.0,0.0,0.0,0.0,0.0
deepseek-r1,1.5B,5._Рекуррентные_НС,Почему нормализация по мини-батчам важна для обучения RNN?,prompt7,dialog1000,2-file_deepseek-r1_1.5b_prompt7_dialog1000,2-file,0.0,0.0,0.0,0.0,0.0,0.0,0.0,0.0,0.0,0.0
deepseek-r1,1.5B,5._Рекуррентные_НС,В чем трудность применения обычной batch normalization к RNN?,prompt7,dialog1001,2-file_deepseek-r1_1.5b_prompt7_dialog1001,2-file,0.0,0.0,0.0,0.0,0.0,0.0,0.0,0.0,0.0,0.0
deepseek-r1,1.5B,5._Рекуррентные_НС,Как работает механизм внимания (Attention)?,prompt7,dialog1002,2-file_deepseek-r1_1.5b_prompt7_dialog1002,2-file,0.0,0.0,0.0,0.0,0.0,0.0,0.0,0.0,0.0,0.0
deepseek-r1,1.5B,5._Рекуррентные_НС,Почему внимание важно в задачах машинного перевода?,prompt7,dialog1003,2-file_deepseek-r1_1.5b_prompt7_dialog1003,2-file,0.0,0.0,0.0,0.0,0.0,0.0,0.0,0.0,0.0,0.0
deepseek-r1,1.5B,5._Рекуррентные_НС,"Чем Show, Attend and Tell отличается от обычного RNN для обработки изображений?",prompt7,dialog1004,2-file_deepseek-r1_1.5b_prompt7_dialog1004,2-file,0.0,0.0,0.0,0.0,0.0,0.0,0.0,0.0,0.0,0.0
deepseek-r1,1.5B,5._Рекуррентные_НС,Можно ли автоматически подбирать архитектуру рекуррентной ячейки?,prompt7,dialog1005,2-file_deepseek-r1_1.5b_prompt7_dialog1005,2-file,0.0,0.0,0.0,0.0,0.0,0.0,0.0,0.0,0.0,0.0
deepseek-r1,1.5B,5._Рекуррентные_НС,"Зачем нужны рекуррентные нейронные сети, если существуют полносвязные и сверточные?",prompt6,dialog0976,2-file_deepseek-r1_1.5b_prompt6_dialog0976,2-file,0.0,0.0,0.0,0.0,0.0,0.0,0.0,0.0,0.0,0.0
deepseek-r1,1.5B,5._Рекуррентные_НС,Что такое скрытое состояние в RNN?,prompt6,dialog0977,2-file_deepseek-r1_1.5b_prompt6_dialog0977,2-file,0.0,0.0,0.0,0.0,0.0,0.0,0.0,0.0,0.0,0.0
deepseek-r1,1.5B,5._Рекуррентные_НС,Какие типы входов и выходов встречаются в задачах RNN?,prompt6,dialog0978,2-file_deepseek-r1_1.5b_prompt6_dialog0978,2-file,0.0,0.0,0.0,0.0,0.0,0.0,0.0,0.0,0.0,0.0
deepseek-r1,1.5B,5._Рекуррентные_НС,В чем отличие Simple RNN от глубоких RNN?,prompt6,dialog0979,2-file_deepseek-r1_1.5b_prompt6_dialog0979,2-file,0.0,0.0,0.0,0.0,0.0,0.0,0.0,0.0,0.0,0.0
deepseek-r1,1.5B,5._Рекуррентные_НС,Что такое двунаправленные RNN и зачем они нужны?,prompt6,dialog0980,2-file_deepseek-r1_1.5b_prompt6_dialog0980,2-file,0.0,0.0,0.0,0.0,0.0,0.0,0.0,0.0,0.0,0.0
deepseek-r1,1.5B,5._Рекуррентные_НС,Как LSTM решает проблему затухающих градиентов?,prompt6,dialog0981,2-file_deepseek-r1_1.5b_prompt6_dialog0981,2-file,0.0,0.0,0.0,0.0,0.0,0.0,0.0,0.0,0.0,0.0
deepseek-r1,1.5B,5._Рекуррентные_НС,Какие компоненты включает стандартная LSTM ячейка?,prompt6,dialog0982,2-file_deepseek-r1_1.5b_prompt6_dialog0982,2-file,0.0,0.0,0.0,0.0,0.0,0.0,0.0,0.0,0.0,0.0
deepseek-r1,1.5B,5._Рекуррентные_НС,Чем GRU отличается от LSTM?,prompt6,dialog0983,2-file_deepseek-r1_1.5b_prompt6_dialog0983,2-file,0.0,0.0,0.0,0.0,0.0,0.0,0.0,0.0,0.0,0.0
deepseek-r1,1.5B,5._Рекуррентные_НС,Зачем нужны замочные скважины (peepholes) в LSTM?,prompt6,dialog0984,2-file_deepseek-r1_1.5b_prompt6_dialog0984,2-file,0.0,0.0,0.0,0.0,0.0,0.0,0.0,0.0,0.0,0.0
deepseek-r1,1.5B,5._Рекуррентные_НС,Почему нормализация по мини-батчам важна для обучения RNN?,prompt6,dialog0985,2-file_deepseek-r1_1.5b_prompt6_dialog0985,2-file,0.0,0.0,0.0,0.0,0.0,0.0,0.0,0.0,0.0,0.0
deepseek-r1,1.5B,5._Рекуррентные_НС,В чем трудность применения обычной batch normalization к RNN?,prompt6,dialog0986,2-file_deepseek-r1_1.5b_prompt6_dialog0986,2-file,0.0,0.0,0.0,0.0,0.0,0.0,0.0,0.0,0.0,0.0
deepseek-r1,1.5B,5._Рекуррентные_НС,Как работает механизм внимания (Attention)?,prompt6,dialog0987,2-file_deepseek-r1_1.5b_prompt6_dialog0987,2-file,0.0,0.0,0.0,0.0,0.0,0.0,0.0,0.0,0.0,0.0
deepseek-r1,1.5B,5._Рекуррентные_НС,Почему внимание важно в задачах машинного перевода?,prompt6,dialog0988,2-file_deepseek-r1_1.5b_prompt6_dialog0988,2-file,0.0,0.0,0.0,0.0,0.0,0.0,0.0,0.0,0.0,0.0
deepseek-r1,1.5B,5._Рекуррентные_НС,"Чем Show, Attend and Tell отличается от обычного RNN для обработки изображений?",prompt6,dialog0989,2-file_deepseek-r1_1.5b_prompt6_dialog0989,2-file,0.0,0.0,0.0,0.0,0.0,0.0,0.0,0.0,0.0,0.0
deepseek-r1,1.5B,5._Рекуррентные_НС,Можно ли автоматически подбирать архитектуру рекуррентной ячейки?,prompt6,dialog0990,2-file_deepseek-r1_1.5b_prompt6_dialog0990,2-file,0.0,0.0,0.0,0.0,0.0,0.0,0.0,0.0,0.0,0.0
deepseek-r1,1.5B,5._Рекуррентные_НС,"Зачем нужны рекуррентные нейронные сети, если существуют полносвязные и сверточные?",prompt1,dialog0901,2-file_deepseek-r1_1.5b_prompt1_dialog0901,2-file,0.0,0.0,0.0,0.0,0.0,0.0,0.0,0.0,0.0,0.0
deepseek-r1,1.5B,5._Рекуррентные_НС,Что такое скрытое состояние в RNN?,prompt1,dialog0902,2-file_deepseek-r1_1.5b_prompt1_dialog0902,2-file,0.0,0.0,0.0,0.0,0.0,0.0,0.0,0.0,0.0,0.0
deepseek-r1,1.5B,5._Рекуррентные_НС,Какие типы входов и выходов встречаются в задачах RNN?,prompt1,dialog0903,2-file_deepseek-r1_1.5b_prompt1_dialog0903,2-file,0.0,0.0,0.0,0.0,0.0,0.0,0.0,0.0,0.0,0.0
deepseek-r1,1.5B,5._Рекуррентные_НС,В чем отличие Simple RNN от глубоких RNN?,prompt1,dialog0904,2-file_deepseek-r1_1.5b_prompt1_dialog0904,2-file,0.0,0.0,0.0,0.0,0.0,0.0,0.0,0.0,0.0,0.0
deepseek-r1,1.5B,5._Рекуррентные_НС,Что такое двунаправленные RNN и зачем они нужны?,prompt1,dialog0905,2-file_deepseek-r1_1.5b_prompt1_dialog0905,2-file,0.0,0.0,0.0,0.0,0.0,0.0,0.0,0.0,0.0,0.0
deepseek-r1,1.5B,5._Рекуррентные_НС,Как LSTM решает проблему затухающих градиентов?,prompt1,dialog0906,2-file_deepseek-r1_1.5b_prompt1_dialog0906,2-file,0.0,0.0,0.0,0.0,0.0,0.0,0.0,0.0,0.0,0.0
deepseek-r1,1.5B,5._Рекуррентные_НС,Какие компоненты включает стандартная LSTM ячейка?,prompt1,dialog0907,2-file_deepseek-r1_1.5b_prompt1_dialog0907,2-file,0.0,0.0,0.0,0.0,0.0,0.0,0.0,0.0,0.0,0.0
deepseek-r1,1.5B,5._Рекуррентные_НС,Чем GRU отличается от LSTM?,prompt1,dialog0908,2-file_deepseek-r1_1.5b_prompt1_dialog0908,2-file,0.0,0.0,0.0,0.0,0.0,0.0,0.0,0.0,0.0,0.0
deepseek-r1,1.5B,5._Рекуррентные_НС,Зачем нужны замочные скважины (peepholes) в LSTM?,prompt1,dialog0909,2-file_deepseek-r1_1.5b_prompt1_dialog0909,2-file,0.0,0.0,0.0,0.0,0.0,0.0,0.0,0.0,0.0,0.0
deepseek-r1,1.5B,5._Рекуррентные_НС,Почему нормализация по мини-батчам важна для обучения RNN?,prompt1,dialog0910,2-file_deepseek-r1_1.5b_prompt1_dialog0910,2-file,0.0,0.0,0.0,0.0,0.0,0.0,0.0,0.0,0.0,0.0
deepseek-r1,1.5B,5._Рекуррентные_НС,В чем трудность применения обычной batch normalization к RNN?,prompt1,dialog0911,2-file_deepseek-r1_1.5b_prompt1_dialog0911,2-file,0.0,0.0,0.0,0.0,0.0,0.0,0.0,0.0,0.0,0.0
deepseek-r1,1.5B,5._Рекуррентные_НС,Как работает механизм внимания (Attention)?,prompt1,dialog0912,2-file_deepseek-r1_1.5b_prompt1_dialog0912,2-file,0.0,0.0,0.0,0.0,0.0,0.0,0.0,0.0,0.0,0.0
deepseek-r1,1.5B,5._Рекуррентные_НС,Почему внимание важно в задачах машинного перевода?,prompt1,dialog0913,2-file_deepseek-r1_1.5b_prompt1_dialog0913,2-file,0.0,0.0,0.0,0.0,0.0,0.0,0.0,0.0,0.0,0.0
deepseek-r1,1.5B,5._Рекуррентные_НС,"Чем Show, Attend and Tell отличается от обычного RNN для обработки изображений?",prompt1,dialog0914,2-file_deepseek-r1_1.5b_prompt1_dialog0914,2-file,0.0,0.0,0.0,0.0,0.0,0.0,0.0,0.0,0.0,0.0
deepseek-r1,1.5B,5._Рекуррентные_НС,Можно ли автоматически подбирать архитектуру рекуррентной ячейки?,prompt1,dialog0915,2-file_deepseek-r1_1.5b_prompt1_dialog0915,2-file,0.0,0.0,0.0,0.0,0.0,0.0,0.0,0.0,0.0,0.0
deepseek-r1,1.5B,5._Рекуррентные_НС,"Зачем нужны рекуррентные нейронные сети, если существуют полносвязные и сверточные?",prompt8,dialog1006,2-file_deepseek-r1_1.5b_prompt8_dialog1006,2-file,0.0,0.0,0.0,0.0,0.0,0.0,0.0,0.0,0.0,0.0
deepseek-r1,1.5B,5._Рекуррентные_НС,Что такое скрытое состояние в RNN?,prompt8,dialog1007,2-file_deepseek-r1_1.5b_prompt8_dialog1007,2-file,0.0,0.0,0.0,0.0,0.0,0.0,0.0,0.0,0.0,0.0
deepseek-r1,1.5B,5._Рекуррентные_НС,Какие типы входов и выходов встречаются в задачах RNN?,prompt8,dialog1008,2-file_deepseek-r1_1.5b_prompt8_dialog1008,2-file,0.0,0.0,0.0,0.0,0.0,0.0,0.0,0.0,0.0,0.0
deepseek-r1,1.5B,5._Рекуррентные_НС,В чем отличие Simple RNN от глубоких RNN?,prompt8,dialog1009,2-file_deepseek-r1_1.5b_prompt8_dialog1009,2-file,0.0,0.0,0.0,0.0,0.0,0.0,0.0,0.0,0.0,0.0
deepseek-r1,1.5B,5._Рекуррентные_НС,Что такое двунаправленные RNN и зачем они нужны?,prompt8,dialog1010,2-file_deepseek-r1_1.5b_prompt8_dialog1010,2-file,0.0,0.0,0.0,0.0,0.0,0.0,0.0,0.0,0.0,0.0
deepseek-r1,1.5B,5._Рекуррентные_НС,Как LSTM решает проблему затухающих градиентов?,prompt8,dialog1011,2-file_deepseek-r1_1.5b_prompt8_dialog1011,2-file,0.0,0.0,0.0,0.0,0.0,0.0,0.0,0.0,0.0,0.0
deepseek-r1,1.5B,5._Рекуррентные_НС,Какие компоненты включает стандартная LSTM ячейка?,prompt8,dialog1012,2-file_deepseek-r1_1.5b_prompt8_dialog1012,2-file,0.0,0.0,0.0,0.0,0.0,0.0,0.0,0.0,0.0,0.0
deepseek-r1,1.5B,5._Рекуррентные_НС,Чем GRU отличается от LSTM?,prompt8,dialog1013,2-file_deepseek-r1_1.5b_prompt8_dialog1013,2-file,0.0,0.0,0.0,0.0,0.0,0.0,0.0,0.0,0.0,0.0
deepseek-r1,1.5B,5._Рекуррентные_НС,Зачем нужны замочные скважины (peepholes) в LSTM?,prompt8,dialog1014,2-file_deepseek-r1_1.5b_prompt8_dialog1014,2-file,0.0,0.0,0.0,0.0,0.0,0.0,0.0,0.0,0.0,0.0
deepseek-r1,1.5B,5._Рекуррентные_НС,Почему нормализация по мини-батчам важна для обучения RNN?,prompt8,dialog1015,2-file_deepseek-r1_1.5b_prompt8_dialog1015,2-file,0.0,0.0,0.0,0.0,0.0,0.0,0.0,0.0,0.0,0.0
deepseek-r1,1.5B,5._Рекуррентные_НС,В чем трудность применения обычной batch normalization к RNN?,prompt8,dialog1016,2-file_deepseek-r1_1.5b_prompt8_dialog1016,2-file,0.0,0.0,0.0,0.0,0.0,0.0,0.0,0.0,0.0,0.0
deepseek-r1,1.5B,5._Рекуррентные_НС,Как работает механизм внимания (Attention)?,prompt8,dialog1017,2-file_deepseek-r1_1.5b_prompt8_dialog1017,2-file,0.0,0.0,0.0,0.0,0.0,0.0,0.0,0.0,0.0,0.0
deepseek-r1,1.5B,5._Рекуррентные_НС,Почему внимание важно в задачах машинного перевода?,prompt8,dialog1018,2-file_deepseek-r1_1.5b_prompt8_dialog1018,2-file,0.0,0.0,0.0,0.0,0.0,0.0,0.0,0.0,0.0,0.0
deepseek-r1,1.5B,5._Рекуррентные_НС,"Чем Show, Attend and Tell отличается от обычного RNN для обработки изображений?",prompt8,dialog1019,2-file_deepseek-r1_1.5b_prompt8_dialog1019,2-file,0.0,0.0,0.0,0.0,0.0,0.0,0.0,0.0,0.0,0.0
deepseek-r1,1.5B,5._Рекуррентные_НС,Можно ли автоматически подбирать архитектуру рекуррентной ячейки?,prompt8,dialog1020,2-file_deepseek-r1_1.5b_prompt8_dialog1020,2-file,0.0,0.0,0.0,0.0,0.0,0.0,0.0,0.0,0.0,0.0
deepseek-r1,1.5B,5._Рекуррентные_НС,"Зачем нужны рекуррентные нейронные сети, если существуют полносвязные и сверточные?",prompt11,dialog1051,2-file_deepseek-r1_1.5b_prompt11_dialog1051,2-file,0.0,0.0,0.0,0.0,0.0,0.0,0.0,0.0,0.0,0.0
deepseek-r1,1.5B,5._Рекуррентные_НС,Что такое скрытое состояние в RNN?,prompt11,dialog1052,2-file_deepseek-r1_1.5b_prompt11_dialog1052,2-file,0.0,0.0,0.0,0.0,0.0,0.0,0.0,0.0,0.0,0.0
deepseek-r1,1.5B,5._Рекуррентные_НС,Какие типы входов и выходов встречаются в задачах RNN?,prompt11,dialog1053,2-file_deepseek-r1_1.5b_prompt11_dialog1053,2-file,0.0,0.0,0.0,0.0,0.0,0.0,0.0,0.0,0.0,0.0
deepseek-r1,1.5B,5._Рекуррентные_НС,В чем отличие Simple RNN от глубоких RNN?,prompt11,dialog1054,2-file_deepseek-r1_1.5b_prompt11_dialog1054,2-file,0.0,0.0,0.0,0.0,0.0,0.0,0.0,0.0,0.0,0.0
deepseek-r1,1.5B,5._Рекуррентные_НС,Что такое двунаправленные RNN и зачем они нужны?,prompt11,dialog1055,2-file_deepseek-r1_1.5b_prompt11_dialog1055,2-file,0.0,0.0,0.0,0.0,0.0,0.0,0.0,0.0,0.0,0.0
deepseek-r1,1.5B,5._Рекуррентные_НС,Как LSTM решает проблему затухающих градиентов?,prompt11,dialog1056,2-file_deepseek-r1_1.5b_prompt11_dialog1056,2-file,0.0,0.0,0.0,0.0,0.0,0.0,0.0,0.0,0.0,0.0
deepseek-r1,1.5B,5._Рекуррентные_НС,Какие компоненты включает стандартная LSTM ячейка?,prompt11,dialog1057,2-file_deepseek-r1_1.5b_prompt11_dialog1057,2-file,0.0,0.0,0.0,0.0,0.0,0.0,0.0,0.0,0.0,0.0
deepseek-r1,1.5B,5._Рекуррентные_НС,Чем GRU отличается от LSTM?,prompt11,dialog1058,2-file_deepseek-r1_1.5b_prompt11_dialog1058,2-file,0.0,0.0,0.0,0.0,0.0,0.0,0.0,0.0,0.0,0.0
deepseek-r1,1.5B,5._Рекуррентные_НС,Зачем нужны замочные скважины (peepholes) в LSTM?,prompt11,dialog1059,2-file_deepseek-r1_1.5b_prompt11_dialog1059,2-file,0.0,0.0,0.0,0.0,0.0,0.0,0.0,0.0,0.0,0.0
deepseek-r1,1.5B,5._Рекуррентные_НС,Почему нормализация по мини-батчам важна для обучения RNN?,prompt11,dialog1060,2-file_deepseek-r1_1.5b_prompt11_dialog1060,2-file,0.0,0.0,0.0,0.0,0.0,0.0,0.0,0.0,0.0,0.0
deepseek-r1,1.5B,5._Рекуррентные_НС,В чем трудность применения обычной batch normalization к RNN?,prompt11,dialog1061,2-file_deepseek-r1_1.5b_prompt11_dialog1061,2-file,0.0,0.0,0.0,0.0,0.0,0.0,0.0,0.0,0.0,0.0
deepseek-r1,1.5B,5._Рекуррентные_НС,Как работает механизм внимания (Attention)?,prompt11,dialog1062,2-file_deepseek-r1_1.5b_prompt11_dialog1062,2-file,0.0,0.0,0.0,0.0,0.0,0.0,0.0,0.0,0.0,0.0
deepseek-r1,1.5B,5._Рекуррентные_НС,Почему внимание важно в задачах машинного перевода?,prompt11,dialog1063,2-file_deepseek-r1_1.5b_prompt11_dialog1063,2-file,0.0,0.0,0.0,0.0,0.0,0.0,0.0,0.0,0.0,0.0
deepseek-r1,1.5B,5._Рекуррентные_НС,"Чем Show, Attend and Tell отличается от обычного RNN для обработки изображений?",prompt11,dialog1064,2-file_deepseek-r1_1.5b_prompt11_dialog1064,2-file,0.0,0.0,0.0,0.0,0.0,0.0,0.0,0.0,0.0,0.0
deepseek-r1,1.5B,5._Рекуррентные_НС,Можно ли автоматически подбирать архитектуру рекуррентной ячейки?,prompt11,dialog1065,2-file_deepseek-r1_1.5b_prompt11_dialog1065,2-file,0.0,0.0,0.0,0.0,0.0,0.0,0.0,0.0,0.0,0.0
granite3.2,2.0B,5._Рекуррентные_НС,"Зачем нужны рекуррентные нейронные сети, если существуют полносвязные и сверточные?",prompt14,dialog0871,2-file_granite3.2_2b_prompt14_dialog0871,2-file,1.2,8.7,16.1,0.0,0.0,0.0,0.0,0.0,0.0,0.0
granite3.2,2.0B,5._Рекуррентные_НС,Что такое скрытое состояние в RNN?,prompt14,dialog0872,2-file_granite3.2_2b_prompt14_dialog0872,2-file,1.2,8.7,16.1,0.0,0.0,0.0,0.0,0.0,0.0,0.0
granite3.2,2.0B,5._Рекуррентные_НС,Какие типы входов и выходов встречаются в задачах RNN?,prompt14,dialog0873,2-file_granite3.2_2b_prompt14_dialog0873,2-file,1.2,8.7,16.1,0.0,0.0,0.0,0.0,0.0,0.0,0.0
granite3.2,2.0B,5._Рекуррентные_НС,В чем отличие Simple RNN от глубоких RNN?,prompt14,dialog0874,2-file_granite3.2_2b_prompt14_dialog0874,2-file,1.2,8.7,16.1,0.0,0.0,0.0,0.0,0.0,0.0,0.0
granite3.2,2.0B,5._Рекуррентные_НС,Что такое двунаправленные RNN и зачем они нужны?,prompt14,dialog0875,2-file_granite3.2_2b_prompt14_dialog0875,2-file,1.2,8.7,16.1,0.0,0.0,0.0,0.0,0.0,0.0,0.0
granite3.2,2.0B,5._Рекуррентные_НС,Как LSTM решает проблему затухающих градиентов?,prompt14,dialog0876,2-file_granite3.2_2b_prompt14_dialog0876,2-file,1.2,8.7,16.1,0.0,0.0,0.0,0.0,0.0,0.0,0.0
granite3.2,2.0B,5._Рекуррентные_НС,Какие компоненты включает стандартная LSTM ячейка?,prompt14,dialog0877,2-file_granite3.2_2b_prompt14_dialog0877,2-file,1.2,8.7,16.1,0.0,0.0,0.0,0.0,0.0,0.0,0.0
granite3.2,2.0B,5._Рекуррентные_НС,Чем GRU отличается от LSTM?,prompt14,dialog0878,2-file_granite3.2_2b_prompt14_dialog0878,2-file,1.2,8.7,16.1,0.0,0.0,0.0,0.0,0.0,0.0,0.0
granite3.2,2.0B,5._Рекуррентные_НС,Зачем нужны замочные скважины (peepholes) в LSTM?,prompt14,dialog0879,2-file_granite3.2_2b_prompt14_dialog0879,2-file,1.2,8.7,16.1,0.0,0.0,0.0,0.0,0.0,0.0,0.0
granite3.2,2.0B,5._Рекуррентные_НС,Почему нормализация по мини-батчам важна для обучения RNN?,prompt14,dialog0880,2-file_granite3.2_2b_prompt14_dialog0880,2-file,1.2,8.7,16.1,0.0,0.0,0.0,0.0,0.0,0.0,0.0
granite3.2,2.0B,5._Рекуррентные_НС,В чем трудность применения обычной batch normalization к RNN?,prompt14,dialog0881,2-file_granite3.2_2b_prompt14_dialog0881,2-file,1.2,8.7,16.1,0.0,0.0,0.0,0.0,0.0,0.0,0.0
granite3.2,2.0B,5._Рекуррентные_НС,Как работает механизм внимания (Attention)?,prompt14,dialog0882,2-file_granite3.2_2b_prompt14_dialog0882,2-file,1.2,8.7,16.1,0.0,0.0,0.0,0.0,0.0,0.0,0.0
granite3.2,2.0B,5._Рекуррентные_НС,Почему внимание важно в задачах машинного перевода?,prompt14,dialog0883,2-file_granite3.2_2b_prompt14_dialog0883,2-file,1.2,8.7,16.1,0.0,0.0,0.0,0.0,0.0,0.0,0.0
granite3.2,2.0B,5._Рекуррентные_НС,"Чем Show, Attend and Tell отличается от обычного RNN для обработки изображений?",prompt14,dialog0884,2-file_granite3.2_2b_prompt14_dialog0884,2-file,1.2,8.7,16.1,0.0,0.0,0.0,0.0,0.0,0.0,0.0
granite3.2,2.0B,5._Рекуррентные_НС,Можно ли автоматически подбирать архитектуру рекуррентной ячейки?,prompt14,dialog0885,2-file_granite3.2_2b_prompt14_dialog0885,2-file,1.2,8.7,16.1,0.0,0.0,0.0,0.0,0.0,0.0,0.0
granite3.2,2.0B,5._Рекуррентные_НС,"Зачем нужны рекуррентные нейронные сети, если существуют полносвязные и сверточные?",prompt13,dialog0856,2-file_granite3.2_2b_prompt13_dialog0856,2-file,3.1,11.6,10.6,0.0,0.0,0.0,0.0,0.0,0.0,0.0
granite3.2,2.0B,5._Рекуррентные_НС,Что такое скрытое состояние в RNN?,prompt13,dialog0857,2-file_granite3.2_2b_prompt13_dialog0857,2-file,3.1,11.6,10.6,0.0,0.0,0.0,0.0,0.0,0.0,0.0
granite3.2,2.0B,5._Рекуррентные_НС,Какие типы входов и выходов встречаются в задачах RNN?,prompt13,dialog0858,2-file_granite3.2_2b_prompt13_dialog0858,2-file,3.1,11.6,10.6,0.0,0.0,0.0,0.0,0.0,0.0,0.0
granite3.2,2.0B,5._Рекуррентные_НС,В чем отличие Simple RNN от глубоких RNN?,prompt13,dialog0859,2-file_granite3.2_2b_prompt13_dialog0859,2-file,3.1,11.6,10.6,0.0,0.0,0.0,0.0,0.0,0.0,0.0
granite3.2,2.0B,5._Рекуррентные_НС,Что такое двунаправленные RNN и зачем они нужны?,prompt13,dialog0860,2-file_granite3.2_2b_prompt13_dialog0860,2-file,3.1,11.6,10.6,0.0,0.0,0.0,0.0,0.0,0.0,0.0
granite3.2,2.0B,5._Рекуррентные_НС,Как LSTM решает проблему затухающих градиентов?,prompt13,dialog0861,2-file_granite3.2_2b_prompt13_dialog0861,2-file,3.1,11.6,10.6,0.0,0.0,0.0,0.0,0.0,0.0,0.0
granite3.2,2.0B,5._Рекуррентные_НС,Какие компоненты включает стандартная LSTM ячейка?,prompt13,dialog0862,2-file_granite3.2_2b_prompt13_dialog0862,2-file,3.1,11.6,10.6,0.0,0.0,0.0,0.0,0.0,0.0,0.0
granite3.2,2.0B,5._Рекуррентные_НС,Чем GRU отличается от LSTM?,prompt13,dialog0863,2-file_granite3.2_2b_prompt13_dialog0863,2-file,3.1,11.6,10.6,0.0,0.0,0.0,0.0,0.0,0.0,0.0
granite3.2,2.0B,5._Рекуррентные_НС,Зачем нужны замочные скважины (peepholes) в LSTM?,prompt13,dialog0864,2-file_granite3.2_2b_prompt13_dialog0864,2-file,3.1,11.6,10.6,0.0,0.0,0.0,0.0,0.0,0.0,0.0
granite3.2,2.0B,5._Рекуррентные_НС,Почему нормализация по мини-батчам важна для обучения RNN?,prompt13,dialog0865,2-file_granite3.2_2b_prompt13_dialog0865,2-file,3.1,11.6,10.6,0.0,0.0,0.0,0.0,0.0,0.0,0.0
granite3.2,2.0B,5._Рекуррентные_НС,В чем трудность применения обычной batch normalization к RNN?,prompt13,dialog0866,2-file_granite3.2_2b_prompt13_dialog0866,2-file,3.1,11.6,10.6,0.0,0.0,0.0,0.0,0.0,0.0,0.0
granite3.2,2.0B,5._Рекуррентные_НС,Как работает механизм внимания (Attention)?,prompt13,dialog0867,2-file_granite3.2_2b_prompt13_dialog0867,2-file,3.1,11.6,10.6,0.0,0.0,0.0,0.0,0.0,0.0,0.0
granite3.2,2.0B,5._Рекуррентные_НС,Почему внимание важно в задачах машинного перевода?,prompt13,dialog0868,2-file_granite3.2_2b_prompt13_dialog0868,2-file,3.1,11.6,10.6,0.0,0.0,0.0,0.0,0.0,0.0,0.0
granite3.2,2.0B,5._Рекуррентные_НС,"Чем Show, Attend and Tell отличается от обычного RNN для обработки изображений?",prompt13,dialog0869,2-file_granite3.2_2b_prompt13_dialog0869,2-file,3.1,11.6,10.6,0.0,0.0,0.0,0.0,0.0,0.0,0.0
granite3.2,2.0B,5._Рекуррентные_НС,Можно ли автоматически подбирать архитектуру рекуррентной ячейки?,prompt13,dialog0870,2-file_granite3.2_2b_prompt13_dialog0870,2-file,3.1,11.6,10.6,0.0,0.0,0.0,0.0,0.0,0.0,0.0
granite3.2,2.0B,5._Рекуррентные_НС,"Зачем нужны рекуррентные нейронные сети, если существуют полносвязные и сверточные?",prompt4,dialog0721,2-file_granite3.2_2b_prompt4_dialog0721,2-file,0.0,8.4,16.1,0.0,0.0,0.0,0.0,0.0,0.0,0.0
granite3.2,2.0B,5._Рекуррентные_НС,Что такое скрытое состояние в RNN?,prompt4,dialog0722,2-file_granite3.2_2b_prompt4_dialog0722,2-file,0.0,8.4,16.1,0.0,0.0,0.0,0.0,0.0,0.0,0.0
granite3.2,2.0B,5._Рекуррентные_НС,Какие типы входов и выходов встречаются в задачах RNN?,prompt4,dialog0723,2-file_granite3.2_2b_prompt4_dialog0723,2-file,0.0,8.4,16.1,0.0,0.0,0.0,0.0,0.0,0.0,0.0
granite3.2,2.0B,5._Рекуррентные_НС,В чем отличие Simple RNN от глубоких RNN?,prompt4,dialog0724,2-file_granite3.2_2b_prompt4_dialog0724,2-file,0.0,8.4,16.1,0.0,0.0,0.0,0.0,0.0,0.0,0.0
granite3.2,2.0B,5._Рекуррентные_НС,Что такое двунаправленные RNN и зачем они нужны?,prompt4,dialog0725,2-file_granite3.2_2b_prompt4_dialog0725,2-file,0.0,8.4,16.1,0.0,0.0,0.0,0.0,0.0,0.0,0.0
granite3.2,2.0B,5._Рекуррентные_НС,Как LSTM решает проблему затухающих градиентов?,prompt4,dialog0726,2-file_granite3.2_2b_prompt4_dialog0726,2-file,0.0,8.4,16.1,0.0,0.0,0.0,0.0,0.0,0.0,0.0
granite3.2,2.0B,5._Рекуррентные_НС,Какие компоненты включает стандартная LSTM ячейка?,prompt4,dialog0727,2-file_granite3.2_2b_prompt4_dialog0727,2-file,0.0,8.4,16.1,0.0,0.0,0.0,0.0,0.0,0.0,0.0
granite3.2,2.0B,5._Рекуррентные_НС,Чем GRU отличается от LSTM?,prompt4,dialog0728,2-file_granite3.2_2b_prompt4_dialog0728,2-file,0.0,8.4,16.1,0.0,0.0,0.0,0.0,0.0,0.0,0.0
granite3.2,2.0B,5._Рекуррентные_НС,Зачем нужны замочные скважины (peepholes) в LSTM?,prompt4,dialog0729,2-file_granite3.2_2b_prompt4_dialog0729,2-file,0.0,8.4,16.1,0.0,0.0,0.0,0.0,0.0,0.0,0.0
granite3.2,2.0B,5._Рекуррентные_НС,Почему нормализация по мини-батчам важна для обучения RNN?,prompt4,dialog0730,2-file_granite3.2_2b_prompt4_dialog0730,2-file,0.0,8.4,16.1,0.0,0.0,0.0,0.0,0.0,0.0,0.0
granite3.2,2.0B,5._Рекуррентные_НС,В чем трудность применения обычной batch normalization к RNN?,prompt4,dialog0731,2-file_granite3.2_2b_prompt4_dialog0731,2-file,0.0,8.4,16.1,0.0,0.0,0.0,0.0,0.0,0.0,0.0
granite3.2,2.0B,5._Рекуррентные_НС,Как работает механизм внимания (Attention)?,prompt4,dialog0732,2-file_granite3.2_2b_prompt4_dialog0732,2-file,0.0,8.4,16.1,0.0,0.0,0.0,0.0,0.0,0.0,0.0
granite3.2,2.0B,5._Рекуррентные_НС,Почему внимание важно в задачах машинного перевода?,prompt4,dialog0733,2-file_granite3.2_2b_prompt4_dialog0733,2-file,0.0,8.4,16.1,0.0,0.0,0.0,0.0,0.0,0.0,0.0
granite3.2,2.0B,5._Рекуррентные_НС,"Чем Show, Attend and Tell отличается от обычного RNN для обработки изображений?",prompt4,dialog0734,2-file_granite3.2_2b_prompt4_dialog0734,2-file,0.0,8.4,16.1,0.0,0.0,0.0,0.0,0.0,0.0,0.0
granite3.2,2.0B,5._Рекуррентные_НС,Можно ли автоматически подбирать архитектуру рекуррентной ячейки?,prompt4,dialog0735,2-file_granite3.2_2b_prompt4_dialog0735,2-file,0.0,8.4,16.1,0.0,0.0,0.0,0.0,0.0,0.0,0.0
granite3.2,2.0B,5._Рекуррентные_НС,"Зачем нужны рекуррентные нейронные сети, если существуют полносвязные и сверточные?",prompt3,dialog0706,2-file_granite3.2_2b_prompt3_dialog0706,2-file,4.1,20.1,13.2,0.0,0.0,0.0,0.0,0.0,0.0,0.0
granite3.2,2.0B,5._Рекуррентные_НС,Что такое скрытое состояние в RNN?,prompt3,dialog0707,2-file_granite3.2_2b_prompt3_dialog0707,2-file,4.1,20.1,13.2,0.0,0.0,0.0,0.0,0.0,0.0,0.0
granite3.2,2.0B,5._Рекуррентные_НС,Какие типы входов и выходов встречаются в задачах RNN?,prompt3,dialog0708,2-file_granite3.2_2b_prompt3_dialog0708,2-file,4.1,20.1,13.2,0.0,0.0,0.0,0.0,0.0,0.0,0.0
granite3.2,2.0B,5._Рекуррентные_НС,В чем отличие Simple RNN от глубоких RNN?,prompt3,dialog0709,2-file_granite3.2_2b_prompt3_dialog0709,2-file,4.1,20.1,13.2,0.0,0.0,0.0,0.0,0.0,0.0,0.0
granite3.2,2.0B,5._Рекуррентные_НС,Что такое двунаправленные RNN и зачем они нужны?,prompt3,dialog0710,2-file_granite3.2_2b_prompt3_dialog0710,2-file,4.1,20.1,13.2,0.0,0.0,0.0,0.0,0.0,0.0,0.0
granite3.2,2.0B,5._Рекуррентные_НС,Как LSTM решает проблему затухающих градиентов?,prompt3,dialog0711,2-file_granite3.2_2b_prompt3_dialog0711,2-file,4.1,20.1,13.2,0.0,0.0,0.0,0.0,0.0,0.0,0.0
granite3.2,2.0B,5._Рекуррентные_НС,Какие компоненты включает стандартная LSTM ячейка?,prompt3,dialog0712,2-file_granite3.2_2b_prompt3_dialog0712,2-file,4.1,20.1,13.2,0.0,0.0,0.0,0.0,0.0,0.0,0.0
granite3.2,2.0B,5._Рекуррентные_НС,Чем GRU отличается от LSTM?,prompt3,dialog0713,2-file_granite3.2_2b_prompt3_dialog0713,2-file,4.1,20.1,13.2,0.0,0.0,0.0,0.0,0.0,0.0,0.0
granite3.2,2.0B,5._Рекуррентные_НС,Зачем нужны замочные скважины (peepholes) в LSTM?,prompt3,dialog0714,2-file_granite3.2_2b_prompt3_dialog0714,2-file,4.1,20.1,13.2,0.0,0.0,0.0,0.0,0.0,0.0,0.0
granite3.2,2.0B,5._Рекуррентные_НС,Почему нормализация по мини-батчам важна для обучения RNN?,prompt3,dialog0715,2-file_granite3.2_2b_prompt3_dialog0715,2-file,4.1,20.1,13.2,0.0,0.0,0.0,0.0,0.0,0.0,0.0
granite3.2,2.0B,5._Рекуррентные_НС,В чем трудность применения обычной batch normalization к RNN?,prompt3,dialog0716,2-file_granite3.2_2b_prompt3_dialog0716,2-file,4.1,20.1,13.2,0.0,0.0,0.0,0.0,0.0,0.0,0.0
granite3.2,2.0B,5._Рекуррентные_НС,Как работает механизм внимания (Attention)?,prompt3,dialog0717,2-file_granite3.2_2b_prompt3_dialog0717,2-file,4.1,20.1,13.2,0.0,0.0,0.0,0.0,0.0,0.0,0.0
granite3.2,2.0B,5._Рекуррентные_НС,Почему внимание важно в задачах машинного перевода?,prompt3,dialog0718,2-file_granite3.2_2b_prompt3_dialog0718,2-file,4.1,20.1,13.2,0.0,0.0,0.0,0.0,0.0,0.0,0.0
granite3.2,2.0B,5._Рекуррентные_НС,"Чем Show, Attend and Tell отличается от обычного RNN для обработки изображений?",prompt3,dialog0719,2-file_granite3.2_2b_prompt3_dialog0719,2-file,4.1,20.1,13.2,0.0,0.0,0.0,0.0,0.0,0.0,0.0
granite3.2,2.0B,5._Рекуррентные_НС,Можно ли автоматически подбирать архитектуру рекуррентной ячейки?,prompt3,dialog0720,2-file_granite3.2_2b_prompt3_dialog0720,2-file,4.1,20.1,13.2,0.0,0.0,0.0,0.0,0.0,0.0,0.0
granite3.2,2.0B,5._Рекуррентные_НС,"Зачем нужны рекуррентные нейронные сети, если существуют полносвязные и сверточные?",prompt2,dialog0691,2-file_granite3.2_2b_prompt2_dialog0691,2-file,3.9,6.7,18.9,0.0,0.0,0.0,0.0,0.0,0.0,0.0
granite3.2,2.0B,5._Рекуррентные_НС,Что такое скрытое состояние в RNN?,prompt2,dialog0692,2-file_granite3.2_2b_prompt2_dialog0692,2-file,3.9,6.7,18.9,0.0,0.0,0.0,0.0,0.0,0.0,0.0
granite3.2,2.0B,5._Рекуррентные_НС,Какие типы входов и выходов встречаются в задачах RNN?,prompt2,dialog0693,2-file_granite3.2_2b_prompt2_dialog0693,2-file,3.9,6.7,18.9,0.0,0.0,0.0,0.0,0.0,0.0,0.0
granite3.2,2.0B,5._Рекуррентные_НС,В чем отличие Simple RNN от глубоких RNN?,prompt2,dialog0694,2-file_granite3.2_2b_prompt2_dialog0694,2-file,3.9,6.7,18.9,0.0,0.0,0.0,0.0,0.0,0.0,0.0
granite3.2,2.0B,5._Рекуррентные_НС,Что такое двунаправленные RNN и зачем они нужны?,prompt2,dialog0695,2-file_granite3.2_2b_prompt2_dialog0695,2-file,3.9,6.7,18.9,0.0,0.0,0.0,0.0,0.0,0.0,0.0
granite3.2,2.0B,5._Рекуррентные_НС,Как LSTM решает проблему затухающих градиентов?,prompt2,dialog0696,2-file_granite3.2_2b_prompt2_dialog0696,2-file,3.9,6.7,18.9,0.0,0.0,0.0,0.0,0.0,0.0,0.0
granite3.2,2.0B,5._Рекуррентные_НС,Какие компоненты включает стандартная LSTM ячейка?,prompt2,dialog0697,2-file_granite3.2_2b_prompt2_dialog0697,2-file,3.9,6.7,18.9,0.0,0.0,0.0,0.0,0.0,0.0,0.0
granite3.2,2.0B,5._Рекуррентные_НС,Чем GRU отличается от LSTM?,prompt2,dialog0698,2-file_granite3.2_2b_prompt2_dialog0698,2-file,3.9,6.7,18.9,0.0,0.0,0.0,0.0,0.0,0.0,0.0
granite3.2,2.0B,5._Рекуррентные_НС,Зачем нужны замочные скважины (peepholes) в LSTM?,prompt2,dialog0699,2-file_granite3.2_2b_prompt2_dialog0699,2-file,3.9,6.7,18.9,0.0,0.0,0.0,0.0,0.0,0.0,0.0
granite3.2,2.0B,5._Рекуррентные_НС,Почему нормализация по мини-батчам важна для обучения RNN?,prompt2,dialog0700,2-file_granite3.2_2b_prompt2_dialog0700,2-file,3.9,6.7,18.9,0.0,0.0,0.0,0.0,0.0,0.0,0.0
granite3.2,2.0B,5._Рекуррентные_НС,В чем трудность применения обычной batch normalization к RNN?,prompt2,dialog0701,2-file_granite3.2_2b_prompt2_dialog0701,2-file,3.9,6.7,18.9,0.0,0.0,0.0,0.0,0.0,0.0,0.0
granite3.2,2.0B,5._Рекуррентные_НС,Как работает механизм внимания (Attention)?,prompt2,dialog0702,2-file_granite3.2_2b_prompt2_dialog0702,2-file,3.9,6.7,18.9,0.0,0.0,0.0,0.0,0.0,0.0,0.0
granite3.2,2.0B,5._Рекуррентные_НС,Почему внимание важно в задачах машинного перевода?,prompt2,dialog0703,2-file_granite3.2_2b_prompt2_dialog0703,2-file,3.9,6.7,18.9,0.0,0.0,0.0,0.0,0.0,0.0,0.0
granite3.2,2.0B,5._Рекуррентные_НС,"Чем Show, Attend and Tell отличается от обычного RNN для обработки изображений?",prompt2,dialog0704,2-file_granite3.2_2b_prompt2_dialog0704,2-file,3.9,6.7,18.9,0.0,0.0,0.0,0.0,0.0,0.0,0.0
granite3.2,2.0B,5._Рекуррентные_НС,Можно ли автоматически подбирать архитектуру рекуррентной ячейки?,prompt2,dialog0705,2-file_granite3.2_2b_prompt2_dialog0705,2-file,3.9,6.7,18.9,0.0,0.0,0.0,0.0,0.0,0.0,0.0
granite3.2,2.0B,5._Рекуррентные_НС,"Зачем нужны рекуррентные нейронные сети, если существуют полносвязные и сверточные?",prompt5,dialog0736,2-file_granite3.2_2b_prompt5_dialog0736,2-file,4.5,10.7,18.9,0.0,0.0,0.0,0.0,0.0,0.0,0.0
granite3.2,2.0B,5._Рекуррентные_НС,Что такое скрытое состояние в RNN?,prompt5,dialog0737,2-file_granite3.2_2b_prompt5_dialog0737,2-file,4.5,10.7,18.9,0.0,0.0,0.0,0.0,0.0,0.0,0.0
granite3.2,2.0B,5._Рекуррентные_НС,Какие типы входов и выходов встречаются в задачах RNN?,prompt5,dialog0738,2-file_granite3.2_2b_prompt5_dialog0738,2-file,4.5,10.7,18.9,0.0,0.0,0.0,0.0,0.0,0.0,0.0
granite3.2,2.0B,5._Рекуррентные_НС,В чем отличие Simple RNN от глубоких RNN?,prompt5,dialog0739,2-file_granite3.2_2b_prompt5_dialog0739,2-file,4.5,10.7,18.9,0.0,0.0,0.0,0.0,0.0,0.0,0.0
granite3.2,2.0B,5._Рекуррентные_НС,Что такое двунаправленные RNN и зачем они нужны?,prompt5,dialog0740,2-file_granite3.2_2b_prompt5_dialog0740,2-file,4.5,10.7,18.9,0.0,0.0,0.0,0.0,0.0,0.0,0.0
granite3.2,2.0B,5._Рекуррентные_НС,Как LSTM решает проблему затухающих градиентов?,prompt5,dialog0741,2-file_granite3.2_2b_prompt5_dialog0741,2-file,4.5,10.7,18.9,0.0,0.0,0.0,0.0,0.0,0.0,0.0
granite3.2,2.0B,5._Рекуррентные_НС,Какие компоненты включает стандартная LSTM ячейка?,prompt5,dialog0742,2-file_granite3.2_2b_prompt5_dialog0742,2-file,4.5,10.7,18.9,0.0,0.0,0.0,0.0,0.0,0.0,0.0
granite3.2,2.0B,5._Рекуррентные_НС,Чем GRU отличается от LSTM?,prompt5,dialog0743,2-file_granite3.2_2b_prompt5_dialog0743,2-file,4.5,10.7,18.9,0.0,0.0,0.0,0.0,0.0,0.0,0.0
granite3.2,2.0B,5._Рекуррентные_НС,Зачем нужны замочные скважины (peepholes) в LSTM?,prompt5,dialog0744,2-file_granite3.2_2b_prompt5_dialog0744,2-file,4.5,10.7,18.9,0.0,0.0,0.0,0.0,0.0,0.0,0.0
granite3.2,2.0B,5._Рекуррентные_НС,Почему нормализация по мини-батчам важна для обучения RNN?,prompt5,dialog0745,2-file_granite3.2_2b_prompt5_dialog0745,2-file,4.5,10.7,18.9,0.0,0.0,0.0,0.0,0.0,0.0,0.0
granite3.2,2.0B,5._Рекуррентные_НС,В чем трудность применения обычной batch normalization к RNN?,prompt5,dialog0746,2-file_granite3.2_2b_prompt5_dialog0746,2-file,4.5,10.7,18.9,0.0,0.0,0.0,0.0,0.0,0.0,0.0
granite3.2,2.0B,5._Рекуррентные_НС,Как работает механизм внимания (Attention)?,prompt5,dialog0747,2-file_granite3.2_2b_prompt5_dialog0747,2-file,4.5,10.7,18.9,0.0,0.0,0.0,0.0,0.0,0.0,0.0
granite3.2,2.0B,5._Рекуррентные_НС,Почему внимание важно в задачах машинного перевода?,prompt5,dialog0748,2-file_granite3.2_2b_prompt5_dialog0748,2-file,4.5,10.7,18.9,0.0,0.0,0.0,0.0,0.0,0.0,0.0
granite3.2,2.0B,5._Рекуррентные_НС,"Чем Show, Attend and Tell отличается от обычного RNN для обработки изображений?",prompt5,dialog0749,2-file_granite3.2_2b_prompt5_dialog0749,2-file,4.5,10.7,18.9,0.0,0.0,0.0,0.0,0.0,0.0,0.0
granite3.2,2.0B,5._Рекуррентные_НС,Можно ли автоматически подбирать архитектуру рекуррентной ячейки?,prompt5,dialog0750,2-file_granite3.2_2b_prompt5_dialog0750,2-file,4.5,10.7,18.9,0.0,0.0,0.0,0.0,0.0,0.0,0.0
granite3.2,2.0B,5._Рекуррентные_НС,"Зачем нужны рекуррентные нейронные сети, если существуют полносвязные и сверточные?",prompt12,dialog0841,2-file_granite3.2_2b_prompt12_dialog0841,2-file,11.3,20.7,16.3,0.0,0.0,0.0,0.0,0.0,0.0,0.0
granite3.2,2.0B,5._Рекуррентные_НС,Что такое скрытое состояние в RNN?,prompt12,dialog0842,2-file_granite3.2_2b_prompt12_dialog0842,2-file,11.3,20.7,16.3,0.0,0.0,0.0,0.0,0.0,0.0,0.0
granite3.2,2.0B,5._Рекуррентные_НС,Какие типы входов и выходов встречаются в задачах RNN?,prompt12,dialog0843,2-file_granite3.2_2b_prompt12_dialog0843,2-file,11.3,20.7,16.3,0.0,0.0,0.0,0.0,0.0,0.0,0.0
granite3.2,2.0B,5._Рекуррентные_НС,В чем отличие Simple RNN от глубоких RNN?,prompt12,dialog0844,2-file_granite3.2_2b_prompt12_dialog0844,2-file,11.3,20.7,16.3,0.0,0.0,0.0,0.0,0.0,0.0,0.0
granite3.2,2.0B,5._Рекуррентные_НС,Что такое двунаправленные RNN и зачем они нужны?,prompt12,dialog0845,2-file_granite3.2_2b_prompt12_dialog0845,2-file,11.3,20.7,16.3,0.0,0.0,0.0,0.0,0.0,0.0,0.0
granite3.2,2.0B,5._Рекуррентные_НС,Как LSTM решает проблему затухающих градиентов?,prompt12,dialog0846,2-file_granite3.2_2b_prompt12_dialog0846,2-file,11.3,20.7,16.3,0.0,0.0,0.0,0.0,0.0,0.0,0.0
granite3.2,2.0B,5._Рекуррентные_НС,Какие компоненты включает стандартная LSTM ячейка?,prompt12,dialog0847,2-file_granite3.2_2b_prompt12_dialog0847,2-file,11.3,20.7,16.3,0.0,0.0,0.0,0.0,0.0,0.0,0.0
granite3.2,2.0B,5._Рекуррентные_НС,Чем GRU отличается от LSTM?,prompt12,dialog0848,2-file_granite3.2_2b_prompt12_dialog0848,2-file,11.3,20.7,16.3,0.0,0.0,0.0,0.0,0.0,0.0,0.0
granite3.2,2.0B,5._Рекуррентные_НС,Зачем нужны замочные скважины (peepholes) в LSTM?,prompt12,dialog0849,2-file_granite3.2_2b_prompt12_dialog0849,2-file,11.3,20.7,16.3,0.0,0.0,0.0,0.0,0.0,0.0,0.0
granite3.2,2.0B,5._Рекуррентные_НС,Почему нормализация по мини-батчам важна для обучения RNN?,prompt12,dialog0850,2-file_granite3.2_2b_prompt12_dialog0850,2-file,11.3,20.7,16.3,0.0,0.0,0.0,0.0,0.0,0.0,0.0
granite3.2,2.0B,5._Рекуррентные_НС,В чем трудность применения обычной batch normalization к RNN?,prompt12,dialog0851,2-file_granite3.2_2b_prompt12_dialog0851,2-file,11.3,20.7,16.3,0.0,0.0,0.0,0.0,0.0,0.0,0.0
granite3.2,2.0B,5._Рекуррентные_НС,Как работает механизм внимания (Attention)?,prompt12,dialog0852,2-file_granite3.2_2b_prompt12_dialog0852,2-file,11.3,20.7,16.3,0.0,0.0,0.0,0.0,0.0,0.0,0.0
granite3.2,2.0B,5._Рекуррентные_НС,Почему внимание важно в задачах машинного перевода?,prompt12,dialog0853,2-file_granite3.2_2b_prompt12_dialog0853,2-file,11.3,20.7,16.3,0.0,0.0,0.0,0.0,0.0,0.0,0.0
granite3.2,2.0B,5._Рекуррентные_НС,"Чем Show, Attend and Tell отличается от обычного RNN для обработки изображений?",prompt12,dialog0854,2-file_granite3.2_2b_prompt12_dialog0854,2-file,11.3,20.7,16.3,0.0,0.0,0.0,0.0,0.0,0.0,0.0
granite3.2,2.0B,5._Рекуррентные_НС,Можно ли автоматически подбирать архитектуру рекуррентной ячейки?,prompt12,dialog0855,2-file_granite3.2_2b_prompt12_dialog0855,2-file,11.3,20.7,16.3,0.0,0.0,0.0,0.0,0.0,0.0,0.0
granite3.2,2.0B,5._Рекуррентные_НС,"Зачем нужны рекуррентные нейронные сети, если существуют полносвязные и сверточные?",prompt15,dialog0886,2-file_granite3.2_2b_prompt15_dialog0886,2-file,1.5,8.8,10.6,0.0,0.0,0.0,0.0,0.0,0.0,0.0
granite3.2,2.0B,5._Рекуррентные_НС,Что такое скрытое состояние в RNN?,prompt15,dialog0887,2-file_granite3.2_2b_prompt15_dialog0887,2-file,1.5,8.8,10.6,0.0,0.0,0.0,0.0,0.0,0.0,0.0
granite3.2,2.0B,5._Рекуррентные_НС,Какие типы входов и выходов встречаются в задачах RNN?,prompt15,dialog0888,2-file_granite3.2_2b_prompt15_dialog0888,2-file,1.5,8.8,10.6,0.0,0.0,0.0,0.0,0.0,0.0,0.0
granite3.2,2.0B,5._Рекуррентные_НС,В чем отличие Simple RNN от глубоких RNN?,prompt15,dialog0889,2-file_granite3.2_2b_prompt15_dialog0889,2-file,1.5,8.8,10.6,0.0,0.0,0.0,0.0,0.0,0.0,0.0
granite3.2,2.0B,5._Рекуррентные_НС,Что такое двунаправленные RNN и зачем они нужны?,prompt15,dialog0890,2-file_granite3.2_2b_prompt15_dialog0890,2-file,1.5,8.8,10.6,0.0,0.0,0.0,0.0,0.0,0.0,0.0
granite3.2,2.0B,5._Рекуррентные_НС,Как LSTM решает проблему затухающих градиентов?,prompt15,dialog0891,2-file_granite3.2_2b_prompt15_dialog0891,2-file,1.5,8.8,10.6,0.0,0.0,0.0,0.0,0.0,0.0,0.0
granite3.2,2.0B,5._Рекуррентные_НС,Какие компоненты включает стандартная LSTM ячейка?,prompt15,dialog0892,2-file_granite3.2_2b_prompt15_dialog0892,2-file,1.5,8.8,10.6,0.0,0.0,0.0,0.0,0.0,0.0,0.0
granite3.2,2.0B,5._Рекуррентные_НС,Чем GRU отличается от LSTM?,prompt15,dialog0893,2-file_granite3.2_2b_prompt15_dialog0893,2-file,1.5,8.8,10.6,0.0,0.0,0.0,0.0,0.0,0.0,0.0
granite3.2,2.0B,5._Рекуррентные_НС,Зачем нужны замочные скважины (peepholes) в LSTM?,prompt15,dialog0894,2-file_granite3.2_2b_prompt15_dialog0894,2-file,1.5,8.8,10.6,0.0,0.0,0.0,0.0,0.0,0.0,0.0
granite3.2,2.0B,5._Рекуррентные_НС,Почему нормализация по мини-батчам важна для обучения RNN?,prompt15,dialog0895,2-file_granite3.2_2b_prompt15_dialog0895,2-file,1.5,8.8,10.6,0.0,0.0,0.0,0.0,0.0,0.0,0.0
granite3.2,2.0B,5._Рекуррентные_НС,В чем трудность применения обычной batch normalization к RNN?,prompt15,dialog0896,2-file_granite3.2_2b_prompt15_dialog0896,2-file,1.5,8.8,10.6,0.0,0.0,0.0,0.0,0.0,0.0,0.0
granite3.2,2.0B,5._Рекуррентные_НС,Как работает механизм внимания (Attention)?,prompt15,dialog0897,2-file_granite3.2_2b_prompt15_dialog0897,2-file,1.5,8.8,10.6,0.0,0.0,0.0,0.0,0.0,0.0,0.0
granite3.2,2.0B,5._Рекуррентные_НС,Почему внимание важно в задачах машинного перевода?,prompt15,dialog0898,2-file_granite3.2_2b_prompt15_dialog0898,2-file,1.5,8.8,10.6,0.0,0.0,0.0,0.0,0.0,0.0,0.0
granite3.2,2.0B,5._Рекуррентные_НС,"Чем Show, Attend and Tell отличается от обычного RNN для обработки изображений?",prompt15,dialog0899,2-file_granite3.2_2b_prompt15_dialog0899,2-file,1.5,8.8,10.6,0.0,0.0,0.0,0.0,0.0,0.0,0.0
granite3.2,2.0B,5._Рекуррентные_НС,Можно ли автоматически подбирать архитектуру рекуррентной ячейки?,prompt15,dialog0900,2-file_granite3.2_2b_prompt15_dialog0900,2-file,1.5,8.8,10.6,0.0,0.0,0.0,0.0,0.0,0.0,0.0
granite3.2,2.0B,5._Рекуррентные_НС,"Зачем нужны рекуррентные нейронные сети, если существуют полносвязные и сверточные?",prompt10,dialog0811,2-file_granite3.2_2b_prompt10_dialog0811,2-file,6.9,7.3,18.1,0.0,0.0,0.0,0.0,0.0,0.0,0.0
granite3.2,2.0B,5._Рекуррентные_НС,Что такое скрытое состояние в RNN?,prompt10,dialog0812,2-file_granite3.2_2b_prompt10_dialog0812,2-file,6.9,7.3,18.1,0.0,0.0,0.0,0.0,0.0,0.0,0.0
granite3.2,2.0B,5._Рекуррентные_НС,Какие типы входов и выходов встречаются в задачах RNN?,prompt10,dialog0813,2-file_granite3.2_2b_prompt10_dialog0813,2-file,6.9,7.3,18.1,0.0,0.0,0.0,0.0,0.0,0.0,0.0
granite3.2,2.0B,5._Рекуррентные_НС,В чем отличие Simple RNN от глубоких RNN?,prompt10,dialog0814,2-file_granite3.2_2b_prompt10_dialog0814,2-file,6.9,7.3,18.1,0.0,0.0,0.0,0.0,0.0,0.0,0.0
granite3.2,2.0B,5._Рекуррентные_НС,Что такое двунаправленные RNN и зачем они нужны?,prompt10,dialog0815,2-file_granite3.2_2b_prompt10_dialog0815,2-file,6.9,7.3,18.1,0.0,0.0,0.0,0.0,0.0,0.0,0.0
granite3.2,2.0B,5._Рекуррентные_НС,Как LSTM решает проблему затухающих градиентов?,prompt10,dialog0816,2-file_granite3.2_2b_prompt10_dialog0816,2-file,6.9,7.3,18.1,0.0,0.0,0.0,0.0,0.0,0.0,0.0
granite3.2,2.0B,5._Рекуррентные_НС,Какие компоненты включает стандартная LSTM ячейка?,prompt10,dialog0817,2-file_granite3.2_2b_prompt10_dialog0817,2-file,6.9,7.3,18.1,0.0,0.0,0.0,0.0,0.0,0.0,0.0
granite3.2,2.0B,5._Рекуррентные_НС,Чем GRU отличается от LSTM?,prompt10,dialog0818,2-file_granite3.2_2b_prompt10_dialog0818,2-file,6.9,7.3,18.1,0.0,0.0,0.0,0.0,0.0,0.0,0.0
granite3.2,2.0B,5._Рекуррентные_НС,Зачем нужны замочные скважины (peepholes) в LSTM?,prompt10,dialog0819,2-file_granite3.2_2b_prompt10_dialog0819,2-file,6.9,7.3,18.1,0.0,0.0,0.0,0.0,0.0,0.0,0.0
granite3.2,2.0B,5._Рекуррентные_НС,Почему нормализация по мини-батчам важна для обучения RNN?,prompt10,dialog0820,2-file_granite3.2_2b_prompt10_dialog0820,2-file,6.9,7.3,18.1,0.0,0.0,0.0,0.0,0.0,0.0,0.0
granite3.2,2.0B,5._Рекуррентные_НС,В чем трудность применения обычной batch normalization к RNN?,prompt10,dialog0821,2-file_granite3.2_2b_prompt10_dialog0821,2-file,6.9,7.3,18.1,0.0,0.0,0.0,0.0,0.0,0.0,0.0
granite3.2,2.0B,5._Рекуррентные_НС,Как работает механизм внимания (Attention)?,prompt10,dialog0822,2-file_granite3.2_2b_prompt10_dialog0822,2-file,6.9,7.3,18.1,0.0,0.0,0.0,0.0,0.0,0.0,0.0
granite3.2,2.0B,5._Рекуррентные_НС,Почему внимание важно в задачах машинного перевода?,prompt10,dialog0823,2-file_granite3.2_2b_prompt10_dialog0823,2-file,6.9,7.3,18.1,0.0,0.0,0.0,0.0,0.0,0.0,0.0
granite3.2,2.0B,5._Рекуррентные_НС,"Чем Show, Attend and Tell отличается от обычного RNN для обработки изображений?",prompt10,dialog0824,2-file_granite3.2_2b_prompt10_dialog0824,2-file,6.9,7.3,18.1,0.0,0.0,0.0,0.0,0.0,0.0,0.0
granite3.2,2.0B,5._Рекуррентные_НС,Можно ли автоматически подбирать архитектуру рекуррентной ячейки?,prompt10,dialog0825,2-file_granite3.2_2b_prompt10_dialog0825,2-file,6.9,7.3,18.1,0.0,0.0,0.0,0.0,0.0,0.0,0.0
granite3.2,2.0B,5._Рекуррентные_НС,"Зачем нужны рекуррентные нейронные сети, если существуют полносвязные и сверточные?",prompt9,dialog0796,2-file_granite3.2_2b_prompt9_dialog0796,2-file,2.2,14.9,13.9,0.0,0.0,0.0,0.0,0.0,0.0,0.0
granite3.2,2.0B,5._Рекуррентные_НС,Что такое скрытое состояние в RNN?,prompt9,dialog0797,2-file_granite3.2_2b_prompt9_dialog0797,2-file,2.2,14.9,13.9,0.0,0.0,0.0,0.0,0.0,0.0,0.0
granite3.2,2.0B,5._Рекуррентные_НС,Какие типы входов и выходов встречаются в задачах RNN?,prompt9,dialog0798,2-file_granite3.2_2b_prompt9_dialog0798,2-file,2.2,14.9,13.9,0.0,0.0,0.0,0.0,0.0,0.0,0.0
granite3.2,2.0B,5._Рекуррентные_НС,В чем отличие Simple RNN от глубоких RNN?,prompt9,dialog0799,2-file_granite3.2_2b_prompt9_dialog0799,2-file,2.2,14.9,13.9,0.0,0.0,0.0,0.0,0.0,0.0,0.0
granite3.2,2.0B,5._Рекуррентные_НС,Что такое двунаправленные RNN и зачем они нужны?,prompt9,dialog0800,2-file_granite3.2_2b_prompt9_dialog0800,2-file,2.2,14.9,13.9,0.0,0.0,0.0,0.0,0.0,0.0,0.0
granite3.2,2.0B,5._Рекуррентные_НС,Как LSTM решает проблему затухающих градиентов?,prompt9,dialog0801,2-file_granite3.2_2b_prompt9_dialog0801,2-file,2.2,14.9,13.9,0.0,0.0,0.0,0.0,0.0,0.0,0.0
granite3.2,2.0B,5._Рекуррентные_НС,Какие компоненты включает стандартная LSTM ячейка?,prompt9,dialog0802,2-file_granite3.2_2b_prompt9_dialog0802,2-file,2.2,14.9,13.9,0.0,0.0,0.0,0.0,0.0,0.0,0.0
granite3.2,2.0B,5._Рекуррентные_НС,Чем GRU отличается от LSTM?,prompt9,dialog0803,2-file_granite3.2_2b_prompt9_dialog0803,2-file,2.2,14.9,13.9,0.0,0.0,0.0,0.0,0.0,0.0,0.0
granite3.2,2.0B,5._Рекуррентные_НС,Зачем нужны замочные скважины (peepholes) в LSTM?,prompt9,dialog0804,2-file_granite3.2_2b_prompt9_dialog0804,2-file,2.2,14.9,13.9,0.0,0.0,0.0,0.0,0.0,0.0,0.0
granite3.2,2.0B,5._Рекуррентные_НС,Почему нормализация по мини-батчам важна для обучения RNN?,prompt9,dialog0805,2-file_granite3.2_2b_prompt9_dialog0805,2-file,2.2,14.9,13.9,0.0,0.0,0.0,0.0,0.0,0.0,0.0
granite3.2,2.0B,5._Рекуррентные_НС,В чем трудность применения обычной batch normalization к RNN?,prompt9,dialog0806,2-file_granite3.2_2b_prompt9_dialog0806,2-file,2.2,14.9,13.9,0.0,0.0,0.0,0.0,0.0,0.0,0.0
granite3.2,2.0B,5._Рекуррентные_НС,Как работает механизм внимания (Attention)?,prompt9,dialog0807,2-file_granite3.2_2b_prompt9_dialog0807,2-file,2.2,14.9,13.9,0.0,0.0,0.0,0.0,0.0,0.0,0.0
granite3.2,2.0B,5._Рекуррентные_НС,Почему внимание важно в задачах машинного перевода?,prompt9,dialog0808,2-file_granite3.2_2b_prompt9_dialog0808,2-file,2.2,14.9,13.9,0.0,0.0,0.0,0.0,0.0,0.0,0.0
granite3.2,2.0B,5._Рекуррентные_НС,"Чем Show, Attend and Tell отличается от обычного RNN для обработки изображений?",prompt9,dialog0809,2-file_granite3.2_2b_prompt9_dialog0809,2-file,2.2,14.9,13.9,0.0,0.0,0.0,0.0,0.0,0.0,0.0
granite3.2,2.0B,5._Рекуррентные_НС,Можно ли автоматически подбирать архитектуру рекуррентной ячейки?,prompt9,dialog0810,2-file_granite3.2_2b_prompt9_dialog0810,2-file,2.2,14.9,13.9,0.0,0.0,0.0,0.0,0.0,0.0,0.0
granite3.2,2.0B,5._Рекуррентные_НС,"Зачем нужны рекуррентные нейронные сети, если существуют полносвязные и сверточные?",prompt7,dialog0766,2-file_granite3.2_2b_prompt7_dialog0766,2-file,1.1,13.1,16.4,0.0,0.0,0.0,0.0,0.0,0.0,0.0
granite3.2,2.0B,5._Рекуррентные_НС,Что такое скрытое состояние в RNN?,prompt7,dialog0767,2-file_granite3.2_2b_prompt7_dialog0767,2-file,1.1,13.1,16.4,0.0,0.0,0.0,0.0,0.0,0.0,0.0
granite3.2,2.0B,5._Рекуррентные_НС,Какие типы входов и выходов встречаются в задачах RNN?,prompt7,dialog0768,2-file_granite3.2_2b_prompt7_dialog0768,2-file,1.1,13.1,16.4,0.0,0.0,0.0,0.0,0.0,0.0,0.0
granite3.2,2.0B,5._Рекуррентные_НС,В чем отличие Simple RNN от глубоких RNN?,prompt7,dialog0769,2-file_granite3.2_2b_prompt7_dialog0769,2-file,1.1,13.1,16.4,0.0,0.0,0.0,0.0,0.0,0.0,0.0
granite3.2,2.0B,5._Рекуррентные_НС,Что такое двунаправленные RNN и зачем они нужны?,prompt7,dialog0770,2-file_granite3.2_2b_prompt7_dialog0770,2-file,1.1,13.1,16.4,0.0,0.0,0.0,0.0,0.0,0.0,0.0
granite3.2,2.0B,5._Рекуррентные_НС,Как LSTM решает проблему затухающих градиентов?,prompt7,dialog0771,2-file_granite3.2_2b_prompt7_dialog0771,2-file,1.1,13.1,16.4,0.0,0.0,0.0,0.0,0.0,0.0,0.0
granite3.2,2.0B,5._Рекуррентные_НС,Какие компоненты включает стандартная LSTM ячейка?,prompt7,dialog0772,2-file_granite3.2_2b_prompt7_dialog0772,2-file,1.1,13.1,16.4,0.0,0.0,0.0,0.0,0.0,0.0,0.0
granite3.2,2.0B,5._Рекуррентные_НС,Чем GRU отличается от LSTM?,prompt7,dialog0773,2-file_granite3.2_2b_prompt7_dialog0773,2-file,1.1,13.1,16.4,0.0,0.0,0.0,0.0,0.0,0.0,0.0
granite3.2,2.0B,5._Рекуррентные_НС,Зачем нужны замочные скважины (peepholes) в LSTM?,prompt7,dialog0774,2-file_granite3.2_2b_prompt7_dialog0774,2-file,1.1,13.1,16.4,0.0,0.0,0.0,0.0,0.0,0.0,0.0
granite3.2,2.0B,5._Рекуррентные_НС,Почему нормализация по мини-батчам важна для обучения RNN?,prompt7,dialog0775,2-file_granite3.2_2b_prompt7_dialog0775,2-file,1.1,13.1,16.4,0.0,0.0,0.0,0.0,0.0,0.0,0.0
granite3.2,2.0B,5._Рекуррентные_НС,В чем трудность применения обычной batch normalization к RNN?,prompt7,dialog0776,2-file_granite3.2_2b_prompt7_dialog0776,2-file,1.1,13.1,16.4,0.0,0.0,0.0,0.0,0.0,0.0,0.0
granite3.2,2.0B,5._Рекуррентные_НС,Как работает механизм внимания (Attention)?,prompt7,dialog0777,2-file_granite3.2_2b_prompt7_dialog0777,2-file,1.1,13.1,16.4,0.0,0.0,0.0,0.0,0.0,0.0,0.0
granite3.2,2.0B,5._Рекуррентные_НС,Почему внимание важно в задачах машинного перевода?,prompt7,dialog0778,2-file_granite3.2_2b_prompt7_dialog0778,2-file,1.1,13.1,16.4,0.0,0.0,0.0,0.0,0.0,0.0,0.0
granite3.2,2.0B,5._Рекуррентные_НС,"Чем Show, Attend and Tell отличается от обычного RNN для обработки изображений?",prompt7,dialog0779,2-file_granite3.2_2b_prompt7_dialog0779,2-file,1.1,13.1,16.4,0.0,0.0,0.0,0.0,0.0,0.0,0.0
granite3.2,2.0B,5._Рекуррентные_НС,Можно ли автоматически подбирать архитектуру рекуррентной ячейки?,prompt7,dialog0780,2-file_granite3.2_2b_prompt7_dialog0780,2-file,1.1,13.1,16.4,0.0,0.0,0.0,0.0,0.0,0.0,0.0
granite3.2,2.0B,5._Рекуррентные_НС,"Зачем нужны рекуррентные нейронные сети, если существуют полносвязные и сверточные?",prompt6,dialog0751,2-file_granite3.2_2b_prompt6_dialog0751,2-file,0.0,17.2,12.2,0.0,0.0,0.0,0.0,0.0,0.0,0.0
granite3.2,2.0B,5._Рекуррентные_НС,Что такое скрытое состояние в RNN?,prompt6,dialog0752,2-file_granite3.2_2b_prompt6_dialog0752,2-file,0.0,17.2,12.2,0.0,0.0,0.0,0.0,0.0,0.0,0.0
granite3.2,2.0B,5._Рекуррентные_НС,Какие типы входов и выходов встречаются в задачах RNN?,prompt6,dialog0753,2-file_granite3.2_2b_prompt6_dialog0753,2-file,0.0,17.2,12.2,0.0,0.0,0.0,0.0,0.0,0.0,0.0
granite3.2,2.0B,5._Рекуррентные_НС,В чем отличие Simple RNN от глубоких RNN?,prompt6,dialog0754,2-file_granite3.2_2b_prompt6_dialog0754,2-file,0.0,17.2,12.2,0.0,0.0,0.0,0.0,0.0,0.0,0.0
granite3.2,2.0B,5._Рекуррентные_НС,Что такое двунаправленные RNN и зачем они нужны?,prompt6,dialog0755,2-file_granite3.2_2b_prompt6_dialog0755,2-file,0.0,17.2,12.2,0.0,0.0,0.0,0.0,0.0,0.0,0.0
granite3.2,2.0B,5._Рекуррентные_НС,Как LSTM решает проблему затухающих градиентов?,prompt6,dialog0756,2-file_granite3.2_2b_prompt6_dialog0756,2-file,0.0,17.2,12.2,0.0,0.0,0.0,0.0,0.0,0.0,0.0
granite3.2,2.0B,5._Рекуррентные_НС,Какие компоненты включает стандартная LSTM ячейка?,prompt6,dialog0757,2-file_granite3.2_2b_prompt6_dialog0757,2-file,0.0,17.2,12.2,0.0,0.0,0.0,0.0,0.0,0.0,0.0
granite3.2,2.0B,5._Рекуррентные_НС,Чем GRU отличается от LSTM?,prompt6,dialog0758,2-file_granite3.2_2b_prompt6_dialog0758,2-file,0.0,17.2,12.2,0.0,0.0,0.0,0.0,0.0,0.0,0.0
granite3.2,2.0B,5._Рекуррентные_НС,Зачем нужны замочные скважины (peepholes) в LSTM?,prompt6,dialog0759,2-file_granite3.2_2b_prompt6_dialog0759,2-file,0.0,17.2,12.2,0.0,0.0,0.0,0.0,0.0,0.0,0.0
granite3.2,2.0B,5._Рекуррентные_НС,Почему нормализация по мини-батчам важна для обучения RNN?,prompt6,dialog0760,2-file_granite3.2_2b_prompt6_dialog0760,2-file,0.0,17.2,12.2,0.0,0.0,0.0,0.0,0.0,0.0,0.0
granite3.2,2.0B,5._Рекуррентные_НС,В чем трудность применения обычной batch normalization к RNN?,prompt6,dialog0761,2-file_granite3.2_2b_prompt6_dialog0761,2-file,0.0,17.2,12.2,0.0,0.0,0.0,0.0,0.0,0.0,0.0
granite3.2,2.0B,5._Рекуррентные_НС,Как работает механизм внимания (Attention)?,prompt6,dialog0762,2-file_granite3.2_2b_prompt6_dialog0762,2-file,0.0,17.2,12.2,0.0,0.0,0.0,0.0,0.0,0.0,0.0
granite3.2,2.0B,5._Рекуррентные_НС,Почему внимание важно в задачах машинного перевода?,prompt6,dialog0763,2-file_granite3.2_2b_prompt6_dialog0763,2-file,0.0,17.2,12.2,0.0,0.0,0.0,0.0,0.0,0.0,0.0
granite3.2,2.0B,5._Рекуррентные_НС,"Чем Show, Attend and Tell отличается от обычного RNN для обработки изображений?",prompt6,dialog0764,2-file_granite3.2_2b_prompt6_dialog0764,2-file,0.0,17.2,12.2,0.0,0.0,0.0,0.0,0.0,0.0,0.0
granite3.2,2.0B,5._Рекуррентные_НС,Можно ли автоматически подбирать архитектуру рекуррентной ячейки?,prompt6,dialog0765,2-file_granite3.2_2b_prompt6_dialog0765,2-file,0.0,17.2,12.2,0.0,0.0,0.0,0.0,0.0,0.0,0.0
granite3.2,2.0B,5._Рекуррентные_НС,"Зачем нужны рекуррентные нейронные сети, если существуют полносвязные и сверточные?",prompt1,dialog0676,2-file_granite3.2_2b_prompt1_dialog0676,2-file,6.7,17.5,18.6,0.0,0.0,0.0,0.0,0.0,0.0,0.0
granite3.2,2.0B,5._Рекуррентные_НС,Что такое скрытое состояние в RNN?,prompt1,dialog0677,2-file_granite3.2_2b_prompt1_dialog0677,2-file,6.7,17.5,18.6,0.0,0.0,0.0,0.0,0.0,0.0,0.0
granite3.2,2.0B,5._Рекуррентные_НС,Какие типы входов и выходов встречаются в задачах RNN?,prompt1,dialog0678,2-file_granite3.2_2b_prompt1_dialog0678,2-file,6.7,17.5,18.6,0.0,0.0,0.0,0.0,0.0,0.0,0.0
granite3.2,2.0B,5._Рекуррентные_НС,В чем отличие Simple RNN от глубоких RNN?,prompt1,dialog0679,2-file_granite3.2_2b_prompt1_dialog0679,2-file,6.7,17.5,18.6,0.0,0.0,0.0,0.0,0.0,0.0,0.0
granite3.2,2.0B,5._Рекуррентные_НС,Что такое двунаправленные RNN и зачем они нужны?,prompt1,dialog0680,2-file_granite3.2_2b_prompt1_dialog0680,2-file,6.7,17.5,18.6,0.0,0.0,0.0,0.0,0.0,0.0,0.0
granite3.2,2.0B,5._Рекуррентные_НС,Как LSTM решает проблему затухающих градиентов?,prompt1,dialog0681,2-file_granite3.2_2b_prompt1_dialog0681,2-file,6.7,17.5,18.6,0.0,0.0,0.0,0.0,0.0,0.0,0.0
granite3.2,2.0B,5._Рекуррентные_НС,Какие компоненты включает стандартная LSTM ячейка?,prompt1,dialog0682,2-file_granite3.2_2b_prompt1_dialog0682,2-file,6.7,17.5,18.6,0.0,0.0,0.0,0.0,0.0,0.0,0.0
granite3.2,2.0B,5._Рекуррентные_НС,Чем GRU отличается от LSTM?,prompt1,dialog0683,2-file_granite3.2_2b_prompt1_dialog0683,2-file,6.7,17.5,18.6,0.0,0.0,0.0,0.0,0.0,0.0,0.0
granite3.2,2.0B,5._Рекуррентные_НС,Зачем нужны замочные скважины (peepholes) в LSTM?,prompt1,dialog0684,2-file_granite3.2_2b_prompt1_dialog0684,2-file,6.7,17.5,18.6,0.0,0.0,0.0,0.0,0.0,0.0,0.0
granite3.2,2.0B,5._Рекуррентные_НС,Почему нормализация по мини-батчам важна для обучения RNN?,prompt1,dialog0685,2-file_granite3.2_2b_prompt1_dialog0685,2-file,6.7,17.5,18.6,0.0,0.0,0.0,0.0,0.0,0.0,0.0
granite3.2,2.0B,5._Рекуррентные_НС,В чем трудность применения обычной batch normalization к RNN?,prompt1,dialog0686,2-file_granite3.2_2b_prompt1_dialog0686,2-file,6.7,17.5,18.6,0.0,0.0,0.0,0.0,0.0,0.0,0.0
granite3.2,2.0B,5._Рекуррентные_НС,Как работает механизм внимания (Attention)?,prompt1,dialog0687,2-file_granite3.2_2b_prompt1_dialog0687,2-file,6.7,17.5,18.6,0.0,0.0,0.0,0.0,0.0,0.0,0.0
granite3.2,2.0B,5._Рекуррентные_НС,Почему внимание важно в задачах машинного перевода?,prompt1,dialog0688,2-file_granite3.2_2b_prompt1_dialog0688,2-file,6.7,17.5,18.6,0.0,0.0,0.0,0.0,0.0,0.0,0.0
granite3.2,2.0B,5._Рекуррентные_НС,"Чем Show, Attend and Tell отличается от обычного RNN для обработки изображений?",prompt1,dialog0689,2-file_granite3.2_2b_prompt1_dialog0689,2-file,6.7,17.5,18.6,0.0,0.0,0.0,0.0,0.0,0.0,0.0
granite3.2,2.0B,5._Рекуррентные_НС,Можно ли автоматически подбирать архитектуру рекуррентной ячейки?,prompt1,dialog0690,2-file_granite3.2_2b_prompt1_dialog0690,2-file,6.7,17.5,18.6,0.0,0.0,0.0,0.0,0.0,0.0,0.0
granite3.2,2.0B,5._Рекуррентные_НС,"Зачем нужны рекуррентные нейронные сети, если существуют полносвязные и сверточные?",prompt8,dialog0781,2-file_granite3.2_2b_prompt8_dialog0781,2-file,4.1,5.8,20.6,0.0,0.0,0.0,0.0,0.0,0.0,0.0
granite3.2,2.0B,5._Рекуррентные_НС,Что такое скрытое состояние в RNN?,prompt8,dialog0782,2-file_granite3.2_2b_prompt8_dialog0782,2-file,4.1,5.8,20.6,0.0,0.0,0.0,0.0,0.0,0.0,0.0
granite3.2,2.0B,5._Рекуррентные_НС,Какие типы входов и выходов встречаются в задачах RNN?,prompt8,dialog0783,2-file_granite3.2_2b_prompt8_dialog0783,2-file,4.1,5.8,20.6,0.0,0.0,0.0,0.0,0.0,0.0,0.0
granite3.2,2.0B,5._Рекуррентные_НС,В чем отличие Simple RNN от глубоких RNN?,prompt8,dialog0784,2-file_granite3.2_2b_prompt8_dialog0784,2-file,4.1,5.8,20.6,0.0,0.0,0.0,0.0,0.0,0.0,0.0
granite3.2,2.0B,5._Рекуррентные_НС,Что такое двунаправленные RNN и зачем они нужны?,prompt8,dialog0785,2-file_granite3.2_2b_prompt8_dialog0785,2-file,4.1,5.8,20.6,0.0,0.0,0.0,0.0,0.0,0.0,0.0
granite3.2,2.0B,5._Рекуррентные_НС,Как LSTM решает проблему затухающих градиентов?,prompt8,dialog0786,2-file_granite3.2_2b_prompt8_dialog0786,2-file,4.1,5.8,20.6,0.0,0.0,0.0,0.0,0.0,0.0,0.0
granite3.2,2.0B,5._Рекуррентные_НС,Какие компоненты включает стандартная LSTM ячейка?,prompt8,dialog0787,2-file_granite3.2_2b_prompt8_dialog0787,2-file,4.1,5.8,20.6,0.0,0.0,0.0,0.0,0.0,0.0,0.0
granite3.2,2.0B,5._Рекуррентные_НС,Чем GRU отличается от LSTM?,prompt8,dialog0788,2-file_granite3.2_2b_prompt8_dialog0788,2-file,4.1,5.8,20.6,0.0,0.0,0.0,0.0,0.0,0.0,0.0
granite3.2,2.0B,5._Рекуррентные_НС,Зачем нужны замочные скважины (peepholes) в LSTM?,prompt8,dialog0789,2-file_granite3.2_2b_prompt8_dialog0789,2-file,4.1,5.8,20.6,0.0,0.0,0.0,0.0,0.0,0.0,0.0
granite3.2,2.0B,5._Рекуррентные_НС,Почему нормализация по мини-батчам важна для обучения RNN?,prompt8,dialog0790,2-file_granite3.2_2b_prompt8_dialog0790,2-file,4.1,5.8,20.6,0.0,0.0,0.0,0.0,0.0,0.0,0.0
granite3.2,2.0B,5._Рекуррентные_НС,В чем трудность применения обычной batch normalization к RNN?,prompt8,dialog0791,2-file_granite3.2_2b_prompt8_dialog0791,2-file,4.1,5.8,20.6,0.0,0.0,0.0,0.0,0.0,0.0,0.0
granite3.2,2.0B,5._Рекуррентные_НС,Как работает механизм внимания (Attention)?,prompt8,dialog0792,2-file_granite3.2_2b_prompt8_dialog0792,2-file,4.1,5.8,20.6,0.0,0.0,0.0,0.0,0.0,0.0,0.0
granite3.2,2.0B,5._Рекуррентные_НС,Почему внимание важно в задачах машинного перевода?,prompt8,dialog0793,2-file_granite3.2_2b_prompt8_dialog0793,2-file,4.1,5.8,20.6,0.0,0.0,0.0,0.0,0.0,0.0,0.0
granite3.2,2.0B,5._Рекуррентные_НС,"Чем Show, Attend and Tell отличается от обычного RNN для обработки изображений?",prompt8,dialog0794,2-file_granite3.2_2b_prompt8_dialog0794,2-file,4.1,5.8,20.6,0.0,0.0,0.0,0.0,0.0,0.0,0.0
granite3.2,2.0B,5._Рекуррентные_НС,Можно ли автоматически подбирать архитектуру рекуррентной ячейки?,prompt8,dialog0795,2-file_granite3.2_2b_prompt8_dialog0795,2-file,4.1,5.8,20.6,0.0,0.0,0.0,0.0,0.0,0.0,0.0
granite3.2,2.0B,5._Рекуррентные_НС,"Зачем нужны рекуррентные нейронные сети, если существуют полносвязные и сверточные?",prompt11,dialog0826,2-file_granite3.2_2b_prompt11_dialog0826,2-file,2.7,17.6,10.6,0.0,0.0,0.0,0.0,0.0,0.0,0.0
granite3.2,2.0B,5._Рекуррентные_НС,Что такое скрытое состояние в RNN?,prompt11,dialog0827,2-file_granite3.2_2b_prompt11_dialog0827,2-file,2.7,17.6,10.6,0.0,0.0,0.0,0.0,0.0,0.0,0.0
granite3.2,2.0B,5._Рекуррентные_НС,Какие типы входов и выходов встречаются в задачах RNN?,prompt11,dialog0828,2-file_granite3.2_2b_prompt11_dialog0828,2-file,2.7,17.6,10.6,0.0,0.0,0.0,0.0,0.0,0.0,0.0
granite3.2,2.0B,5._Рекуррентные_НС,В чем отличие Simple RNN от глубоких RNN?,prompt11,dialog0829,2-file_granite3.2_2b_prompt11_dialog0829,2-file,2.7,17.6,10.6,0.0,0.0,0.0,0.0,0.0,0.0,0.0
granite3.2,2.0B,5._Рекуррентные_НС,Что такое двунаправленные RNN и зачем они нужны?,prompt11,dialog0830,2-file_granite3.2_2b_prompt11_dialog0830,2-file,2.7,17.6,10.6,0.0,0.0,0.0,0.0,0.0,0.0,0.0
granite3.2,2.0B,5._Рекуррентные_НС,Как LSTM решает проблему затухающих градиентов?,prompt11,dialog0831,2-file_granite3.2_2b_prompt11_dialog0831,2-file,2.7,17.6,10.6,0.0,0.0,0.0,0.0,0.0,0.0,0.0
granite3.2,2.0B,5._Рекуррентные_НС,Какие компоненты включает стандартная LSTM ячейка?,prompt11,dialog0832,2-file_granite3.2_2b_prompt11_dialog0832,2-file,2.7,17.6,10.6,0.0,0.0,0.0,0.0,0.0,0.0,0.0
granite3.2,2.0B,5._Рекуррентные_НС,Чем GRU отличается от LSTM?,prompt11,dialog0833,2-file_granite3.2_2b_prompt11_dialog0833,2-file,2.7,17.6,10.6,0.0,0.0,0.0,0.0,0.0,0.0,0.0
granite3.2,2.0B,5._Рекуррентные_НС,Зачем нужны замочные скважины (peepholes) в LSTM?,prompt11,dialog0834,2-file_granite3.2_2b_prompt11_dialog0834,2-file,2.7,17.6,10.6,0.0,0.0,0.0,0.0,0.0,0.0,0.0
granite3.2,2.0B,5._Рекуррентные_НС,Почему нормализация по мини-батчам важна для обучения RNN?,prompt11,dialog0835,2-file_granite3.2_2b_prompt11_dialog0835,2-file,2.7,17.6,10.6,0.0,0.0,0.0,0.0,0.0,0.0,0.0
granite3.2,2.0B,5._Рекуррентные_НС,В чем трудность применения обычной batch normalization к RNN?,prompt11,dialog0836,2-file_granite3.2_2b_prompt11_dialog0836,2-file,2.7,17.6,10.6,0.0,0.0,0.0,0.0,0.0,0.0,0.0
granite3.2,2.0B,5._Рекуррентные_НС,Как работает механизм внимания (Attention)?,prompt11,dialog0837,2-file_granite3.2_2b_prompt11_dialog0837,2-file,2.7,17.6,10.6,0.0,0.0,0.0,0.0,0.0,0.0,0.0
granite3.2,2.0B,5._Рекуррентные_НС,Почему внимание важно в задачах машинного перевода?,prompt11,dialog0838,2-file_granite3.2_2b_prompt11_dialog0838,2-file,2.7,17.6,10.6,0.0,0.0,0.0,0.0,0.0,0.0,0.0
granite3.2,2.0B,5._Рекуррентные_НС,"Чем Show, Attend and Tell отличается от обычного RNN для обработки изображений?",prompt11,dialog0839,2-file_granite3.2_2b_prompt11_dialog0839,2-file,2.7,17.6,10.6,0.0,0.0,0.0,0.0,0.0,0.0,0.0
granite3.2,2.0B,5._Рекуррентные_НС,Можно ли автоматически подбирать архитектуру рекуррентной ячейки?,prompt11,dialog0840,2-file_granite3.2_2b_prompt11_dialog0840,2-file,2.7,17.6,10.6,0.0,0.0,0.0,0.0,0.0,0.0,0.0
mistral,7.0B,5._Рекуррентные_НС,"Зачем нужны рекуррентные нейронные сети, если существуют полносвязные и сверточные?",prompt14,dialog0646,2-file_mistral_7b_prompt14_dialog0646,2-file,60.0,55.4,72.3,0.0,0.0,0.0,0.0,0.0,0.0,0.0
mistral,7.0B,5._Рекуррентные_НС,Что такое скрытое состояние в RNN?,prompt14,dialog0647,2-file_mistral_7b_prompt14_dialog0647,2-file,60.0,55.4,72.3,0.0,0.0,0.0,0.0,0.0,0.0,0.0
mistral,7.0B,5._Рекуррентные_НС,Какие типы входов и выходов встречаются в задачах RNN?,prompt14,dialog0648,2-file_mistral_7b_prompt14_dialog0648,2-file,60.0,55.4,72.3,0.0,0.0,0.0,0.0,0.0,0.0,0.0
mistral,7.0B,5._Рекуррентные_НС,В чем отличие Simple RNN от глубоких RNN?,prompt14,dialog0649,2-file_mistral_7b_prompt14_dialog0649,2-file,60.0,55.4,72.3,0.0,0.0,0.0,0.0,0.0,0.0,0.0
mistral,7.0B,5._Рекуррентные_НС,Что такое двунаправленные RNN и зачем они нужны?,prompt14,dialog0650,2-file_mistral_7b_prompt14_dialog0650,2-file,60.0,55.4,72.3,0.0,0.0,0.0,0.0,0.0,0.0,0.0
mistral,7.0B,5._Рекуррентные_НС,Как LSTM решает проблему затухающих градиентов?,prompt14,dialog0651,2-file_mistral_7b_prompt14_dialog0651,2-file,60.0,55.4,72.3,0.0,0.0,0.0,0.0,0.0,0.0,0.0
mistral,7.0B,5._Рекуррентные_НС,Какие компоненты включает стандартная LSTM ячейка?,prompt14,dialog0652,2-file_mistral_7b_prompt14_dialog0652,2-file,60.0,55.4,72.3,0.0,0.0,0.0,0.0,0.0,0.0,0.0
mistral,7.0B,5._Рекуррентные_НС,Чем GRU отличается от LSTM?,prompt14,dialog0653,2-file_mistral_7b_prompt14_dialog0653,2-file,60.0,55.4,72.3,0.0,0.0,0.0,0.0,0.0,0.0,0.0
mistral,7.0B,5._Рекуррентные_НС,Зачем нужны замочные скважины (peepholes) в LSTM?,prompt14,dialog0654,2-file_mistral_7b_prompt14_dialog0654,2-file,60.0,55.4,72.3,0.0,0.0,0.0,0.0,0.0,0.0,0.0
mistral,7.0B,5._Рекуррентные_НС,Почему нормализация по мини-батчам важна для обучения RNN?,prompt14,dialog0655,2-file_mistral_7b_prompt14_dialog0655,2-file,60.0,55.4,72.3,0.0,0.0,0.0,0.0,0.0,0.0,0.0
mistral,7.0B,5._Рекуррентные_НС,В чем трудность применения обычной batch normalization к RNN?,prompt14,dialog0656,2-file_mistral_7b_prompt14_dialog0656,2-file,60.0,55.4,72.3,0.0,0.0,0.0,0.0,0.0,0.0,0.0
mistral,7.0B,5._Рекуррентные_НС,Как работает механизм внимания (Attention)?,prompt14,dialog0657,2-file_mistral_7b_prompt14_dialog0657,2-file,60.0,55.4,72.3,0.0,0.0,0.0,0.0,0.0,0.0,0.0
mistral,7.0B,5._Рекуррентные_НС,Почему внимание важно в задачах машинного перевода?,prompt14,dialog0658,2-file_mistral_7b_prompt14_dialog0658,2-file,60.0,55.4,72.3,0.0,0.0,0.0,0.0,0.0,0.0,0.0
mistral,7.0B,5._Рекуррентные_НС,"Чем Show, Attend and Tell отличается от обычного RNN для обработки изображений?",prompt14,dialog0659,2-file_mistral_7b_prompt14_dialog0659,2-file,60.0,55.4,72.3,0.0,0.0,0.0,0.0,0.0,0.0,0.0
mistral,7.0B,5._Рекуррентные_НС,Можно ли автоматически подбирать архитектуру рекуррентной ячейки?,prompt14,dialog0660,2-file_mistral_7b_prompt14_dialog0660,2-file,60.0,55.4,72.3,0.0,0.0,0.0,0.0,0.0,0.0,0.0
mistral,7.0B,5._Рекуррентные_НС,"Зачем нужны рекуррентные нейронные сети, если существуют полносвязные и сверточные?",prompt13,dialog0631,2-file_mistral_7b_prompt13_dialog0631,2-file,56.6,57.6,62.5,0.0,0.0,0.0,0.0,0.0,0.0,0.0
mistral,7.0B,5._Рекуррентные_НС,Что такое скрытое состояние в RNN?,prompt13,dialog0632,2-file_mistral_7b_prompt13_dialog0632,2-file,56.6,57.6,62.5,0.0,0.0,0.0,0.0,0.0,0.0,0.0
mistral,7.0B,5._Рекуррентные_НС,Какие типы входов и выходов встречаются в задачах RNN?,prompt13,dialog0633,2-file_mistral_7b_prompt13_dialog0633,2-file,56.6,57.6,62.5,0.0,0.0,0.0,0.0,0.0,0.0,0.0
mistral,7.0B,5._Рекуррентные_НС,В чем отличие Simple RNN от глубоких RNN?,prompt13,dialog0634,2-file_mistral_7b_prompt13_dialog0634,2-file,56.6,57.6,62.5,0.0,0.0,0.0,0.0,0.0,0.0,0.0
mistral,7.0B,5._Рекуррентные_НС,Что такое двунаправленные RNN и зачем они нужны?,prompt13,dialog0635,2-file_mistral_7b_prompt13_dialog0635,2-file,56.6,57.6,62.5,0.0,0.0,0.0,0.0,0.0,0.0,0.0
mistral,7.0B,5._Рекуррентные_НС,Как LSTM решает проблему затухающих градиентов?,prompt13,dialog0636,2-file_mistral_7b_prompt13_dialog0636,2-file,56.6,57.6,62.5,0.0,0.0,0.0,0.0,0.0,0.0,0.0
mistral,7.0B,5._Рекуррентные_НС,Какие компоненты включает стандартная LSTM ячейка?,prompt13,dialog0637,2-file_mistral_7b_prompt13_dialog0637,2-file,56.6,57.6,62.5,0.0,0.0,0.0,0.0,0.0,0.0,0.0
mistral,7.0B,5._Рекуррентные_НС,Чем GRU отличается от LSTM?,prompt13,dialog0638,2-file_mistral_7b_prompt13_dialog0638,2-file,56.6,57.6,62.5,0.0,0.0,0.0,0.0,0.0,0.0,0.0
mistral,7.0B,5._Рекуррентные_НС,Зачем нужны замочные скважины (peepholes) в LSTM?,prompt13,dialog0639,2-file_mistral_7b_prompt13_dialog0639,2-file,56.6,57.6,62.5,0.0,0.0,0.0,0.0,0.0,0.0,0.0
mistral,7.0B,5._Рекуррентные_НС,Почему нормализация по мини-батчам важна для обучения RNN?,prompt13,dialog0640,2-file_mistral_7b_prompt13_dialog0640,2-file,56.6,57.6,62.5,0.0,0.0,0.0,0.0,0.0,0.0,0.0
mistral,7.0B,5._Рекуррентные_НС,В чем трудность применения обычной batch normalization к RNN?,prompt13,dialog0641,2-file_mistral_7b_prompt13_dialog0641,2-file,56.6,57.6,62.5,0.0,0.0,0.0,0.0,0.0,0.0,0.0
mistral,7.0B,5._Рекуррентные_НС,Как работает механизм внимания (Attention)?,prompt13,dialog0642,2-file_mistral_7b_prompt13_dialog0642,2-file,56.6,57.6,62.5,0.0,0.0,0.0,0.0,0.0,0.0,0.0
mistral,7.0B,5._Рекуррентные_НС,Почему внимание важно в задачах машинного перевода?,prompt13,dialog0643,2-file_mistral_7b_prompt13_dialog0643,2-file,56.6,57.6,62.5,0.0,0.0,0.0,0.0,0.0,0.0,0.0
mistral,7.0B,5._Рекуррентные_НС,"Чем Show, Attend and Tell отличается от обычного RNN для обработки изображений?",prompt13,dialog0644,2-file_mistral_7b_prompt13_dialog0644,2-file,56.6,57.6,62.5,0.0,0.0,0.0,0.0,0.0,0.0,0.0
mistral,7.0B,5._Рекуррентные_НС,Можно ли автоматически подбирать архитектуру рекуррентной ячейки?,prompt13,dialog0645,2-file_mistral_7b_prompt13_dialog0645,2-file,56.6,57.6,62.5,0.0,0.0,0.0,0.0,0.0,0.0,0.0
mistral,7.0B,5._Рекуррентные_НС,"Зачем нужны рекуррентные нейронные сети, если существуют полносвязные и сверточные?",prompt4,dialog0496,2-file_mistral_7b_prompt4_dialog0496,2-file,65.3,64.8,73.0,0.0,0.0,0.0,0.0,0.0,0.0,0.0
mistral,7.0B,5._Рекуррентные_НС,Что такое скрытое состояние в RNN?,prompt4,dialog0497,2-file_mistral_7b_prompt4_dialog0497,2-file,65.3,64.8,73.0,0.0,0.0,0.0,0.0,0.0,0.0,0.0
mistral,7.0B,5._Рекуррентные_НС,Какие типы входов и выходов встречаются в задачах RNN?,prompt4,dialog0498,2-file_mistral_7b_prompt4_dialog0498,2-file,65.3,64.8,73.0,0.0,0.0,0.0,0.0,0.0,0.0,0.0
mistral,7.0B,5._Рекуррентные_НС,В чем отличие Simple RNN от глубоких RNN?,prompt4,dialog0499,2-file_mistral_7b_prompt4_dialog0499,2-file,65.3,64.8,73.0,0.0,0.0,0.0,0.0,0.0,0.0,0.0
mistral,7.0B,5._Рекуррентные_НС,Что такое двунаправленные RNN и зачем они нужны?,prompt4,dialog0500,2-file_mistral_7b_prompt4_dialog0500,2-file,65.3,64.8,73.0,0.0,0.0,0.0,0.0,0.0,0.0,0.0
mistral,7.0B,5._Рекуррентные_НС,Как LSTM решает проблему затухающих градиентов?,prompt4,dialog0501,2-file_mistral_7b_prompt4_dialog0501,2-file,65.3,64.8,73.0,0.0,0.0,0.0,0.0,0.0,0.0,0.0
mistral,7.0B,5._Рекуррентные_НС,Какие компоненты включает стандартная LSTM ячейка?,prompt4,dialog0502,2-file_mistral_7b_prompt4_dialog0502,2-file,65.3,64.8,73.0,0.0,0.0,0.0,0.0,0.0,0.0,0.0
mistral,7.0B,5._Рекуррентные_НС,Чем GRU отличается от LSTM?,prompt4,dialog0503,2-file_mistral_7b_prompt4_dialog0503,2-file,65.3,64.8,73.0,0.0,0.0,0.0,0.0,0.0,0.0,0.0
mistral,7.0B,5._Рекуррентные_НС,Зачем нужны замочные скважины (peepholes) в LSTM?,prompt4,dialog0504,2-file_mistral_7b_prompt4_dialog0504,2-file,65.3,64.8,73.0,0.0,0.0,0.0,0.0,0.0,0.0,0.0
mistral,7.0B,5._Рекуррентные_НС,Почему нормализация по мини-батчам важна для обучения RNN?,prompt4,dialog0505,2-file_mistral_7b_prompt4_dialog0505,2-file,65.3,64.8,73.0,0.0,0.0,0.0,0.0,0.0,0.0,0.0
mistral,7.0B,5._Рекуррентные_НС,В чем трудность применения обычной batch normalization к RNN?,prompt4,dialog0506,2-file_mistral_7b_prompt4_dialog0506,2-file,65.3,64.8,73.0,0.0,0.0,0.0,0.0,0.0,0.0,0.0
mistral,7.0B,5._Рекуррентные_НС,Как работает механизм внимания (Attention)?,prompt4,dialog0507,2-file_mistral_7b_prompt4_dialog0507,2-file,65.3,64.8,73.0,0.0,0.0,0.0,0.0,0.0,0.0,0.0
mistral,7.0B,5._Рекуррентные_НС,Почему внимание важно в задачах машинного перевода?,prompt4,dialog0508,2-file_mistral_7b_prompt4_dialog0508,2-file,65.3,64.8,73.0,0.0,0.0,0.0,0.0,0.0,0.0,0.0
mistral,7.0B,5._Рекуррентные_НС,"Чем Show, Attend and Tell отличается от обычного RNN для обработки изображений?",prompt4,dialog0509,2-file_mistral_7b_prompt4_dialog0509,2-file,65.3,64.8,73.0,0.0,0.0,0.0,0.0,0.0,0.0,0.0
mistral,7.0B,5._Рекуррентные_НС,Можно ли автоматически подбирать архитектуру рекуррентной ячейки?,prompt4,dialog0510,2-file_mistral_7b_prompt4_dialog0510,2-file,65.3,64.8,73.0,0.0,0.0,0.0,0.0,0.0,0.0,0.0
mistral,7.0B,5._Рекуррентные_НС,"Зачем нужны рекуррентные нейронные сети, если существуют полносвязные и сверточные?",prompt3,dialog0481,2-file_mistral_7b_prompt3_dialog0481,2-file,51.8,50.0,64.6,0.0,0.0,0.0,0.0,0.0,0.0,0.0
mistral,7.0B,5._Рекуррентные_НС,Что такое скрытое состояние в RNN?,prompt3,dialog0482,2-file_mistral_7b_prompt3_dialog0482,2-file,51.8,50.0,64.6,0.0,0.0,0.0,0.0,0.0,0.0,0.0
mistral,7.0B,5._Рекуррентные_НС,Какие типы входов и выходов встречаются в задачах RNN?,prompt3,dialog0483,2-file_mistral_7b_prompt3_dialog0483,2-file,51.8,50.0,64.6,0.0,0.0,0.0,0.0,0.0,0.0,0.0
mistral,7.0B,5._Рекуррентные_НС,В чем отличие Simple RNN от глубоких RNN?,prompt3,dialog0484,2-file_mistral_7b_prompt3_dialog0484,2-file,51.8,50.0,64.6,0.0,0.0,0.0,0.0,0.0,0.0,0.0
mistral,7.0B,5._Рекуррентные_НС,Что такое двунаправленные RNN и зачем они нужны?,prompt3,dialog0485,2-file_mistral_7b_prompt3_dialog0485,2-file,51.8,50.0,64.6,0.0,0.0,0.0,0.0,0.0,0.0,0.0
mistral,7.0B,5._Рекуррентные_НС,Как LSTM решает проблему затухающих градиентов?,prompt3,dialog0486,2-file_mistral_7b_prompt3_dialog0486,2-file,51.8,50.0,64.6,0.0,0.0,0.0,0.0,0.0,0.0,0.0
mistral,7.0B,5._Рекуррентные_НС,Какие компоненты включает стандартная LSTM ячейка?,prompt3,dialog0487,2-file_mistral_7b_prompt3_dialog0487,2-file,51.8,50.0,64.6,0.0,0.0,0.0,0.0,0.0,0.0,0.0
mistral,7.0B,5._Рекуррентные_НС,Чем GRU отличается от LSTM?,prompt3,dialog0488,2-file_mistral_7b_prompt3_dialog0488,2-file,51.8,50.0,64.6,0.0,0.0,0.0,0.0,0.0,0.0,0.0
mistral,7.0B,5._Рекуррентные_НС,Зачем нужны замочные скважины (peepholes) в LSTM?,prompt3,dialog0489,2-file_mistral_7b_prompt3_dialog0489,2-file,51.8,50.0,64.6,0.0,0.0,0.0,0.0,0.0,0.0,0.0
mistral,7.0B,5._Рекуррентные_НС,Почему нормализация по мини-батчам важна для обучения RNN?,prompt3,dialog0490,2-file_mistral_7b_prompt3_dialog0490,2-file,51.8,50.0,64.6,0.0,0.0,0.0,0.0,0.0,0.0,0.0
mistral,7.0B,5._Рекуррентные_НС,В чем трудность применения обычной batch normalization к RNN?,prompt3,dialog0491,2-file_mistral_7b_prompt3_dialog0491,2-file,51.8,50.0,64.6,0.0,0.0,0.0,0.0,0.0,0.0,0.0
mistral,7.0B,5._Рекуррентные_НС,Как работает механизм внимания (Attention)?,prompt3,dialog0492,2-file_mistral_7b_prompt3_dialog0492,2-file,51.8,50.0,64.6,0.0,0.0,0.0,0.0,0.0,0.0,0.0
mistral,7.0B,5._Рекуррентные_НС,Почему внимание важно в задачах машинного перевода?,prompt3,dialog0493,2-file_mistral_7b_prompt3_dialog0493,2-file,51.8,50.0,64.6,0.0,0.0,0.0,0.0,0.0,0.0,0.0
mistral,7.0B,5._Рекуррентные_НС,"Чем Show, Attend and Tell отличается от обычного RNN для обработки изображений?",prompt3,dialog0494,2-file_mistral_7b_prompt3_dialog0494,2-file,51.8,50.0,64.6,0.0,0.0,0.0,0.0,0.0,0.0,0.0
mistral,7.0B,5._Рекуррентные_НС,Можно ли автоматически подбирать архитектуру рекуррентной ячейки?,prompt3,dialog0495,2-file_mistral_7b_prompt3_dialog0495,2-file,51.8,50.0,64.6,0.0,0.0,0.0,0.0,0.0,0.0,0.0
mistral,7.0B,5._Рекуррентные_НС,"Зачем нужны рекуррентные нейронные сети, если существуют полносвязные и сверточные?",prompt2,dialog0466,2-file_mistral_7b_prompt2_dialog0466,2-file,58.3,55.0,69.2,0.0,0.0,0.0,0.0,0.0,0.0,0.0
mistral,7.0B,5._Рекуррентные_НС,Что такое скрытое состояние в RNN?,prompt2,dialog0467,2-file_mistral_7b_prompt2_dialog0467,2-file,58.3,55.0,69.2,0.0,0.0,0.0,0.0,0.0,0.0,0.0
mistral,7.0B,5._Рекуррентные_НС,Какие типы входов и выходов встречаются в задачах RNN?,prompt2,dialog0468,2-file_mistral_7b_prompt2_dialog0468,2-file,58.3,55.0,69.2,0.0,0.0,0.0,0.0,0.0,0.0,0.0
mistral,7.0B,5._Рекуррентные_НС,В чем отличие Simple RNN от глубоких RNN?,prompt2,dialog0469,2-file_mistral_7b_prompt2_dialog0469,2-file,58.3,55.0,69.2,0.0,0.0,0.0,0.0,0.0,0.0,0.0
mistral,7.0B,5._Рекуррентные_НС,Что такое двунаправленные RNN и зачем они нужны?,prompt2,dialog0470,2-file_mistral_7b_prompt2_dialog0470,2-file,58.3,55.0,69.2,0.0,0.0,0.0,0.0,0.0,0.0,0.0
mistral,7.0B,5._Рекуррентные_НС,Как LSTM решает проблему затухающих градиентов?,prompt2,dialog0471,2-file_mistral_7b_prompt2_dialog0471,2-file,58.3,55.0,69.2,0.0,0.0,0.0,0.0,0.0,0.0,0.0
mistral,7.0B,5._Рекуррентные_НС,Какие компоненты включает стандартная LSTM ячейка?,prompt2,dialog0472,2-file_mistral_7b_prompt2_dialog0472,2-file,58.3,55.0,69.2,0.0,0.0,0.0,0.0,0.0,0.0,0.0
mistral,7.0B,5._Рекуррентные_НС,Чем GRU отличается от LSTM?,prompt2,dialog0473,2-file_mistral_7b_prompt2_dialog0473,2-file,58.3,55.0,69.2,0.0,0.0,0.0,0.0,0.0,0.0,0.0
mistral,7.0B,5._Рекуррентные_НС,Зачем нужны замочные скважины (peepholes) в LSTM?,prompt2,dialog0474,2-file_mistral_7b_prompt2_dialog0474,2-file,58.3,55.0,69.2,0.0,0.0,0.0,0.0,0.0,0.0,0.0
mistral,7.0B,5._Рекуррентные_НС,Почему нормализация по мини-батчам важна для обучения RNN?,prompt2,dialog0475,2-file_mistral_7b_prompt2_dialog0475,2-file,58.3,55.0,69.2,0.0,0.0,0.0,0.0,0.0,0.0,0.0
mistral,7.0B,5._Рекуррентные_НС,В чем трудность применения обычной batch normalization к RNN?,prompt2,dialog0476,2-file_mistral_7b_prompt2_dialog0476,2-file,58.3,55.0,69.2,0.0,0.0,0.0,0.0,0.0,0.0,0.0
mistral,7.0B,5._Рекуррентные_НС,Как работает механизм внимания (Attention)?,prompt2,dialog0477,2-file_mistral_7b_prompt2_dialog0477,2-file,58.3,55.0,69.2,0.0,0.0,0.0,0.0,0.0,0.0,0.0
mistral,7.0B,5._Рекуррентные_НС,Почему внимание важно в задачах машинного перевода?,prompt2,dialog0478,2-file_mistral_7b_prompt2_dialog0478,2-file,58.3,55.0,69.2,0.0,0.0,0.0,0.0,0.0,0.0,0.0
mistral,7.0B,5._Рекуррентные_НС,"Чем Show, Attend and Tell отличается от обычного RNN для обработки изображений?",prompt2,dialog0479,2-file_mistral_7b_prompt2_dialog0479,2-file,58.3,55.0,69.2,0.0,0.0,0.0,0.0,0.0,0.0,0.0
mistral,7.0B,5._Рекуррентные_НС,Можно ли автоматически подбирать архитектуру рекуррентной ячейки?,prompt2,dialog0480,2-file_mistral_7b_prompt2_dialog0480,2-file,58.3,55.0,69.2,0.0,0.0,0.0,0.0,0.0,0.0,0.0
mistral,7.0B,5._Рекуррентные_НС,"Зачем нужны рекуррентные нейронные сети, если существуют полносвязные и сверточные?",prompt5,dialog0511,2-file_mistral_7b_prompt5_dialog0511,2-file,66.2,70.1,70.1,0.0,0.0,0.0,0.0,0.0,0.0,0.0
mistral,7.0B,5._Рекуррентные_НС,Что такое скрытое состояние в RNN?,prompt5,dialog0512,2-file_mistral_7b_prompt5_dialog0512,2-file,66.2,70.1,70.1,0.0,0.0,0.0,0.0,0.0,0.0,0.0
mistral,7.0B,5._Рекуррентные_НС,Какие типы входов и выходов встречаются в задачах RNN?,prompt5,dialog0513,2-file_mistral_7b_prompt5_dialog0513,2-file,66.2,70.1,70.1,0.0,0.0,0.0,0.0,0.0,0.0,0.0
mistral,7.0B,5._Рекуррентные_НС,В чем отличие Simple RNN от глубоких RNN?,prompt5,dialog0514,2-file_mistral_7b_prompt5_dialog0514,2-file,66.2,70.1,70.1,0.0,0.0,0.0,0.0,0.0,0.0,0.0
mistral,7.0B,5._Рекуррентные_НС,Что такое двунаправленные RNN и зачем они нужны?,prompt5,dialog0515,2-file_mistral_7b_prompt5_dialog0515,2-file,66.2,70.1,70.1,0.0,0.0,0.0,0.0,0.0,0.0,0.0
mistral,7.0B,5._Рекуррентные_НС,Как LSTM решает проблему затухающих градиентов?,prompt5,dialog0516,2-file_mistral_7b_prompt5_dialog0516,2-file,66.2,70.1,70.1,0.0,0.0,0.0,0.0,0.0,0.0,0.0
mistral,7.0B,5._Рекуррентные_НС,Какие компоненты включает стандартная LSTM ячейка?,prompt5,dialog0517,2-file_mistral_7b_prompt5_dialog0517,2-file,66.2,70.1,70.1,0.0,0.0,0.0,0.0,0.0,0.0,0.0
mistral,7.0B,5._Рекуррентные_НС,Чем GRU отличается от LSTM?,prompt5,dialog0518,2-file_mistral_7b_prompt5_dialog0518,2-file,66.2,70.1,70.1,0.0,0.0,0.0,0.0,0.0,0.0,0.0
mistral,7.0B,5._Рекуррентные_НС,Зачем нужны замочные скважины (peepholes) в LSTM?,prompt5,dialog0519,2-file_mistral_7b_prompt5_dialog0519,2-file,66.2,70.1,70.1,0.0,0.0,0.0,0.0,0.0,0.0,0.0
mistral,7.0B,5._Рекуррентные_НС,Почему нормализация по мини-батчам важна для обучения RNN?,prompt5,dialog0520,2-file_mistral_7b_prompt5_dialog0520,2-file,66.2,70.1,70.1,0.0,0.0,0.0,0.0,0.0,0.0,0.0
mistral,7.0B,5._Рекуррентные_НС,В чем трудность применения обычной batch normalization к RNN?,prompt5,dialog0521,2-file_mistral_7b_prompt5_dialog0521,2-file,66.2,70.1,70.1,0.0,0.0,0.0,0.0,0.0,0.0,0.0
mistral,7.0B,5._Рекуррентные_НС,Как работает механизм внимания (Attention)?,prompt5,dialog0522,2-file_mistral_7b_prompt5_dialog0522,2-file,66.2,70.1,70.1,0.0,0.0,0.0,0.0,0.0,0.0,0.0
mistral,7.0B,5._Рекуррентные_НС,Почему внимание важно в задачах машинного перевода?,prompt5,dialog0523,2-file_mistral_7b_prompt5_dialog0523,2-file,66.2,70.1,70.1,0.0,0.0,0.0,0.0,0.0,0.0,0.0
mistral,7.0B,5._Рекуррентные_НС,"Чем Show, Attend and Tell отличается от обычного RNN для обработки изображений?",prompt5,dialog0524,2-file_mistral_7b_prompt5_dialog0524,2-file,66.2,70.1,70.1,0.0,0.0,0.0,0.0,0.0,0.0,0.0
mistral,7.0B,5._Рекуррентные_НС,Можно ли автоматически подбирать архитектуру рекуррентной ячейки?,prompt5,dialog0525,2-file_mistral_7b_prompt5_dialog0525,2-file,66.2,70.1,70.1,0.0,0.0,0.0,0.0,0.0,0.0,0.0
mistral,7.0B,5._Рекуррентные_НС,"Зачем нужны рекуррентные нейронные сети, если существуют полносвязные и сверточные?",prompt12,dialog0616,2-file_mistral_7b_prompt12_dialog0616,2-file,59.0,59.3,66.8,0.0,0.0,0.0,0.0,0.0,0.0,0.0
mistral,7.0B,5._Рекуррентные_НС,Что такое скрытое состояние в RNN?,prompt12,dialog0617,2-file_mistral_7b_prompt12_dialog0617,2-file,59.0,59.3,66.8,0.0,0.0,0.0,0.0,0.0,0.0,0.0
mistral,7.0B,5._Рекуррентные_НС,Какие типы входов и выходов встречаются в задачах RNN?,prompt12,dialog0618,2-file_mistral_7b_prompt12_dialog0618,2-file,59.0,59.3,66.8,0.0,0.0,0.0,0.0,0.0,0.0,0.0
mistral,7.0B,5._Рекуррентные_НС,В чем отличие Simple RNN от глубоких RNN?,prompt12,dialog0619,2-file_mistral_7b_prompt12_dialog0619,2-file,59.0,59.3,66.8,0.0,0.0,0.0,0.0,0.0,0.0,0.0
mistral,7.0B,5._Рекуррентные_НС,Что такое двунаправленные RNN и зачем они нужны?,prompt12,dialog0620,2-file_mistral_7b_prompt12_dialog0620,2-file,59.0,59.3,66.8,0.0,0.0,0.0,0.0,0.0,0.0,0.0
mistral,7.0B,5._Рекуррентные_НС,Как LSTM решает проблему затухающих градиентов?,prompt12,dialog0621,2-file_mistral_7b_prompt12_dialog0621,2-file,59.0,59.3,66.8,0.0,0.0,0.0,0.0,0.0,0.0,0.0
mistral,7.0B,5._Рекуррентные_НС,Какие компоненты включает стандартная LSTM ячейка?,prompt12,dialog0622,2-file_mistral_7b_prompt12_dialog0622,2-file,59.0,59.3,66.8,0.0,0.0,0.0,0.0,0.0,0.0,0.0
mistral,7.0B,5._Рекуррентные_НС,Чем GRU отличается от LSTM?,prompt12,dialog0623,2-file_mistral_7b_prompt12_dialog0623,2-file,59.0,59.3,66.8,0.0,0.0,0.0,0.0,0.0,0.0,0.0
mistral,7.0B,5._Рекуррентные_НС,Зачем нужны замочные скважины (peepholes) в LSTM?,prompt12,dialog0624,2-file_mistral_7b_prompt12_dialog0624,2-file,59.0,59.3,66.8,0.0,0.0,0.0,0.0,0.0,0.0,0.0
mistral,7.0B,5._Рекуррентные_НС,Почему нормализация по мини-батчам важна для обучения RNN?,prompt12,dialog0625,2-file_mistral_7b_prompt12_dialog0625,2-file,59.0,59.3,66.8,0.0,0.0,0.0,0.0,0.0,0.0,0.0
mistral,7.0B,5._Рекуррентные_НС,В чем трудность применения обычной batch normalization к RNN?,prompt12,dialog0626,2-file_mistral_7b_prompt12_dialog0626,2-file,59.0,59.3,66.8,0.0,0.0,0.0,0.0,0.0,0.0,0.0
mistral,7.0B,5._Рекуррентные_НС,Как работает механизм внимания (Attention)?,prompt12,dialog0627,2-file_mistral_7b_prompt12_dialog0627,2-file,59.0,59.3,66.8,0.0,0.0,0.0,0.0,0.0,0.0,0.0
mistral,7.0B,5._Рекуррентные_НС,Почему внимание важно в задачах машинного перевода?,prompt12,dialog0628,2-file_mistral_7b_prompt12_dialog0628,2-file,59.0,59.3,66.8,0.0,0.0,0.0,0.0,0.0,0.0,0.0
mistral,7.0B,5._Рекуррентные_НС,"Чем Show, Attend and Tell отличается от обычного RNN для обработки изображений?",prompt12,dialog0629,2-file_mistral_7b_prompt12_dialog0629,2-file,59.0,59.3,66.8,0.0,0.0,0.0,0.0,0.0,0.0,0.0
mistral,7.0B,5._Рекуррентные_НС,Можно ли автоматически подбирать архитектуру рекуррентной ячейки?,prompt12,dialog0630,2-file_mistral_7b_prompt12_dialog0630,2-file,59.0,59.3,66.8,0.0,0.0,0.0,0.0,0.0,0.0,0.0
mistral,7.0B,5._Рекуррентные_НС,"Зачем нужны рекуррентные нейронные сети, если существуют полносвязные и сверточные?",prompt15,dialog0661,2-file_mistral_7b_prompt15_dialog0661,2-file,68.3,66.5,75.5,0.0,0.0,0.0,0.0,0.0,0.0,0.0
mistral,7.0B,5._Рекуррентные_НС,Что такое скрытое состояние в RNN?,prompt15,dialog0662,2-file_mistral_7b_prompt15_dialog0662,2-file,68.3,66.5,75.5,0.0,0.0,0.0,0.0,0.0,0.0,0.0
mistral,7.0B,5._Рекуррентные_НС,Какие типы входов и выходов встречаются в задачах RNN?,prompt15,dialog0663,2-file_mistral_7b_prompt15_dialog0663,2-file,68.3,66.5,75.5,0.0,0.0,0.0,0.0,0.0,0.0,0.0
mistral,7.0B,5._Рекуррентные_НС,В чем отличие Simple RNN от глубоких RNN?,prompt15,dialog0664,2-file_mistral_7b_prompt15_dialog0664,2-file,68.3,66.5,75.5,0.0,0.0,0.0,0.0,0.0,0.0,0.0
mistral,7.0B,5._Рекуррентные_НС,Что такое двунаправленные RNN и зачем они нужны?,prompt15,dialog0665,2-file_mistral_7b_prompt15_dialog0665,2-file,68.3,66.5,75.5,0.0,0.0,0.0,0.0,0.0,0.0,0.0
mistral,7.0B,5._Рекуррентные_НС,Как LSTM решает проблему затухающих градиентов?,prompt15,dialog0666,2-file_mistral_7b_prompt15_dialog0666,2-file,68.3,66.5,75.5,0.0,0.0,0.0,0.0,0.0,0.0,0.0
mistral,7.0B,5._Рекуррентные_НС,Какие компоненты включает стандартная LSTM ячейка?,prompt15,dialog0667,2-file_mistral_7b_prompt15_dialog0667,2-file,68.3,66.5,75.5,0.0,0.0,0.0,0.0,0.0,0.0,0.0
mistral,7.0B,5._Рекуррентные_НС,Чем GRU отличается от LSTM?,prompt15,dialog0668,2-file_mistral_7b_prompt15_dialog0668,2-file,68.3,66.5,75.5,0.0,0.0,0.0,0.0,0.0,0.0,0.0
mistral,7.0B,5._Рекуррентные_НС,Зачем нужны замочные скважины (peepholes) в LSTM?,prompt15,dialog0669,2-file_mistral_7b_prompt15_dialog0669,2-file,68.3,66.5,75.5,0.0,0.0,0.0,0.0,0.0,0.0,0.0
mistral,7.0B,5._Рекуррентные_НС,Почему нормализация по мини-батчам важна для обучения RNN?,prompt15,dialog0670,2-file_mistral_7b_prompt15_dialog0670,2-file,68.3,66.5,75.5,0.0,0.0,0.0,0.0,0.0,0.0,0.0
mistral,7.0B,5._Рекуррентные_НС,В чем трудность применения обычной batch normalization к RNN?,prompt15,dialog0671,2-file_mistral_7b_prompt15_dialog0671,2-file,68.3,66.5,75.5,0.0,0.0,0.0,0.0,0.0,0.0,0.0
mistral,7.0B,5._Рекуррентные_НС,Как работает механизм внимания (Attention)?,prompt15,dialog0672,2-file_mistral_7b_prompt15_dialog0672,2-file,68.3,66.5,75.5,0.0,0.0,0.0,0.0,0.0,0.0,0.0
mistral,7.0B,5._Рекуррентные_НС,Почему внимание важно в задачах машинного перевода?,prompt15,dialog0673,2-file_mistral_7b_prompt15_dialog0673,2-file,68.3,66.5,75.5,0.0,0.0,0.0,0.0,0.0,0.0,0.0
mistral,7.0B,5._Рекуррентные_НС,"Чем Show, Attend and Tell отличается от обычного RNN для обработки изображений?",prompt15,dialog0674,2-file_mistral_7b_prompt15_dialog0674,2-file,68.3,66.5,75.5,0.0,0.0,0.0,0.0,0.0,0.0,0.0
mistral,7.0B,5._Рекуррентные_НС,Можно ли автоматически подбирать архитектуру рекуррентной ячейки?,prompt15,dialog0675,2-file_mistral_7b_prompt15_dialog0675,2-file,68.3,66.5,75.5,0.0,0.0,0.0,0.0,0.0,0.0,0.0
mistral,7.0B,5._Рекуррентные_НС,"Зачем нужны рекуррентные нейронные сети, если существуют полносвязные и сверточные?",prompt10,dialog0586,2-file_mistral_7b_prompt10_dialog0586,2-file,63.2,64.8,71.1,0.0,0.0,0.0,0.0,0.0,0.0,0.0
mistral,7.0B,5._Рекуррентные_НС,Что такое скрытое состояние в RNN?,prompt10,dialog0587,2-file_mistral_7b_prompt10_dialog0587,2-file,63.2,64.8,71.1,0.0,0.0,0.0,0.0,0.0,0.0,0.0
mistral,7.0B,5._Рекуррентные_НС,Какие типы входов и выходов встречаются в задачах RNN?,prompt10,dialog0588,2-file_mistral_7b_prompt10_dialog0588,2-file,63.2,64.8,71.1,0.0,0.0,0.0,0.0,0.0,0.0,0.0
mistral,7.0B,5._Рекуррентные_НС,В чем отличие Simple RNN от глубоких RNN?,prompt10,dialog0589,2-file_mistral_7b_prompt10_dialog0589,2-file,63.2,64.8,71.1,0.0,0.0,0.0,0.0,0.0,0.0,0.0
mistral,7.0B,5._Рекуррентные_НС,Что такое двунаправленные RNN и зачем они нужны?,prompt10,dialog0590,2-file_mistral_7b_prompt10_dialog0590,2-file,63.2,64.8,71.1,0.0,0.0,0.0,0.0,0.0,0.0,0.0
mistral,7.0B,5._Рекуррентные_НС,Как LSTM решает проблему затухающих градиентов?,prompt10,dialog0591,2-file_mistral_7b_prompt10_dialog0591,2-file,63.2,64.8,71.1,0.0,0.0,0.0,0.0,0.0,0.0,0.0
mistral,7.0B,5._Рекуррентные_НС,Какие компоненты включает стандартная LSTM ячейка?,prompt10,dialog0592,2-file_mistral_7b_prompt10_dialog0592,2-file,63.2,64.8,71.1,0.0,0.0,0.0,0.0,0.0,0.0,0.0
mistral,7.0B,5._Рекуррентные_НС,Чем GRU отличается от LSTM?,prompt10,dialog0593,2-file_mistral_7b_prompt10_dialog0593,2-file,63.2,64.8,71.1,0.0,0.0,0.0,0.0,0.0,0.0,0.0
mistral,7.0B,5._Рекуррентные_НС,Зачем нужны замочные скважины (peepholes) в LSTM?,prompt10,dialog0594,2-file_mistral_7b_prompt10_dialog0594,2-file,63.2,64.8,71.1,0.0,0.0,0.0,0.0,0.0,0.0,0.0
mistral,7.0B,5._Рекуррентные_НС,Почему нормализация по мини-батчам важна для обучения RNN?,prompt10,dialog0595,2-file_mistral_7b_prompt10_dialog0595,2-file,63.2,64.8,71.1,0.0,0.0,0.0,0.0,0.0,0.0,0.0
mistral,7.0B,5._Рекуррентные_НС,В чем трудность применения обычной batch normalization к RNN?,prompt10,dialog0596,2-file_mistral_7b_prompt10_dialog0596,2-file,63.2,64.8,71.1,0.0,0.0,0.0,0.0,0.0,0.0,0.0
mistral,7.0B,5._Рекуррентные_НС,Как работает механизм внимания (Attention)?,prompt10,dialog0597,2-file_mistral_7b_prompt10_dialog0597,2-file,63.2,64.8,71.1,0.0,0.0,0.0,0.0,0.0,0.0,0.0
mistral,7.0B,5._Рекуррентные_НС,Почему внимание важно в задачах машинного перевода?,prompt10,dialog0598,2-file_mistral_7b_prompt10_dialog0598,2-file,63.2,64.8,71.1,0.0,0.0,0.0,0.0,0.0,0.0,0.0
mistral,7.0B,5._Рекуррентные_НС,"Чем Show, Attend and Tell отличается от обычного RNN для обработки изображений?",prompt10,dialog0599,2-file_mistral_7b_prompt10_dialog0599,2-file,63.2,64.8,71.1,0.0,0.0,0.0,0.0,0.0,0.0,0.0
mistral,7.0B,5._Рекуррентные_НС,Можно ли автоматически подбирать архитектуру рекуррентной ячейки?,prompt10,dialog0600,2-file_mistral_7b_prompt10_dialog0600,2-file,63.2,64.8,71.1,0.0,0.0,0.0,0.0,0.0,0.0,0.0
mistral,7.0B,5._Рекуррентные_НС,"Зачем нужны рекуррентные нейронные сети, если существуют полносвязные и сверточные?",prompt9,dialog0571,2-file_mistral_7b_prompt9_dialog0571,2-file,62.2,65.9,65.0,0.0,0.0,0.0,0.0,0.0,0.0,0.0
mistral,7.0B,5._Рекуррентные_НС,Что такое скрытое состояние в RNN?,prompt9,dialog0572,2-file_mistral_7b_prompt9_dialog0572,2-file,62.2,65.9,65.0,0.0,0.0,0.0,0.0,0.0,0.0,0.0
mistral,7.0B,5._Рекуррентные_НС,Какие типы входов и выходов встречаются в задачах RNN?,prompt9,dialog0573,2-file_mistral_7b_prompt9_dialog0573,2-file,62.2,65.9,65.0,0.0,0.0,0.0,0.0,0.0,0.0,0.0
mistral,7.0B,5._Рекуррентные_НС,В чем отличие Simple RNN от глубоких RNN?,prompt9,dialog0574,2-file_mistral_7b_prompt9_dialog0574,2-file,62.2,65.9,65.0,0.0,0.0,0.0,0.0,0.0,0.0,0.0
mistral,7.0B,5._Рекуррентные_НС,Что такое двунаправленные RNN и зачем они нужны?,prompt9,dialog0575,2-file_mistral_7b_prompt9_dialog0575,2-file,62.2,65.9,65.0,0.0,0.0,0.0,0.0,0.0,0.0,0.0
mistral,7.0B,5._Рекуррентные_НС,Как LSTM решает проблему затухающих градиентов?,prompt9,dialog0576,2-file_mistral_7b_prompt9_dialog0576,2-file,62.2,65.9,65.0,0.0,0.0,0.0,0.0,0.0,0.0,0.0
mistral,7.0B,5._Рекуррентные_НС,Какие компоненты включает стандартная LSTM ячейка?,prompt9,dialog0577,2-file_mistral_7b_prompt9_dialog0577,2-file,62.2,65.9,65.0,0.0,0.0,0.0,0.0,0.0,0.0,0.0
mistral,7.0B,5._Рекуррентные_НС,Чем GRU отличается от LSTM?,prompt9,dialog0578,2-file_mistral_7b_prompt9_dialog0578,2-file,62.2,65.9,65.0,0.0,0.0,0.0,0.0,0.0,0.0,0.0
mistral,7.0B,5._Рекуррентные_НС,Зачем нужны замочные скважины (peepholes) в LSTM?,prompt9,dialog0579,2-file_mistral_7b_prompt9_dialog0579,2-file,62.2,65.9,65.0,0.0,0.0,0.0,0.0,0.0,0.0,0.0
mistral,7.0B,5._Рекуррентные_НС,Почему нормализация по мини-батчам важна для обучения RNN?,prompt9,dialog0580,2-file_mistral_7b_prompt9_dialog0580,2-file,62.2,65.9,65.0,0.0,0.0,0.0,0.0,0.0,0.0,0.0
mistral,7.0B,5._Рекуррентные_НС,В чем трудность применения обычной batch normalization к RNN?,prompt9,dialog0581,2-file_mistral_7b_prompt9_dialog0581,2-file,62.2,65.9,65.0,0.0,0.0,0.0,0.0,0.0,0.0,0.0
mistral,7.0B,5._Рекуррентные_НС,Как работает механизм внимания (Attention)?,prompt9,dialog0582,2-file_mistral_7b_prompt9_dialog0582,2-file,62.2,65.9,65.0,0.0,0.0,0.0,0.0,0.0,0.0,0.0
mistral,7.0B,5._Рекуррентные_НС,Почему внимание важно в задачах машинного перевода?,prompt9,dialog0583,2-file_mistral_7b_prompt9_dialog0583,2-file,62.2,65.9,65.0,0.0,0.0,0.0,0.0,0.0,0.0,0.0
mistral,7.0B,5._Рекуррентные_НС,"Чем Show, Attend and Tell отличается от обычного RNN для обработки изображений?",prompt9,dialog0584,2-file_mistral_7b_prompt9_dialog0584,2-file,62.2,65.9,65.0,0.0,0.0,0.0,0.0,0.0,0.0,0.0
mistral,7.0B,5._Рекуррентные_НС,Можно ли автоматически подбирать архитектуру рекуррентной ячейки?,prompt9,dialog0585,2-file_mistral_7b_prompt9_dialog0585,2-file,62.2,65.9,65.0,0.0,0.0,0.0,0.0,0.0,0.0,0.0
mistral,7.0B,5._Рекуррентные_НС,"Зачем нужны рекуррентные нейронные сети, если существуют полносвязные и сверточные?",prompt7,dialog0541,2-file_mistral_7b_prompt7_dialog0541,2-file,50.7,52.0,59.4,0.0,0.0,0.0,0.0,0.0,0.0,0.0
mistral,7.0B,5._Рекуррентные_НС,Что такое скрытое состояние в RNN?,prompt7,dialog0542,2-file_mistral_7b_prompt7_dialog0542,2-file,50.7,52.0,59.4,0.0,0.0,0.0,0.0,0.0,0.0,0.0
mistral,7.0B,5._Рекуррентные_НС,Какие типы входов и выходов встречаются в задачах RNN?,prompt7,dialog0543,2-file_mistral_7b_prompt7_dialog0543,2-file,50.7,52.0,59.4,0.0,0.0,0.0,0.0,0.0,0.0,0.0
mistral,7.0B,5._Рекуррентные_НС,В чем отличие Simple RNN от глубоких RNN?,prompt7,dialog0544,2-file_mistral_7b_prompt7_dialog0544,2-file,50.7,52.0,59.4,0.0,0.0,0.0,0.0,0.0,0.0,0.0
mistral,7.0B,5._Рекуррентные_НС,Что такое двунаправленные RNN и зачем они нужны?,prompt7,dialog0545,2-file_mistral_7b_prompt7_dialog0545,2-file,50.7,52.0,59.4,0.0,0.0,0.0,0.0,0.0,0.0,0.0
mistral,7.0B,5._Рекуррентные_НС,Как LSTM решает проблему затухающих градиентов?,prompt7,dialog0546,2-file_mistral_7b_prompt7_dialog0546,2-file,50.7,52.0,59.4,0.0,0.0,0.0,0.0,0.0,0.0,0.0
mistral,7.0B,5._Рекуррентные_НС,Какие компоненты включает стандартная LSTM ячейка?,prompt7,dialog0547,2-file_mistral_7b_prompt7_dialog0547,2-file,50.7,52.0,59.4,0.0,0.0,0.0,0.0,0.0,0.0,0.0
mistral,7.0B,5._Рекуррентные_НС,Чем GRU отличается от LSTM?,prompt7,dialog0548,2-file_mistral_7b_prompt7_dialog0548,2-file,50.7,52.0,59.4,0.0,0.0,0.0,0.0,0.0,0.0,0.0
mistral,7.0B,5._Рекуррентные_НС,Зачем нужны замочные скважины (peepholes) в LSTM?,prompt7,dialog0549,2-file_mistral_7b_prompt7_dialog0549,2-file,50.7,52.0,59.4,0.0,0.0,0.0,0.0,0.0,0.0,0.0
mistral,7.0B,5._Рекуррентные_НС,Почему нормализация по мини-батчам важна для обучения RNN?,prompt7,dialog0550,2-file_mistral_7b_prompt7_dialog0550,2-file,50.7,52.0,59.4,0.0,0.0,0.0,0.0,0.0,0.0,0.0
mistral,7.0B,5._Рекуррентные_НС,В чем трудность применения обычной batch normalization к RNN?,prompt7,dialog0551,2-file_mistral_7b_prompt7_dialog0551,2-file,50.7,52.0,59.4,0.0,0.0,0.0,0.0,0.0,0.0,0.0
mistral,7.0B,5._Рекуррентные_НС,Как работает механизм внимания (Attention)?,prompt7,dialog0552,2-file_mistral_7b_prompt7_dialog0552,2-file,50.7,52.0,59.4,0.0,0.0,0.0,0.0,0.0,0.0,0.0
mistral,7.0B,5._Рекуррентные_НС,Почему внимание важно в задачах машинного перевода?,prompt7,dialog0553,2-file_mistral_7b_prompt7_dialog0553,2-file,50.7,52.0,59.4,0.0,0.0,0.0,0.0,0.0,0.0,0.0
mistral,7.0B,5._Рекуррентные_НС,"Чем Show, Attend and Tell отличается от обычного RNN для обработки изображений?",prompt7,dialog0554,2-file_mistral_7b_prompt7_dialog0554,2-file,50.7,52.0,59.4,0.0,0.0,0.0,0.0,0.0,0.0,0.0
mistral,7.0B,5._Рекуррентные_НС,Можно ли автоматически подбирать архитектуру рекуррентной ячейки?,prompt7,dialog0555,2-file_mistral_7b_prompt7_dialog0555,2-file,50.7,52.0,59.4,0.0,0.0,0.0,0.0,0.0,0.0,0.0
mistral,7.0B,5._Рекуррентные_НС,"Зачем нужны рекуррентные нейронные сети, если существуют полносвязные и сверточные?",prompt6,dialog0526,2-file_mistral_7b_prompt6_dialog0526,2-file,59.9,57.2,70.5,0.0,0.0,0.0,0.0,0.0,0.0,0.0
mistral,7.0B,5._Рекуррентные_НС,Что такое скрытое состояние в RNN?,prompt6,dialog0527,2-file_mistral_7b_prompt6_dialog0527,2-file,59.9,57.2,70.5,0.0,0.0,0.0,0.0,0.0,0.0,0.0
mistral,7.0B,5._Рекуррентные_НС,Какие типы входов и выходов встречаются в задачах RNN?,prompt6,dialog0528,2-file_mistral_7b_prompt6_dialog0528,2-file,59.9,57.2,70.5,0.0,0.0,0.0,0.0,0.0,0.0,0.0
mistral,7.0B,5._Рекуррентные_НС,В чем отличие Simple RNN от глубоких RNN?,prompt6,dialog0529,2-file_mistral_7b_prompt6_dialog0529,2-file,59.9,57.2,70.5,0.0,0.0,0.0,0.0,0.0,0.0,0.0
mistral,7.0B,5._Рекуррентные_НС,Что такое двунаправленные RNN и зачем они нужны?,prompt6,dialog0530,2-file_mistral_7b_prompt6_dialog0530,2-file,59.9,57.2,70.5,0.0,0.0,0.0,0.0,0.0,0.0,0.0
mistral,7.0B,5._Рекуррентные_НС,Как LSTM решает проблему затухающих градиентов?,prompt6,dialog0531,2-file_mistral_7b_prompt6_dialog0531,2-file,59.9,57.2,70.5,0.0,0.0,0.0,0.0,0.0,0.0,0.0
mistral,7.0B,5._Рекуррентные_НС,Какие компоненты включает стандартная LSTM ячейка?,prompt6,dialog0532,2-file_mistral_7b_prompt6_dialog0532,2-file,59.9,57.2,70.5,0.0,0.0,0.0,0.0,0.0,0.0,0.0
mistral,7.0B,5._Рекуррентные_НС,Чем GRU отличается от LSTM?,prompt6,dialog0533,2-file_mistral_7b_prompt6_dialog0533,2-file,59.9,57.2,70.5,0.0,0.0,0.0,0.0,0.0,0.0,0.0
mistral,7.0B,5._Рекуррентные_НС,Зачем нужны замочные скважины (peepholes) в LSTM?,prompt6,dialog0534,2-file_mistral_7b_prompt6_dialog0534,2-file,59.9,57.2,70.5,0.0,0.0,0.0,0.0,0.0,0.0,0.0
mistral,7.0B,5._Рекуррентные_НС,Почему нормализация по мини-батчам важна для обучения RNN?,prompt6,dialog0535,2-file_mistral_7b_prompt6_dialog0535,2-file,59.9,57.2,70.5,0.0,0.0,0.0,0.0,0.0,0.0,0.0
mistral,7.0B,5._Рекуррентные_НС,В чем трудность применения обычной batch normalization к RNN?,prompt6,dialog0536,2-file_mistral_7b_prompt6_dialog0536,2-file,59.9,57.2,70.5,0.0,0.0,0.0,0.0,0.0,0.0,0.0
mistral,7.0B,5._Рекуррентные_НС,Как работает механизм внимания (Attention)?,prompt6,dialog0537,2-file_mistral_7b_prompt6_dialog0537,2-file,59.9,57.2,70.5,0.0,0.0,0.0,0.0,0.0,0.0,0.0
mistral,7.0B,5._Рекуррентные_НС,Почему внимание важно в задачах машинного перевода?,prompt6,dialog0538,2-file_mistral_7b_prompt6_dialog0538,2-file,59.9,57.2,70.5,0.0,0.0,0.0,0.0,0.0,0.0,0.0
mistral,7.0B,5._Рекуррентные_НС,"Чем Show, Attend and Tell отличается от обычного RNN для обработки изображений?",prompt6,dialog0539,2-file_mistral_7b_prompt6_dialog0539,2-file,59.9,57.2,70.5,0.0,0.0,0.0,0.0,0.0,0.0,0.0
mistral,7.0B,5._Рекуррентные_НС,Можно ли автоматически подбирать архитектуру рекуррентной ячейки?,prompt6,dialog0540,2-file_mistral_7b_prompt6_dialog0540,2-file,59.9,57.2,70.5,0.0,0.0,0.0,0.0,0.0,0.0,0.0
mistral,7.0B,5._Рекуррентные_НС,"Зачем нужны рекуррентные нейронные сети, если существуют полносвязные и сверточные?",prompt1,dialog0451,2-file_mistral_7b_prompt1_dialog0451,2-file,60.6,61.5,68.8,0.0,0.0,0.0,0.0,0.0,0.0,0.0
mistral,7.0B,5._Рекуррентные_НС,Что такое скрытое состояние в RNN?,prompt1,dialog0452,2-file_mistral_7b_prompt1_dialog0452,2-file,60.6,61.5,68.8,0.0,0.0,0.0,0.0,0.0,0.0,0.0
mistral,7.0B,5._Рекуррентные_НС,Какие типы входов и выходов встречаются в задачах RNN?,prompt1,dialog0453,2-file_mistral_7b_prompt1_dialog0453,2-file,60.6,61.5,68.8,0.0,0.0,0.0,0.0,0.0,0.0,0.0
mistral,7.0B,5._Рекуррентные_НС,В чем отличие Simple RNN от глубоких RNN?,prompt1,dialog0454,2-file_mistral_7b_prompt1_dialog0454,2-file,60.6,61.5,68.8,0.0,0.0,0.0,0.0,0.0,0.0,0.0
mistral,7.0B,5._Рекуррентные_НС,Что такое двунаправленные RNN и зачем они нужны?,prompt1,dialog0455,2-file_mistral_7b_prompt1_dialog0455,2-file,60.6,61.5,68.8,0.0,0.0,0.0,0.0,0.0,0.0,0.0
mistral,7.0B,5._Рекуррентные_НС,Как LSTM решает проблему затухающих градиентов?,prompt1,dialog0456,2-file_mistral_7b_prompt1_dialog0456,2-file,60.6,61.5,68.8,0.0,0.0,0.0,0.0,0.0,0.0,0.0
mistral,7.0B,5._Рекуррентные_НС,Какие компоненты включает стандартная LSTM ячейка?,prompt1,dialog0457,2-file_mistral_7b_prompt1_dialog0457,2-file,60.6,61.5,68.8,0.0,0.0,0.0,0.0,0.0,0.0,0.0
mistral,7.0B,5._Рекуррентные_НС,Чем GRU отличается от LSTM?,prompt1,dialog0458,2-file_mistral_7b_prompt1_dialog0458,2-file,60.6,61.5,68.8,0.0,0.0,0.0,0.0,0.0,0.0,0.0
mistral,7.0B,5._Рекуррентные_НС,Зачем нужны замочные скважины (peepholes) в LSTM?,prompt1,dialog0459,2-file_mistral_7b_prompt1_dialog0459,2-file,60.6,61.5,68.8,0.0,0.0,0.0,0.0,0.0,0.0,0.0
mistral,7.0B,5._Рекуррентные_НС,Почему нормализация по мини-батчам важна для обучения RNN?,prompt1,dialog0460,2-file_mistral_7b_prompt1_dialog0460,2-file,60.6,61.5,68.8,0.0,0.0,0.0,0.0,0.0,0.0,0.0
mistral,7.0B,5._Рекуррентные_НС,В чем трудность применения обычной batch normalization к RNN?,prompt1,dialog0461,2-file_mistral_7b_prompt1_dialog0461,2-file,60.6,61.5,68.8,0.0,0.0,0.0,0.0,0.0,0.0,0.0
mistral,7.0B,5._Рекуррентные_НС,Как работает механизм внимания (Attention)?,prompt1,dialog0462,2-file_mistral_7b_prompt1_dialog0462,2-file,60.6,61.5,68.8,0.0,0.0,0.0,0.0,0.0,0.0,0.0
mistral,7.0B,5._Рекуррентные_НС,Почему внимание важно в задачах машинного перевода?,prompt1,dialog0463,2-file_mistral_7b_prompt1_dialog0463,2-file,60.6,61.5,68.8,0.0,0.0,0.0,0.0,0.0,0.0,0.0
mistral,7.0B,5._Рекуррентные_НС,"Чем Show, Attend and Tell отличается от обычного RNN для обработки изображений?",prompt1,dialog0464,2-file_mistral_7b_prompt1_dialog0464,2-file,60.6,61.5,68.8,0.0,0.0,0.0,0.0,0.0,0.0,0.0
mistral,7.0B,5._Рекуррентные_НС,Можно ли автоматически подбирать архитектуру рекуррентной ячейки?,prompt1,dialog0465,2-file_mistral_7b_prompt1_dialog0465,2-file,60.6,61.5,68.8,0.0,0.0,0.0,0.0,0.0,0.0,0.0
mistral,7.0B,5._Рекуррентные_НС,"Зачем нужны рекуррентные нейронные сети, если существуют полносвязные и сверточные?",prompt8,dialog0556,2-file_mistral_7b_prompt8_dialog0556,2-file,58.7,55.2,71.9,0.0,0.0,0.0,0.0,0.0,0.0,0.0
mistral,7.0B,5._Рекуррентные_НС,Что такое скрытое состояние в RNN?,prompt8,dialog0557,2-file_mistral_7b_prompt8_dialog0557,2-file,58.7,55.2,71.9,0.0,0.0,0.0,0.0,0.0,0.0,0.0
mistral,7.0B,5._Рекуррентные_НС,Какие типы входов и выходов встречаются в задачах RNN?,prompt8,dialog0558,2-file_mistral_7b_prompt8_dialog0558,2-file,58.7,55.2,71.9,0.0,0.0,0.0,0.0,0.0,0.0,0.0
mistral,7.0B,5._Рекуррентные_НС,В чем отличие Simple RNN от глубоких RNN?,prompt8,dialog0559,2-file_mistral_7b_prompt8_dialog0559,2-file,58.7,55.2,71.9,0.0,0.0,0.0,0.0,0.0,0.0,0.0
mistral,7.0B,5._Рекуррентные_НС,Что такое двунаправленные RNN и зачем они нужны?,prompt8,dialog0560,2-file_mistral_7b_prompt8_dialog0560,2-file,58.7,55.2,71.9,0.0,0.0,0.0,0.0,0.0,0.0,0.0
mistral,7.0B,5._Рекуррентные_НС,Как LSTM решает проблему затухающих градиентов?,prompt8,dialog0561,2-file_mistral_7b_prompt8_dialog0561,2-file,58.7,55.2,71.9,0.0,0.0,0.0,0.0,0.0,0.0,0.0
mistral,7.0B,5._Рекуррентные_НС,Какие компоненты включает стандартная LSTM ячейка?,prompt8,dialog0562,2-file_mistral_7b_prompt8_dialog0562,2-file,58.7,55.2,71.9,0.0,0.0,0.0,0.0,0.0,0.0,0.0
mistral,7.0B,5._Рекуррентные_НС,Чем GRU отличается от LSTM?,prompt8,dialog0563,2-file_mistral_7b_prompt8_dialog0563,2-file,58.7,55.2,71.9,0.0,0.0,0.0,0.0,0.0,0.0,0.0
mistral,7.0B,5._Рекуррентные_НС,Зачем нужны замочные скважины (peepholes) в LSTM?,prompt8,dialog0564,2-file_mistral_7b_prompt8_dialog0564,2-file,58.7,55.2,71.9,0.0,0.0,0.0,0.0,0.0,0.0,0.0
mistral,7.0B,5._Рекуррентные_НС,Почему нормализация по мини-батчам важна для обучения RNN?,prompt8,dialog0565,2-file_mistral_7b_prompt8_dialog0565,2-file,58.7,55.2,71.9,0.0,0.0,0.0,0.0,0.0,0.0,0.0
mistral,7.0B,5._Рекуррентные_НС,В чем трудность применения обычной batch normalization к RNN?,prompt8,dialog0566,2-file_mistral_7b_prompt8_dialog0566,2-file,58.7,55.2,71.9,0.0,0.0,0.0,0.0,0.0,0.0,0.0
mistral,7.0B,5._Рекуррентные_НС,Как работает механизм внимания (Attention)?,prompt8,dialog0567,2-file_mistral_7b_prompt8_dialog0567,2-file,58.7,55.2,71.9,0.0,0.0,0.0,0.0,0.0,0.0,0.0
mistral,7.0B,5._Рекуррентные_НС,Почему внимание важно в задачах машинного перевода?,prompt8,dialog0568,2-file_mistral_7b_prompt8_dialog0568,2-file,58.7,55.2,71.9,0.0,0.0,0.0,0.0,0.0,0.0,0.0
mistral,7.0B,5._Рекуррентные_НС,"Чем Show, Attend and Tell отличается от обычного RNN для обработки изображений?",prompt8,dialog0569,2-file_mistral_7b_prompt8_dialog0569,2-file,58.7,55.2,71.9,0.0,0.0,0.0,0.0,0.0,0.0,0.0
mistral,7.0B,5._Рекуррентные_НС,Можно ли автоматически подбирать архитектуру рекуррентной ячейки?,prompt8,dialog0570,2-file_mistral_7b_prompt8_dialog0570,2-file,58.7,55.2,71.9,0.0,0.0,0.0,0.0,0.0,0.0,0.0
mistral,7.0B,5._Рекуррентные_НС,"Зачем нужны рекуррентные нейронные сети, если существуют полносвязные и сверточные?",prompt11,dialog0601,2-file_mistral_7b_prompt11_dialog0601,2-file,51.8,46.0,71.0,0.0,0.0,0.0,0.0,0.0,0.0,0.0
mistral,7.0B,5._Рекуррентные_НС,Что такое скрытое состояние в RNN?,prompt11,dialog0602,2-file_mistral_7b_prompt11_dialog0602,2-file,51.8,46.0,71.0,0.0,0.0,0.0,0.0,0.0,0.0,0.0
mistral,7.0B,5._Рекуррентные_НС,Какие типы входов и выходов встречаются в задачах RNN?,prompt11,dialog0603,2-file_mistral_7b_prompt11_dialog0603,2-file,51.8,46.0,71.0,0.0,0.0,0.0,0.0,0.0,0.0,0.0
mistral,7.0B,5._Рекуррентные_НС,В чем отличие Simple RNN от глубоких RNN?,prompt11,dialog0604,2-file_mistral_7b_prompt11_dialog0604,2-file,51.8,46.0,71.0,0.0,0.0,0.0,0.0,0.0,0.0,0.0
mistral,7.0B,5._Рекуррентные_НС,Что такое двунаправленные RNN и зачем они нужны?,prompt11,dialog0605,2-file_mistral_7b_prompt11_dialog0605,2-file,51.8,46.0,71.0,0.0,0.0,0.0,0.0,0.0,0.0,0.0
mistral,7.0B,5._Рекуррентные_НС,Как LSTM решает проблему затухающих градиентов?,prompt11,dialog0606,2-file_mistral_7b_prompt11_dialog0606,2-file,51.8,46.0,71.0,0.0,0.0,0.0,0.0,0.0,0.0,0.0
mistral,7.0B,5._Рекуррентные_НС,Какие компоненты включает стандартная LSTM ячейка?,prompt11,dialog0607,2-file_mistral_7b_prompt11_dialog0607,2-file,51.8,46.0,71.0,0.0,0.0,0.0,0.0,0.0,0.0,0.0
mistral,7.0B,5._Рекуррентные_НС,Чем GRU отличается от LSTM?,prompt11,dialog0608,2-file_mistral_7b_prompt11_dialog0608,2-file,51.8,46.0,71.0,0.0,0.0,0.0,0.0,0.0,0.0,0.0
mistral,7.0B,5._Рекуррентные_НС,Зачем нужны замочные скважины (peepholes) в LSTM?,prompt11,dialog0609,2-file_mistral_7b_prompt11_dialog0609,2-file,51.8,46.0,71.0,0.0,0.0,0.0,0.0,0.0,0.0,0.0
mistral,7.0B,5._Рекуррентные_НС,Почему нормализация по мини-батчам важна для обучения RNN?,prompt11,dialog0610,2-file_mistral_7b_prompt11_dialog0610,2-file,51.8,46.0,71.0,0.0,0.0,0.0,0.0,0.0,0.0,0.0
mistral,7.0B,5._Рекуррентные_НС,В чем трудность применения обычной batch normalization к RNN?,prompt11,dialog0611,2-file_mistral_7b_prompt11_dialog0611,2-file,51.8,46.0,71.0,0.0,0.0,0.0,0.0,0.0,0.0,0.0
mistral,7.0B,5._Рекуррентные_НС,Как работает механизм внимания (Attention)?,prompt11,dialog0612,2-file_mistral_7b_prompt11_dialog0612,2-file,51.8,46.0,71.0,0.0,0.0,0.0,0.0,0.0,0.0,0.0
mistral,7.0B,5._Рекуррентные_НС,Почему внимание важно в задачах машинного перевода?,prompt11,dialog0613,2-file_mistral_7b_prompt11_dialog0613,2-file,51.8,46.0,71.0,0.0,0.0,0.0,0.0,0.0,0.0,0.0
mistral,7.0B,5._Рекуррентные_НС,"Чем Show, Attend and Tell отличается от обычного RNN для обработки изображений?",prompt11,dialog0614,2-file_mistral_7b_prompt11_dialog0614,2-file,51.8,46.0,71.0,0.0,0.0,0.0,0.0,0.0,0.0,0.0
mistral,7.0B,5._Рекуррентные_НС,Можно ли автоматически подбирать архитектуру рекуррентной ячейки?,prompt11,dialog0615,2-file_mistral_7b_prompt11_dialog0615,2-file,51.8,46.0,71.0,0.0,0.0,0.0,0.0,0.0,0.0,0.0
