model_name,model_parameters,lecture_title,lecture_topic,system_prompt_id,dialog_id,unique_dialog_id,source,f1,precision,recall,claim_recall,context_precision,context_utilization,hallucination,faithfulness,noise_sensitivity,self_knowledge
gemma3,4.3B,1_Классификаторы_KNN_и_наивный_байес,Что такое метод k-ближайших соседей?,prompt14,dialog0841,analytics_gemma3_4b_prompt14_dialog0841,analytics,45.0,47.0,56.0,38.8,50.0,39.2,8.6,34.7,14.9,6.7
gemma3,4.3B,1_Классификаторы_KNN_и_наивный_байес,Как выбрать количество соседей k в k-NN?,prompt14,dialog0842,analytics_gemma3_4b_prompt14_dialog0842,analytics,45.0,47.0,56.0,38.8,50.0,39.2,8.6,34.7,14.9,6.7
gemma3,4.3B,1_Классификаторы_KNN_и_наивный_байес,Что такое евклидова метрика?,prompt14,dialog0843,analytics_gemma3_4b_prompt14_dialog0843,analytics,45.0,47.0,56.0,38.8,50.0,39.2,8.6,34.7,14.9,6.7
gemma3,4.3B,1_Классификаторы_KNN_и_наивный_байес,В чем суть наивного байесовского классификатора?,prompt14,dialog0844,analytics_gemma3_4b_prompt14_dialog0844,analytics,45.0,47.0,56.0,38.8,50.0,39.2,8.6,34.7,14.9,6.7
gemma3,4.3B,1_Классификаторы_KNN_и_наивный_байес,Как работает сглаживание по Лапласу?,prompt14,dialog0845,analytics_gemma3_4b_prompt14_dialog0845,analytics,45.0,47.0,56.0,38.8,50.0,39.2,8.6,34.7,14.9,6.7
gemma3,4.3B,1_Классификаторы_KNN_и_наивный_байес,Что такое манхэттенское расстояние?,prompt14,dialog0846,analytics_gemma3_4b_prompt14_dialog0846,analytics,45.0,47.0,56.0,38.8,50.0,39.2,8.6,34.7,14.9,6.7
gemma3,4.3B,1_Классификаторы_KNN_и_наивный_байес,Как вычислить вероятность класса в Naive Bayes?,prompt14,dialog0847,analytics_gemma3_4b_prompt14_dialog0847,analytics,45.0,47.0,56.0,38.8,50.0,39.2,8.6,34.7,14.9,6.7
gemma3,4.3B,1_Классификаторы_KNN_и_наивный_байес,Что такое расстояние Чебышёва?,prompt14,dialog0848,analytics_gemma3_4b_prompt14_dialog0848,analytics,45.0,47.0,56.0,38.8,50.0,39.2,8.6,34.7,14.9,6.7
gemma3,4.3B,1_Классификаторы_KNN_и_наивный_байес,Как классифицировать письмо как спам в Naive Bayes?,prompt14,dialog0849,analytics_gemma3_4b_prompt14_dialog0849,analytics,45.0,47.0,56.0,38.8,50.0,39.2,8.6,34.7,14.9,6.7
gemma3,4.3B,1_Классификаторы_KNN_и_наивный_байес,В чем разница между k-NN и взвешенным k-NN?,prompt14,dialog0850,analytics_gemma3_4b_prompt14_dialog0850,analytics,45.0,47.0,56.0,38.8,50.0,39.2,8.6,34.7,14.9,6.7
gemma3,4.3B,1_Классификаторы_KNN_и_наивный_байес,Вычисли вероятность спама для слова 'приз' из примера.,prompt14,dialog0851,analytics_gemma3_4b_prompt14_dialog0851,analytics,45.0,47.0,56.0,38.8,50.0,39.2,8.6,34.7,14.9,6.7
gemma3,4.3B,1_Классификаторы_KNN_и_наивный_байес,"Вычисли расстояние Евклида между (1,2) и (3,4).",prompt14,dialog0852,analytics_gemma3_4b_prompt14_dialog0852,analytics,45.0,47.0,56.0,38.8,50.0,39.2,8.6,34.7,14.9,6.7
gemma3,4.3B,1_Классификаторы_KNN_и_наивный_байес,"В примере с погодой, вычисли F(да) для теста.",prompt14,dialog0853,analytics_gemma3_4b_prompt14_dialog0853,analytics,45.0,47.0,56.0,38.8,50.0,39.2,8.6,34.7,14.9,6.7
gemma3,4.3B,1_Классификаторы_KNN_и_наивный_байес,"Вычисли P(да | пасмурно, холодно, влажно, да).",prompt14,dialog0854,analytics_gemma3_4b_prompt14_dialog0854,analytics,45.0,47.0,56.0,38.8,50.0,39.2,8.6,34.7,14.9,6.7
gemma3,4.3B,1_Классификаторы_KNN_и_наивный_байес,"В спам-примере, вычисли P(win|спам) с Laplace.",prompt14,dialog0855,analytics_gemma3_4b_prompt14_dialog0855,analytics,45.0,47.0,56.0,38.8,50.0,39.2,8.6,34.7,14.9,6.7
gemma3,4.3B,3. Инструменты обучения НС,Что такое autograd?,prompt14,dialog0856,analytics_gemma3_4b_prompt14_dialog0856,analytics,45.0,47.0,56.0,38.8,50.0,39.2,8.6,34.7,14.9,6.7
gemma3,4.3B,3. Инструменты обучения НС,Что такое TensorFlow?,prompt14,dialog0857,analytics_gemma3_4b_prompt14_dialog0857,analytics,45.0,47.0,56.0,38.8,50.0,39.2,8.6,34.7,14.9,6.7
gemma3,4.3B,3. Инструменты обучения НС,Что такое Keras?,prompt14,dialog0858,analytics_gemma3_4b_prompt14_dialog0858,analytics,45.0,47.0,56.0,38.8,50.0,39.2,8.6,34.7,14.9,6.7
gemma3,4.3B,3. Инструменты обучения НС,Что такое over-fitting?,prompt14,dialog0859,analytics_gemma3_4b_prompt14_dialog0859,analytics,45.0,47.0,56.0,38.8,50.0,39.2,8.6,34.7,14.9,6.7
gemma3,4.3B,3. Инструменты обучения НС,Что такое SGD?,prompt14,dialog0860,analytics_gemma3_4b_prompt14_dialog0860,analytics,45.0,47.0,56.0,38.8,50.0,39.2,8.6,34.7,14.9,6.7
gemma3,4.3B,3. Инструменты обучения НС,Что такое Momentum в оптимизации?,prompt14,dialog0861,analytics_gemma3_4b_prompt14_dialog0861,analytics,45.0,47.0,56.0,38.8,50.0,39.2,8.6,34.7,14.9,6.7
gemma3,4.3B,3. Инструменты обучения НС,Что такое Adam?,prompt14,dialog0862,analytics_gemma3_4b_prompt14_dialog0862,analytics,45.0,47.0,56.0,38.8,50.0,39.2,8.6,34.7,14.9,6.7
gemma3,4.3B,3. Инструменты обучения НС,Что такое learning rate?,prompt14,dialog0863,analytics_gemma3_4b_prompt14_dialog0863,analytics,45.0,47.0,56.0,38.8,50.0,39.2,8.6,34.7,14.9,6.7
gemma3,4.3B,3. Инструменты обучения НС,Что такое метод Ньютона?,prompt14,dialog0864,analytics_gemma3_4b_prompt14_dialog0864,analytics,45.0,47.0,56.0,38.8,50.0,39.2,8.6,34.7,14.9,6.7
gemma3,4.3B,3. Инструменты обучения НС,Что такое RMSProp?,prompt14,dialog0865,analytics_gemma3_4b_prompt14_dialog0865,analytics,45.0,47.0,56.0,38.8,50.0,39.2,8.6,34.7,14.9,6.7
gemma3,4.3B,3. Инструменты обучения НС,"Вычисли шаг в SGD для L(w)=w^2, w=3, η=0.1.",prompt14,dialog0866,analytics_gemma3_4b_prompt14_dialog0866,analytics,45.0,47.0,56.0,38.8,50.0,39.2,8.6,34.7,14.9,6.7
gemma3,4.3B,3. Инструменты обучения НС,"Вычисли v_t в Momentum: γ=0.9, v_{t-1}=1, ∇L=2, η=0.1.",prompt14,dialog0867,analytics_gemma3_4b_prompt14_dialog0867,analytics,45.0,47.0,56.0,38.8,50.0,39.2,8.6,34.7,14.9,6.7
gemma3,4.3B,3. Инструменты обучения НС,"В Adagrad, G_{t-1,ii}=4, g_t=2, η=0.1, ε=1e-8.",prompt14,dialog0868,analytics_gemma3_4b_prompt14_dialog0868,analytics,45.0,47.0,56.0,38.8,50.0,39.2,8.6,34.7,14.9,6.7
gemma3,4.3B,3. Инструменты обучения НС,"Вычисли learning rate decay: η0=0.1, t=5, T=10, linear.",prompt14,dialog0869,analytics_gemma3_4b_prompt14_dialog0869,analytics,45.0,47.0,56.0,38.8,50.0,39.2,8.6,34.7,14.9,6.7
gemma3,4.3B,3. Инструменты обучения НС,"В Nesterov, вычисли ∇ в ω - γ v_{t-1}: γ=0.9, v=1, ∇=2.",prompt14,dialog0870,analytics_gemma3_4b_prompt14_dialog0870,analytics,45.0,47.0,56.0,38.8,50.0,39.2,8.6,34.7,14.9,6.7
gemma3,4.3B,1_Классификаторы_KNN_и_наивный_байес,Что такое метод k-ближайших соседей?,prompt13,dialog0811,analytics_gemma3_4b_prompt13_dialog0811,analytics,47.4,47.3,57.8,39.2,50.0,37.5,7.7,40.0,14.4,2.3
gemma3,4.3B,1_Классификаторы_KNN_и_наивный_байес,Как выбрать количество соседей k в k-NN?,prompt13,dialog0812,analytics_gemma3_4b_prompt13_dialog0812,analytics,47.4,47.3,57.8,39.2,50.0,37.5,7.7,40.0,14.4,2.3
gemma3,4.3B,1_Классификаторы_KNN_и_наивный_байес,Что такое евклидова метрика?,prompt13,dialog0813,analytics_gemma3_4b_prompt13_dialog0813,analytics,47.4,47.3,57.8,39.2,50.0,37.5,7.7,40.0,14.4,2.3
gemma3,4.3B,1_Классификаторы_KNN_и_наивный_байес,В чем суть наивного байесовского классификатора?,prompt13,dialog0814,analytics_gemma3_4b_prompt13_dialog0814,analytics,47.4,47.3,57.8,39.2,50.0,37.5,7.7,40.0,14.4,2.3
gemma3,4.3B,1_Классификаторы_KNN_и_наивный_байес,Как работает сглаживание по Лапласу?,prompt13,dialog0815,analytics_gemma3_4b_prompt13_dialog0815,analytics,47.4,47.3,57.8,39.2,50.0,37.5,7.7,40.0,14.4,2.3
gemma3,4.3B,1_Классификаторы_KNN_и_наивный_байес,Что такое манхэттенское расстояние?,prompt13,dialog0816,analytics_gemma3_4b_prompt13_dialog0816,analytics,47.4,47.3,57.8,39.2,50.0,37.5,7.7,40.0,14.4,2.3
gemma3,4.3B,1_Классификаторы_KNN_и_наивный_байес,Как вычислить вероятность класса в Naive Bayes?,prompt13,dialog0817,analytics_gemma3_4b_prompt13_dialog0817,analytics,47.4,47.3,57.8,39.2,50.0,37.5,7.7,40.0,14.4,2.3
gemma3,4.3B,1_Классификаторы_KNN_и_наивный_байес,Что такое расстояние Чебышёва?,prompt13,dialog0818,analytics_gemma3_4b_prompt13_dialog0818,analytics,47.4,47.3,57.8,39.2,50.0,37.5,7.7,40.0,14.4,2.3
gemma3,4.3B,1_Классификаторы_KNN_и_наивный_байес,Как классифицировать письмо как спам в Naive Bayes?,prompt13,dialog0819,analytics_gemma3_4b_prompt13_dialog0819,analytics,47.4,47.3,57.8,39.2,50.0,37.5,7.7,40.0,14.4,2.3
gemma3,4.3B,1_Классификаторы_KNN_и_наивный_байес,В чем разница между k-NN и взвешенным k-NN?,prompt13,dialog0820,analytics_gemma3_4b_prompt13_dialog0820,analytics,47.4,47.3,57.8,39.2,50.0,37.5,7.7,40.0,14.4,2.3
gemma3,4.3B,1_Классификаторы_KNN_и_наивный_байес,Вычисли вероятность спама для слова 'приз' из примера.,prompt13,dialog0821,analytics_gemma3_4b_prompt13_dialog0821,analytics,47.4,47.3,57.8,39.2,50.0,37.5,7.7,40.0,14.4,2.3
gemma3,4.3B,1_Классификаторы_KNN_и_наивный_байес,"Вычисли расстояние Евклида между (1,2) и (3,4).",prompt13,dialog0822,analytics_gemma3_4b_prompt13_dialog0822,analytics,47.4,47.3,57.8,39.2,50.0,37.5,7.7,40.0,14.4,2.3
gemma3,4.3B,1_Классификаторы_KNN_и_наивный_байес,"В примере с погодой, вычисли F(да) для теста.",prompt13,dialog0823,analytics_gemma3_4b_prompt13_dialog0823,analytics,47.4,47.3,57.8,39.2,50.0,37.5,7.7,40.0,14.4,2.3
gemma3,4.3B,1_Классификаторы_KNN_и_наивный_байес,"Вычисли P(да | пасмурно, холодно, влажно, да).",prompt13,dialog0824,analytics_gemma3_4b_prompt13_dialog0824,analytics,47.4,47.3,57.8,39.2,50.0,37.5,7.7,40.0,14.4,2.3
gemma3,4.3B,1_Классификаторы_KNN_и_наивный_байес,"В спам-примере, вычисли P(win|спам) с Laplace.",prompt13,dialog0825,analytics_gemma3_4b_prompt13_dialog0825,analytics,47.4,47.3,57.8,39.2,50.0,37.5,7.7,40.0,14.4,2.3
gemma3,4.3B,3. Инструменты обучения НС,Что такое autograd?,prompt13,dialog0826,analytics_gemma3_4b_prompt13_dialog0826,analytics,47.4,47.3,57.8,39.2,50.0,37.5,7.7,40.0,14.4,2.3
gemma3,4.3B,3. Инструменты обучения НС,Что такое TensorFlow?,prompt13,dialog0827,analytics_gemma3_4b_prompt13_dialog0827,analytics,47.4,47.3,57.8,39.2,50.0,37.5,7.7,40.0,14.4,2.3
gemma3,4.3B,3. Инструменты обучения НС,Что такое Keras?,prompt13,dialog0828,analytics_gemma3_4b_prompt13_dialog0828,analytics,47.4,47.3,57.8,39.2,50.0,37.5,7.7,40.0,14.4,2.3
gemma3,4.3B,3. Инструменты обучения НС,Что такое over-fitting?,prompt13,dialog0829,analytics_gemma3_4b_prompt13_dialog0829,analytics,47.4,47.3,57.8,39.2,50.0,37.5,7.7,40.0,14.4,2.3
gemma3,4.3B,3. Инструменты обучения НС,Что такое SGD?,prompt13,dialog0830,analytics_gemma3_4b_prompt13_dialog0830,analytics,47.4,47.3,57.8,39.2,50.0,37.5,7.7,40.0,14.4,2.3
gemma3,4.3B,3. Инструменты обучения НС,Что такое Momentum в оптимизации?,prompt13,dialog0831,analytics_gemma3_4b_prompt13_dialog0831,analytics,47.4,47.3,57.8,39.2,50.0,37.5,7.7,40.0,14.4,2.3
gemma3,4.3B,3. Инструменты обучения НС,Что такое Adam?,prompt13,dialog0832,analytics_gemma3_4b_prompt13_dialog0832,analytics,47.4,47.3,57.8,39.2,50.0,37.5,7.7,40.0,14.4,2.3
gemma3,4.3B,3. Инструменты обучения НС,Что такое learning rate?,prompt13,dialog0833,analytics_gemma3_4b_prompt13_dialog0833,analytics,47.4,47.3,57.8,39.2,50.0,37.5,7.7,40.0,14.4,2.3
gemma3,4.3B,3. Инструменты обучения НС,Что такое метод Ньютона?,prompt13,dialog0834,analytics_gemma3_4b_prompt13_dialog0834,analytics,47.4,47.3,57.8,39.2,50.0,37.5,7.7,40.0,14.4,2.3
gemma3,4.3B,3. Инструменты обучения НС,Что такое RMSProp?,prompt13,dialog0835,analytics_gemma3_4b_prompt13_dialog0835,analytics,47.4,47.3,57.8,39.2,50.0,37.5,7.7,40.0,14.4,2.3
gemma3,4.3B,3. Инструменты обучения НС,"Вычисли шаг в SGD для L(w)=w^2, w=3, η=0.1.",prompt13,dialog0836,analytics_gemma3_4b_prompt13_dialog0836,analytics,47.4,47.3,57.8,39.2,50.0,37.5,7.7,40.0,14.4,2.3
gemma3,4.3B,3. Инструменты обучения НС,"Вычисли v_t в Momentum: γ=0.9, v_{t-1}=1, ∇L=2, η=0.1.",prompt13,dialog0837,analytics_gemma3_4b_prompt13_dialog0837,analytics,47.4,47.3,57.8,39.2,50.0,37.5,7.7,40.0,14.4,2.3
gemma3,4.3B,3. Инструменты обучения НС,"В Adagrad, G_{t-1,ii}=4, g_t=2, η=0.1, ε=1e-8.",prompt13,dialog0838,analytics_gemma3_4b_prompt13_dialog0838,analytics,47.4,47.3,57.8,39.2,50.0,37.5,7.7,40.0,14.4,2.3
gemma3,4.3B,3. Инструменты обучения НС,"Вычисли learning rate decay: η0=0.1, t=5, T=10, linear.",prompt13,dialog0839,analytics_gemma3_4b_prompt13_dialog0839,analytics,47.4,47.3,57.8,39.2,50.0,37.5,7.7,40.0,14.4,2.3
gemma3,4.3B,3. Инструменты обучения НС,"В Nesterov, вычисли ∇ в ω - γ v_{t-1}: γ=0.9, v=1, ∇=2.",prompt13,dialog0840,analytics_gemma3_4b_prompt13_dialog0840,analytics,47.4,47.3,57.8,39.2,50.0,37.5,7.7,40.0,14.4,2.3
gemma3,4.3B,1_Классификаторы_KNN_и_наивный_байес,Что такое метод k-ближайших соседей?,prompt4,dialog0541,analytics_gemma3_4b_prompt4_dialog0541,analytics,20.0,43.5,27.0,0.0,0.0,0.0,7.7,39.5,0.0,2.9
gemma3,4.3B,1_Классификаторы_KNN_и_наивный_байес,Как выбрать количество соседей k в k-NN?,prompt4,dialog0542,analytics_gemma3_4b_prompt4_dialog0542,analytics,20.0,43.5,27.0,0.0,0.0,0.0,7.7,39.5,0.0,2.9
gemma3,4.3B,1_Классификаторы_KNN_и_наивный_байес,Что такое евклидова метрика?,prompt4,dialog0543,analytics_gemma3_4b_prompt4_dialog0543,analytics,20.0,43.5,27.0,0.0,0.0,0.0,7.7,39.5,0.0,2.9
gemma3,4.3B,1_Классификаторы_KNN_и_наивный_байес,В чем суть наивного байесовского классификатора?,prompt4,dialog0544,analytics_gemma3_4b_prompt4_dialog0544,analytics,20.0,43.5,27.0,0.0,0.0,0.0,7.7,39.5,0.0,2.9
gemma3,4.3B,1_Классификаторы_KNN_и_наивный_байес,Как работает сглаживание по Лапласу?,prompt4,dialog0545,analytics_gemma3_4b_prompt4_dialog0545,analytics,20.0,43.5,27.0,0.0,0.0,0.0,7.7,39.5,0.0,2.9
gemma3,4.3B,1_Классификаторы_KNN_и_наивный_байес,Что такое манхэттенское расстояние?,prompt4,dialog0546,analytics_gemma3_4b_prompt4_dialog0546,analytics,20.0,43.5,27.0,0.0,0.0,0.0,7.7,39.5,0.0,2.9
gemma3,4.3B,1_Классификаторы_KNN_и_наивный_байес,Как вычислить вероятность класса в Naive Bayes?,prompt4,dialog0547,analytics_gemma3_4b_prompt4_dialog0547,analytics,20.0,43.5,27.0,0.0,0.0,0.0,7.7,39.5,0.0,2.9
gemma3,4.3B,1_Классификаторы_KNN_и_наивный_байес,Что такое расстояние Чебышёва?,prompt4,dialog0548,analytics_gemma3_4b_prompt4_dialog0548,analytics,20.0,43.5,27.0,0.0,0.0,0.0,7.7,39.5,0.0,2.9
gemma3,4.3B,1_Классификаторы_KNN_и_наивный_байес,Как классифицировать письмо как спам в Naive Bayes?,prompt4,dialog0549,analytics_gemma3_4b_prompt4_dialog0549,analytics,20.0,43.5,27.0,0.0,0.0,0.0,7.7,39.5,0.0,2.9
gemma3,4.3B,1_Классификаторы_KNN_и_наивный_байес,В чем разница между k-NN и взвешенным k-NN?,prompt4,dialog0550,analytics_gemma3_4b_prompt4_dialog0550,analytics,20.0,43.5,27.0,0.0,0.0,0.0,7.7,39.5,0.0,2.9
gemma3,4.3B,1_Классификаторы_KNN_и_наивный_байес,Вычисли вероятность спама для слова 'приз' из примера.,prompt4,dialog0551,analytics_gemma3_4b_prompt4_dialog0551,analytics,20.0,43.5,27.0,0.0,0.0,0.0,7.7,39.5,0.0,2.9
gemma3,4.3B,1_Классификаторы_KNN_и_наивный_байес,"Вычисли расстояние Евклида между (1,2) и (3,4).",prompt4,dialog0552,analytics_gemma3_4b_prompt4_dialog0552,analytics,20.0,43.5,27.0,0.0,0.0,0.0,7.7,39.5,0.0,2.9
gemma3,4.3B,1_Классификаторы_KNN_и_наивный_байес,"В примере с погодой, вычисли F(да) для теста.",prompt4,dialog0553,analytics_gemma3_4b_prompt4_dialog0553,analytics,20.0,43.5,27.0,0.0,0.0,0.0,7.7,39.5,0.0,2.9
gemma3,4.3B,1_Классификаторы_KNN_и_наивный_байес,"Вычисли P(да | пасмурно, холодно, влажно, да).",prompt4,dialog0554,analytics_gemma3_4b_prompt4_dialog0554,analytics,20.0,43.5,27.0,0.0,0.0,0.0,7.7,39.5,0.0,2.9
gemma3,4.3B,1_Классификаторы_KNN_и_наивный_байес,"В спам-примере, вычисли P(win|спам) с Laplace.",prompt4,dialog0555,analytics_gemma3_4b_prompt4_dialog0555,analytics,20.0,43.5,27.0,0.0,0.0,0.0,7.7,39.5,0.0,2.9
gemma3,4.3B,3. Инструменты обучения НС,Что такое autograd?,prompt4,dialog0556,analytics_gemma3_4b_prompt4_dialog0556,analytics,20.0,43.5,27.0,0.0,0.0,0.0,7.7,39.5,0.0,2.9
gemma3,4.3B,3. Инструменты обучения НС,Что такое TensorFlow?,prompt4,dialog0557,analytics_gemma3_4b_prompt4_dialog0557,analytics,20.0,43.5,27.0,0.0,0.0,0.0,7.7,39.5,0.0,2.9
gemma3,4.3B,3. Инструменты обучения НС,Что такое Keras?,prompt4,dialog0558,analytics_gemma3_4b_prompt4_dialog0558,analytics,20.0,43.5,27.0,0.0,0.0,0.0,7.7,39.5,0.0,2.9
gemma3,4.3B,3. Инструменты обучения НС,Что такое over-fitting?,prompt4,dialog0559,analytics_gemma3_4b_prompt4_dialog0559,analytics,20.0,43.5,27.0,0.0,0.0,0.0,7.7,39.5,0.0,2.9
gemma3,4.3B,3. Инструменты обучения НС,Что такое SGD?,prompt4,dialog0560,analytics_gemma3_4b_prompt4_dialog0560,analytics,20.0,43.5,27.0,0.0,0.0,0.0,7.7,39.5,0.0,2.9
gemma3,4.3B,3. Инструменты обучения НС,Что такое Momentum в оптимизации?,prompt4,dialog0561,analytics_gemma3_4b_prompt4_dialog0561,analytics,20.0,43.5,27.0,0.0,0.0,0.0,7.7,39.5,0.0,2.9
gemma3,4.3B,3. Инструменты обучения НС,Что такое Adam?,prompt4,dialog0562,analytics_gemma3_4b_prompt4_dialog0562,analytics,20.0,43.5,27.0,0.0,0.0,0.0,7.7,39.5,0.0,2.9
gemma3,4.3B,3. Инструменты обучения НС,Что такое learning rate?,prompt4,dialog0563,analytics_gemma3_4b_prompt4_dialog0563,analytics,20.0,43.5,27.0,0.0,0.0,0.0,7.7,39.5,0.0,2.9
gemma3,4.3B,3. Инструменты обучения НС,Что такое метод Ньютона?,prompt4,dialog0564,analytics_gemma3_4b_prompt4_dialog0564,analytics,20.0,43.5,27.0,0.0,0.0,0.0,7.7,39.5,0.0,2.9
gemma3,4.3B,3. Инструменты обучения НС,Что такое RMSProp?,prompt4,dialog0565,analytics_gemma3_4b_prompt4_dialog0565,analytics,20.0,43.5,27.0,0.0,0.0,0.0,7.7,39.5,0.0,2.9
gemma3,4.3B,3. Инструменты обучения НС,"Вычисли шаг в SGD для L(w)=w^2, w=3, η=0.1.",prompt4,dialog0566,analytics_gemma3_4b_prompt4_dialog0566,analytics,20.0,43.5,27.0,0.0,0.0,0.0,7.7,39.5,0.0,2.9
gemma3,4.3B,3. Инструменты обучения НС,"Вычисли v_t в Momentum: γ=0.9, v_{t-1}=1, ∇L=2, η=0.1.",prompt4,dialog0567,analytics_gemma3_4b_prompt4_dialog0567,analytics,20.0,43.5,27.0,0.0,0.0,0.0,7.7,39.5,0.0,2.9
gemma3,4.3B,3. Инструменты обучения НС,"В Adagrad, G_{t-1,ii}=4, g_t=2, η=0.1, ε=1e-8.",prompt4,dialog0568,analytics_gemma3_4b_prompt4_dialog0568,analytics,20.0,43.5,27.0,0.0,0.0,0.0,7.7,39.5,0.0,2.9
gemma3,4.3B,3. Инструменты обучения НС,"Вычисли learning rate decay: η0=0.1, t=5, T=10, linear.",prompt4,dialog0569,analytics_gemma3_4b_prompt4_dialog0569,analytics,20.0,43.5,27.0,0.0,0.0,0.0,7.7,39.5,0.0,2.9
gemma3,4.3B,3. Инструменты обучения НС,"В Nesterov, вычисли ∇ в ω - γ v_{t-1}: γ=0.9, v=1, ∇=2.",prompt4,dialog0570,analytics_gemma3_4b_prompt4_dialog0570,analytics,20.0,43.5,27.0,0.0,0.0,0.0,7.7,39.5,0.0,2.9
gemma3,4.3B,1_Классификаторы_KNN_и_наивный_байес,Что такое метод k-ближайших соседей?,prompt3,dialog0511,analytics_gemma3_4b_prompt3_dialog0511,analytics,47.2,44.6,59.7,39.2,50.0,40.1,12.6,33.0,11.8,4.4
gemma3,4.3B,1_Классификаторы_KNN_и_наивный_байес,Как выбрать количество соседей k в k-NN?,prompt3,dialog0512,analytics_gemma3_4b_prompt3_dialog0512,analytics,47.2,44.6,59.7,39.2,50.0,40.1,12.6,33.0,11.8,4.4
gemma3,4.3B,1_Классификаторы_KNN_и_наивный_байес,Что такое евклидова метрика?,prompt3,dialog0513,analytics_gemma3_4b_prompt3_dialog0513,analytics,47.2,44.6,59.7,39.2,50.0,40.1,12.6,33.0,11.8,4.4
gemma3,4.3B,1_Классификаторы_KNN_и_наивный_байес,В чем суть наивного байесовского классификатора?,prompt3,dialog0514,analytics_gemma3_4b_prompt3_dialog0514,analytics,47.2,44.6,59.7,39.2,50.0,40.1,12.6,33.0,11.8,4.4
gemma3,4.3B,1_Классификаторы_KNN_и_наивный_байес,Как работает сглаживание по Лапласу?,prompt3,dialog0515,analytics_gemma3_4b_prompt3_dialog0515,analytics,47.2,44.6,59.7,39.2,50.0,40.1,12.6,33.0,11.8,4.4
gemma3,4.3B,1_Классификаторы_KNN_и_наивный_байес,Что такое манхэттенское расстояние?,prompt3,dialog0516,analytics_gemma3_4b_prompt3_dialog0516,analytics,47.2,44.6,59.7,39.2,50.0,40.1,12.6,33.0,11.8,4.4
gemma3,4.3B,1_Классификаторы_KNN_и_наивный_байес,Как вычислить вероятность класса в Naive Bayes?,prompt3,dialog0517,analytics_gemma3_4b_prompt3_dialog0517,analytics,47.2,44.6,59.7,39.2,50.0,40.1,12.6,33.0,11.8,4.4
gemma3,4.3B,1_Классификаторы_KNN_и_наивный_байес,Что такое расстояние Чебышёва?,prompt3,dialog0518,analytics_gemma3_4b_prompt3_dialog0518,analytics,47.2,44.6,59.7,39.2,50.0,40.1,12.6,33.0,11.8,4.4
gemma3,4.3B,1_Классификаторы_KNN_и_наивный_байес,Как классифицировать письмо как спам в Naive Bayes?,prompt3,dialog0519,analytics_gemma3_4b_prompt3_dialog0519,analytics,47.2,44.6,59.7,39.2,50.0,40.1,12.6,33.0,11.8,4.4
gemma3,4.3B,1_Классификаторы_KNN_и_наивный_байес,В чем разница между k-NN и взвешенным k-NN?,prompt3,dialog0520,analytics_gemma3_4b_prompt3_dialog0520,analytics,47.2,44.6,59.7,39.2,50.0,40.1,12.6,33.0,11.8,4.4
gemma3,4.3B,1_Классификаторы_KNN_и_наивный_байес,Вычисли вероятность спама для слова 'приз' из примера.,prompt3,dialog0521,analytics_gemma3_4b_prompt3_dialog0521,analytics,47.2,44.6,59.7,39.2,50.0,40.1,12.6,33.0,11.8,4.4
gemma3,4.3B,1_Классификаторы_KNN_и_наивный_байес,"Вычисли расстояние Евклида между (1,2) и (3,4).",prompt3,dialog0522,analytics_gemma3_4b_prompt3_dialog0522,analytics,47.2,44.6,59.7,39.2,50.0,40.1,12.6,33.0,11.8,4.4
gemma3,4.3B,1_Классификаторы_KNN_и_наивный_байес,"В примере с погодой, вычисли F(да) для теста.",prompt3,dialog0523,analytics_gemma3_4b_prompt3_dialog0523,analytics,47.2,44.6,59.7,39.2,50.0,40.1,12.6,33.0,11.8,4.4
gemma3,4.3B,1_Классификаторы_KNN_и_наивный_байес,"Вычисли P(да | пасмурно, холодно, влажно, да).",prompt3,dialog0524,analytics_gemma3_4b_prompt3_dialog0524,analytics,47.2,44.6,59.7,39.2,50.0,40.1,12.6,33.0,11.8,4.4
gemma3,4.3B,1_Классификаторы_KNN_и_наивный_байес,"В спам-примере, вычисли P(win|спам) с Laplace.",prompt3,dialog0525,analytics_gemma3_4b_prompt3_dialog0525,analytics,47.2,44.6,59.7,39.2,50.0,40.1,12.6,33.0,11.8,4.4
gemma3,4.3B,3. Инструменты обучения НС,Что такое autograd?,prompt3,dialog0526,analytics_gemma3_4b_prompt3_dialog0526,analytics,47.2,44.6,59.7,39.2,50.0,40.1,12.6,33.0,11.8,4.4
gemma3,4.3B,3. Инструменты обучения НС,Что такое TensorFlow?,prompt3,dialog0527,analytics_gemma3_4b_prompt3_dialog0527,analytics,47.2,44.6,59.7,39.2,50.0,40.1,12.6,33.0,11.8,4.4
gemma3,4.3B,3. Инструменты обучения НС,Что такое Keras?,prompt3,dialog0528,analytics_gemma3_4b_prompt3_dialog0528,analytics,47.2,44.6,59.7,39.2,50.0,40.1,12.6,33.0,11.8,4.4
gemma3,4.3B,3. Инструменты обучения НС,Что такое over-fitting?,prompt3,dialog0529,analytics_gemma3_4b_prompt3_dialog0529,analytics,47.2,44.6,59.7,39.2,50.0,40.1,12.6,33.0,11.8,4.4
gemma3,4.3B,3. Инструменты обучения НС,Что такое SGD?,prompt3,dialog0530,analytics_gemma3_4b_prompt3_dialog0530,analytics,47.2,44.6,59.7,39.2,50.0,40.1,12.6,33.0,11.8,4.4
gemma3,4.3B,3. Инструменты обучения НС,Что такое Momentum в оптимизации?,prompt3,dialog0531,analytics_gemma3_4b_prompt3_dialog0531,analytics,47.2,44.6,59.7,39.2,50.0,40.1,12.6,33.0,11.8,4.4
gemma3,4.3B,3. Инструменты обучения НС,Что такое Adam?,prompt3,dialog0532,analytics_gemma3_4b_prompt3_dialog0532,analytics,47.2,44.6,59.7,39.2,50.0,40.1,12.6,33.0,11.8,4.4
gemma3,4.3B,3. Инструменты обучения НС,Что такое learning rate?,prompt3,dialog0533,analytics_gemma3_4b_prompt3_dialog0533,analytics,47.2,44.6,59.7,39.2,50.0,40.1,12.6,33.0,11.8,4.4
gemma3,4.3B,3. Инструменты обучения НС,Что такое метод Ньютона?,prompt3,dialog0534,analytics_gemma3_4b_prompt3_dialog0534,analytics,47.2,44.6,59.7,39.2,50.0,40.1,12.6,33.0,11.8,4.4
gemma3,4.3B,3. Инструменты обучения НС,Что такое RMSProp?,prompt3,dialog0535,analytics_gemma3_4b_prompt3_dialog0535,analytics,47.2,44.6,59.7,39.2,50.0,40.1,12.6,33.0,11.8,4.4
gemma3,4.3B,3. Инструменты обучения НС,"Вычисли шаг в SGD для L(w)=w^2, w=3, η=0.1.",prompt3,dialog0536,analytics_gemma3_4b_prompt3_dialog0536,analytics,47.2,44.6,59.7,39.2,50.0,40.1,12.6,33.0,11.8,4.4
gemma3,4.3B,3. Инструменты обучения НС,"Вычисли v_t в Momentum: γ=0.9, v_{t-1}=1, ∇L=2, η=0.1.",prompt3,dialog0537,analytics_gemma3_4b_prompt3_dialog0537,analytics,47.2,44.6,59.7,39.2,50.0,40.1,12.6,33.0,11.8,4.4
gemma3,4.3B,3. Инструменты обучения НС,"В Adagrad, G_{t-1,ii}=4, g_t=2, η=0.1, ε=1e-8.",prompt3,dialog0538,analytics_gemma3_4b_prompt3_dialog0538,analytics,47.2,44.6,59.7,39.2,50.0,40.1,12.6,33.0,11.8,4.4
gemma3,4.3B,3. Инструменты обучения НС,"Вычисли learning rate decay: η0=0.1, t=5, T=10, linear.",prompt3,dialog0539,analytics_gemma3_4b_prompt3_dialog0539,analytics,47.2,44.6,59.7,39.2,50.0,40.1,12.6,33.0,11.8,4.4
gemma3,4.3B,3. Инструменты обучения НС,"В Nesterov, вычисли ∇ в ω - γ v_{t-1}: γ=0.9, v=1, ∇=2.",prompt3,dialog0540,analytics_gemma3_4b_prompt3_dialog0540,analytics,47.2,44.6,59.7,39.2,50.0,40.1,12.6,33.0,11.8,4.4
gemma3,4.3B,1_Классификаторы_KNN_и_наивный_байес,Что такое метод k-ближайших соседей?,prompt2,dialog0481,analytics_gemma3_4b_prompt2_dialog0481,analytics,43.7,40.8,59.9,38.8,50.0,40.7,9.9,36.9,15.2,3.2
gemma3,4.3B,1_Классификаторы_KNN_и_наивный_байес,Как выбрать количество соседей k в k-NN?,prompt2,dialog0482,analytics_gemma3_4b_prompt2_dialog0482,analytics,43.7,40.8,59.9,38.8,50.0,40.7,9.9,36.9,15.2,3.2
gemma3,4.3B,1_Классификаторы_KNN_и_наивный_байес,Что такое евклидова метрика?,prompt2,dialog0483,analytics_gemma3_4b_prompt2_dialog0483,analytics,43.7,40.8,59.9,38.8,50.0,40.7,9.9,36.9,15.2,3.2
gemma3,4.3B,1_Классификаторы_KNN_и_наивный_байес,В чем суть наивного байесовского классификатора?,prompt2,dialog0484,analytics_gemma3_4b_prompt2_dialog0484,analytics,43.7,40.8,59.9,38.8,50.0,40.7,9.9,36.9,15.2,3.2
gemma3,4.3B,1_Классификаторы_KNN_и_наивный_байес,Как работает сглаживание по Лапласу?,prompt2,dialog0485,analytics_gemma3_4b_prompt2_dialog0485,analytics,43.7,40.8,59.9,38.8,50.0,40.7,9.9,36.9,15.2,3.2
gemma3,4.3B,1_Классификаторы_KNN_и_наивный_байес,Что такое манхэттенское расстояние?,prompt2,dialog0486,analytics_gemma3_4b_prompt2_dialog0486,analytics,43.7,40.8,59.9,38.8,50.0,40.7,9.9,36.9,15.2,3.2
gemma3,4.3B,1_Классификаторы_KNN_и_наивный_байес,Как вычислить вероятность класса в Naive Bayes?,prompt2,dialog0487,analytics_gemma3_4b_prompt2_dialog0487,analytics,43.7,40.8,59.9,38.8,50.0,40.7,9.9,36.9,15.2,3.2
gemma3,4.3B,1_Классификаторы_KNN_и_наивный_байес,Что такое расстояние Чебышёва?,prompt2,dialog0488,analytics_gemma3_4b_prompt2_dialog0488,analytics,43.7,40.8,59.9,38.8,50.0,40.7,9.9,36.9,15.2,3.2
gemma3,4.3B,1_Классификаторы_KNN_и_наивный_байес,Как классифицировать письмо как спам в Naive Bayes?,prompt2,dialog0489,analytics_gemma3_4b_prompt2_dialog0489,analytics,43.7,40.8,59.9,38.8,50.0,40.7,9.9,36.9,15.2,3.2
gemma3,4.3B,1_Классификаторы_KNN_и_наивный_байес,В чем разница между k-NN и взвешенным k-NN?,prompt2,dialog0490,analytics_gemma3_4b_prompt2_dialog0490,analytics,43.7,40.8,59.9,38.8,50.0,40.7,9.9,36.9,15.2,3.2
gemma3,4.3B,1_Классификаторы_KNN_и_наивный_байес,Вычисли вероятность спама для слова 'приз' из примера.,prompt2,dialog0491,analytics_gemma3_4b_prompt2_dialog0491,analytics,43.7,40.8,59.9,38.8,50.0,40.7,9.9,36.9,15.2,3.2
gemma3,4.3B,1_Классификаторы_KNN_и_наивный_байес,"Вычисли расстояние Евклида между (1,2) и (3,4).",prompt2,dialog0492,analytics_gemma3_4b_prompt2_dialog0492,analytics,43.7,40.8,59.9,38.8,50.0,40.7,9.9,36.9,15.2,3.2
gemma3,4.3B,1_Классификаторы_KNN_и_наивный_байес,"В примере с погодой, вычисли F(да) для теста.",prompt2,dialog0493,analytics_gemma3_4b_prompt2_dialog0493,analytics,43.7,40.8,59.9,38.8,50.0,40.7,9.9,36.9,15.2,3.2
gemma3,4.3B,1_Классификаторы_KNN_и_наивный_байес,"Вычисли P(да | пасмурно, холодно, влажно, да).",prompt2,dialog0494,analytics_gemma3_4b_prompt2_dialog0494,analytics,43.7,40.8,59.9,38.8,50.0,40.7,9.9,36.9,15.2,3.2
gemma3,4.3B,1_Классификаторы_KNN_и_наивный_байес,"В спам-примере, вычисли P(win|спам) с Laplace.",prompt2,dialog0495,analytics_gemma3_4b_prompt2_dialog0495,analytics,43.7,40.8,59.9,38.8,50.0,40.7,9.9,36.9,15.2,3.2
gemma3,4.3B,3. Инструменты обучения НС,Что такое autograd?,prompt2,dialog0496,analytics_gemma3_4b_prompt2_dialog0496,analytics,43.7,40.8,59.9,38.8,50.0,40.7,9.9,36.9,15.2,3.2
gemma3,4.3B,3. Инструменты обучения НС,Что такое TensorFlow?,prompt2,dialog0497,analytics_gemma3_4b_prompt2_dialog0497,analytics,43.7,40.8,59.9,38.8,50.0,40.7,9.9,36.9,15.2,3.2
gemma3,4.3B,3. Инструменты обучения НС,Что такое Keras?,prompt2,dialog0498,analytics_gemma3_4b_prompt2_dialog0498,analytics,43.7,40.8,59.9,38.8,50.0,40.7,9.9,36.9,15.2,3.2
gemma3,4.3B,3. Инструменты обучения НС,Что такое over-fitting?,prompt2,dialog0499,analytics_gemma3_4b_prompt2_dialog0499,analytics,43.7,40.8,59.9,38.8,50.0,40.7,9.9,36.9,15.2,3.2
gemma3,4.3B,3. Инструменты обучения НС,Что такое SGD?,prompt2,dialog0500,analytics_gemma3_4b_prompt2_dialog0500,analytics,43.7,40.8,59.9,38.8,50.0,40.7,9.9,36.9,15.2,3.2
gemma3,4.3B,3. Инструменты обучения НС,Что такое Momentum в оптимизации?,prompt2,dialog0501,analytics_gemma3_4b_prompt2_dialog0501,analytics,43.7,40.8,59.9,38.8,50.0,40.7,9.9,36.9,15.2,3.2
gemma3,4.3B,3. Инструменты обучения НС,Что такое Adam?,prompt2,dialog0502,analytics_gemma3_4b_prompt2_dialog0502,analytics,43.7,40.8,59.9,38.8,50.0,40.7,9.9,36.9,15.2,3.2
gemma3,4.3B,3. Инструменты обучения НС,Что такое learning rate?,prompt2,dialog0503,analytics_gemma3_4b_prompt2_dialog0503,analytics,43.7,40.8,59.9,38.8,50.0,40.7,9.9,36.9,15.2,3.2
gemma3,4.3B,3. Инструменты обучения НС,Что такое метод Ньютона?,prompt2,dialog0504,analytics_gemma3_4b_prompt2_dialog0504,analytics,43.7,40.8,59.9,38.8,50.0,40.7,9.9,36.9,15.2,3.2
gemma3,4.3B,3. Инструменты обучения НС,Что такое RMSProp?,prompt2,dialog0505,analytics_gemma3_4b_prompt2_dialog0505,analytics,43.7,40.8,59.9,38.8,50.0,40.7,9.9,36.9,15.2,3.2
gemma3,4.3B,3. Инструменты обучения НС,"Вычисли шаг в SGD для L(w)=w^2, w=3, η=0.1.",prompt2,dialog0506,analytics_gemma3_4b_prompt2_dialog0506,analytics,43.7,40.8,59.9,38.8,50.0,40.7,9.9,36.9,15.2,3.2
gemma3,4.3B,3. Инструменты обучения НС,"Вычисли v_t в Momentum: γ=0.9, v_{t-1}=1, ∇L=2, η=0.1.",prompt2,dialog0507,analytics_gemma3_4b_prompt2_dialog0507,analytics,43.7,40.8,59.9,38.8,50.0,40.7,9.9,36.9,15.2,3.2
gemma3,4.3B,3. Инструменты обучения НС,"В Adagrad, G_{t-1,ii}=4, g_t=2, η=0.1, ε=1e-8.",prompt2,dialog0508,analytics_gemma3_4b_prompt2_dialog0508,analytics,43.7,40.8,59.9,38.8,50.0,40.7,9.9,36.9,15.2,3.2
gemma3,4.3B,3. Инструменты обучения НС,"Вычисли learning rate decay: η0=0.1, t=5, T=10, linear.",prompt2,dialog0509,analytics_gemma3_4b_prompt2_dialog0509,analytics,43.7,40.8,59.9,38.8,50.0,40.7,9.9,36.9,15.2,3.2
gemma3,4.3B,3. Инструменты обучения НС,"В Nesterov, вычисли ∇ в ω - γ v_{t-1}: γ=0.9, v=1, ∇=2.",prompt2,dialog0510,analytics_gemma3_4b_prompt2_dialog0510,analytics,43.7,40.8,59.9,38.8,50.0,40.7,9.9,36.9,15.2,3.2
gemma3,4.3B,1_Классификаторы_KNN_и_наивный_байес,Что такое метод k-ближайших соседей?,prompt5,dialog0571,analytics_gemma3_4b_prompt5_dialog0571,analytics,47.2,45.1,63.5,39.2,50.0,39.8,8.4,37.8,15.9,3.8
gemma3,4.3B,1_Классификаторы_KNN_и_наивный_байес,Как выбрать количество соседей k в k-NN?,prompt5,dialog0572,analytics_gemma3_4b_prompt5_dialog0572,analytics,47.2,45.1,63.5,39.2,50.0,39.8,8.4,37.8,15.9,3.8
gemma3,4.3B,1_Классификаторы_KNN_и_наивный_байес,Что такое евклидова метрика?,prompt5,dialog0573,analytics_gemma3_4b_prompt5_dialog0573,analytics,47.2,45.1,63.5,39.2,50.0,39.8,8.4,37.8,15.9,3.8
gemma3,4.3B,1_Классификаторы_KNN_и_наивный_байес,В чем суть наивного байесовского классификатора?,prompt5,dialog0574,analytics_gemma3_4b_prompt5_dialog0574,analytics,47.2,45.1,63.5,39.2,50.0,39.8,8.4,37.8,15.9,3.8
gemma3,4.3B,1_Классификаторы_KNN_и_наивный_байес,Как работает сглаживание по Лапласу?,prompt5,dialog0575,analytics_gemma3_4b_prompt5_dialog0575,analytics,47.2,45.1,63.5,39.2,50.0,39.8,8.4,37.8,15.9,3.8
gemma3,4.3B,1_Классификаторы_KNN_и_наивный_байес,Что такое манхэттенское расстояние?,prompt5,dialog0576,analytics_gemma3_4b_prompt5_dialog0576,analytics,47.2,45.1,63.5,39.2,50.0,39.8,8.4,37.8,15.9,3.8
gemma3,4.3B,1_Классификаторы_KNN_и_наивный_байес,Как вычислить вероятность класса в Naive Bayes?,prompt5,dialog0577,analytics_gemma3_4b_prompt5_dialog0577,analytics,47.2,45.1,63.5,39.2,50.0,39.8,8.4,37.8,15.9,3.8
gemma3,4.3B,1_Классификаторы_KNN_и_наивный_байес,Что такое расстояние Чебышёва?,prompt5,dialog0578,analytics_gemma3_4b_prompt5_dialog0578,analytics,47.2,45.1,63.5,39.2,50.0,39.8,8.4,37.8,15.9,3.8
gemma3,4.3B,1_Классификаторы_KNN_и_наивный_байес,Как классифицировать письмо как спам в Naive Bayes?,prompt5,dialog0579,analytics_gemma3_4b_prompt5_dialog0579,analytics,47.2,45.1,63.5,39.2,50.0,39.8,8.4,37.8,15.9,3.8
gemma3,4.3B,1_Классификаторы_KNN_и_наивный_байес,В чем разница между k-NN и взвешенным k-NN?,prompt5,dialog0580,analytics_gemma3_4b_prompt5_dialog0580,analytics,47.2,45.1,63.5,39.2,50.0,39.8,8.4,37.8,15.9,3.8
gemma3,4.3B,1_Классификаторы_KNN_и_наивный_байес,Вычисли вероятность спама для слова 'приз' из примера.,prompt5,dialog0581,analytics_gemma3_4b_prompt5_dialog0581,analytics,47.2,45.1,63.5,39.2,50.0,39.8,8.4,37.8,15.9,3.8
gemma3,4.3B,1_Классификаторы_KNN_и_наивный_байес,"Вычисли расстояние Евклида между (1,2) и (3,4).",prompt5,dialog0582,analytics_gemma3_4b_prompt5_dialog0582,analytics,47.2,45.1,63.5,39.2,50.0,39.8,8.4,37.8,15.9,3.8
gemma3,4.3B,1_Классификаторы_KNN_и_наивный_байес,"В примере с погодой, вычисли F(да) для теста.",prompt5,dialog0583,analytics_gemma3_4b_prompt5_dialog0583,analytics,47.2,45.1,63.5,39.2,50.0,39.8,8.4,37.8,15.9,3.8
gemma3,4.3B,1_Классификаторы_KNN_и_наивный_байес,"Вычисли P(да | пасмурно, холодно, влажно, да).",prompt5,dialog0584,analytics_gemma3_4b_prompt5_dialog0584,analytics,47.2,45.1,63.5,39.2,50.0,39.8,8.4,37.8,15.9,3.8
gemma3,4.3B,1_Классификаторы_KNN_и_наивный_байес,"В спам-примере, вычисли P(win|спам) с Laplace.",prompt5,dialog0585,analytics_gemma3_4b_prompt5_dialog0585,analytics,47.2,45.1,63.5,39.2,50.0,39.8,8.4,37.8,15.9,3.8
gemma3,4.3B,3. Инструменты обучения НС,Что такое autograd?,prompt5,dialog0586,analytics_gemma3_4b_prompt5_dialog0586,analytics,47.2,45.1,63.5,39.2,50.0,39.8,8.4,37.8,15.9,3.8
gemma3,4.3B,3. Инструменты обучения НС,Что такое TensorFlow?,prompt5,dialog0587,analytics_gemma3_4b_prompt5_dialog0587,analytics,47.2,45.1,63.5,39.2,50.0,39.8,8.4,37.8,15.9,3.8
gemma3,4.3B,3. Инструменты обучения НС,Что такое Keras?,prompt5,dialog0588,analytics_gemma3_4b_prompt5_dialog0588,analytics,47.2,45.1,63.5,39.2,50.0,39.8,8.4,37.8,15.9,3.8
gemma3,4.3B,3. Инструменты обучения НС,Что такое over-fitting?,prompt5,dialog0589,analytics_gemma3_4b_prompt5_dialog0589,analytics,47.2,45.1,63.5,39.2,50.0,39.8,8.4,37.8,15.9,3.8
gemma3,4.3B,3. Инструменты обучения НС,Что такое SGD?,prompt5,dialog0590,analytics_gemma3_4b_prompt5_dialog0590,analytics,47.2,45.1,63.5,39.2,50.0,39.8,8.4,37.8,15.9,3.8
gemma3,4.3B,3. Инструменты обучения НС,Что такое Momentum в оптимизации?,prompt5,dialog0591,analytics_gemma3_4b_prompt5_dialog0591,analytics,47.2,45.1,63.5,39.2,50.0,39.8,8.4,37.8,15.9,3.8
gemma3,4.3B,3. Инструменты обучения НС,Что такое Adam?,prompt5,dialog0592,analytics_gemma3_4b_prompt5_dialog0592,analytics,47.2,45.1,63.5,39.2,50.0,39.8,8.4,37.8,15.9,3.8
gemma3,4.3B,3. Инструменты обучения НС,Что такое learning rate?,prompt5,dialog0593,analytics_gemma3_4b_prompt5_dialog0593,analytics,47.2,45.1,63.5,39.2,50.0,39.8,8.4,37.8,15.9,3.8
gemma3,4.3B,3. Инструменты обучения НС,Что такое метод Ньютона?,prompt5,dialog0594,analytics_gemma3_4b_prompt5_dialog0594,analytics,47.2,45.1,63.5,39.2,50.0,39.8,8.4,37.8,15.9,3.8
gemma3,4.3B,3. Инструменты обучения НС,Что такое RMSProp?,prompt5,dialog0595,analytics_gemma3_4b_prompt5_dialog0595,analytics,47.2,45.1,63.5,39.2,50.0,39.8,8.4,37.8,15.9,3.8
gemma3,4.3B,3. Инструменты обучения НС,"Вычисли шаг в SGD для L(w)=w^2, w=3, η=0.1.",prompt5,dialog0596,analytics_gemma3_4b_prompt5_dialog0596,analytics,47.2,45.1,63.5,39.2,50.0,39.8,8.4,37.8,15.9,3.8
gemma3,4.3B,3. Инструменты обучения НС,"Вычисли v_t в Momentum: γ=0.9, v_{t-1}=1, ∇L=2, η=0.1.",prompt5,dialog0597,analytics_gemma3_4b_prompt5_dialog0597,analytics,47.2,45.1,63.5,39.2,50.0,39.8,8.4,37.8,15.9,3.8
gemma3,4.3B,3. Инструменты обучения НС,"В Adagrad, G_{t-1,ii}=4, g_t=2, η=0.1, ε=1e-8.",prompt5,dialog0598,analytics_gemma3_4b_prompt5_dialog0598,analytics,47.2,45.1,63.5,39.2,50.0,39.8,8.4,37.8,15.9,3.8
gemma3,4.3B,3. Инструменты обучения НС,"Вычисли learning rate decay: η0=0.1, t=5, T=10, linear.",prompt5,dialog0599,analytics_gemma3_4b_prompt5_dialog0599,analytics,47.2,45.1,63.5,39.2,50.0,39.8,8.4,37.8,15.9,3.8
gemma3,4.3B,3. Инструменты обучения НС,"В Nesterov, вычисли ∇ в ω - γ v_{t-1}: γ=0.9, v=1, ∇=2.",prompt5,dialog0600,analytics_gemma3_4b_prompt5_dialog0600,analytics,47.2,45.1,63.5,39.2,50.0,39.8,8.4,37.8,15.9,3.8
gemma3,4.3B,1_Классификаторы_KNN_и_наивный_байес,Что такое метод k-ближайших соседей?,prompt12,dialog0781,analytics_gemma3_4b_prompt12_dialog0781,analytics,49.9,45.5,64.0,38.8,50.0,39.7,11.1,35.6,14.5,3.3
gemma3,4.3B,1_Классификаторы_KNN_и_наивный_байес,Как выбрать количество соседей k в k-NN?,prompt12,dialog0782,analytics_gemma3_4b_prompt12_dialog0782,analytics,49.9,45.5,64.0,38.8,50.0,39.7,11.1,35.6,14.5,3.3
gemma3,4.3B,1_Классификаторы_KNN_и_наивный_байес,Что такое евклидова метрика?,prompt12,dialog0783,analytics_gemma3_4b_prompt12_dialog0783,analytics,49.9,45.5,64.0,38.8,50.0,39.7,11.1,35.6,14.5,3.3
gemma3,4.3B,1_Классификаторы_KNN_и_наивный_байес,В чем суть наивного байесовского классификатора?,prompt12,dialog0784,analytics_gemma3_4b_prompt12_dialog0784,analytics,49.9,45.5,64.0,38.8,50.0,39.7,11.1,35.6,14.5,3.3
gemma3,4.3B,1_Классификаторы_KNN_и_наивный_байес,Как работает сглаживание по Лапласу?,prompt12,dialog0785,analytics_gemma3_4b_prompt12_dialog0785,analytics,49.9,45.5,64.0,38.8,50.0,39.7,11.1,35.6,14.5,3.3
gemma3,4.3B,1_Классификаторы_KNN_и_наивный_байес,Что такое манхэттенское расстояние?,prompt12,dialog0786,analytics_gemma3_4b_prompt12_dialog0786,analytics,49.9,45.5,64.0,38.8,50.0,39.7,11.1,35.6,14.5,3.3
gemma3,4.3B,1_Классификаторы_KNN_и_наивный_байес,Как вычислить вероятность класса в Naive Bayes?,prompt12,dialog0787,analytics_gemma3_4b_prompt12_dialog0787,analytics,49.9,45.5,64.0,38.8,50.0,39.7,11.1,35.6,14.5,3.3
gemma3,4.3B,1_Классификаторы_KNN_и_наивный_байес,Что такое расстояние Чебышёва?,prompt12,dialog0788,analytics_gemma3_4b_prompt12_dialog0788,analytics,49.9,45.5,64.0,38.8,50.0,39.7,11.1,35.6,14.5,3.3
gemma3,4.3B,1_Классификаторы_KNN_и_наивный_байес,Как классифицировать письмо как спам в Naive Bayes?,prompt12,dialog0789,analytics_gemma3_4b_prompt12_dialog0789,analytics,49.9,45.5,64.0,38.8,50.0,39.7,11.1,35.6,14.5,3.3
gemma3,4.3B,1_Классификаторы_KNN_и_наивный_байес,В чем разница между k-NN и взвешенным k-NN?,prompt12,dialog0790,analytics_gemma3_4b_prompt12_dialog0790,analytics,49.9,45.5,64.0,38.8,50.0,39.7,11.1,35.6,14.5,3.3
gemma3,4.3B,1_Классификаторы_KNN_и_наивный_байес,Вычисли вероятность спама для слова 'приз' из примера.,prompt12,dialog0791,analytics_gemma3_4b_prompt12_dialog0791,analytics,49.9,45.5,64.0,38.8,50.0,39.7,11.1,35.6,14.5,3.3
gemma3,4.3B,1_Классификаторы_KNN_и_наивный_байес,"Вычисли расстояние Евклида между (1,2) и (3,4).",prompt12,dialog0792,analytics_gemma3_4b_prompt12_dialog0792,analytics,49.9,45.5,64.0,38.8,50.0,39.7,11.1,35.6,14.5,3.3
gemma3,4.3B,1_Классификаторы_KNN_и_наивный_байес,"В примере с погодой, вычисли F(да) для теста.",prompt12,dialog0793,analytics_gemma3_4b_prompt12_dialog0793,analytics,49.9,45.5,64.0,38.8,50.0,39.7,11.1,35.6,14.5,3.3
gemma3,4.3B,1_Классификаторы_KNN_и_наивный_байес,"Вычисли P(да | пасмурно, холодно, влажно, да).",prompt12,dialog0794,analytics_gemma3_4b_prompt12_dialog0794,analytics,49.9,45.5,64.0,38.8,50.0,39.7,11.1,35.6,14.5,3.3
gemma3,4.3B,1_Классификаторы_KNN_и_наивный_байес,"В спам-примере, вычисли P(win|спам) с Laplace.",prompt12,dialog0795,analytics_gemma3_4b_prompt12_dialog0795,analytics,49.9,45.5,64.0,38.8,50.0,39.7,11.1,35.6,14.5,3.3
gemma3,4.3B,3. Инструменты обучения НС,Что такое autograd?,prompt12,dialog0796,analytics_gemma3_4b_prompt12_dialog0796,analytics,49.9,45.5,64.0,38.8,50.0,39.7,11.1,35.6,14.5,3.3
gemma3,4.3B,3. Инструменты обучения НС,Что такое TensorFlow?,prompt12,dialog0797,analytics_gemma3_4b_prompt12_dialog0797,analytics,49.9,45.5,64.0,38.8,50.0,39.7,11.1,35.6,14.5,3.3
gemma3,4.3B,3. Инструменты обучения НС,Что такое Keras?,prompt12,dialog0798,analytics_gemma3_4b_prompt12_dialog0798,analytics,49.9,45.5,64.0,38.8,50.0,39.7,11.1,35.6,14.5,3.3
gemma3,4.3B,3. Инструменты обучения НС,Что такое over-fitting?,prompt12,dialog0799,analytics_gemma3_4b_prompt12_dialog0799,analytics,49.9,45.5,64.0,38.8,50.0,39.7,11.1,35.6,14.5,3.3
gemma3,4.3B,3. Инструменты обучения НС,Что такое SGD?,prompt12,dialog0800,analytics_gemma3_4b_prompt12_dialog0800,analytics,49.9,45.5,64.0,38.8,50.0,39.7,11.1,35.6,14.5,3.3
gemma3,4.3B,3. Инструменты обучения НС,Что такое Momentum в оптимизации?,prompt12,dialog0801,analytics_gemma3_4b_prompt12_dialog0801,analytics,49.9,45.5,64.0,38.8,50.0,39.7,11.1,35.6,14.5,3.3
gemma3,4.3B,3. Инструменты обучения НС,Что такое Adam?,prompt12,dialog0802,analytics_gemma3_4b_prompt12_dialog0802,analytics,49.9,45.5,64.0,38.8,50.0,39.7,11.1,35.6,14.5,3.3
gemma3,4.3B,3. Инструменты обучения НС,Что такое learning rate?,prompt12,dialog0803,analytics_gemma3_4b_prompt12_dialog0803,analytics,49.9,45.5,64.0,38.8,50.0,39.7,11.1,35.6,14.5,3.3
gemma3,4.3B,3. Инструменты обучения НС,Что такое метод Ньютона?,prompt12,dialog0804,analytics_gemma3_4b_prompt12_dialog0804,analytics,49.9,45.5,64.0,38.8,50.0,39.7,11.1,35.6,14.5,3.3
gemma3,4.3B,3. Инструменты обучения НС,Что такое RMSProp?,prompt12,dialog0805,analytics_gemma3_4b_prompt12_dialog0805,analytics,49.9,45.5,64.0,38.8,50.0,39.7,11.1,35.6,14.5,3.3
gemma3,4.3B,3. Инструменты обучения НС,"Вычисли шаг в SGD для L(w)=w^2, w=3, η=0.1.",prompt12,dialog0806,analytics_gemma3_4b_prompt12_dialog0806,analytics,49.9,45.5,64.0,38.8,50.0,39.7,11.1,35.6,14.5,3.3
gemma3,4.3B,3. Инструменты обучения НС,"Вычисли v_t в Momentum: γ=0.9, v_{t-1}=1, ∇L=2, η=0.1.",prompt12,dialog0807,analytics_gemma3_4b_prompt12_dialog0807,analytics,49.9,45.5,64.0,38.8,50.0,39.7,11.1,35.6,14.5,3.3
gemma3,4.3B,3. Инструменты обучения НС,"В Adagrad, G_{t-1,ii}=4, g_t=2, η=0.1, ε=1e-8.",prompt12,dialog0808,analytics_gemma3_4b_prompt12_dialog0808,analytics,49.9,45.5,64.0,38.8,50.0,39.7,11.1,35.6,14.5,3.3
gemma3,4.3B,3. Инструменты обучения НС,"Вычисли learning rate decay: η0=0.1, t=5, T=10, linear.",prompt12,dialog0809,analytics_gemma3_4b_prompt12_dialog0809,analytics,49.9,45.5,64.0,38.8,50.0,39.7,11.1,35.6,14.5,3.3
gemma3,4.3B,3. Инструменты обучения НС,"В Nesterov, вычисли ∇ в ω - γ v_{t-1}: γ=0.9, v=1, ∇=2.",prompt12,dialog0810,analytics_gemma3_4b_prompt12_dialog0810,analytics,49.9,45.5,64.0,38.8,50.0,39.7,11.1,35.6,14.5,3.3
gemma3,4.3B,1_Классификаторы_KNN_и_наивный_байес,Что такое метод k-ближайших соседей?,prompt15,dialog0871,analytics_gemma3_4b_prompt15_dialog0871,analytics,48.8,48.0,61.7,39.2,50.0,41.7,8.2,37.0,14.2,4.8
gemma3,4.3B,1_Классификаторы_KNN_и_наивный_байес,Как выбрать количество соседей k в k-NN?,prompt15,dialog0872,analytics_gemma3_4b_prompt15_dialog0872,analytics,48.8,48.0,61.7,39.2,50.0,41.7,8.2,37.0,14.2,4.8
gemma3,4.3B,1_Классификаторы_KNN_и_наивный_байес,Что такое евклидова метрика?,prompt15,dialog0873,analytics_gemma3_4b_prompt15_dialog0873,analytics,48.8,48.0,61.7,39.2,50.0,41.7,8.2,37.0,14.2,4.8
gemma3,4.3B,1_Классификаторы_KNN_и_наивный_байес,В чем суть наивного байесовского классификатора?,prompt15,dialog0874,analytics_gemma3_4b_prompt15_dialog0874,analytics,48.8,48.0,61.7,39.2,50.0,41.7,8.2,37.0,14.2,4.8
gemma3,4.3B,1_Классификаторы_KNN_и_наивный_байес,Как работает сглаживание по Лапласу?,prompt15,dialog0875,analytics_gemma3_4b_prompt15_dialog0875,analytics,48.8,48.0,61.7,39.2,50.0,41.7,8.2,37.0,14.2,4.8
gemma3,4.3B,1_Классификаторы_KNN_и_наивный_байес,Что такое манхэттенское расстояние?,prompt15,dialog0876,analytics_gemma3_4b_prompt15_dialog0876,analytics,48.8,48.0,61.7,39.2,50.0,41.7,8.2,37.0,14.2,4.8
gemma3,4.3B,1_Классификаторы_KNN_и_наивный_байес,Как вычислить вероятность класса в Naive Bayes?,prompt15,dialog0877,analytics_gemma3_4b_prompt15_dialog0877,analytics,48.8,48.0,61.7,39.2,50.0,41.7,8.2,37.0,14.2,4.8
gemma3,4.3B,1_Классификаторы_KNN_и_наивный_байес,Что такое расстояние Чебышёва?,prompt15,dialog0878,analytics_gemma3_4b_prompt15_dialog0878,analytics,48.8,48.0,61.7,39.2,50.0,41.7,8.2,37.0,14.2,4.8
gemma3,4.3B,1_Классификаторы_KNN_и_наивный_байес,Как классифицировать письмо как спам в Naive Bayes?,prompt15,dialog0879,analytics_gemma3_4b_prompt15_dialog0879,analytics,48.8,48.0,61.7,39.2,50.0,41.7,8.2,37.0,14.2,4.8
gemma3,4.3B,1_Классификаторы_KNN_и_наивный_байес,В чем разница между k-NN и взвешенным k-NN?,prompt15,dialog0880,analytics_gemma3_4b_prompt15_dialog0880,analytics,48.8,48.0,61.7,39.2,50.0,41.7,8.2,37.0,14.2,4.8
gemma3,4.3B,1_Классификаторы_KNN_и_наивный_байес,Вычисли вероятность спама для слова 'приз' из примера.,prompt15,dialog0881,analytics_gemma3_4b_prompt15_dialog0881,analytics,48.8,48.0,61.7,39.2,50.0,41.7,8.2,37.0,14.2,4.8
gemma3,4.3B,1_Классификаторы_KNN_и_наивный_байес,"Вычисли расстояние Евклида между (1,2) и (3,4).",prompt15,dialog0882,analytics_gemma3_4b_prompt15_dialog0882,analytics,48.8,48.0,61.7,39.2,50.0,41.7,8.2,37.0,14.2,4.8
gemma3,4.3B,1_Классификаторы_KNN_и_наивный_байес,"В примере с погодой, вычисли F(да) для теста.",prompt15,dialog0883,analytics_gemma3_4b_prompt15_dialog0883,analytics,48.8,48.0,61.7,39.2,50.0,41.7,8.2,37.0,14.2,4.8
gemma3,4.3B,1_Классификаторы_KNN_и_наивный_байес,"Вычисли P(да | пасмурно, холодно, влажно, да).",prompt15,dialog0884,analytics_gemma3_4b_prompt15_dialog0884,analytics,48.8,48.0,61.7,39.2,50.0,41.7,8.2,37.0,14.2,4.8
gemma3,4.3B,1_Классификаторы_KNN_и_наивный_байес,"В спам-примере, вычисли P(win|спам) с Laplace.",prompt15,dialog0885,analytics_gemma3_4b_prompt15_dialog0885,analytics,48.8,48.0,61.7,39.2,50.0,41.7,8.2,37.0,14.2,4.8
gemma3,4.3B,3. Инструменты обучения НС,Что такое autograd?,prompt15,dialog0886,analytics_gemma3_4b_prompt15_dialog0886,analytics,48.8,48.0,61.7,39.2,50.0,41.7,8.2,37.0,14.2,4.8
gemma3,4.3B,3. Инструменты обучения НС,Что такое TensorFlow?,prompt15,dialog0887,analytics_gemma3_4b_prompt15_dialog0887,analytics,48.8,48.0,61.7,39.2,50.0,41.7,8.2,37.0,14.2,4.8
gemma3,4.3B,3. Инструменты обучения НС,Что такое Keras?,prompt15,dialog0888,analytics_gemma3_4b_prompt15_dialog0888,analytics,48.8,48.0,61.7,39.2,50.0,41.7,8.2,37.0,14.2,4.8
gemma3,4.3B,3. Инструменты обучения НС,Что такое over-fitting?,prompt15,dialog0889,analytics_gemma3_4b_prompt15_dialog0889,analytics,48.8,48.0,61.7,39.2,50.0,41.7,8.2,37.0,14.2,4.8
gemma3,4.3B,3. Инструменты обучения НС,Что такое SGD?,prompt15,dialog0890,analytics_gemma3_4b_prompt15_dialog0890,analytics,48.8,48.0,61.7,39.2,50.0,41.7,8.2,37.0,14.2,4.8
gemma3,4.3B,3. Инструменты обучения НС,Что такое Momentum в оптимизации?,prompt15,dialog0891,analytics_gemma3_4b_prompt15_dialog0891,analytics,48.8,48.0,61.7,39.2,50.0,41.7,8.2,37.0,14.2,4.8
gemma3,4.3B,3. Инструменты обучения НС,Что такое Adam?,prompt15,dialog0892,analytics_gemma3_4b_prompt15_dialog0892,analytics,48.8,48.0,61.7,39.2,50.0,41.7,8.2,37.0,14.2,4.8
gemma3,4.3B,3. Инструменты обучения НС,Что такое learning rate?,prompt15,dialog0893,analytics_gemma3_4b_prompt15_dialog0893,analytics,48.8,48.0,61.7,39.2,50.0,41.7,8.2,37.0,14.2,4.8
gemma3,4.3B,3. Инструменты обучения НС,Что такое метод Ньютона?,prompt15,dialog0894,analytics_gemma3_4b_prompt15_dialog0894,analytics,48.8,48.0,61.7,39.2,50.0,41.7,8.2,37.0,14.2,4.8
gemma3,4.3B,3. Инструменты обучения НС,Что такое RMSProp?,prompt15,dialog0895,analytics_gemma3_4b_prompt15_dialog0895,analytics,48.8,48.0,61.7,39.2,50.0,41.7,8.2,37.0,14.2,4.8
gemma3,4.3B,3. Инструменты обучения НС,"Вычисли шаг в SGD для L(w)=w^2, w=3, η=0.1.",prompt15,dialog0896,analytics_gemma3_4b_prompt15_dialog0896,analytics,48.8,48.0,61.7,39.2,50.0,41.7,8.2,37.0,14.2,4.8
gemma3,4.3B,3. Инструменты обучения НС,"Вычисли v_t в Momentum: γ=0.9, v_{t-1}=1, ∇L=2, η=0.1.",prompt15,dialog0897,analytics_gemma3_4b_prompt15_dialog0897,analytics,48.8,48.0,61.7,39.2,50.0,41.7,8.2,37.0,14.2,4.8
gemma3,4.3B,3. Инструменты обучения НС,"В Adagrad, G_{t-1,ii}=4, g_t=2, η=0.1, ε=1e-8.",prompt15,dialog0898,analytics_gemma3_4b_prompt15_dialog0898,analytics,48.8,48.0,61.7,39.2,50.0,41.7,8.2,37.0,14.2,4.8
gemma3,4.3B,3. Инструменты обучения НС,"Вычисли learning rate decay: η0=0.1, t=5, T=10, linear.",prompt15,dialog0899,analytics_gemma3_4b_prompt15_dialog0899,analytics,48.8,48.0,61.7,39.2,50.0,41.7,8.2,37.0,14.2,4.8
gemma3,4.3B,3. Инструменты обучения НС,"В Nesterov, вычисли ∇ в ω - γ v_{t-1}: γ=0.9, v=1, ∇=2.",prompt15,dialog0900,analytics_gemma3_4b_prompt15_dialog0900,analytics,48.8,48.0,61.7,39.2,50.0,41.7,8.2,37.0,14.2,4.8
gemma3,4.3B,1_Классификаторы_KNN_и_наивный_байес,Что такое метод k-ближайших соседей?,prompt10,dialog0721,analytics_gemma3_4b_prompt10_dialog0721,analytics,46.9,46.5,61.6,39.2,50.0,37.9,11.4,33.7,14.2,4.8
gemma3,4.3B,1_Классификаторы_KNN_и_наивный_байес,Как выбрать количество соседей k в k-NN?,prompt10,dialog0722,analytics_gemma3_4b_prompt10_dialog0722,analytics,46.9,46.5,61.6,39.2,50.0,37.9,11.4,33.7,14.2,4.8
gemma3,4.3B,1_Классификаторы_KNN_и_наивный_байес,Что такое евклидова метрика?,prompt10,dialog0723,analytics_gemma3_4b_prompt10_dialog0723,analytics,46.9,46.5,61.6,39.2,50.0,37.9,11.4,33.7,14.2,4.8
gemma3,4.3B,1_Классификаторы_KNN_и_наивный_байес,В чем суть наивного байесовского классификатора?,prompt10,dialog0724,analytics_gemma3_4b_prompt10_dialog0724,analytics,46.9,46.5,61.6,39.2,50.0,37.9,11.4,33.7,14.2,4.8
gemma3,4.3B,1_Классификаторы_KNN_и_наивный_байес,Как работает сглаживание по Лапласу?,prompt10,dialog0725,analytics_gemma3_4b_prompt10_dialog0725,analytics,46.9,46.5,61.6,39.2,50.0,37.9,11.4,33.7,14.2,4.8
gemma3,4.3B,1_Классификаторы_KNN_и_наивный_байес,Что такое манхэттенское расстояние?,prompt10,dialog0726,analytics_gemma3_4b_prompt10_dialog0726,analytics,46.9,46.5,61.6,39.2,50.0,37.9,11.4,33.7,14.2,4.8
gemma3,4.3B,1_Классификаторы_KNN_и_наивный_байес,Как вычислить вероятность класса в Naive Bayes?,prompt10,dialog0727,analytics_gemma3_4b_prompt10_dialog0727,analytics,46.9,46.5,61.6,39.2,50.0,37.9,11.4,33.7,14.2,4.8
gemma3,4.3B,1_Классификаторы_KNN_и_наивный_байес,Что такое расстояние Чебышёва?,prompt10,dialog0728,analytics_gemma3_4b_prompt10_dialog0728,analytics,46.9,46.5,61.6,39.2,50.0,37.9,11.4,33.7,14.2,4.8
gemma3,4.3B,1_Классификаторы_KNN_и_наивный_байес,Как классифицировать письмо как спам в Naive Bayes?,prompt10,dialog0729,analytics_gemma3_4b_prompt10_dialog0729,analytics,46.9,46.5,61.6,39.2,50.0,37.9,11.4,33.7,14.2,4.8
gemma3,4.3B,1_Классификаторы_KNN_и_наивный_байес,В чем разница между k-NN и взвешенным k-NN?,prompt10,dialog0730,analytics_gemma3_4b_prompt10_dialog0730,analytics,46.9,46.5,61.6,39.2,50.0,37.9,11.4,33.7,14.2,4.8
gemma3,4.3B,1_Классификаторы_KNN_и_наивный_байес,Вычисли вероятность спама для слова 'приз' из примера.,prompt10,dialog0731,analytics_gemma3_4b_prompt10_dialog0731,analytics,46.9,46.5,61.6,39.2,50.0,37.9,11.4,33.7,14.2,4.8
gemma3,4.3B,1_Классификаторы_KNN_и_наивный_байес,"Вычисли расстояние Евклида между (1,2) и (3,4).",prompt10,dialog0732,analytics_gemma3_4b_prompt10_dialog0732,analytics,46.9,46.5,61.6,39.2,50.0,37.9,11.4,33.7,14.2,4.8
gemma3,4.3B,1_Классификаторы_KNN_и_наивный_байес,"В примере с погодой, вычисли F(да) для теста.",prompt10,dialog0733,analytics_gemma3_4b_prompt10_dialog0733,analytics,46.9,46.5,61.6,39.2,50.0,37.9,11.4,33.7,14.2,4.8
gemma3,4.3B,1_Классификаторы_KNN_и_наивный_байес,"Вычисли P(да | пасмурно, холодно, влажно, да).",prompt10,dialog0734,analytics_gemma3_4b_prompt10_dialog0734,analytics,46.9,46.5,61.6,39.2,50.0,37.9,11.4,33.7,14.2,4.8
gemma3,4.3B,1_Классификаторы_KNN_и_наивный_байес,"В спам-примере, вычисли P(win|спам) с Laplace.",prompt10,dialog0735,analytics_gemma3_4b_prompt10_dialog0735,analytics,46.9,46.5,61.6,39.2,50.0,37.9,11.4,33.7,14.2,4.8
gemma3,4.3B,3. Инструменты обучения НС,Что такое autograd?,prompt10,dialog0736,analytics_gemma3_4b_prompt10_dialog0736,analytics,46.9,46.5,61.6,39.2,50.0,37.9,11.4,33.7,14.2,4.8
gemma3,4.3B,3. Инструменты обучения НС,Что такое TensorFlow?,prompt10,dialog0737,analytics_gemma3_4b_prompt10_dialog0737,analytics,46.9,46.5,61.6,39.2,50.0,37.9,11.4,33.7,14.2,4.8
gemma3,4.3B,3. Инструменты обучения НС,Что такое Keras?,prompt10,dialog0738,analytics_gemma3_4b_prompt10_dialog0738,analytics,46.9,46.5,61.6,39.2,50.0,37.9,11.4,33.7,14.2,4.8
gemma3,4.3B,3. Инструменты обучения НС,Что такое over-fitting?,prompt10,dialog0739,analytics_gemma3_4b_prompt10_dialog0739,analytics,46.9,46.5,61.6,39.2,50.0,37.9,11.4,33.7,14.2,4.8
gemma3,4.3B,3. Инструменты обучения НС,Что такое SGD?,prompt10,dialog0740,analytics_gemma3_4b_prompt10_dialog0740,analytics,46.9,46.5,61.6,39.2,50.0,37.9,11.4,33.7,14.2,4.8
gemma3,4.3B,3. Инструменты обучения НС,Что такое Momentum в оптимизации?,prompt10,dialog0741,analytics_gemma3_4b_prompt10_dialog0741,analytics,46.9,46.5,61.6,39.2,50.0,37.9,11.4,33.7,14.2,4.8
gemma3,4.3B,3. Инструменты обучения НС,Что такое Adam?,prompt10,dialog0742,analytics_gemma3_4b_prompt10_dialog0742,analytics,46.9,46.5,61.6,39.2,50.0,37.9,11.4,33.7,14.2,4.8
gemma3,4.3B,3. Инструменты обучения НС,Что такое learning rate?,prompt10,dialog0743,analytics_gemma3_4b_prompt10_dialog0743,analytics,46.9,46.5,61.6,39.2,50.0,37.9,11.4,33.7,14.2,4.8
gemma3,4.3B,3. Инструменты обучения НС,Что такое метод Ньютона?,prompt10,dialog0744,analytics_gemma3_4b_prompt10_dialog0744,analytics,46.9,46.5,61.6,39.2,50.0,37.9,11.4,33.7,14.2,4.8
gemma3,4.3B,3. Инструменты обучения НС,Что такое RMSProp?,prompt10,dialog0745,analytics_gemma3_4b_prompt10_dialog0745,analytics,46.9,46.5,61.6,39.2,50.0,37.9,11.4,33.7,14.2,4.8
gemma3,4.3B,3. Инструменты обучения НС,"Вычисли шаг в SGD для L(w)=w^2, w=3, η=0.1.",prompt10,dialog0746,analytics_gemma3_4b_prompt10_dialog0746,analytics,46.9,46.5,61.6,39.2,50.0,37.9,11.4,33.7,14.2,4.8
gemma3,4.3B,3. Инструменты обучения НС,"Вычисли v_t в Momentum: γ=0.9, v_{t-1}=1, ∇L=2, η=0.1.",prompt10,dialog0747,analytics_gemma3_4b_prompt10_dialog0747,analytics,46.9,46.5,61.6,39.2,50.0,37.9,11.4,33.7,14.2,4.8
gemma3,4.3B,3. Инструменты обучения НС,"В Adagrad, G_{t-1,ii}=4, g_t=2, η=0.1, ε=1e-8.",prompt10,dialog0748,analytics_gemma3_4b_prompt10_dialog0748,analytics,46.9,46.5,61.6,39.2,50.0,37.9,11.4,33.7,14.2,4.8
gemma3,4.3B,3. Инструменты обучения НС,"Вычисли learning rate decay: η0=0.1, t=5, T=10, linear.",prompt10,dialog0749,analytics_gemma3_4b_prompt10_dialog0749,analytics,46.9,46.5,61.6,39.2,50.0,37.9,11.4,33.7,14.2,4.8
gemma3,4.3B,3. Инструменты обучения НС,"В Nesterov, вычисли ∇ в ω - γ v_{t-1}: γ=0.9, v=1, ∇=2.",prompt10,dialog0750,analytics_gemma3_4b_prompt10_dialog0750,analytics,46.9,46.5,61.6,39.2,50.0,37.9,11.4,33.7,14.2,4.8
gemma3,4.3B,1_Классификаторы_KNN_и_наивный_байес,Что такое метод k-ближайших соседей?,prompt9,dialog0691,analytics_gemma3_4b_prompt9_dialog0691,analytics,42.2,39.4,57.2,40.0,50.0,37.4,11.3,35.5,14.3,3.3
gemma3,4.3B,1_Классификаторы_KNN_и_наивный_байес,Как выбрать количество соседей k в k-NN?,prompt9,dialog0692,analytics_gemma3_4b_prompt9_dialog0692,analytics,42.2,39.4,57.2,40.0,50.0,37.4,11.3,35.5,14.3,3.3
gemma3,4.3B,1_Классификаторы_KNN_и_наивный_байес,Что такое евклидова метрика?,prompt9,dialog0693,analytics_gemma3_4b_prompt9_dialog0693,analytics,42.2,39.4,57.2,40.0,50.0,37.4,11.3,35.5,14.3,3.3
gemma3,4.3B,1_Классификаторы_KNN_и_наивный_байес,В чем суть наивного байесовского классификатора?,prompt9,dialog0694,analytics_gemma3_4b_prompt9_dialog0694,analytics,42.2,39.4,57.2,40.0,50.0,37.4,11.3,35.5,14.3,3.3
gemma3,4.3B,1_Классификаторы_KNN_и_наивный_байес,Как работает сглаживание по Лапласу?,prompt9,dialog0695,analytics_gemma3_4b_prompt9_dialog0695,analytics,42.2,39.4,57.2,40.0,50.0,37.4,11.3,35.5,14.3,3.3
gemma3,4.3B,1_Классификаторы_KNN_и_наивный_байес,Что такое манхэттенское расстояние?,prompt9,dialog0696,analytics_gemma3_4b_prompt9_dialog0696,analytics,42.2,39.4,57.2,40.0,50.0,37.4,11.3,35.5,14.3,3.3
gemma3,4.3B,1_Классификаторы_KNN_и_наивный_байес,Как вычислить вероятность класса в Naive Bayes?,prompt9,dialog0697,analytics_gemma3_4b_prompt9_dialog0697,analytics,42.2,39.4,57.2,40.0,50.0,37.4,11.3,35.5,14.3,3.3
gemma3,4.3B,1_Классификаторы_KNN_и_наивный_байес,Что такое расстояние Чебышёва?,prompt9,dialog0698,analytics_gemma3_4b_prompt9_dialog0698,analytics,42.2,39.4,57.2,40.0,50.0,37.4,11.3,35.5,14.3,3.3
gemma3,4.3B,1_Классификаторы_KNN_и_наивный_байес,Как классифицировать письмо как спам в Naive Bayes?,prompt9,dialog0699,analytics_gemma3_4b_prompt9_dialog0699,analytics,42.2,39.4,57.2,40.0,50.0,37.4,11.3,35.5,14.3,3.3
gemma3,4.3B,1_Классификаторы_KNN_и_наивный_байес,В чем разница между k-NN и взвешенным k-NN?,prompt9,dialog0700,analytics_gemma3_4b_prompt9_dialog0700,analytics,42.2,39.4,57.2,40.0,50.0,37.4,11.3,35.5,14.3,3.3
gemma3,4.3B,1_Классификаторы_KNN_и_наивный_байес,Вычисли вероятность спама для слова 'приз' из примера.,prompt9,dialog0701,analytics_gemma3_4b_prompt9_dialog0701,analytics,42.2,39.4,57.2,40.0,50.0,37.4,11.3,35.5,14.3,3.3
gemma3,4.3B,1_Классификаторы_KNN_и_наивный_байес,"Вычисли расстояние Евклида между (1,2) и (3,4).",prompt9,dialog0702,analytics_gemma3_4b_prompt9_dialog0702,analytics,42.2,39.4,57.2,40.0,50.0,37.4,11.3,35.5,14.3,3.3
gemma3,4.3B,1_Классификаторы_KNN_и_наивный_байес,"В примере с погодой, вычисли F(да) для теста.",prompt9,dialog0703,analytics_gemma3_4b_prompt9_dialog0703,analytics,42.2,39.4,57.2,40.0,50.0,37.4,11.3,35.5,14.3,3.3
gemma3,4.3B,1_Классификаторы_KNN_и_наивный_байес,"Вычисли P(да | пасмурно, холодно, влажно, да).",prompt9,dialog0704,analytics_gemma3_4b_prompt9_dialog0704,analytics,42.2,39.4,57.2,40.0,50.0,37.4,11.3,35.5,14.3,3.3
gemma3,4.3B,1_Классификаторы_KNN_и_наивный_байес,"В спам-примере, вычисли P(win|спам) с Laplace.",prompt9,dialog0705,analytics_gemma3_4b_prompt9_dialog0705,analytics,42.2,39.4,57.2,40.0,50.0,37.4,11.3,35.5,14.3,3.3
gemma3,4.3B,3. Инструменты обучения НС,Что такое autograd?,prompt9,dialog0706,analytics_gemma3_4b_prompt9_dialog0706,analytics,42.2,39.4,57.2,40.0,50.0,37.4,11.3,35.5,14.3,3.3
gemma3,4.3B,3. Инструменты обучения НС,Что такое TensorFlow?,prompt9,dialog0707,analytics_gemma3_4b_prompt9_dialog0707,analytics,42.2,39.4,57.2,40.0,50.0,37.4,11.3,35.5,14.3,3.3
gemma3,4.3B,3. Инструменты обучения НС,Что такое Keras?,prompt9,dialog0708,analytics_gemma3_4b_prompt9_dialog0708,analytics,42.2,39.4,57.2,40.0,50.0,37.4,11.3,35.5,14.3,3.3
gemma3,4.3B,3. Инструменты обучения НС,Что такое over-fitting?,prompt9,dialog0709,analytics_gemma3_4b_prompt9_dialog0709,analytics,42.2,39.4,57.2,40.0,50.0,37.4,11.3,35.5,14.3,3.3
gemma3,4.3B,3. Инструменты обучения НС,Что такое SGD?,prompt9,dialog0710,analytics_gemma3_4b_prompt9_dialog0710,analytics,42.2,39.4,57.2,40.0,50.0,37.4,11.3,35.5,14.3,3.3
gemma3,4.3B,3. Инструменты обучения НС,Что такое Momentum в оптимизации?,prompt9,dialog0711,analytics_gemma3_4b_prompt9_dialog0711,analytics,42.2,39.4,57.2,40.0,50.0,37.4,11.3,35.5,14.3,3.3
gemma3,4.3B,3. Инструменты обучения НС,Что такое Adam?,prompt9,dialog0712,analytics_gemma3_4b_prompt9_dialog0712,analytics,42.2,39.4,57.2,40.0,50.0,37.4,11.3,35.5,14.3,3.3
gemma3,4.3B,3. Инструменты обучения НС,Что такое learning rate?,prompt9,dialog0713,analytics_gemma3_4b_prompt9_dialog0713,analytics,42.2,39.4,57.2,40.0,50.0,37.4,11.3,35.5,14.3,3.3
gemma3,4.3B,3. Инструменты обучения НС,Что такое метод Ньютона?,prompt9,dialog0714,analytics_gemma3_4b_prompt9_dialog0714,analytics,42.2,39.4,57.2,40.0,50.0,37.4,11.3,35.5,14.3,3.3
gemma3,4.3B,3. Инструменты обучения НС,Что такое RMSProp?,prompt9,dialog0715,analytics_gemma3_4b_prompt9_dialog0715,analytics,42.2,39.4,57.2,40.0,50.0,37.4,11.3,35.5,14.3,3.3
gemma3,4.3B,3. Инструменты обучения НС,"Вычисли шаг в SGD для L(w)=w^2, w=3, η=0.1.",prompt9,dialog0716,analytics_gemma3_4b_prompt9_dialog0716,analytics,42.2,39.4,57.2,40.0,50.0,37.4,11.3,35.5,14.3,3.3
gemma3,4.3B,3. Инструменты обучения НС,"Вычисли v_t в Momentum: γ=0.9, v_{t-1}=1, ∇L=2, η=0.1.",prompt9,dialog0717,analytics_gemma3_4b_prompt9_dialog0717,analytics,42.2,39.4,57.2,40.0,50.0,37.4,11.3,35.5,14.3,3.3
gemma3,4.3B,3. Инструменты обучения НС,"В Adagrad, G_{t-1,ii}=4, g_t=2, η=0.1, ε=1e-8.",prompt9,dialog0718,analytics_gemma3_4b_prompt9_dialog0718,analytics,42.2,39.4,57.2,40.0,50.0,37.4,11.3,35.5,14.3,3.3
gemma3,4.3B,3. Инструменты обучения НС,"Вычисли learning rate decay: η0=0.1, t=5, T=10, linear.",prompt9,dialog0719,analytics_gemma3_4b_prompt9_dialog0719,analytics,42.2,39.4,57.2,40.0,50.0,37.4,11.3,35.5,14.3,3.3
gemma3,4.3B,3. Инструменты обучения НС,"В Nesterov, вычисли ∇ в ω - γ v_{t-1}: γ=0.9, v=1, ∇=2.",prompt9,dialog0720,analytics_gemma3_4b_prompt9_dialog0720,analytics,42.2,39.4,57.2,40.0,50.0,37.4,11.3,35.5,14.3,3.3
gemma3,4.3B,1_Классификаторы_KNN_и_наивный_байес,Что такое метод k-ближайших соседей?,prompt7,dialog0631,analytics_gemma3_4b_prompt7_dialog0631,analytics,45.7,44.0,60.0,38.8,50.0,39.2,9.9,36.5,13.4,3.6
gemma3,4.3B,1_Классификаторы_KNN_и_наивный_байес,Как выбрать количество соседей k в k-NN?,prompt7,dialog0632,analytics_gemma3_4b_prompt7_dialog0632,analytics,45.7,44.0,60.0,38.8,50.0,39.2,9.9,36.5,13.4,3.6
gemma3,4.3B,1_Классификаторы_KNN_и_наивный_байес,Что такое евклидова метрика?,prompt7,dialog0633,analytics_gemma3_4b_prompt7_dialog0633,analytics,45.7,44.0,60.0,38.8,50.0,39.2,9.9,36.5,13.4,3.6
gemma3,4.3B,1_Классификаторы_KNN_и_наивный_байес,В чем суть наивного байесовского классификатора?,prompt7,dialog0634,analytics_gemma3_4b_prompt7_dialog0634,analytics,45.7,44.0,60.0,38.8,50.0,39.2,9.9,36.5,13.4,3.6
gemma3,4.3B,1_Классификаторы_KNN_и_наивный_байес,Как работает сглаживание по Лапласу?,prompt7,dialog0635,analytics_gemma3_4b_prompt7_dialog0635,analytics,45.7,44.0,60.0,38.8,50.0,39.2,9.9,36.5,13.4,3.6
gemma3,4.3B,1_Классификаторы_KNN_и_наивный_байес,Что такое манхэттенское расстояние?,prompt7,dialog0636,analytics_gemma3_4b_prompt7_dialog0636,analytics,45.7,44.0,60.0,38.8,50.0,39.2,9.9,36.5,13.4,3.6
gemma3,4.3B,1_Классификаторы_KNN_и_наивный_байес,Как вычислить вероятность класса в Naive Bayes?,prompt7,dialog0637,analytics_gemma3_4b_prompt7_dialog0637,analytics,45.7,44.0,60.0,38.8,50.0,39.2,9.9,36.5,13.4,3.6
gemma3,4.3B,1_Классификаторы_KNN_и_наивный_байес,Что такое расстояние Чебышёва?,prompt7,dialog0638,analytics_gemma3_4b_prompt7_dialog0638,analytics,45.7,44.0,60.0,38.8,50.0,39.2,9.9,36.5,13.4,3.6
gemma3,4.3B,1_Классификаторы_KNN_и_наивный_байес,Как классифицировать письмо как спам в Naive Bayes?,prompt7,dialog0639,analytics_gemma3_4b_prompt7_dialog0639,analytics,45.7,44.0,60.0,38.8,50.0,39.2,9.9,36.5,13.4,3.6
gemma3,4.3B,1_Классификаторы_KNN_и_наивный_байес,В чем разница между k-NN и взвешенным k-NN?,prompt7,dialog0640,analytics_gemma3_4b_prompt7_dialog0640,analytics,45.7,44.0,60.0,38.8,50.0,39.2,9.9,36.5,13.4,3.6
gemma3,4.3B,1_Классификаторы_KNN_и_наивный_байес,Вычисли вероятность спама для слова 'приз' из примера.,prompt7,dialog0641,analytics_gemma3_4b_prompt7_dialog0641,analytics,45.7,44.0,60.0,38.8,50.0,39.2,9.9,36.5,13.4,3.6
gemma3,4.3B,1_Классификаторы_KNN_и_наивный_байес,"Вычисли расстояние Евклида между (1,2) и (3,4).",prompt7,dialog0642,analytics_gemma3_4b_prompt7_dialog0642,analytics,45.7,44.0,60.0,38.8,50.0,39.2,9.9,36.5,13.4,3.6
gemma3,4.3B,1_Классификаторы_KNN_и_наивный_байес,"В примере с погодой, вычисли F(да) для теста.",prompt7,dialog0643,analytics_gemma3_4b_prompt7_dialog0643,analytics,45.7,44.0,60.0,38.8,50.0,39.2,9.9,36.5,13.4,3.6
gemma3,4.3B,1_Классификаторы_KNN_и_наивный_байес,"Вычисли P(да | пасмурно, холодно, влажно, да).",prompt7,dialog0644,analytics_gemma3_4b_prompt7_dialog0644,analytics,45.7,44.0,60.0,38.8,50.0,39.2,9.9,36.5,13.4,3.6
gemma3,4.3B,1_Классификаторы_KNN_и_наивный_байес,"В спам-примере, вычисли P(win|спам) с Laplace.",prompt7,dialog0645,analytics_gemma3_4b_prompt7_dialog0645,analytics,45.7,44.0,60.0,38.8,50.0,39.2,9.9,36.5,13.4,3.6
gemma3,4.3B,3. Инструменты обучения НС,Что такое autograd?,prompt7,dialog0646,analytics_gemma3_4b_prompt7_dialog0646,analytics,45.7,44.0,60.0,38.8,50.0,39.2,9.9,36.5,13.4,3.6
gemma3,4.3B,3. Инструменты обучения НС,Что такое TensorFlow?,prompt7,dialog0647,analytics_gemma3_4b_prompt7_dialog0647,analytics,45.7,44.0,60.0,38.8,50.0,39.2,9.9,36.5,13.4,3.6
gemma3,4.3B,3. Инструменты обучения НС,Что такое Keras?,prompt7,dialog0648,analytics_gemma3_4b_prompt7_dialog0648,analytics,45.7,44.0,60.0,38.8,50.0,39.2,9.9,36.5,13.4,3.6
gemma3,4.3B,3. Инструменты обучения НС,Что такое over-fitting?,prompt7,dialog0649,analytics_gemma3_4b_prompt7_dialog0649,analytics,45.7,44.0,60.0,38.8,50.0,39.2,9.9,36.5,13.4,3.6
gemma3,4.3B,3. Инструменты обучения НС,Что такое SGD?,prompt7,dialog0650,analytics_gemma3_4b_prompt7_dialog0650,analytics,45.7,44.0,60.0,38.8,50.0,39.2,9.9,36.5,13.4,3.6
gemma3,4.3B,3. Инструменты обучения НС,Что такое Momentum в оптимизации?,prompt7,dialog0651,analytics_gemma3_4b_prompt7_dialog0651,analytics,45.7,44.0,60.0,38.8,50.0,39.2,9.9,36.5,13.4,3.6
gemma3,4.3B,3. Инструменты обучения НС,Что такое Adam?,prompt7,dialog0652,analytics_gemma3_4b_prompt7_dialog0652,analytics,45.7,44.0,60.0,38.8,50.0,39.2,9.9,36.5,13.4,3.6
gemma3,4.3B,3. Инструменты обучения НС,Что такое learning rate?,prompt7,dialog0653,analytics_gemma3_4b_prompt7_dialog0653,analytics,45.7,44.0,60.0,38.8,50.0,39.2,9.9,36.5,13.4,3.6
gemma3,4.3B,3. Инструменты обучения НС,Что такое метод Ньютона?,prompt7,dialog0654,analytics_gemma3_4b_prompt7_dialog0654,analytics,45.7,44.0,60.0,38.8,50.0,39.2,9.9,36.5,13.4,3.6
gemma3,4.3B,3. Инструменты обучения НС,Что такое RMSProp?,prompt7,dialog0655,analytics_gemma3_4b_prompt7_dialog0655,analytics,45.7,44.0,60.0,38.8,50.0,39.2,9.9,36.5,13.4,3.6
gemma3,4.3B,3. Инструменты обучения НС,"Вычисли шаг в SGD для L(w)=w^2, w=3, η=0.1.",prompt7,dialog0656,analytics_gemma3_4b_prompt7_dialog0656,analytics,45.7,44.0,60.0,38.8,50.0,39.2,9.9,36.5,13.4,3.6
gemma3,4.3B,3. Инструменты обучения НС,"Вычисли v_t в Momentum: γ=0.9, v_{t-1}=1, ∇L=2, η=0.1.",prompt7,dialog0657,analytics_gemma3_4b_prompt7_dialog0657,analytics,45.7,44.0,60.0,38.8,50.0,39.2,9.9,36.5,13.4,3.6
gemma3,4.3B,3. Инструменты обучения НС,"В Adagrad, G_{t-1,ii}=4, g_t=2, η=0.1, ε=1e-8.",prompt7,dialog0658,analytics_gemma3_4b_prompt7_dialog0658,analytics,45.7,44.0,60.0,38.8,50.0,39.2,9.9,36.5,13.4,3.6
gemma3,4.3B,3. Инструменты обучения НС,"Вычисли learning rate decay: η0=0.1, t=5, T=10, linear.",prompt7,dialog0659,analytics_gemma3_4b_prompt7_dialog0659,analytics,45.7,44.0,60.0,38.8,50.0,39.2,9.9,36.5,13.4,3.6
gemma3,4.3B,3. Инструменты обучения НС,"В Nesterov, вычисли ∇ в ω - γ v_{t-1}: γ=0.9, v=1, ∇=2.",prompt7,dialog0660,analytics_gemma3_4b_prompt7_dialog0660,analytics,45.7,44.0,60.0,38.8,50.0,39.2,9.9,36.5,13.4,3.6
gemma3,4.3B,1_Классификаторы_KNN_и_наивный_байес,Что такое метод k-ближайших соседей?,prompt6,dialog0601,analytics_gemma3_4b_prompt6_dialog0601,analytics,48.8,48.0,61.6,38.8,50.0,36.8,9.3,33.7,12.4,7.0
gemma3,4.3B,1_Классификаторы_KNN_и_наивный_байес,Как выбрать количество соседей k в k-NN?,prompt6,dialog0602,analytics_gemma3_4b_prompt6_dialog0602,analytics,48.8,48.0,61.6,38.8,50.0,36.8,9.3,33.7,12.4,7.0
gemma3,4.3B,1_Классификаторы_KNN_и_наивный_байес,Что такое евклидова метрика?,prompt6,dialog0603,analytics_gemma3_4b_prompt6_dialog0603,analytics,48.8,48.0,61.6,38.8,50.0,36.8,9.3,33.7,12.4,7.0
gemma3,4.3B,1_Классификаторы_KNN_и_наивный_байес,В чем суть наивного байесовского классификатора?,prompt6,dialog0604,analytics_gemma3_4b_prompt6_dialog0604,analytics,48.8,48.0,61.6,38.8,50.0,36.8,9.3,33.7,12.4,7.0
gemma3,4.3B,1_Классификаторы_KNN_и_наивный_байес,Как работает сглаживание по Лапласу?,prompt6,dialog0605,analytics_gemma3_4b_prompt6_dialog0605,analytics,48.8,48.0,61.6,38.8,50.0,36.8,9.3,33.7,12.4,7.0
gemma3,4.3B,1_Классификаторы_KNN_и_наивный_байес,Что такое манхэттенское расстояние?,prompt6,dialog0606,analytics_gemma3_4b_prompt6_dialog0606,analytics,48.8,48.0,61.6,38.8,50.0,36.8,9.3,33.7,12.4,7.0
gemma3,4.3B,1_Классификаторы_KNN_и_наивный_байес,Как вычислить вероятность класса в Naive Bayes?,prompt6,dialog0607,analytics_gemma3_4b_prompt6_dialog0607,analytics,48.8,48.0,61.6,38.8,50.0,36.8,9.3,33.7,12.4,7.0
gemma3,4.3B,1_Классификаторы_KNN_и_наивный_байес,Что такое расстояние Чебышёва?,prompt6,dialog0608,analytics_gemma3_4b_prompt6_dialog0608,analytics,48.8,48.0,61.6,38.8,50.0,36.8,9.3,33.7,12.4,7.0
gemma3,4.3B,1_Классификаторы_KNN_и_наивный_байес,Как классифицировать письмо как спам в Naive Bayes?,prompt6,dialog0609,analytics_gemma3_4b_prompt6_dialog0609,analytics,48.8,48.0,61.6,38.8,50.0,36.8,9.3,33.7,12.4,7.0
gemma3,4.3B,1_Классификаторы_KNN_и_наивный_байес,В чем разница между k-NN и взвешенным k-NN?,prompt6,dialog0610,analytics_gemma3_4b_prompt6_dialog0610,analytics,48.8,48.0,61.6,38.8,50.0,36.8,9.3,33.7,12.4,7.0
gemma3,4.3B,1_Классификаторы_KNN_и_наивный_байес,Вычисли вероятность спама для слова 'приз' из примера.,prompt6,dialog0611,analytics_gemma3_4b_prompt6_dialog0611,analytics,48.8,48.0,61.6,38.8,50.0,36.8,9.3,33.7,12.4,7.0
gemma3,4.3B,1_Классификаторы_KNN_и_наивный_байес,"Вычисли расстояние Евклида между (1,2) и (3,4).",prompt6,dialog0612,analytics_gemma3_4b_prompt6_dialog0612,analytics,48.8,48.0,61.6,38.8,50.0,36.8,9.3,33.7,12.4,7.0
gemma3,4.3B,1_Классификаторы_KNN_и_наивный_байес,"В примере с погодой, вычисли F(да) для теста.",prompt6,dialog0613,analytics_gemma3_4b_prompt6_dialog0613,analytics,48.8,48.0,61.6,38.8,50.0,36.8,9.3,33.7,12.4,7.0
gemma3,4.3B,1_Классификаторы_KNN_и_наивный_байес,"Вычисли P(да | пасмурно, холодно, влажно, да).",prompt6,dialog0614,analytics_gemma3_4b_prompt6_dialog0614,analytics,48.8,48.0,61.6,38.8,50.0,36.8,9.3,33.7,12.4,7.0
gemma3,4.3B,1_Классификаторы_KNN_и_наивный_байес,"В спам-примере, вычисли P(win|спам) с Laplace.",prompt6,dialog0615,analytics_gemma3_4b_prompt6_dialog0615,analytics,48.8,48.0,61.6,38.8,50.0,36.8,9.3,33.7,12.4,7.0
gemma3,4.3B,3. Инструменты обучения НС,Что такое autograd?,prompt6,dialog0616,analytics_gemma3_4b_prompt6_dialog0616,analytics,48.8,48.0,61.6,38.8,50.0,36.8,9.3,33.7,12.4,7.0
gemma3,4.3B,3. Инструменты обучения НС,Что такое TensorFlow?,prompt6,dialog0617,analytics_gemma3_4b_prompt6_dialog0617,analytics,48.8,48.0,61.6,38.8,50.0,36.8,9.3,33.7,12.4,7.0
gemma3,4.3B,3. Инструменты обучения НС,Что такое Keras?,prompt6,dialog0618,analytics_gemma3_4b_prompt6_dialog0618,analytics,48.8,48.0,61.6,38.8,50.0,36.8,9.3,33.7,12.4,7.0
gemma3,4.3B,3. Инструменты обучения НС,Что такое over-fitting?,prompt6,dialog0619,analytics_gemma3_4b_prompt6_dialog0619,analytics,48.8,48.0,61.6,38.8,50.0,36.8,9.3,33.7,12.4,7.0
gemma3,4.3B,3. Инструменты обучения НС,Что такое SGD?,prompt6,dialog0620,analytics_gemma3_4b_prompt6_dialog0620,analytics,48.8,48.0,61.6,38.8,50.0,36.8,9.3,33.7,12.4,7.0
gemma3,4.3B,3. Инструменты обучения НС,Что такое Momentum в оптимизации?,prompt6,dialog0621,analytics_gemma3_4b_prompt6_dialog0621,analytics,48.8,48.0,61.6,38.8,50.0,36.8,9.3,33.7,12.4,7.0
gemma3,4.3B,3. Инструменты обучения НС,Что такое Adam?,prompt6,dialog0622,analytics_gemma3_4b_prompt6_dialog0622,analytics,48.8,48.0,61.6,38.8,50.0,36.8,9.3,33.7,12.4,7.0
gemma3,4.3B,3. Инструменты обучения НС,Что такое learning rate?,prompt6,dialog0623,analytics_gemma3_4b_prompt6_dialog0623,analytics,48.8,48.0,61.6,38.8,50.0,36.8,9.3,33.7,12.4,7.0
gemma3,4.3B,3. Инструменты обучения НС,Что такое метод Ньютона?,prompt6,dialog0624,analytics_gemma3_4b_prompt6_dialog0624,analytics,48.8,48.0,61.6,38.8,50.0,36.8,9.3,33.7,12.4,7.0
gemma3,4.3B,3. Инструменты обучения НС,Что такое RMSProp?,prompt6,dialog0625,analytics_gemma3_4b_prompt6_dialog0625,analytics,48.8,48.0,61.6,38.8,50.0,36.8,9.3,33.7,12.4,7.0
gemma3,4.3B,3. Инструменты обучения НС,"Вычисли шаг в SGD для L(w)=w^2, w=3, η=0.1.",prompt6,dialog0626,analytics_gemma3_4b_prompt6_dialog0626,analytics,48.8,48.0,61.6,38.8,50.0,36.8,9.3,33.7,12.4,7.0
gemma3,4.3B,3. Инструменты обучения НС,"Вычисли v_t в Momentum: γ=0.9, v_{t-1}=1, ∇L=2, η=0.1.",prompt6,dialog0627,analytics_gemma3_4b_prompt6_dialog0627,analytics,48.8,48.0,61.6,38.8,50.0,36.8,9.3,33.7,12.4,7.0
gemma3,4.3B,3. Инструменты обучения НС,"В Adagrad, G_{t-1,ii}=4, g_t=2, η=0.1, ε=1e-8.",prompt6,dialog0628,analytics_gemma3_4b_prompt6_dialog0628,analytics,48.8,48.0,61.6,38.8,50.0,36.8,9.3,33.7,12.4,7.0
gemma3,4.3B,3. Инструменты обучения НС,"Вычисли learning rate decay: η0=0.1, t=5, T=10, linear.",prompt6,dialog0629,analytics_gemma3_4b_prompt6_dialog0629,analytics,48.8,48.0,61.6,38.8,50.0,36.8,9.3,33.7,12.4,7.0
gemma3,4.3B,3. Инструменты обучения НС,"В Nesterov, вычисли ∇ в ω - γ v_{t-1}: γ=0.9, v=1, ∇=2.",prompt6,dialog0630,analytics_gemma3_4b_prompt6_dialog0630,analytics,48.8,48.0,61.6,38.8,50.0,36.8,9.3,33.7,12.4,7.0
gemma3,4.3B,1_Классификаторы_KNN_и_наивный_байес,Что такое метод k-ближайших соседей?,prompt1,dialog0451,analytics_gemma3_4b_prompt1_dialog0451,analytics,45.2,42.2,57.8,39.2,50.0,39.7,7.1,39.5,17.0,3.4
gemma3,4.3B,1_Классификаторы_KNN_и_наивный_байес,Как выбрать количество соседей k в k-NN?,prompt1,dialog0452,analytics_gemma3_4b_prompt1_dialog0452,analytics,45.2,42.2,57.8,39.2,50.0,39.7,7.1,39.5,17.0,3.4
gemma3,4.3B,1_Классификаторы_KNN_и_наивный_байес,Что такое евклидова метрика?,prompt1,dialog0453,analytics_gemma3_4b_prompt1_dialog0453,analytics,45.2,42.2,57.8,39.2,50.0,39.7,7.1,39.5,17.0,3.4
gemma3,4.3B,1_Классификаторы_KNN_и_наивный_байес,В чем суть наивного байесовского классификатора?,prompt1,dialog0454,analytics_gemma3_4b_prompt1_dialog0454,analytics,45.2,42.2,57.8,39.2,50.0,39.7,7.1,39.5,17.0,3.4
gemma3,4.3B,1_Классификаторы_KNN_и_наивный_байес,Как работает сглаживание по Лапласу?,prompt1,dialog0455,analytics_gemma3_4b_prompt1_dialog0455,analytics,45.2,42.2,57.8,39.2,50.0,39.7,7.1,39.5,17.0,3.4
gemma3,4.3B,1_Классификаторы_KNN_и_наивный_байес,Что такое манхэттенское расстояние?,prompt1,dialog0456,analytics_gemma3_4b_prompt1_dialog0456,analytics,45.2,42.2,57.8,39.2,50.0,39.7,7.1,39.5,17.0,3.4
gemma3,4.3B,1_Классификаторы_KNN_и_наивный_байес,Как вычислить вероятность класса в Naive Bayes?,prompt1,dialog0457,analytics_gemma3_4b_prompt1_dialog0457,analytics,45.2,42.2,57.8,39.2,50.0,39.7,7.1,39.5,17.0,3.4
gemma3,4.3B,1_Классификаторы_KNN_и_наивный_байес,Что такое расстояние Чебышёва?,prompt1,dialog0458,analytics_gemma3_4b_prompt1_dialog0458,analytics,45.2,42.2,57.8,39.2,50.0,39.7,7.1,39.5,17.0,3.4
gemma3,4.3B,1_Классификаторы_KNN_и_наивный_байес,Как классифицировать письмо как спам в Naive Bayes?,prompt1,dialog0459,analytics_gemma3_4b_prompt1_dialog0459,analytics,45.2,42.2,57.8,39.2,50.0,39.7,7.1,39.5,17.0,3.4
gemma3,4.3B,1_Классификаторы_KNN_и_наивный_байес,В чем разница между k-NN и взвешенным k-NN?,prompt1,dialog0460,analytics_gemma3_4b_prompt1_dialog0460,analytics,45.2,42.2,57.8,39.2,50.0,39.7,7.1,39.5,17.0,3.4
gemma3,4.3B,1_Классификаторы_KNN_и_наивный_байес,Вычисли вероятность спама для слова 'приз' из примера.,prompt1,dialog0461,analytics_gemma3_4b_prompt1_dialog0461,analytics,45.2,42.2,57.8,39.2,50.0,39.7,7.1,39.5,17.0,3.4
gemma3,4.3B,1_Классификаторы_KNN_и_наивный_байес,"Вычисли расстояние Евклида между (1,2) и (3,4).",prompt1,dialog0462,analytics_gemma3_4b_prompt1_dialog0462,analytics,45.2,42.2,57.8,39.2,50.0,39.7,7.1,39.5,17.0,3.4
gemma3,4.3B,1_Классификаторы_KNN_и_наивный_байес,"В примере с погодой, вычисли F(да) для теста.",prompt1,dialog0463,analytics_gemma3_4b_prompt1_dialog0463,analytics,45.2,42.2,57.8,39.2,50.0,39.7,7.1,39.5,17.0,3.4
gemma3,4.3B,1_Классификаторы_KNN_и_наивный_байес,"Вычисли P(да | пасмурно, холодно, влажно, да).",prompt1,dialog0464,analytics_gemma3_4b_prompt1_dialog0464,analytics,45.2,42.2,57.8,39.2,50.0,39.7,7.1,39.5,17.0,3.4
gemma3,4.3B,1_Классификаторы_KNN_и_наивный_байес,"В спам-примере, вычисли P(win|спам) с Laplace.",prompt1,dialog0465,analytics_gemma3_4b_prompt1_dialog0465,analytics,45.2,42.2,57.8,39.2,50.0,39.7,7.1,39.5,17.0,3.4
gemma3,4.3B,3. Инструменты обучения НС,Что такое autograd?,prompt1,dialog0466,analytics_gemma3_4b_prompt1_dialog0466,analytics,45.2,42.2,57.8,39.2,50.0,39.7,7.1,39.5,17.0,3.4
gemma3,4.3B,3. Инструменты обучения НС,Что такое TensorFlow?,prompt1,dialog0467,analytics_gemma3_4b_prompt1_dialog0467,analytics,45.2,42.2,57.8,39.2,50.0,39.7,7.1,39.5,17.0,3.4
gemma3,4.3B,3. Инструменты обучения НС,Что такое Keras?,prompt1,dialog0468,analytics_gemma3_4b_prompt1_dialog0468,analytics,45.2,42.2,57.8,39.2,50.0,39.7,7.1,39.5,17.0,3.4
gemma3,4.3B,3. Инструменты обучения НС,Что такое over-fitting?,prompt1,dialog0469,analytics_gemma3_4b_prompt1_dialog0469,analytics,45.2,42.2,57.8,39.2,50.0,39.7,7.1,39.5,17.0,3.4
gemma3,4.3B,3. Инструменты обучения НС,Что такое SGD?,prompt1,dialog0470,analytics_gemma3_4b_prompt1_dialog0470,analytics,45.2,42.2,57.8,39.2,50.0,39.7,7.1,39.5,17.0,3.4
gemma3,4.3B,3. Инструменты обучения НС,Что такое Momentum в оптимизации?,prompt1,dialog0471,analytics_gemma3_4b_prompt1_dialog0471,analytics,45.2,42.2,57.8,39.2,50.0,39.7,7.1,39.5,17.0,3.4
gemma3,4.3B,3. Инструменты обучения НС,Что такое Adam?,prompt1,dialog0472,analytics_gemma3_4b_prompt1_dialog0472,analytics,45.2,42.2,57.8,39.2,50.0,39.7,7.1,39.5,17.0,3.4
gemma3,4.3B,3. Инструменты обучения НС,Что такое learning rate?,prompt1,dialog0473,analytics_gemma3_4b_prompt1_dialog0473,analytics,45.2,42.2,57.8,39.2,50.0,39.7,7.1,39.5,17.0,3.4
gemma3,4.3B,3. Инструменты обучения НС,Что такое метод Ньютона?,prompt1,dialog0474,analytics_gemma3_4b_prompt1_dialog0474,analytics,45.2,42.2,57.8,39.2,50.0,39.7,7.1,39.5,17.0,3.4
gemma3,4.3B,3. Инструменты обучения НС,Что такое RMSProp?,prompt1,dialog0475,analytics_gemma3_4b_prompt1_dialog0475,analytics,45.2,42.2,57.8,39.2,50.0,39.7,7.1,39.5,17.0,3.4
gemma3,4.3B,3. Инструменты обучения НС,"Вычисли шаг в SGD для L(w)=w^2, w=3, η=0.1.",prompt1,dialog0476,analytics_gemma3_4b_prompt1_dialog0476,analytics,45.2,42.2,57.8,39.2,50.0,39.7,7.1,39.5,17.0,3.4
gemma3,4.3B,3. Инструменты обучения НС,"Вычисли v_t в Momentum: γ=0.9, v_{t-1}=1, ∇L=2, η=0.1.",prompt1,dialog0477,analytics_gemma3_4b_prompt1_dialog0477,analytics,45.2,42.2,57.8,39.2,50.0,39.7,7.1,39.5,17.0,3.4
gemma3,4.3B,3. Инструменты обучения НС,"В Adagrad, G_{t-1,ii}=4, g_t=2, η=0.1, ε=1e-8.",prompt1,dialog0478,analytics_gemma3_4b_prompt1_dialog0478,analytics,45.2,42.2,57.8,39.2,50.0,39.7,7.1,39.5,17.0,3.4
gemma3,4.3B,3. Инструменты обучения НС,"Вычисли learning rate decay: η0=0.1, t=5, T=10, linear.",prompt1,dialog0479,analytics_gemma3_4b_prompt1_dialog0479,analytics,45.2,42.2,57.8,39.2,50.0,39.7,7.1,39.5,17.0,3.4
gemma3,4.3B,3. Инструменты обучения НС,"В Nesterov, вычисли ∇ в ω - γ v_{t-1}: γ=0.9, v=1, ∇=2.",prompt1,dialog0480,analytics_gemma3_4b_prompt1_dialog0480,analytics,45.2,42.2,57.8,39.2,50.0,39.7,7.1,39.5,17.0,3.4
gemma3,4.3B,1_Классификаторы_KNN_и_наивный_байес,Что такое метод k-ближайших соседей?,prompt8,dialog0661,analytics_gemma3_4b_prompt8_dialog0661,analytics,42.8,42.7,54.2,39.2,50.0,36.4,8.7,38.2,17.0,3.2
gemma3,4.3B,1_Классификаторы_KNN_и_наивный_байес,Как выбрать количество соседей k в k-NN?,prompt8,dialog0662,analytics_gemma3_4b_prompt8_dialog0662,analytics,42.8,42.7,54.2,39.2,50.0,36.4,8.7,38.2,17.0,3.2
gemma3,4.3B,1_Классификаторы_KNN_и_наивный_байес,Что такое евклидова метрика?,prompt8,dialog0663,analytics_gemma3_4b_prompt8_dialog0663,analytics,42.8,42.7,54.2,39.2,50.0,36.4,8.7,38.2,17.0,3.2
gemma3,4.3B,1_Классификаторы_KNN_и_наивный_байес,В чем суть наивного байесовского классификатора?,prompt8,dialog0664,analytics_gemma3_4b_prompt8_dialog0664,analytics,42.8,42.7,54.2,39.2,50.0,36.4,8.7,38.2,17.0,3.2
gemma3,4.3B,1_Классификаторы_KNN_и_наивный_байес,Как работает сглаживание по Лапласу?,prompt8,dialog0665,analytics_gemma3_4b_prompt8_dialog0665,analytics,42.8,42.7,54.2,39.2,50.0,36.4,8.7,38.2,17.0,3.2
gemma3,4.3B,1_Классификаторы_KNN_и_наивный_байес,Что такое манхэттенское расстояние?,prompt8,dialog0666,analytics_gemma3_4b_prompt8_dialog0666,analytics,42.8,42.7,54.2,39.2,50.0,36.4,8.7,38.2,17.0,3.2
gemma3,4.3B,1_Классификаторы_KNN_и_наивный_байес,Как вычислить вероятность класса в Naive Bayes?,prompt8,dialog0667,analytics_gemma3_4b_prompt8_dialog0667,analytics,42.8,42.7,54.2,39.2,50.0,36.4,8.7,38.2,17.0,3.2
gemma3,4.3B,1_Классификаторы_KNN_и_наивный_байес,Что такое расстояние Чебышёва?,prompt8,dialog0668,analytics_gemma3_4b_prompt8_dialog0668,analytics,42.8,42.7,54.2,39.2,50.0,36.4,8.7,38.2,17.0,3.2
gemma3,4.3B,1_Классификаторы_KNN_и_наивный_байес,Как классифицировать письмо как спам в Naive Bayes?,prompt8,dialog0669,analytics_gemma3_4b_prompt8_dialog0669,analytics,42.8,42.7,54.2,39.2,50.0,36.4,8.7,38.2,17.0,3.2
gemma3,4.3B,1_Классификаторы_KNN_и_наивный_байес,В чем разница между k-NN и взвешенным k-NN?,prompt8,dialog0670,analytics_gemma3_4b_prompt8_dialog0670,analytics,42.8,42.7,54.2,39.2,50.0,36.4,8.7,38.2,17.0,3.2
gemma3,4.3B,1_Классификаторы_KNN_и_наивный_байес,Вычисли вероятность спама для слова 'приз' из примера.,prompt8,dialog0671,analytics_gemma3_4b_prompt8_dialog0671,analytics,42.8,42.7,54.2,39.2,50.0,36.4,8.7,38.2,17.0,3.2
gemma3,4.3B,1_Классификаторы_KNN_и_наивный_байес,"Вычисли расстояние Евклида между (1,2) и (3,4).",prompt8,dialog0672,analytics_gemma3_4b_prompt8_dialog0672,analytics,42.8,42.7,54.2,39.2,50.0,36.4,8.7,38.2,17.0,3.2
gemma3,4.3B,1_Классификаторы_KNN_и_наивный_байес,"В примере с погодой, вычисли F(да) для теста.",prompt8,dialog0673,analytics_gemma3_4b_prompt8_dialog0673,analytics,42.8,42.7,54.2,39.2,50.0,36.4,8.7,38.2,17.0,3.2
gemma3,4.3B,1_Классификаторы_KNN_и_наивный_байес,"Вычисли P(да | пасмурно, холодно, влажно, да).",prompt8,dialog0674,analytics_gemma3_4b_prompt8_dialog0674,analytics,42.8,42.7,54.2,39.2,50.0,36.4,8.7,38.2,17.0,3.2
gemma3,4.3B,1_Классификаторы_KNN_и_наивный_байес,"В спам-примере, вычисли P(win|спам) с Laplace.",prompt8,dialog0675,analytics_gemma3_4b_prompt8_dialog0675,analytics,42.8,42.7,54.2,39.2,50.0,36.4,8.7,38.2,17.0,3.2
gemma3,4.3B,3. Инструменты обучения НС,Что такое autograd?,prompt8,dialog0676,analytics_gemma3_4b_prompt8_dialog0676,analytics,42.8,42.7,54.2,39.2,50.0,36.4,8.7,38.2,17.0,3.2
gemma3,4.3B,3. Инструменты обучения НС,Что такое TensorFlow?,prompt8,dialog0677,analytics_gemma3_4b_prompt8_dialog0677,analytics,42.8,42.7,54.2,39.2,50.0,36.4,8.7,38.2,17.0,3.2
gemma3,4.3B,3. Инструменты обучения НС,Что такое Keras?,prompt8,dialog0678,analytics_gemma3_4b_prompt8_dialog0678,analytics,42.8,42.7,54.2,39.2,50.0,36.4,8.7,38.2,17.0,3.2
gemma3,4.3B,3. Инструменты обучения НС,Что такое over-fitting?,prompt8,dialog0679,analytics_gemma3_4b_prompt8_dialog0679,analytics,42.8,42.7,54.2,39.2,50.0,36.4,8.7,38.2,17.0,3.2
gemma3,4.3B,3. Инструменты обучения НС,Что такое SGD?,prompt8,dialog0680,analytics_gemma3_4b_prompt8_dialog0680,analytics,42.8,42.7,54.2,39.2,50.0,36.4,8.7,38.2,17.0,3.2
gemma3,4.3B,3. Инструменты обучения НС,Что такое Momentum в оптимизации?,prompt8,dialog0681,analytics_gemma3_4b_prompt8_dialog0681,analytics,42.8,42.7,54.2,39.2,50.0,36.4,8.7,38.2,17.0,3.2
gemma3,4.3B,3. Инструменты обучения НС,Что такое Adam?,prompt8,dialog0682,analytics_gemma3_4b_prompt8_dialog0682,analytics,42.8,42.7,54.2,39.2,50.0,36.4,8.7,38.2,17.0,3.2
gemma3,4.3B,3. Инструменты обучения НС,Что такое learning rate?,prompt8,dialog0683,analytics_gemma3_4b_prompt8_dialog0683,analytics,42.8,42.7,54.2,39.2,50.0,36.4,8.7,38.2,17.0,3.2
gemma3,4.3B,3. Инструменты обучения НС,Что такое метод Ньютона?,prompt8,dialog0684,analytics_gemma3_4b_prompt8_dialog0684,analytics,42.8,42.7,54.2,39.2,50.0,36.4,8.7,38.2,17.0,3.2
gemma3,4.3B,3. Инструменты обучения НС,Что такое RMSProp?,prompt8,dialog0685,analytics_gemma3_4b_prompt8_dialog0685,analytics,42.8,42.7,54.2,39.2,50.0,36.4,8.7,38.2,17.0,3.2
gemma3,4.3B,3. Инструменты обучения НС,"Вычисли шаг в SGD для L(w)=w^2, w=3, η=0.1.",prompt8,dialog0686,analytics_gemma3_4b_prompt8_dialog0686,analytics,42.8,42.7,54.2,39.2,50.0,36.4,8.7,38.2,17.0,3.2
gemma3,4.3B,3. Инструменты обучения НС,"Вычисли v_t в Momentum: γ=0.9, v_{t-1}=1, ∇L=2, η=0.1.",prompt8,dialog0687,analytics_gemma3_4b_prompt8_dialog0687,analytics,42.8,42.7,54.2,39.2,50.0,36.4,8.7,38.2,17.0,3.2
gemma3,4.3B,3. Инструменты обучения НС,"В Adagrad, G_{t-1,ii}=4, g_t=2, η=0.1, ε=1e-8.",prompt8,dialog0688,analytics_gemma3_4b_prompt8_dialog0688,analytics,42.8,42.7,54.2,39.2,50.0,36.4,8.7,38.2,17.0,3.2
gemma3,4.3B,3. Инструменты обучения НС,"Вычисли learning rate decay: η0=0.1, t=5, T=10, linear.",prompt8,dialog0689,analytics_gemma3_4b_prompt8_dialog0689,analytics,42.8,42.7,54.2,39.2,50.0,36.4,8.7,38.2,17.0,3.2
gemma3,4.3B,3. Инструменты обучения НС,"В Nesterov, вычисли ∇ в ω - γ v_{t-1}: γ=0.9, v=1, ∇=2.",prompt8,dialog0690,analytics_gemma3_4b_prompt8_dialog0690,analytics,42.8,42.7,54.2,39.2,50.0,36.4,8.7,38.2,17.0,3.2
gemma3,4.3B,1_Классификаторы_KNN_и_наивный_байес,Что такое метод k-ближайших соседей?,prompt11,dialog0751,analytics_gemma3_4b_prompt11_dialog0751,analytics,45.6,47.8,54.3,39.2,50.0,37.9,9.8,37.9,13.5,2.4
gemma3,4.3B,1_Классификаторы_KNN_и_наивный_байес,Как выбрать количество соседей k в k-NN?,prompt11,dialog0752,analytics_gemma3_4b_prompt11_dialog0752,analytics,45.6,47.8,54.3,39.2,50.0,37.9,9.8,37.9,13.5,2.4
gemma3,4.3B,1_Классификаторы_KNN_и_наивный_байес,Что такое евклидова метрика?,prompt11,dialog0753,analytics_gemma3_4b_prompt11_dialog0753,analytics,45.6,47.8,54.3,39.2,50.0,37.9,9.8,37.9,13.5,2.4
gemma3,4.3B,1_Классификаторы_KNN_и_наивный_байес,В чем суть наивного байесовского классификатора?,prompt11,dialog0754,analytics_gemma3_4b_prompt11_dialog0754,analytics,45.6,47.8,54.3,39.2,50.0,37.9,9.8,37.9,13.5,2.4
gemma3,4.3B,1_Классификаторы_KNN_и_наивный_байес,Как работает сглаживание по Лапласу?,prompt11,dialog0755,analytics_gemma3_4b_prompt11_dialog0755,analytics,45.6,47.8,54.3,39.2,50.0,37.9,9.8,37.9,13.5,2.4
gemma3,4.3B,1_Классификаторы_KNN_и_наивный_байес,Что такое манхэттенское расстояние?,prompt11,dialog0756,analytics_gemma3_4b_prompt11_dialog0756,analytics,45.6,47.8,54.3,39.2,50.0,37.9,9.8,37.9,13.5,2.4
gemma3,4.3B,1_Классификаторы_KNN_и_наивный_байес,Как вычислить вероятность класса в Naive Bayes?,prompt11,dialog0757,analytics_gemma3_4b_prompt11_dialog0757,analytics,45.6,47.8,54.3,39.2,50.0,37.9,9.8,37.9,13.5,2.4
gemma3,4.3B,1_Классификаторы_KNN_и_наивный_байес,Что такое расстояние Чебышёва?,prompt11,dialog0758,analytics_gemma3_4b_prompt11_dialog0758,analytics,45.6,47.8,54.3,39.2,50.0,37.9,9.8,37.9,13.5,2.4
gemma3,4.3B,1_Классификаторы_KNN_и_наивный_байес,Как классифицировать письмо как спам в Naive Bayes?,prompt11,dialog0759,analytics_gemma3_4b_prompt11_dialog0759,analytics,45.6,47.8,54.3,39.2,50.0,37.9,9.8,37.9,13.5,2.4
gemma3,4.3B,1_Классификаторы_KNN_и_наивный_байес,В чем разница между k-NN и взвешенным k-NN?,prompt11,dialog0760,analytics_gemma3_4b_prompt11_dialog0760,analytics,45.6,47.8,54.3,39.2,50.0,37.9,9.8,37.9,13.5,2.4
gemma3,4.3B,1_Классификаторы_KNN_и_наивный_байес,Вычисли вероятность спама для слова 'приз' из примера.,prompt11,dialog0761,analytics_gemma3_4b_prompt11_dialog0761,analytics,45.6,47.8,54.3,39.2,50.0,37.9,9.8,37.9,13.5,2.4
gemma3,4.3B,1_Классификаторы_KNN_и_наивный_байес,"Вычисли расстояние Евклида между (1,2) и (3,4).",prompt11,dialog0762,analytics_gemma3_4b_prompt11_dialog0762,analytics,45.6,47.8,54.3,39.2,50.0,37.9,9.8,37.9,13.5,2.4
gemma3,4.3B,1_Классификаторы_KNN_и_наивный_байес,"В примере с погодой, вычисли F(да) для теста.",prompt11,dialog0763,analytics_gemma3_4b_prompt11_dialog0763,analytics,45.6,47.8,54.3,39.2,50.0,37.9,9.8,37.9,13.5,2.4
gemma3,4.3B,1_Классификаторы_KNN_и_наивный_байес,"Вычисли P(да | пасмурно, холодно, влажно, да).",prompt11,dialog0764,analytics_gemma3_4b_prompt11_dialog0764,analytics,45.6,47.8,54.3,39.2,50.0,37.9,9.8,37.9,13.5,2.4
gemma3,4.3B,1_Классификаторы_KNN_и_наивный_байес,"В спам-примере, вычисли P(win|спам) с Laplace.",prompt11,dialog0765,analytics_gemma3_4b_prompt11_dialog0765,analytics,45.6,47.8,54.3,39.2,50.0,37.9,9.8,37.9,13.5,2.4
gemma3,4.3B,3. Инструменты обучения НС,Что такое autograd?,prompt11,dialog0766,analytics_gemma3_4b_prompt11_dialog0766,analytics,45.6,47.8,54.3,39.2,50.0,37.9,9.8,37.9,13.5,2.4
gemma3,4.3B,3. Инструменты обучения НС,Что такое TensorFlow?,prompt11,dialog0767,analytics_gemma3_4b_prompt11_dialog0767,analytics,45.6,47.8,54.3,39.2,50.0,37.9,9.8,37.9,13.5,2.4
gemma3,4.3B,3. Инструменты обучения НС,Что такое Keras?,prompt11,dialog0768,analytics_gemma3_4b_prompt11_dialog0768,analytics,45.6,47.8,54.3,39.2,50.0,37.9,9.8,37.9,13.5,2.4
gemma3,4.3B,3. Инструменты обучения НС,Что такое over-fitting?,prompt11,dialog0769,analytics_gemma3_4b_prompt11_dialog0769,analytics,45.6,47.8,54.3,39.2,50.0,37.9,9.8,37.9,13.5,2.4
gemma3,4.3B,3. Инструменты обучения НС,Что такое SGD?,prompt11,dialog0770,analytics_gemma3_4b_prompt11_dialog0770,analytics,45.6,47.8,54.3,39.2,50.0,37.9,9.8,37.9,13.5,2.4
gemma3,4.3B,3. Инструменты обучения НС,Что такое Momentum в оптимизации?,prompt11,dialog0771,analytics_gemma3_4b_prompt11_dialog0771,analytics,45.6,47.8,54.3,39.2,50.0,37.9,9.8,37.9,13.5,2.4
gemma3,4.3B,3. Инструменты обучения НС,Что такое Adam?,prompt11,dialog0772,analytics_gemma3_4b_prompt11_dialog0772,analytics,45.6,47.8,54.3,39.2,50.0,37.9,9.8,37.9,13.5,2.4
gemma3,4.3B,3. Инструменты обучения НС,Что такое learning rate?,prompt11,dialog0773,analytics_gemma3_4b_prompt11_dialog0773,analytics,45.6,47.8,54.3,39.2,50.0,37.9,9.8,37.9,13.5,2.4
gemma3,4.3B,3. Инструменты обучения НС,Что такое метод Ньютона?,prompt11,dialog0774,analytics_gemma3_4b_prompt11_dialog0774,analytics,45.6,47.8,54.3,39.2,50.0,37.9,9.8,37.9,13.5,2.4
gemma3,4.3B,3. Инструменты обучения НС,Что такое RMSProp?,prompt11,dialog0775,analytics_gemma3_4b_prompt11_dialog0775,analytics,45.6,47.8,54.3,39.2,50.0,37.9,9.8,37.9,13.5,2.4
gemma3,4.3B,3. Инструменты обучения НС,"Вычисли шаг в SGD для L(w)=w^2, w=3, η=0.1.",prompt11,dialog0776,analytics_gemma3_4b_prompt11_dialog0776,analytics,45.6,47.8,54.3,39.2,50.0,37.9,9.8,37.9,13.5,2.4
gemma3,4.3B,3. Инструменты обучения НС,"Вычисли v_t в Momentum: γ=0.9, v_{t-1}=1, ∇L=2, η=0.1.",prompt11,dialog0777,analytics_gemma3_4b_prompt11_dialog0777,analytics,45.6,47.8,54.3,39.2,50.0,37.9,9.8,37.9,13.5,2.4
gemma3,4.3B,3. Инструменты обучения НС,"В Adagrad, G_{t-1,ii}=4, g_t=2, η=0.1, ε=1e-8.",prompt11,dialog0778,analytics_gemma3_4b_prompt11_dialog0778,analytics,45.6,47.8,54.3,39.2,50.0,37.9,9.8,37.9,13.5,2.4
gemma3,4.3B,3. Инструменты обучения НС,"Вычисли learning rate decay: η0=0.1, t=5, T=10, linear.",prompt11,dialog0779,analytics_gemma3_4b_prompt11_dialog0779,analytics,45.6,47.8,54.3,39.2,50.0,37.9,9.8,37.9,13.5,2.4
gemma3,4.3B,3. Инструменты обучения НС,"В Nesterov, вычисли ∇ в ω - γ v_{t-1}: γ=0.9, v=1, ∇=2.",prompt11,dialog0780,analytics_gemma3_4b_prompt11_dialog0780,analytics,45.6,47.8,54.3,39.2,50.0,37.9,9.8,37.9,13.5,2.4
phi4-mini,3.8B,1_Классификаторы_KNN_и_наивный_байес,Что такое метод k-ближайших соседей?,prompt14,dialog0391,analytics_phi4-mini_3.8b_prompt14_dialog0391,analytics,20.2,49.0,25.6,35.5,50.0,14.0,0.7,29.4,2.2,6.6
phi4-mini,3.8B,1_Классификаторы_KNN_и_наивный_байес,Как выбрать количество соседей k в k-NN?,prompt14,dialog0392,analytics_phi4-mini_3.8b_prompt14_dialog0392,analytics,20.2,49.0,25.6,35.5,50.0,14.0,0.7,29.4,2.2,6.6
phi4-mini,3.8B,1_Классификаторы_KNN_и_наивный_байес,Что такое евклидова метрика?,prompt14,dialog0393,analytics_phi4-mini_3.8b_prompt14_dialog0393,analytics,20.2,49.0,25.6,35.5,50.0,14.0,0.7,29.4,2.2,6.6
phi4-mini,3.8B,1_Классификаторы_KNN_и_наивный_байес,В чем суть наивного байесовского классификатора?,prompt14,dialog0394,analytics_phi4-mini_3.8b_prompt14_dialog0394,analytics,20.2,49.0,25.6,35.5,50.0,14.0,0.7,29.4,2.2,6.6
phi4-mini,3.8B,1_Классификаторы_KNN_и_наивный_байес,Как работает сглаживание по Лапласу?,prompt14,dialog0395,analytics_phi4-mini_3.8b_prompt14_dialog0395,analytics,20.2,49.0,25.6,35.5,50.0,14.0,0.7,29.4,2.2,6.6
phi4-mini,3.8B,1_Классификаторы_KNN_и_наивный_байес,Что такое манхэттенское расстояние?,prompt14,dialog0396,analytics_phi4-mini_3.8b_prompt14_dialog0396,analytics,20.2,49.0,25.6,35.5,50.0,14.0,0.7,29.4,2.2,6.6
phi4-mini,3.8B,1_Классификаторы_KNN_и_наивный_байес,Как вычислить вероятность класса в Naive Bayes?,prompt14,dialog0397,analytics_phi4-mini_3.8b_prompt14_dialog0397,analytics,20.2,49.0,25.6,35.5,50.0,14.0,0.7,29.4,2.2,6.6
phi4-mini,3.8B,1_Классификаторы_KNN_и_наивный_байес,Что такое расстояние Чебышёва?,prompt14,dialog0398,analytics_phi4-mini_3.8b_prompt14_dialog0398,analytics,20.2,49.0,25.6,35.5,50.0,14.0,0.7,29.4,2.2,6.6
phi4-mini,3.8B,1_Классификаторы_KNN_и_наивный_байес,Как классифицировать письмо как спам в Naive Bayes?,prompt14,dialog0399,analytics_phi4-mini_3.8b_prompt14_dialog0399,analytics,20.2,49.0,25.6,35.5,50.0,14.0,0.7,29.4,2.2,6.6
phi4-mini,3.8B,1_Классификаторы_KNN_и_наивный_байес,В чем разница между k-NN и взвешенным k-NN?,prompt14,dialog0400,analytics_phi4-mini_3.8b_prompt14_dialog0400,analytics,20.2,49.0,25.6,35.5,50.0,14.0,0.7,29.4,2.2,6.6
phi4-mini,3.8B,1_Классификаторы_KNN_и_наивный_байес,Вычисли вероятность спама для слова 'приз' из примера.,prompt14,dialog0401,analytics_phi4-mini_3.8b_prompt14_dialog0401,analytics,20.2,49.0,25.6,35.5,50.0,14.0,0.7,29.4,2.2,6.6
phi4-mini,3.8B,1_Классификаторы_KNN_и_наивный_байес,"Вычисли расстояние Евклида между (1,2) и (3,4).",prompt14,dialog0402,analytics_phi4-mini_3.8b_prompt14_dialog0402,analytics,20.2,49.0,25.6,35.5,50.0,14.0,0.7,29.4,2.2,6.6
phi4-mini,3.8B,1_Классификаторы_KNN_и_наивный_байес,"В примере с погодой, вычисли F(да) для теста.",prompt14,dialog0403,analytics_phi4-mini_3.8b_prompt14_dialog0403,analytics,20.2,49.0,25.6,35.5,50.0,14.0,0.7,29.4,2.2,6.6
phi4-mini,3.8B,1_Классификаторы_KNN_и_наивный_байес,"Вычисли P(да | пасмурно, холодно, влажно, да).",prompt14,dialog0404,analytics_phi4-mini_3.8b_prompt14_dialog0404,analytics,20.2,49.0,25.6,35.5,50.0,14.0,0.7,29.4,2.2,6.6
phi4-mini,3.8B,1_Классификаторы_KNN_и_наивный_байес,"В спам-примере, вычисли P(win|спам) с Laplace.",prompt14,dialog0405,analytics_phi4-mini_3.8b_prompt14_dialog0405,analytics,20.2,49.0,25.6,35.5,50.0,14.0,0.7,29.4,2.2,6.6
phi4-mini,3.8B,3. Инструменты обучения НС,Что такое autograd?,prompt14,dialog0406,analytics_phi4-mini_3.8b_prompt14_dialog0406,analytics,20.2,49.0,25.6,35.5,50.0,14.0,0.7,29.4,2.2,6.6
phi4-mini,3.8B,3. Инструменты обучения НС,Что такое TensorFlow?,prompt14,dialog0407,analytics_phi4-mini_3.8b_prompt14_dialog0407,analytics,20.2,49.0,25.6,35.5,50.0,14.0,0.7,29.4,2.2,6.6
phi4-mini,3.8B,3. Инструменты обучения НС,Что такое Keras?,prompt14,dialog0408,analytics_phi4-mini_3.8b_prompt14_dialog0408,analytics,20.2,49.0,25.6,35.5,50.0,14.0,0.7,29.4,2.2,6.6
phi4-mini,3.8B,3. Инструменты обучения НС,Что такое over-fitting?,prompt14,dialog0409,analytics_phi4-mini_3.8b_prompt14_dialog0409,analytics,20.2,49.0,25.6,35.5,50.0,14.0,0.7,29.4,2.2,6.6
phi4-mini,3.8B,3. Инструменты обучения НС,Что такое SGD?,prompt14,dialog0410,analytics_phi4-mini_3.8b_prompt14_dialog0410,analytics,20.2,49.0,25.6,35.5,50.0,14.0,0.7,29.4,2.2,6.6
phi4-mini,3.8B,3. Инструменты обучения НС,Что такое Momentum в оптимизации?,prompt14,dialog0411,analytics_phi4-mini_3.8b_prompt14_dialog0411,analytics,20.2,49.0,25.6,35.5,50.0,14.0,0.7,29.4,2.2,6.6
phi4-mini,3.8B,3. Инструменты обучения НС,Что такое Adam?,prompt14,dialog0412,analytics_phi4-mini_3.8b_prompt14_dialog0412,analytics,20.2,49.0,25.6,35.5,50.0,14.0,0.7,29.4,2.2,6.6
phi4-mini,3.8B,3. Инструменты обучения НС,Что такое learning rate?,prompt14,dialog0413,analytics_phi4-mini_3.8b_prompt14_dialog0413,analytics,20.2,49.0,25.6,35.5,50.0,14.0,0.7,29.4,2.2,6.6
phi4-mini,3.8B,3. Инструменты обучения НС,Что такое метод Ньютона?,prompt14,dialog0414,analytics_phi4-mini_3.8b_prompt14_dialog0414,analytics,20.2,49.0,25.6,35.5,50.0,14.0,0.7,29.4,2.2,6.6
phi4-mini,3.8B,3. Инструменты обучения НС,Что такое RMSProp?,prompt14,dialog0415,analytics_phi4-mini_3.8b_prompt14_dialog0415,analytics,20.2,49.0,25.6,35.5,50.0,14.0,0.7,29.4,2.2,6.6
phi4-mini,3.8B,3. Инструменты обучения НС,"Вычисли шаг в SGD для L(w)=w^2, w=3, η=0.1.",prompt14,dialog0416,analytics_phi4-mini_3.8b_prompt14_dialog0416,analytics,20.2,49.0,25.6,35.5,50.0,14.0,0.7,29.4,2.2,6.6
phi4-mini,3.8B,3. Инструменты обучения НС,"Вычисли v_t в Momentum: γ=0.9, v_{t-1}=1, ∇L=2, η=0.1.",prompt14,dialog0417,analytics_phi4-mini_3.8b_prompt14_dialog0417,analytics,20.2,49.0,25.6,35.5,50.0,14.0,0.7,29.4,2.2,6.6
phi4-mini,3.8B,3. Инструменты обучения НС,"В Adagrad, G_{t-1,ii}=4, g_t=2, η=0.1, ε=1e-8.",prompt14,dialog0418,analytics_phi4-mini_3.8b_prompt14_dialog0418,analytics,20.2,49.0,25.6,35.5,50.0,14.0,0.7,29.4,2.2,6.6
phi4-mini,3.8B,3. Инструменты обучения НС,"Вычисли learning rate decay: η0=0.1, t=5, T=10, linear.",prompt14,dialog0419,analytics_phi4-mini_3.8b_prompt14_dialog0419,analytics,20.2,49.0,25.6,35.5,50.0,14.0,0.7,29.4,2.2,6.6
phi4-mini,3.8B,3. Инструменты обучения НС,"В Nesterov, вычисли ∇ в ω - γ v_{t-1}: γ=0.9, v=1, ∇=2.",prompt14,dialog0420,analytics_phi4-mini_3.8b_prompt14_dialog0420,analytics,20.2,49.0,25.6,35.5,50.0,14.0,0.7,29.4,2.2,6.6
phi4-mini,3.8B,1_Классификаторы_KNN_и_наивный_байес,Что такое метод k-ближайших соседей?,prompt13,dialog0361,analytics_phi4-mini_3.8b_prompt13_dialog0361,analytics,25.7,54.3,26.5,35.5,50.0,16.2,4.0,29.4,2.2,6.6
phi4-mini,3.8B,1_Классификаторы_KNN_и_наивный_байес,Как выбрать количество соседей k в k-NN?,prompt13,dialog0362,analytics_phi4-mini_3.8b_prompt13_dialog0362,analytics,25.7,54.3,26.5,35.5,50.0,16.2,4.0,29.4,2.2,6.6
phi4-mini,3.8B,1_Классификаторы_KNN_и_наивный_байес,Что такое евклидова метрика?,prompt13,dialog0363,analytics_phi4-mini_3.8b_prompt13_dialog0363,analytics,25.7,54.3,26.5,35.5,50.0,16.2,4.0,29.4,2.2,6.6
phi4-mini,3.8B,1_Классификаторы_KNN_и_наивный_байес,В чем суть наивного байесовского классификатора?,prompt13,dialog0364,analytics_phi4-mini_3.8b_prompt13_dialog0364,analytics,25.7,54.3,26.5,35.5,50.0,16.2,4.0,29.4,2.2,6.6
phi4-mini,3.8B,1_Классификаторы_KNN_и_наивный_байес,Как работает сглаживание по Лапласу?,prompt13,dialog0365,analytics_phi4-mini_3.8b_prompt13_dialog0365,analytics,25.7,54.3,26.5,35.5,50.0,16.2,4.0,29.4,2.2,6.6
phi4-mini,3.8B,1_Классификаторы_KNN_и_наивный_байес,Что такое манхэттенское расстояние?,prompt13,dialog0366,analytics_phi4-mini_3.8b_prompt13_dialog0366,analytics,25.7,54.3,26.5,35.5,50.0,16.2,4.0,29.4,2.2,6.6
phi4-mini,3.8B,1_Классификаторы_KNN_и_наивный_байес,Как вычислить вероятность класса в Naive Bayes?,prompt13,dialog0367,analytics_phi4-mini_3.8b_prompt13_dialog0367,analytics,25.7,54.3,26.5,35.5,50.0,16.2,4.0,29.4,2.2,6.6
phi4-mini,3.8B,1_Классификаторы_KNN_и_наивный_байес,Что такое расстояние Чебышёва?,prompt13,dialog0368,analytics_phi4-mini_3.8b_prompt13_dialog0368,analytics,25.7,54.3,26.5,35.5,50.0,16.2,4.0,29.4,2.2,6.6
phi4-mini,3.8B,1_Классификаторы_KNN_и_наивный_байес,Как классифицировать письмо как спам в Naive Bayes?,prompt13,dialog0369,analytics_phi4-mini_3.8b_prompt13_dialog0369,analytics,25.7,54.3,26.5,35.5,50.0,16.2,4.0,29.4,2.2,6.6
phi4-mini,3.8B,1_Классификаторы_KNN_и_наивный_байес,В чем разница между k-NN и взвешенным k-NN?,prompt13,dialog0370,analytics_phi4-mini_3.8b_prompt13_dialog0370,analytics,25.7,54.3,26.5,35.5,50.0,16.2,4.0,29.4,2.2,6.6
phi4-mini,3.8B,1_Классификаторы_KNN_и_наивный_байес,Вычисли вероятность спама для слова 'приз' из примера.,prompt13,dialog0371,analytics_phi4-mini_3.8b_prompt13_dialog0371,analytics,25.7,54.3,26.5,35.5,50.0,16.2,4.0,29.4,2.2,6.6
phi4-mini,3.8B,1_Классификаторы_KNN_и_наивный_байес,"Вычисли расстояние Евклида между (1,2) и (3,4).",prompt13,dialog0372,analytics_phi4-mini_3.8b_prompt13_dialog0372,analytics,25.7,54.3,26.5,35.5,50.0,16.2,4.0,29.4,2.2,6.6
phi4-mini,3.8B,1_Классификаторы_KNN_и_наивный_байес,"В примере с погодой, вычисли F(да) для теста.",prompt13,dialog0373,analytics_phi4-mini_3.8b_prompt13_dialog0373,analytics,25.7,54.3,26.5,35.5,50.0,16.2,4.0,29.4,2.2,6.6
phi4-mini,3.8B,1_Классификаторы_KNN_и_наивный_байес,"Вычисли P(да | пасмурно, холодно, влажно, да).",prompt13,dialog0374,analytics_phi4-mini_3.8b_prompt13_dialog0374,analytics,25.7,54.3,26.5,35.5,50.0,16.2,4.0,29.4,2.2,6.6
phi4-mini,3.8B,1_Классификаторы_KNN_и_наивный_байес,"В спам-примере, вычисли P(win|спам) с Laplace.",prompt13,dialog0375,analytics_phi4-mini_3.8b_prompt13_dialog0375,analytics,25.7,54.3,26.5,35.5,50.0,16.2,4.0,29.4,2.2,6.6
phi4-mini,3.8B,3. Инструменты обучения НС,Что такое autograd?,prompt13,dialog0376,analytics_phi4-mini_3.8b_prompt13_dialog0376,analytics,25.7,54.3,26.5,35.5,50.0,16.2,4.0,29.4,2.2,6.6
phi4-mini,3.8B,3. Инструменты обучения НС,Что такое TensorFlow?,prompt13,dialog0377,analytics_phi4-mini_3.8b_prompt13_dialog0377,analytics,25.7,54.3,26.5,35.5,50.0,16.2,4.0,29.4,2.2,6.6
phi4-mini,3.8B,3. Инструменты обучения НС,Что такое Keras?,prompt13,dialog0378,analytics_phi4-mini_3.8b_prompt13_dialog0378,analytics,25.7,54.3,26.5,35.5,50.0,16.2,4.0,29.4,2.2,6.6
phi4-mini,3.8B,3. Инструменты обучения НС,Что такое over-fitting?,prompt13,dialog0379,analytics_phi4-mini_3.8b_prompt13_dialog0379,analytics,25.7,54.3,26.5,35.5,50.0,16.2,4.0,29.4,2.2,6.6
phi4-mini,3.8B,3. Инструменты обучения НС,Что такое SGD?,prompt13,dialog0380,analytics_phi4-mini_3.8b_prompt13_dialog0380,analytics,25.7,54.3,26.5,35.5,50.0,16.2,4.0,29.4,2.2,6.6
phi4-mini,3.8B,3. Инструменты обучения НС,Что такое Momentum в оптимизации?,prompt13,dialog0381,analytics_phi4-mini_3.8b_prompt13_dialog0381,analytics,25.7,54.3,26.5,35.5,50.0,16.2,4.0,29.4,2.2,6.6
phi4-mini,3.8B,3. Инструменты обучения НС,Что такое Adam?,prompt13,dialog0382,analytics_phi4-mini_3.8b_prompt13_dialog0382,analytics,25.7,54.3,26.5,35.5,50.0,16.2,4.0,29.4,2.2,6.6
phi4-mini,3.8B,3. Инструменты обучения НС,Что такое learning rate?,prompt13,dialog0383,analytics_phi4-mini_3.8b_prompt13_dialog0383,analytics,25.7,54.3,26.5,35.5,50.0,16.2,4.0,29.4,2.2,6.6
phi4-mini,3.8B,3. Инструменты обучения НС,Что такое метод Ньютона?,prompt13,dialog0384,analytics_phi4-mini_3.8b_prompt13_dialog0384,analytics,25.7,54.3,26.5,35.5,50.0,16.2,4.0,29.4,2.2,6.6
phi4-mini,3.8B,3. Инструменты обучения НС,Что такое RMSProp?,prompt13,dialog0385,analytics_phi4-mini_3.8b_prompt13_dialog0385,analytics,25.7,54.3,26.5,35.5,50.0,16.2,4.0,29.4,2.2,6.6
phi4-mini,3.8B,3. Инструменты обучения НС,"Вычисли шаг в SGD для L(w)=w^2, w=3, η=0.1.",prompt13,dialog0386,analytics_phi4-mini_3.8b_prompt13_dialog0386,analytics,25.7,54.3,26.5,35.5,50.0,16.2,4.0,29.4,2.2,6.6
phi4-mini,3.8B,3. Инструменты обучения НС,"Вычисли v_t в Momentum: γ=0.9, v_{t-1}=1, ∇L=2, η=0.1.",prompt13,dialog0387,analytics_phi4-mini_3.8b_prompt13_dialog0387,analytics,25.7,54.3,26.5,35.5,50.0,16.2,4.0,29.4,2.2,6.6
phi4-mini,3.8B,3. Инструменты обучения НС,"В Adagrad, G_{t-1,ii}=4, g_t=2, η=0.1, ε=1e-8.",prompt13,dialog0388,analytics_phi4-mini_3.8b_prompt13_dialog0388,analytics,25.7,54.3,26.5,35.5,50.0,16.2,4.0,29.4,2.2,6.6
phi4-mini,3.8B,3. Инструменты обучения НС,"Вычисли learning rate decay: η0=0.1, t=5, T=10, linear.",prompt13,dialog0389,analytics_phi4-mini_3.8b_prompt13_dialog0389,analytics,25.7,54.3,26.5,35.5,50.0,16.2,4.0,29.4,2.2,6.6
phi4-mini,3.8B,3. Инструменты обучения НС,"В Nesterov, вычисли ∇ в ω - γ v_{t-1}: γ=0.9, v=1, ∇=2.",prompt13,dialog0390,analytics_phi4-mini_3.8b_prompt13_dialog0390,analytics,25.7,54.3,26.5,35.5,50.0,16.2,4.0,29.4,2.2,6.6
phi4-mini,3.8B,1_Классификаторы_KNN_и_наивный_байес,Что такое метод k-ближайших соседей?,prompt4,dialog0091,analytics_phi4-mini_3.8b_prompt4_dialog0091,analytics,21.5,56.5,26.6,35.5,50.0,14.0,0.7,29.4,2.2,6.6
phi4-mini,3.8B,1_Классификаторы_KNN_и_наивный_байес,Как выбрать количество соседей k в k-NN?,prompt4,dialog0092,analytics_phi4-mini_3.8b_prompt4_dialog0092,analytics,21.5,56.5,26.6,35.5,50.0,14.0,0.7,29.4,2.2,6.6
phi4-mini,3.8B,1_Классификаторы_KNN_и_наивный_байес,Что такое евклидова метрика?,prompt4,dialog0093,analytics_phi4-mini_3.8b_prompt4_dialog0093,analytics,21.5,56.5,26.6,35.5,50.0,14.0,0.7,29.4,2.2,6.6
phi4-mini,3.8B,1_Классификаторы_KNN_и_наивный_байес,В чем суть наивного байесовского классификатора?,prompt4,dialog0094,analytics_phi4-mini_3.8b_prompt4_dialog0094,analytics,21.5,56.5,26.6,35.5,50.0,14.0,0.7,29.4,2.2,6.6
phi4-mini,3.8B,1_Классификаторы_KNN_и_наивный_байес,Как работает сглаживание по Лапласу?,prompt4,dialog0095,analytics_phi4-mini_3.8b_prompt4_dialog0095,analytics,21.5,56.5,26.6,35.5,50.0,14.0,0.7,29.4,2.2,6.6
phi4-mini,3.8B,1_Классификаторы_KNN_и_наивный_байес,Что такое манхэттенское расстояние?,prompt4,dialog0096,analytics_phi4-mini_3.8b_prompt4_dialog0096,analytics,21.5,56.5,26.6,35.5,50.0,14.0,0.7,29.4,2.2,6.6
phi4-mini,3.8B,1_Классификаторы_KNN_и_наивный_байес,Как вычислить вероятность класса в Naive Bayes?,prompt4,dialog0097,analytics_phi4-mini_3.8b_prompt4_dialog0097,analytics,21.5,56.5,26.6,35.5,50.0,14.0,0.7,29.4,2.2,6.6
phi4-mini,3.8B,1_Классификаторы_KNN_и_наивный_байес,Что такое расстояние Чебышёва?,prompt4,dialog0098,analytics_phi4-mini_3.8b_prompt4_dialog0098,analytics,21.5,56.5,26.6,35.5,50.0,14.0,0.7,29.4,2.2,6.6
phi4-mini,3.8B,1_Классификаторы_KNN_и_наивный_байес,Как классифицировать письмо как спам в Naive Bayes?,prompt4,dialog0099,analytics_phi4-mini_3.8b_prompt4_dialog0099,analytics,21.5,56.5,26.6,35.5,50.0,14.0,0.7,29.4,2.2,6.6
phi4-mini,3.8B,1_Классификаторы_KNN_и_наивный_байес,В чем разница между k-NN и взвешенным k-NN?,prompt4,dialog0100,analytics_phi4-mini_3.8b_prompt4_dialog0100,analytics,21.5,56.5,26.6,35.5,50.0,14.0,0.7,29.4,2.2,6.6
phi4-mini,3.8B,1_Классификаторы_KNN_и_наивный_байес,Вычисли вероятность спама для слова 'приз' из примера.,prompt4,dialog0101,analytics_phi4-mini_3.8b_prompt4_dialog0101,analytics,21.5,56.5,26.6,35.5,50.0,14.0,0.7,29.4,2.2,6.6
phi4-mini,3.8B,1_Классификаторы_KNN_и_наивный_байес,"Вычисли расстояние Евклида между (1,2) и (3,4).",prompt4,dialog0102,analytics_phi4-mini_3.8b_prompt4_dialog0102,analytics,21.5,56.5,26.6,35.5,50.0,14.0,0.7,29.4,2.2,6.6
phi4-mini,3.8B,1_Классификаторы_KNN_и_наивный_байес,"В примере с погодой, вычисли F(да) для теста.",prompt4,dialog0103,analytics_phi4-mini_3.8b_prompt4_dialog0103,analytics,21.5,56.5,26.6,35.5,50.0,14.0,0.7,29.4,2.2,6.6
phi4-mini,3.8B,1_Классификаторы_KNN_и_наивный_байес,"Вычисли P(да | пасмурно, холодно, влажно, да).",prompt4,dialog0104,analytics_phi4-mini_3.8b_prompt4_dialog0104,analytics,21.5,56.5,26.6,35.5,50.0,14.0,0.7,29.4,2.2,6.6
phi4-mini,3.8B,1_Классификаторы_KNN_и_наивный_байес,"В спам-примере, вычисли P(win|спам) с Laplace.",prompt4,dialog0105,analytics_phi4-mini_3.8b_prompt4_dialog0105,analytics,21.5,56.5,26.6,35.5,50.0,14.0,0.7,29.4,2.2,6.6
phi4-mini,3.8B,3. Инструменты обучения НС,Что такое autograd?,prompt4,dialog0106,analytics_phi4-mini_3.8b_prompt4_dialog0106,analytics,21.5,56.5,26.6,35.5,50.0,14.0,0.7,29.4,2.2,6.6
phi4-mini,3.8B,3. Инструменты обучения НС,Что такое TensorFlow?,prompt4,dialog0107,analytics_phi4-mini_3.8b_prompt4_dialog0107,analytics,21.5,56.5,26.6,35.5,50.0,14.0,0.7,29.4,2.2,6.6
phi4-mini,3.8B,3. Инструменты обучения НС,Что такое Keras?,prompt4,dialog0108,analytics_phi4-mini_3.8b_prompt4_dialog0108,analytics,21.5,56.5,26.6,35.5,50.0,14.0,0.7,29.4,2.2,6.6
phi4-mini,3.8B,3. Инструменты обучения НС,Что такое over-fitting?,prompt4,dialog0109,analytics_phi4-mini_3.8b_prompt4_dialog0109,analytics,21.5,56.5,26.6,35.5,50.0,14.0,0.7,29.4,2.2,6.6
phi4-mini,3.8B,3. Инструменты обучения НС,Что такое SGD?,prompt4,dialog0110,analytics_phi4-mini_3.8b_prompt4_dialog0110,analytics,21.5,56.5,26.6,35.5,50.0,14.0,0.7,29.4,2.2,6.6
phi4-mini,3.8B,3. Инструменты обучения НС,Что такое Momentum в оптимизации?,prompt4,dialog0111,analytics_phi4-mini_3.8b_prompt4_dialog0111,analytics,21.5,56.5,26.6,35.5,50.0,14.0,0.7,29.4,2.2,6.6
phi4-mini,3.8B,3. Инструменты обучения НС,Что такое Adam?,prompt4,dialog0112,analytics_phi4-mini_3.8b_prompt4_dialog0112,analytics,21.5,56.5,26.6,35.5,50.0,14.0,0.7,29.4,2.2,6.6
phi4-mini,3.8B,3. Инструменты обучения НС,Что такое learning rate?,prompt4,dialog0113,analytics_phi4-mini_3.8b_prompt4_dialog0113,analytics,21.5,56.5,26.6,35.5,50.0,14.0,0.7,29.4,2.2,6.6
phi4-mini,3.8B,3. Инструменты обучения НС,Что такое метод Ньютона?,prompt4,dialog0114,analytics_phi4-mini_3.8b_prompt4_dialog0114,analytics,21.5,56.5,26.6,35.5,50.0,14.0,0.7,29.4,2.2,6.6
phi4-mini,3.8B,3. Инструменты обучения НС,Что такое RMSProp?,prompt4,dialog0115,analytics_phi4-mini_3.8b_prompt4_dialog0115,analytics,21.5,56.5,26.6,35.5,50.0,14.0,0.7,29.4,2.2,6.6
phi4-mini,3.8B,3. Инструменты обучения НС,"Вычисли шаг в SGD для L(w)=w^2, w=3, η=0.1.",prompt4,dialog0116,analytics_phi4-mini_3.8b_prompt4_dialog0116,analytics,21.5,56.5,26.6,35.5,50.0,14.0,0.7,29.4,2.2,6.6
phi4-mini,3.8B,3. Инструменты обучения НС,"Вычисли v_t в Momentum: γ=0.9, v_{t-1}=1, ∇L=2, η=0.1.",prompt4,dialog0117,analytics_phi4-mini_3.8b_prompt4_dialog0117,analytics,21.5,56.5,26.6,35.5,50.0,14.0,0.7,29.4,2.2,6.6
phi4-mini,3.8B,3. Инструменты обучения НС,"В Adagrad, G_{t-1,ii}=4, g_t=2, η=0.1, ε=1e-8.",prompt4,dialog0118,analytics_phi4-mini_3.8b_prompt4_dialog0118,analytics,21.5,56.5,26.6,35.5,50.0,14.0,0.7,29.4,2.2,6.6
phi4-mini,3.8B,3. Инструменты обучения НС,"Вычисли learning rate decay: η0=0.1, t=5, T=10, linear.",prompt4,dialog0119,analytics_phi4-mini_3.8b_prompt4_dialog0119,analytics,21.5,56.5,26.6,35.5,50.0,14.0,0.7,29.4,2.2,6.6
phi4-mini,3.8B,3. Инструменты обучения НС,"В Nesterov, вычисли ∇ в ω - γ v_{t-1}: γ=0.9, v=1, ∇=2.",prompt4,dialog0120,analytics_phi4-mini_3.8b_prompt4_dialog0120,analytics,21.5,56.5,26.6,35.5,50.0,14.0,0.7,29.4,2.2,6.6
phi4-mini,3.8B,1_Классификаторы_KNN_и_наивный_байес,Что такое метод k-ближайших соседей?,prompt3,dialog0061,analytics_phi4-mini_3.8b_prompt3_dialog0061,analytics,20.0,52.9,25.5,35.5,50.0,14.0,0.7,29.4,2.2,6.6
phi4-mini,3.8B,1_Классификаторы_KNN_и_наивный_байес,Как выбрать количество соседей k в k-NN?,prompt3,dialog0062,analytics_phi4-mini_3.8b_prompt3_dialog0062,analytics,20.0,52.9,25.5,35.5,50.0,14.0,0.7,29.4,2.2,6.6
phi4-mini,3.8B,1_Классификаторы_KNN_и_наивный_байес,Что такое евклидова метрика?,prompt3,dialog0063,analytics_phi4-mini_3.8b_prompt3_dialog0063,analytics,20.0,52.9,25.5,35.5,50.0,14.0,0.7,29.4,2.2,6.6
phi4-mini,3.8B,1_Классификаторы_KNN_и_наивный_байес,В чем суть наивного байесовского классификатора?,prompt3,dialog0064,analytics_phi4-mini_3.8b_prompt3_dialog0064,analytics,20.0,52.9,25.5,35.5,50.0,14.0,0.7,29.4,2.2,6.6
phi4-mini,3.8B,1_Классификаторы_KNN_и_наивный_байес,Как работает сглаживание по Лапласу?,prompt3,dialog0065,analytics_phi4-mini_3.8b_prompt3_dialog0065,analytics,20.0,52.9,25.5,35.5,50.0,14.0,0.7,29.4,2.2,6.6
phi4-mini,3.8B,1_Классификаторы_KNN_и_наивный_байес,Что такое манхэттенское расстояние?,prompt3,dialog0066,analytics_phi4-mini_3.8b_prompt3_dialog0066,analytics,20.0,52.9,25.5,35.5,50.0,14.0,0.7,29.4,2.2,6.6
phi4-mini,3.8B,1_Классификаторы_KNN_и_наивный_байес,Как вычислить вероятность класса в Naive Bayes?,prompt3,dialog0067,analytics_phi4-mini_3.8b_prompt3_dialog0067,analytics,20.0,52.9,25.5,35.5,50.0,14.0,0.7,29.4,2.2,6.6
phi4-mini,3.8B,1_Классификаторы_KNN_и_наивный_байес,Что такое расстояние Чебышёва?,prompt3,dialog0068,analytics_phi4-mini_3.8b_prompt3_dialog0068,analytics,20.0,52.9,25.5,35.5,50.0,14.0,0.7,29.4,2.2,6.6
phi4-mini,3.8B,1_Классификаторы_KNN_и_наивный_байес,Как классифицировать письмо как спам в Naive Bayes?,prompt3,dialog0069,analytics_phi4-mini_3.8b_prompt3_dialog0069,analytics,20.0,52.9,25.5,35.5,50.0,14.0,0.7,29.4,2.2,6.6
phi4-mini,3.8B,1_Классификаторы_KNN_и_наивный_байес,В чем разница между k-NN и взвешенным k-NN?,prompt3,dialog0070,analytics_phi4-mini_3.8b_prompt3_dialog0070,analytics,20.0,52.9,25.5,35.5,50.0,14.0,0.7,29.4,2.2,6.6
phi4-mini,3.8B,1_Классификаторы_KNN_и_наивный_байес,Вычисли вероятность спама для слова 'приз' из примера.,prompt3,dialog0071,analytics_phi4-mini_3.8b_prompt3_dialog0071,analytics,20.0,52.9,25.5,35.5,50.0,14.0,0.7,29.4,2.2,6.6
phi4-mini,3.8B,1_Классификаторы_KNN_и_наивный_байес,"Вычисли расстояние Евклида между (1,2) и (3,4).",prompt3,dialog0072,analytics_phi4-mini_3.8b_prompt3_dialog0072,analytics,20.0,52.9,25.5,35.5,50.0,14.0,0.7,29.4,2.2,6.6
phi4-mini,3.8B,1_Классификаторы_KNN_и_наивный_байес,"В примере с погодой, вычисли F(да) для теста.",prompt3,dialog0073,analytics_phi4-mini_3.8b_prompt3_dialog0073,analytics,20.0,52.9,25.5,35.5,50.0,14.0,0.7,29.4,2.2,6.6
phi4-mini,3.8B,1_Классификаторы_KNN_и_наивный_байес,"Вычисли P(да | пасмурно, холодно, влажно, да).",prompt3,dialog0074,analytics_phi4-mini_3.8b_prompt3_dialog0074,analytics,20.0,52.9,25.5,35.5,50.0,14.0,0.7,29.4,2.2,6.6
phi4-mini,3.8B,1_Классификаторы_KNN_и_наивный_байес,"В спам-примере, вычисли P(win|спам) с Laplace.",prompt3,dialog0075,analytics_phi4-mini_3.8b_prompt3_dialog0075,analytics,20.0,52.9,25.5,35.5,50.0,14.0,0.7,29.4,2.2,6.6
phi4-mini,3.8B,3. Инструменты обучения НС,Что такое autograd?,prompt3,dialog0076,analytics_phi4-mini_3.8b_prompt3_dialog0076,analytics,20.0,52.9,25.5,35.5,50.0,14.0,0.7,29.4,2.2,6.6
phi4-mini,3.8B,3. Инструменты обучения НС,Что такое TensorFlow?,prompt3,dialog0077,analytics_phi4-mini_3.8b_prompt3_dialog0077,analytics,20.0,52.9,25.5,35.5,50.0,14.0,0.7,29.4,2.2,6.6
phi4-mini,3.8B,3. Инструменты обучения НС,Что такое Keras?,prompt3,dialog0078,analytics_phi4-mini_3.8b_prompt3_dialog0078,analytics,20.0,52.9,25.5,35.5,50.0,14.0,0.7,29.4,2.2,6.6
phi4-mini,3.8B,3. Инструменты обучения НС,Что такое over-fitting?,prompt3,dialog0079,analytics_phi4-mini_3.8b_prompt3_dialog0079,analytics,20.0,52.9,25.5,35.5,50.0,14.0,0.7,29.4,2.2,6.6
phi4-mini,3.8B,3. Инструменты обучения НС,Что такое SGD?,prompt3,dialog0080,analytics_phi4-mini_3.8b_prompt3_dialog0080,analytics,20.0,52.9,25.5,35.5,50.0,14.0,0.7,29.4,2.2,6.6
phi4-mini,3.8B,3. Инструменты обучения НС,Что такое Momentum в оптимизации?,prompt3,dialog0081,analytics_phi4-mini_3.8b_prompt3_dialog0081,analytics,20.0,52.9,25.5,35.5,50.0,14.0,0.7,29.4,2.2,6.6
phi4-mini,3.8B,3. Инструменты обучения НС,Что такое Adam?,prompt3,dialog0082,analytics_phi4-mini_3.8b_prompt3_dialog0082,analytics,20.0,52.9,25.5,35.5,50.0,14.0,0.7,29.4,2.2,6.6
phi4-mini,3.8B,3. Инструменты обучения НС,Что такое learning rate?,prompt3,dialog0083,analytics_phi4-mini_3.8b_prompt3_dialog0083,analytics,20.0,52.9,25.5,35.5,50.0,14.0,0.7,29.4,2.2,6.6
phi4-mini,3.8B,3. Инструменты обучения НС,Что такое метод Ньютона?,prompt3,dialog0084,analytics_phi4-mini_3.8b_prompt3_dialog0084,analytics,20.0,52.9,25.5,35.5,50.0,14.0,0.7,29.4,2.2,6.6
phi4-mini,3.8B,3. Инструменты обучения НС,Что такое RMSProp?,prompt3,dialog0085,analytics_phi4-mini_3.8b_prompt3_dialog0085,analytics,20.0,52.9,25.5,35.5,50.0,14.0,0.7,29.4,2.2,6.6
phi4-mini,3.8B,3. Инструменты обучения НС,"Вычисли шаг в SGD для L(w)=w^2, w=3, η=0.1.",prompt3,dialog0086,analytics_phi4-mini_3.8b_prompt3_dialog0086,analytics,20.0,52.9,25.5,35.5,50.0,14.0,0.7,29.4,2.2,6.6
phi4-mini,3.8B,3. Инструменты обучения НС,"Вычисли v_t в Momentum: γ=0.9, v_{t-1}=1, ∇L=2, η=0.1.",prompt3,dialog0087,analytics_phi4-mini_3.8b_prompt3_dialog0087,analytics,20.0,52.9,25.5,35.5,50.0,14.0,0.7,29.4,2.2,6.6
phi4-mini,3.8B,3. Инструменты обучения НС,"В Adagrad, G_{t-1,ii}=4, g_t=2, η=0.1, ε=1e-8.",prompt3,dialog0088,analytics_phi4-mini_3.8b_prompt3_dialog0088,analytics,20.0,52.9,25.5,35.5,50.0,14.0,0.7,29.4,2.2,6.6
phi4-mini,3.8B,3. Инструменты обучения НС,"Вычисли learning rate decay: η0=0.1, t=5, T=10, linear.",prompt3,dialog0089,analytics_phi4-mini_3.8b_prompt3_dialog0089,analytics,20.0,52.9,25.5,35.5,50.0,14.0,0.7,29.4,2.2,6.6
phi4-mini,3.8B,3. Инструменты обучения НС,"В Nesterov, вычисли ∇ в ω - γ v_{t-1}: γ=0.9, v=1, ∇=2.",prompt3,dialog0090,analytics_phi4-mini_3.8b_prompt3_dialog0090,analytics,20.0,52.9,25.5,35.5,50.0,14.0,0.7,29.4,2.2,6.6
phi4-mini,3.8B,1_Классификаторы_KNN_и_наивный_байес,Что такое метод k-ближайших соседей?,prompt2,dialog0031,analytics_phi4-mini_3.8b_prompt2_dialog0031,analytics,18.0,53.8,22.8,35.5,50.0,14.0,2.3,31.1,3.8,6.6
phi4-mini,3.8B,1_Классификаторы_KNN_и_наивный_байес,Как выбрать количество соседей k в k-NN?,prompt2,dialog0032,analytics_phi4-mini_3.8b_prompt2_dialog0032,analytics,18.0,53.8,22.8,35.5,50.0,14.0,2.3,31.1,3.8,6.6
phi4-mini,3.8B,1_Классификаторы_KNN_и_наивный_байес,Что такое евклидова метрика?,prompt2,dialog0033,analytics_phi4-mini_3.8b_prompt2_dialog0033,analytics,18.0,53.8,22.8,35.5,50.0,14.0,2.3,31.1,3.8,6.6
phi4-mini,3.8B,1_Классификаторы_KNN_и_наивный_байес,В чем суть наивного байесовского классификатора?,prompt2,dialog0034,analytics_phi4-mini_3.8b_prompt2_dialog0034,analytics,18.0,53.8,22.8,35.5,50.0,14.0,2.3,31.1,3.8,6.6
phi4-mini,3.8B,1_Классификаторы_KNN_и_наивный_байес,Как работает сглаживание по Лапласу?,prompt2,dialog0035,analytics_phi4-mini_3.8b_prompt2_dialog0035,analytics,18.0,53.8,22.8,35.5,50.0,14.0,2.3,31.1,3.8,6.6
phi4-mini,3.8B,1_Классификаторы_KNN_и_наивный_байес,Что такое манхэттенское расстояние?,prompt2,dialog0036,analytics_phi4-mini_3.8b_prompt2_dialog0036,analytics,18.0,53.8,22.8,35.5,50.0,14.0,2.3,31.1,3.8,6.6
phi4-mini,3.8B,1_Классификаторы_KNN_и_наивный_байес,Как вычислить вероятность класса в Naive Bayes?,prompt2,dialog0037,analytics_phi4-mini_3.8b_prompt2_dialog0037,analytics,18.0,53.8,22.8,35.5,50.0,14.0,2.3,31.1,3.8,6.6
phi4-mini,3.8B,1_Классификаторы_KNN_и_наивный_байес,Что такое расстояние Чебышёва?,prompt2,dialog0038,analytics_phi4-mini_3.8b_prompt2_dialog0038,analytics,18.0,53.8,22.8,35.5,50.0,14.0,2.3,31.1,3.8,6.6
phi4-mini,3.8B,1_Классификаторы_KNN_и_наивный_байес,Как классифицировать письмо как спам в Naive Bayes?,prompt2,dialog0039,analytics_phi4-mini_3.8b_prompt2_dialog0039,analytics,18.0,53.8,22.8,35.5,50.0,14.0,2.3,31.1,3.8,6.6
phi4-mini,3.8B,1_Классификаторы_KNN_и_наивный_байес,В чем разница между k-NN и взвешенным k-NN?,prompt2,dialog0040,analytics_phi4-mini_3.8b_prompt2_dialog0040,analytics,18.0,53.8,22.8,35.5,50.0,14.0,2.3,31.1,3.8,6.6
phi4-mini,3.8B,1_Классификаторы_KNN_и_наивный_байес,Вычисли вероятность спама для слова 'приз' из примера.,prompt2,dialog0041,analytics_phi4-mini_3.8b_prompt2_dialog0041,analytics,18.0,53.8,22.8,35.5,50.0,14.0,2.3,31.1,3.8,6.6
phi4-mini,3.8B,1_Классификаторы_KNN_и_наивный_байес,"Вычисли расстояние Евклида между (1,2) и (3,4).",prompt2,dialog0042,analytics_phi4-mini_3.8b_prompt2_dialog0042,analytics,18.0,53.8,22.8,35.5,50.0,14.0,2.3,31.1,3.8,6.6
phi4-mini,3.8B,1_Классификаторы_KNN_и_наивный_байес,"В примере с погодой, вычисли F(да) для теста.",prompt2,dialog0043,analytics_phi4-mini_3.8b_prompt2_dialog0043,analytics,18.0,53.8,22.8,35.5,50.0,14.0,2.3,31.1,3.8,6.6
phi4-mini,3.8B,1_Классификаторы_KNN_и_наивный_байес,"Вычисли P(да | пасмурно, холодно, влажно, да).",prompt2,dialog0044,analytics_phi4-mini_3.8b_prompt2_dialog0044,analytics,18.0,53.8,22.8,35.5,50.0,14.0,2.3,31.1,3.8,6.6
phi4-mini,3.8B,1_Классификаторы_KNN_и_наивный_байес,"В спам-примере, вычисли P(win|спам) с Laplace.",prompt2,dialog0045,analytics_phi4-mini_3.8b_prompt2_dialog0045,analytics,18.0,53.8,22.8,35.5,50.0,14.0,2.3,31.1,3.8,6.6
phi4-mini,3.8B,3. Инструменты обучения НС,Что такое autograd?,prompt2,dialog0046,analytics_phi4-mini_3.8b_prompt2_dialog0046,analytics,18.0,53.8,22.8,35.5,50.0,14.0,2.3,31.1,3.8,6.6
phi4-mini,3.8B,3. Инструменты обучения НС,Что такое TensorFlow?,prompt2,dialog0047,analytics_phi4-mini_3.8b_prompt2_dialog0047,analytics,18.0,53.8,22.8,35.5,50.0,14.0,2.3,31.1,3.8,6.6
phi4-mini,3.8B,3. Инструменты обучения НС,Что такое Keras?,prompt2,dialog0048,analytics_phi4-mini_3.8b_prompt2_dialog0048,analytics,18.0,53.8,22.8,35.5,50.0,14.0,2.3,31.1,3.8,6.6
phi4-mini,3.8B,3. Инструменты обучения НС,Что такое over-fitting?,prompt2,dialog0049,analytics_phi4-mini_3.8b_prompt2_dialog0049,analytics,18.0,53.8,22.8,35.5,50.0,14.0,2.3,31.1,3.8,6.6
phi4-mini,3.8B,3. Инструменты обучения НС,Что такое SGD?,prompt2,dialog0050,analytics_phi4-mini_3.8b_prompt2_dialog0050,analytics,18.0,53.8,22.8,35.5,50.0,14.0,2.3,31.1,3.8,6.6
phi4-mini,3.8B,3. Инструменты обучения НС,Что такое Momentum в оптимизации?,prompt2,dialog0051,analytics_phi4-mini_3.8b_prompt2_dialog0051,analytics,18.0,53.8,22.8,35.5,50.0,14.0,2.3,31.1,3.8,6.6
phi4-mini,3.8B,3. Инструменты обучения НС,Что такое Adam?,prompt2,dialog0052,analytics_phi4-mini_3.8b_prompt2_dialog0052,analytics,18.0,53.8,22.8,35.5,50.0,14.0,2.3,31.1,3.8,6.6
phi4-mini,3.8B,3. Инструменты обучения НС,Что такое learning rate?,prompt2,dialog0053,analytics_phi4-mini_3.8b_prompt2_dialog0053,analytics,18.0,53.8,22.8,35.5,50.0,14.0,2.3,31.1,3.8,6.6
phi4-mini,3.8B,3. Инструменты обучения НС,Что такое метод Ньютона?,prompt2,dialog0054,analytics_phi4-mini_3.8b_prompt2_dialog0054,analytics,18.0,53.8,22.8,35.5,50.0,14.0,2.3,31.1,3.8,6.6
phi4-mini,3.8B,3. Инструменты обучения НС,Что такое RMSProp?,prompt2,dialog0055,analytics_phi4-mini_3.8b_prompt2_dialog0055,analytics,18.0,53.8,22.8,35.5,50.0,14.0,2.3,31.1,3.8,6.6
phi4-mini,3.8B,3. Инструменты обучения НС,"Вычисли шаг в SGD для L(w)=w^2, w=3, η=0.1.",prompt2,dialog0056,analytics_phi4-mini_3.8b_prompt2_dialog0056,analytics,18.0,53.8,22.8,35.5,50.0,14.0,2.3,31.1,3.8,6.6
phi4-mini,3.8B,3. Инструменты обучения НС,"Вычисли v_t в Momentum: γ=0.9, v_{t-1}=1, ∇L=2, η=0.1.",prompt2,dialog0057,analytics_phi4-mini_3.8b_prompt2_dialog0057,analytics,18.0,53.8,22.8,35.5,50.0,14.0,2.3,31.1,3.8,6.6
phi4-mini,3.8B,3. Инструменты обучения НС,"В Adagrad, G_{t-1,ii}=4, g_t=2, η=0.1, ε=1e-8.",prompt2,dialog0058,analytics_phi4-mini_3.8b_prompt2_dialog0058,analytics,18.0,53.8,22.8,35.5,50.0,14.0,2.3,31.1,3.8,6.6
phi4-mini,3.8B,3. Инструменты обучения НС,"Вычисли learning rate decay: η0=0.1, t=5, T=10, linear.",prompt2,dialog0059,analytics_phi4-mini_3.8b_prompt2_dialog0059,analytics,18.0,53.8,22.8,35.5,50.0,14.0,2.3,31.1,3.8,6.6
phi4-mini,3.8B,3. Инструменты обучения НС,"В Nesterov, вычисли ∇ в ω - γ v_{t-1}: γ=0.9, v=1, ∇=2.",prompt2,dialog0060,analytics_phi4-mini_3.8b_prompt2_dialog0060,analytics,18.0,53.8,22.8,35.5,50.0,14.0,2.3,31.1,3.8,6.6
phi4-mini,3.8B,1_Классификаторы_KNN_и_наивный_байес,Что такое метод k-ближайших соседей?,prompt5,dialog0121,analytics_phi4-mini_3.8b_prompt5_dialog0121,analytics,21.2,49.7,27.0,35.5,50.0,14.0,4.0,26.1,2.2,6.6
phi4-mini,3.8B,1_Классификаторы_KNN_и_наивный_байес,Как выбрать количество соседей k в k-NN?,prompt5,dialog0122,analytics_phi4-mini_3.8b_prompt5_dialog0122,analytics,21.2,49.7,27.0,35.5,50.0,14.0,4.0,26.1,2.2,6.6
phi4-mini,3.8B,1_Классификаторы_KNN_и_наивный_байес,Что такое евклидова метрика?,prompt5,dialog0123,analytics_phi4-mini_3.8b_prompt5_dialog0123,analytics,21.2,49.7,27.0,35.5,50.0,14.0,4.0,26.1,2.2,6.6
phi4-mini,3.8B,1_Классификаторы_KNN_и_наивный_байес,В чем суть наивного байесовского классификатора?,prompt5,dialog0124,analytics_phi4-mini_3.8b_prompt5_dialog0124,analytics,21.2,49.7,27.0,35.5,50.0,14.0,4.0,26.1,2.2,6.6
phi4-mini,3.8B,1_Классификаторы_KNN_и_наивный_байес,Как работает сглаживание по Лапласу?,prompt5,dialog0125,analytics_phi4-mini_3.8b_prompt5_dialog0125,analytics,21.2,49.7,27.0,35.5,50.0,14.0,4.0,26.1,2.2,6.6
phi4-mini,3.8B,1_Классификаторы_KNN_и_наивный_байес,Что такое манхэттенское расстояние?,prompt5,dialog0126,analytics_phi4-mini_3.8b_prompt5_dialog0126,analytics,21.2,49.7,27.0,35.5,50.0,14.0,4.0,26.1,2.2,6.6
phi4-mini,3.8B,1_Классификаторы_KNN_и_наивный_байес,Как вычислить вероятность класса в Naive Bayes?,prompt5,dialog0127,analytics_phi4-mini_3.8b_prompt5_dialog0127,analytics,21.2,49.7,27.0,35.5,50.0,14.0,4.0,26.1,2.2,6.6
phi4-mini,3.8B,1_Классификаторы_KNN_и_наивный_байес,Что такое расстояние Чебышёва?,prompt5,dialog0128,analytics_phi4-mini_3.8b_prompt5_dialog0128,analytics,21.2,49.7,27.0,35.5,50.0,14.0,4.0,26.1,2.2,6.6
phi4-mini,3.8B,1_Классификаторы_KNN_и_наивный_байес,Как классифицировать письмо как спам в Naive Bayes?,prompt5,dialog0129,analytics_phi4-mini_3.8b_prompt5_dialog0129,analytics,21.2,49.7,27.0,35.5,50.0,14.0,4.0,26.1,2.2,6.6
phi4-mini,3.8B,1_Классификаторы_KNN_и_наивный_байес,В чем разница между k-NN и взвешенным k-NN?,prompt5,dialog0130,analytics_phi4-mini_3.8b_prompt5_dialog0130,analytics,21.2,49.7,27.0,35.5,50.0,14.0,4.0,26.1,2.2,6.6
phi4-mini,3.8B,1_Классификаторы_KNN_и_наивный_байес,Вычисли вероятность спама для слова 'приз' из примера.,prompt5,dialog0131,analytics_phi4-mini_3.8b_prompt5_dialog0131,analytics,21.2,49.7,27.0,35.5,50.0,14.0,4.0,26.1,2.2,6.6
phi4-mini,3.8B,1_Классификаторы_KNN_и_наивный_байес,"Вычисли расстояние Евклида между (1,2) и (3,4).",prompt5,dialog0132,analytics_phi4-mini_3.8b_prompt5_dialog0132,analytics,21.2,49.7,27.0,35.5,50.0,14.0,4.0,26.1,2.2,6.6
phi4-mini,3.8B,1_Классификаторы_KNN_и_наивный_байес,"В примере с погодой, вычисли F(да) для теста.",prompt5,dialog0133,analytics_phi4-mini_3.8b_prompt5_dialog0133,analytics,21.2,49.7,27.0,35.5,50.0,14.0,4.0,26.1,2.2,6.6
phi4-mini,3.8B,1_Классификаторы_KNN_и_наивный_байес,"Вычисли P(да | пасмурно, холодно, влажно, да).",prompt5,dialog0134,analytics_phi4-mini_3.8b_prompt5_dialog0134,analytics,21.2,49.7,27.0,35.5,50.0,14.0,4.0,26.1,2.2,6.6
phi4-mini,3.8B,1_Классификаторы_KNN_и_наивный_байес,"В спам-примере, вычисли P(win|спам) с Laplace.",prompt5,dialog0135,analytics_phi4-mini_3.8b_prompt5_dialog0135,analytics,21.2,49.7,27.0,35.5,50.0,14.0,4.0,26.1,2.2,6.6
phi4-mini,3.8B,3. Инструменты обучения НС,Что такое autograd?,prompt5,dialog0136,analytics_phi4-mini_3.8b_prompt5_dialog0136,analytics,21.2,49.7,27.0,35.5,50.0,14.0,4.0,26.1,2.2,6.6
phi4-mini,3.8B,3. Инструменты обучения НС,Что такое TensorFlow?,prompt5,dialog0137,analytics_phi4-mini_3.8b_prompt5_dialog0137,analytics,21.2,49.7,27.0,35.5,50.0,14.0,4.0,26.1,2.2,6.6
phi4-mini,3.8B,3. Инструменты обучения НС,Что такое Keras?,prompt5,dialog0138,analytics_phi4-mini_3.8b_prompt5_dialog0138,analytics,21.2,49.7,27.0,35.5,50.0,14.0,4.0,26.1,2.2,6.6
phi4-mini,3.8B,3. Инструменты обучения НС,Что такое over-fitting?,prompt5,dialog0139,analytics_phi4-mini_3.8b_prompt5_dialog0139,analytics,21.2,49.7,27.0,35.5,50.0,14.0,4.0,26.1,2.2,6.6
phi4-mini,3.8B,3. Инструменты обучения НС,Что такое SGD?,prompt5,dialog0140,analytics_phi4-mini_3.8b_prompt5_dialog0140,analytics,21.2,49.7,27.0,35.5,50.0,14.0,4.0,26.1,2.2,6.6
phi4-mini,3.8B,3. Инструменты обучения НС,Что такое Momentum в оптимизации?,prompt5,dialog0141,analytics_phi4-mini_3.8b_prompt5_dialog0141,analytics,21.2,49.7,27.0,35.5,50.0,14.0,4.0,26.1,2.2,6.6
phi4-mini,3.8B,3. Инструменты обучения НС,Что такое Adam?,prompt5,dialog0142,analytics_phi4-mini_3.8b_prompt5_dialog0142,analytics,21.2,49.7,27.0,35.5,50.0,14.0,4.0,26.1,2.2,6.6
phi4-mini,3.8B,3. Инструменты обучения НС,Что такое learning rate?,prompt5,dialog0143,analytics_phi4-mini_3.8b_prompt5_dialog0143,analytics,21.2,49.7,27.0,35.5,50.0,14.0,4.0,26.1,2.2,6.6
phi4-mini,3.8B,3. Инструменты обучения НС,Что такое метод Ньютона?,prompt5,dialog0144,analytics_phi4-mini_3.8b_prompt5_dialog0144,analytics,21.2,49.7,27.0,35.5,50.0,14.0,4.0,26.1,2.2,6.6
phi4-mini,3.8B,3. Инструменты обучения НС,Что такое RMSProp?,prompt5,dialog0145,analytics_phi4-mini_3.8b_prompt5_dialog0145,analytics,21.2,49.7,27.0,35.5,50.0,14.0,4.0,26.1,2.2,6.6
phi4-mini,3.8B,3. Инструменты обучения НС,"Вычисли шаг в SGD для L(w)=w^2, w=3, η=0.1.",prompt5,dialog0146,analytics_phi4-mini_3.8b_prompt5_dialog0146,analytics,21.2,49.7,27.0,35.5,50.0,14.0,4.0,26.1,2.2,6.6
phi4-mini,3.8B,3. Инструменты обучения НС,"Вычисли v_t в Momentum: γ=0.9, v_{t-1}=1, ∇L=2, η=0.1.",prompt5,dialog0147,analytics_phi4-mini_3.8b_prompt5_dialog0147,analytics,21.2,49.7,27.0,35.5,50.0,14.0,4.0,26.1,2.2,6.6
phi4-mini,3.8B,3. Инструменты обучения НС,"В Adagrad, G_{t-1,ii}=4, g_t=2, η=0.1, ε=1e-8.",prompt5,dialog0148,analytics_phi4-mini_3.8b_prompt5_dialog0148,analytics,21.2,49.7,27.0,35.5,50.0,14.0,4.0,26.1,2.2,6.6
phi4-mini,3.8B,3. Инструменты обучения НС,"Вычисли learning rate decay: η0=0.1, t=5, T=10, linear.",prompt5,dialog0149,analytics_phi4-mini_3.8b_prompt5_dialog0149,analytics,21.2,49.7,27.0,35.5,50.0,14.0,4.0,26.1,2.2,6.6
phi4-mini,3.8B,3. Инструменты обучения НС,"В Nesterov, вычисли ∇ в ω - γ v_{t-1}: γ=0.9, v=1, ∇=2.",prompt5,dialog0150,analytics_phi4-mini_3.8b_prompt5_dialog0150,analytics,21.2,49.7,27.0,35.5,50.0,14.0,4.0,26.1,2.2,6.6
phi4-mini,3.8B,1_Классификаторы_KNN_и_наивный_байес,Что такое метод k-ближайших соседей?,prompt12,dialog0331,analytics_phi4-mini_3.8b_prompt12_dialog0331,analytics,20.9,51.1,27.5,35.5,50.0,14.0,0.7,29.4,2.2,6.6
phi4-mini,3.8B,1_Классификаторы_KNN_и_наивный_байес,Как выбрать количество соседей k в k-NN?,prompt12,dialog0332,analytics_phi4-mini_3.8b_prompt12_dialog0332,analytics,20.9,51.1,27.5,35.5,50.0,14.0,0.7,29.4,2.2,6.6
phi4-mini,3.8B,1_Классификаторы_KNN_и_наивный_байес,Что такое евклидова метрика?,prompt12,dialog0333,analytics_phi4-mini_3.8b_prompt12_dialog0333,analytics,20.9,51.1,27.5,35.5,50.0,14.0,0.7,29.4,2.2,6.6
phi4-mini,3.8B,1_Классификаторы_KNN_и_наивный_байес,В чем суть наивного байесовского классификатора?,prompt12,dialog0334,analytics_phi4-mini_3.8b_prompt12_dialog0334,analytics,20.9,51.1,27.5,35.5,50.0,14.0,0.7,29.4,2.2,6.6
phi4-mini,3.8B,1_Классификаторы_KNN_и_наивный_байес,Как работает сглаживание по Лапласу?,prompt12,dialog0335,analytics_phi4-mini_3.8b_prompt12_dialog0335,analytics,20.9,51.1,27.5,35.5,50.0,14.0,0.7,29.4,2.2,6.6
phi4-mini,3.8B,1_Классификаторы_KNN_и_наивный_байес,Что такое манхэттенское расстояние?,prompt12,dialog0336,analytics_phi4-mini_3.8b_prompt12_dialog0336,analytics,20.9,51.1,27.5,35.5,50.0,14.0,0.7,29.4,2.2,6.6
phi4-mini,3.8B,1_Классификаторы_KNN_и_наивный_байес,Как вычислить вероятность класса в Naive Bayes?,prompt12,dialog0337,analytics_phi4-mini_3.8b_prompt12_dialog0337,analytics,20.9,51.1,27.5,35.5,50.0,14.0,0.7,29.4,2.2,6.6
phi4-mini,3.8B,1_Классификаторы_KNN_и_наивный_байес,Что такое расстояние Чебышёва?,prompt12,dialog0338,analytics_phi4-mini_3.8b_prompt12_dialog0338,analytics,20.9,51.1,27.5,35.5,50.0,14.0,0.7,29.4,2.2,6.6
phi4-mini,3.8B,1_Классификаторы_KNN_и_наивный_байес,Как классифицировать письмо как спам в Naive Bayes?,prompt12,dialog0339,analytics_phi4-mini_3.8b_prompt12_dialog0339,analytics,20.9,51.1,27.5,35.5,50.0,14.0,0.7,29.4,2.2,6.6
phi4-mini,3.8B,1_Классификаторы_KNN_и_наивный_байес,В чем разница между k-NN и взвешенным k-NN?,prompt12,dialog0340,analytics_phi4-mini_3.8b_prompt12_dialog0340,analytics,20.9,51.1,27.5,35.5,50.0,14.0,0.7,29.4,2.2,6.6
phi4-mini,3.8B,1_Классификаторы_KNN_и_наивный_байес,Вычисли вероятность спама для слова 'приз' из примера.,prompt12,dialog0341,analytics_phi4-mini_3.8b_prompt12_dialog0341,analytics,20.9,51.1,27.5,35.5,50.0,14.0,0.7,29.4,2.2,6.6
phi4-mini,3.8B,1_Классификаторы_KNN_и_наивный_байес,"Вычисли расстояние Евклида между (1,2) и (3,4).",prompt12,dialog0342,analytics_phi4-mini_3.8b_prompt12_dialog0342,analytics,20.9,51.1,27.5,35.5,50.0,14.0,0.7,29.4,2.2,6.6
phi4-mini,3.8B,1_Классификаторы_KNN_и_наивный_байес,"В примере с погодой, вычисли F(да) для теста.",prompt12,dialog0343,analytics_phi4-mini_3.8b_prompt12_dialog0343,analytics,20.9,51.1,27.5,35.5,50.0,14.0,0.7,29.4,2.2,6.6
phi4-mini,3.8B,1_Классификаторы_KNN_и_наивный_байес,"Вычисли P(да | пасмурно, холодно, влажно, да).",prompt12,dialog0344,analytics_phi4-mini_3.8b_prompt12_dialog0344,analytics,20.9,51.1,27.5,35.5,50.0,14.0,0.7,29.4,2.2,6.6
phi4-mini,3.8B,1_Классификаторы_KNN_и_наивный_байес,"В спам-примере, вычисли P(win|спам) с Laplace.",prompt12,dialog0345,analytics_phi4-mini_3.8b_prompt12_dialog0345,analytics,20.9,51.1,27.5,35.5,50.0,14.0,0.7,29.4,2.2,6.6
phi4-mini,3.8B,3. Инструменты обучения НС,Что такое autograd?,prompt12,dialog0346,analytics_phi4-mini_3.8b_prompt12_dialog0346,analytics,20.9,51.1,27.5,35.5,50.0,14.0,0.7,29.4,2.2,6.6
phi4-mini,3.8B,3. Инструменты обучения НС,Что такое TensorFlow?,prompt12,dialog0347,analytics_phi4-mini_3.8b_prompt12_dialog0347,analytics,20.9,51.1,27.5,35.5,50.0,14.0,0.7,29.4,2.2,6.6
phi4-mini,3.8B,3. Инструменты обучения НС,Что такое Keras?,prompt12,dialog0348,analytics_phi4-mini_3.8b_prompt12_dialog0348,analytics,20.9,51.1,27.5,35.5,50.0,14.0,0.7,29.4,2.2,6.6
phi4-mini,3.8B,3. Инструменты обучения НС,Что такое over-fitting?,prompt12,dialog0349,analytics_phi4-mini_3.8b_prompt12_dialog0349,analytics,20.9,51.1,27.5,35.5,50.0,14.0,0.7,29.4,2.2,6.6
phi4-mini,3.8B,3. Инструменты обучения НС,Что такое SGD?,prompt12,dialog0350,analytics_phi4-mini_3.8b_prompt12_dialog0350,analytics,20.9,51.1,27.5,35.5,50.0,14.0,0.7,29.4,2.2,6.6
phi4-mini,3.8B,3. Инструменты обучения НС,Что такое Momentum в оптимизации?,prompt12,dialog0351,analytics_phi4-mini_3.8b_prompt12_dialog0351,analytics,20.9,51.1,27.5,35.5,50.0,14.0,0.7,29.4,2.2,6.6
phi4-mini,3.8B,3. Инструменты обучения НС,Что такое Adam?,prompt12,dialog0352,analytics_phi4-mini_3.8b_prompt12_dialog0352,analytics,20.9,51.1,27.5,35.5,50.0,14.0,0.7,29.4,2.2,6.6
phi4-mini,3.8B,3. Инструменты обучения НС,Что такое learning rate?,prompt12,dialog0353,analytics_phi4-mini_3.8b_prompt12_dialog0353,analytics,20.9,51.1,27.5,35.5,50.0,14.0,0.7,29.4,2.2,6.6
phi4-mini,3.8B,3. Инструменты обучения НС,Что такое метод Ньютона?,prompt12,dialog0354,analytics_phi4-mini_3.8b_prompt12_dialog0354,analytics,20.9,51.1,27.5,35.5,50.0,14.0,0.7,29.4,2.2,6.6
phi4-mini,3.8B,3. Инструменты обучения НС,Что такое RMSProp?,prompt12,dialog0355,analytics_phi4-mini_3.8b_prompt12_dialog0355,analytics,20.9,51.1,27.5,35.5,50.0,14.0,0.7,29.4,2.2,6.6
phi4-mini,3.8B,3. Инструменты обучения НС,"Вычисли шаг в SGD для L(w)=w^2, w=3, η=0.1.",prompt12,dialog0356,analytics_phi4-mini_3.8b_prompt12_dialog0356,analytics,20.9,51.1,27.5,35.5,50.0,14.0,0.7,29.4,2.2,6.6
phi4-mini,3.8B,3. Инструменты обучения НС,"Вычисли v_t в Momentum: γ=0.9, v_{t-1}=1, ∇L=2, η=0.1.",prompt12,dialog0357,analytics_phi4-mini_3.8b_prompt12_dialog0357,analytics,20.9,51.1,27.5,35.5,50.0,14.0,0.7,29.4,2.2,6.6
phi4-mini,3.8B,3. Инструменты обучения НС,"В Adagrad, G_{t-1,ii}=4, g_t=2, η=0.1, ε=1e-8.",prompt12,dialog0358,analytics_phi4-mini_3.8b_prompt12_dialog0358,analytics,20.9,51.1,27.5,35.5,50.0,14.0,0.7,29.4,2.2,6.6
phi4-mini,3.8B,3. Инструменты обучения НС,"Вычисли learning rate decay: η0=0.1, t=5, T=10, linear.",prompt12,dialog0359,analytics_phi4-mini_3.8b_prompt12_dialog0359,analytics,20.9,51.1,27.5,35.5,50.0,14.0,0.7,29.4,2.2,6.6
phi4-mini,3.8B,3. Инструменты обучения НС,"В Nesterov, вычисли ∇ в ω - γ v_{t-1}: γ=0.9, v=1, ∇=2.",prompt12,dialog0360,analytics_phi4-mini_3.8b_prompt12_dialog0360,analytics,20.9,51.1,27.5,35.5,50.0,14.0,0.7,29.4,2.2,6.6
phi4-mini,3.8B,1_Классификаторы_KNN_и_наивный_байес,Что такое метод k-ближайших соседей?,prompt15,dialog0421,analytics_phi4-mini_3.8b_prompt15_dialog0421,analytics,22.0,52.1,28.2,34.7,50.0,17.4,0.7,29.4,2.2,6.6
phi4-mini,3.8B,1_Классификаторы_KNN_и_наивный_байес,Как выбрать количество соседей k в k-NN?,prompt15,dialog0422,analytics_phi4-mini_3.8b_prompt15_dialog0422,analytics,22.0,52.1,28.2,34.7,50.0,17.4,0.7,29.4,2.2,6.6
phi4-mini,3.8B,1_Классификаторы_KNN_и_наивный_байес,Что такое евклидова метрика?,prompt15,dialog0423,analytics_phi4-mini_3.8b_prompt15_dialog0423,analytics,22.0,52.1,28.2,34.7,50.0,17.4,0.7,29.4,2.2,6.6
phi4-mini,3.8B,1_Классификаторы_KNN_и_наивный_байес,В чем суть наивного байесовского классификатора?,prompt15,dialog0424,analytics_phi4-mini_3.8b_prompt15_dialog0424,analytics,22.0,52.1,28.2,34.7,50.0,17.4,0.7,29.4,2.2,6.6
phi4-mini,3.8B,1_Классификаторы_KNN_и_наивный_байес,Как работает сглаживание по Лапласу?,prompt15,dialog0425,analytics_phi4-mini_3.8b_prompt15_dialog0425,analytics,22.0,52.1,28.2,34.7,50.0,17.4,0.7,29.4,2.2,6.6
phi4-mini,3.8B,1_Классификаторы_KNN_и_наивный_байес,Что такое манхэттенское расстояние?,prompt15,dialog0426,analytics_phi4-mini_3.8b_prompt15_dialog0426,analytics,22.0,52.1,28.2,34.7,50.0,17.4,0.7,29.4,2.2,6.6
phi4-mini,3.8B,1_Классификаторы_KNN_и_наивный_байес,Как вычислить вероятность класса в Naive Bayes?,prompt15,dialog0427,analytics_phi4-mini_3.8b_prompt15_dialog0427,analytics,22.0,52.1,28.2,34.7,50.0,17.4,0.7,29.4,2.2,6.6
phi4-mini,3.8B,1_Классификаторы_KNN_и_наивный_байес,Что такое расстояние Чебышёва?,prompt15,dialog0428,analytics_phi4-mini_3.8b_prompt15_dialog0428,analytics,22.0,52.1,28.2,34.7,50.0,17.4,0.7,29.4,2.2,6.6
phi4-mini,3.8B,1_Классификаторы_KNN_и_наивный_байес,Как классифицировать письмо как спам в Naive Bayes?,prompt15,dialog0429,analytics_phi4-mini_3.8b_prompt15_dialog0429,analytics,22.0,52.1,28.2,34.7,50.0,17.4,0.7,29.4,2.2,6.6
phi4-mini,3.8B,1_Классификаторы_KNN_и_наивный_байес,В чем разница между k-NN и взвешенным k-NN?,prompt15,dialog0430,analytics_phi4-mini_3.8b_prompt15_dialog0430,analytics,22.0,52.1,28.2,34.7,50.0,17.4,0.7,29.4,2.2,6.6
phi4-mini,3.8B,1_Классификаторы_KNN_и_наивный_байес,Вычисли вероятность спама для слова 'приз' из примера.,prompt15,dialog0431,analytics_phi4-mini_3.8b_prompt15_dialog0431,analytics,22.0,52.1,28.2,34.7,50.0,17.4,0.7,29.4,2.2,6.6
phi4-mini,3.8B,1_Классификаторы_KNN_и_наивный_байес,"Вычисли расстояние Евклида между (1,2) и (3,4).",prompt15,dialog0432,analytics_phi4-mini_3.8b_prompt15_dialog0432,analytics,22.0,52.1,28.2,34.7,50.0,17.4,0.7,29.4,2.2,6.6
phi4-mini,3.8B,1_Классификаторы_KNN_и_наивный_байес,"В примере с погодой, вычисли F(да) для теста.",prompt15,dialog0433,analytics_phi4-mini_3.8b_prompt15_dialog0433,analytics,22.0,52.1,28.2,34.7,50.0,17.4,0.7,29.4,2.2,6.6
phi4-mini,3.8B,1_Классификаторы_KNN_и_наивный_байес,"Вычисли P(да | пасмурно, холодно, влажно, да).",prompt15,dialog0434,analytics_phi4-mini_3.8b_prompt15_dialog0434,analytics,22.0,52.1,28.2,34.7,50.0,17.4,0.7,29.4,2.2,6.6
phi4-mini,3.8B,1_Классификаторы_KNN_и_наивный_байес,"В спам-примере, вычисли P(win|спам) с Laplace.",prompt15,dialog0435,analytics_phi4-mini_3.8b_prompt15_dialog0435,analytics,22.0,52.1,28.2,34.7,50.0,17.4,0.7,29.4,2.2,6.6
phi4-mini,3.8B,3. Инструменты обучения НС,Что такое autograd?,prompt15,dialog0436,analytics_phi4-mini_3.8b_prompt15_dialog0436,analytics,22.0,52.1,28.2,34.7,50.0,17.4,0.7,29.4,2.2,6.6
phi4-mini,3.8B,3. Инструменты обучения НС,Что такое TensorFlow?,prompt15,dialog0437,analytics_phi4-mini_3.8b_prompt15_dialog0437,analytics,22.0,52.1,28.2,34.7,50.0,17.4,0.7,29.4,2.2,6.6
phi4-mini,3.8B,3. Инструменты обучения НС,Что такое Keras?,prompt15,dialog0438,analytics_phi4-mini_3.8b_prompt15_dialog0438,analytics,22.0,52.1,28.2,34.7,50.0,17.4,0.7,29.4,2.2,6.6
phi4-mini,3.8B,3. Инструменты обучения НС,Что такое over-fitting?,prompt15,dialog0439,analytics_phi4-mini_3.8b_prompt15_dialog0439,analytics,22.0,52.1,28.2,34.7,50.0,17.4,0.7,29.4,2.2,6.6
phi4-mini,3.8B,3. Инструменты обучения НС,Что такое SGD?,prompt15,dialog0440,analytics_phi4-mini_3.8b_prompt15_dialog0440,analytics,22.0,52.1,28.2,34.7,50.0,17.4,0.7,29.4,2.2,6.6
phi4-mini,3.8B,3. Инструменты обучения НС,Что такое Momentum в оптимизации?,prompt15,dialog0441,analytics_phi4-mini_3.8b_prompt15_dialog0441,analytics,22.0,52.1,28.2,34.7,50.0,17.4,0.7,29.4,2.2,6.6
phi4-mini,3.8B,3. Инструменты обучения НС,Что такое Adam?,prompt15,dialog0442,analytics_phi4-mini_3.8b_prompt15_dialog0442,analytics,22.0,52.1,28.2,34.7,50.0,17.4,0.7,29.4,2.2,6.6
phi4-mini,3.8B,3. Инструменты обучения НС,Что такое learning rate?,prompt15,dialog0443,analytics_phi4-mini_3.8b_prompt15_dialog0443,analytics,22.0,52.1,28.2,34.7,50.0,17.4,0.7,29.4,2.2,6.6
phi4-mini,3.8B,3. Инструменты обучения НС,Что такое метод Ньютона?,prompt15,dialog0444,analytics_phi4-mini_3.8b_prompt15_dialog0444,analytics,22.0,52.1,28.2,34.7,50.0,17.4,0.7,29.4,2.2,6.6
phi4-mini,3.8B,3. Инструменты обучения НС,Что такое RMSProp?,prompt15,dialog0445,analytics_phi4-mini_3.8b_prompt15_dialog0445,analytics,22.0,52.1,28.2,34.7,50.0,17.4,0.7,29.4,2.2,6.6
phi4-mini,3.8B,3. Инструменты обучения НС,"Вычисли шаг в SGD для L(w)=w^2, w=3, η=0.1.",prompt15,dialog0446,analytics_phi4-mini_3.8b_prompt15_dialog0446,analytics,22.0,52.1,28.2,34.7,50.0,17.4,0.7,29.4,2.2,6.6
phi4-mini,3.8B,3. Инструменты обучения НС,"Вычисли v_t в Momentum: γ=0.9, v_{t-1}=1, ∇L=2, η=0.1.",prompt15,dialog0447,analytics_phi4-mini_3.8b_prompt15_dialog0447,analytics,22.0,52.1,28.2,34.7,50.0,17.4,0.7,29.4,2.2,6.6
phi4-mini,3.8B,3. Инструменты обучения НС,"В Adagrad, G_{t-1,ii}=4, g_t=2, η=0.1, ε=1e-8.",prompt15,dialog0448,analytics_phi4-mini_3.8b_prompt15_dialog0448,analytics,22.0,52.1,28.2,34.7,50.0,17.4,0.7,29.4,2.2,6.6
phi4-mini,3.8B,3. Инструменты обучения НС,"Вычисли learning rate decay: η0=0.1, t=5, T=10, linear.",prompt15,dialog0449,analytics_phi4-mini_3.8b_prompt15_dialog0449,analytics,22.0,52.1,28.2,34.7,50.0,17.4,0.7,29.4,2.2,6.6
phi4-mini,3.8B,3. Инструменты обучения НС,"В Nesterov, вычисли ∇ в ω - γ v_{t-1}: γ=0.9, v=1, ∇=2.",prompt15,dialog0450,analytics_phi4-mini_3.8b_prompt15_dialog0450,analytics,22.0,52.1,28.2,34.7,50.0,17.4,0.7,29.4,2.2,6.6
phi4-mini,3.8B,1_Классификаторы_KNN_и_наивный_байес,Что такое метод k-ближайших соседей?,prompt10,dialog0271,analytics_phi4-mini_3.8b_prompt10_dialog0271,analytics,20.3,50.1,26.6,35.5,50.0,14.0,4.0,29.4,2.2,6.6
phi4-mini,3.8B,1_Классификаторы_KNN_и_наивный_байес,Как выбрать количество соседей k в k-NN?,prompt10,dialog0272,analytics_phi4-mini_3.8b_prompt10_dialog0272,analytics,20.3,50.1,26.6,35.5,50.0,14.0,4.0,29.4,2.2,6.6
phi4-mini,3.8B,1_Классификаторы_KNN_и_наивный_байес,Что такое евклидова метрика?,prompt10,dialog0273,analytics_phi4-mini_3.8b_prompt10_dialog0273,analytics,20.3,50.1,26.6,35.5,50.0,14.0,4.0,29.4,2.2,6.6
phi4-mini,3.8B,1_Классификаторы_KNN_и_наивный_байес,В чем суть наивного байесовского классификатора?,prompt10,dialog0274,analytics_phi4-mini_3.8b_prompt10_dialog0274,analytics,20.3,50.1,26.6,35.5,50.0,14.0,4.0,29.4,2.2,6.6
phi4-mini,3.8B,1_Классификаторы_KNN_и_наивный_байес,Как работает сглаживание по Лапласу?,prompt10,dialog0275,analytics_phi4-mini_3.8b_prompt10_dialog0275,analytics,20.3,50.1,26.6,35.5,50.0,14.0,4.0,29.4,2.2,6.6
phi4-mini,3.8B,1_Классификаторы_KNN_и_наивный_байес,Что такое манхэттенское расстояние?,prompt10,dialog0276,analytics_phi4-mini_3.8b_prompt10_dialog0276,analytics,20.3,50.1,26.6,35.5,50.0,14.0,4.0,29.4,2.2,6.6
phi4-mini,3.8B,1_Классификаторы_KNN_и_наивный_байес,Как вычислить вероятность класса в Naive Bayes?,prompt10,dialog0277,analytics_phi4-mini_3.8b_prompt10_dialog0277,analytics,20.3,50.1,26.6,35.5,50.0,14.0,4.0,29.4,2.2,6.6
phi4-mini,3.8B,1_Классификаторы_KNN_и_наивный_байес,Что такое расстояние Чебышёва?,prompt10,dialog0278,analytics_phi4-mini_3.8b_prompt10_dialog0278,analytics,20.3,50.1,26.6,35.5,50.0,14.0,4.0,29.4,2.2,6.6
phi4-mini,3.8B,1_Классификаторы_KNN_и_наивный_байес,Как классифицировать письмо как спам в Naive Bayes?,prompt10,dialog0279,analytics_phi4-mini_3.8b_prompt10_dialog0279,analytics,20.3,50.1,26.6,35.5,50.0,14.0,4.0,29.4,2.2,6.6
phi4-mini,3.8B,1_Классификаторы_KNN_и_наивный_байес,В чем разница между k-NN и взвешенным k-NN?,prompt10,dialog0280,analytics_phi4-mini_3.8b_prompt10_dialog0280,analytics,20.3,50.1,26.6,35.5,50.0,14.0,4.0,29.4,2.2,6.6
phi4-mini,3.8B,1_Классификаторы_KNN_и_наивный_байес,Вычисли вероятность спама для слова 'приз' из примера.,prompt10,dialog0281,analytics_phi4-mini_3.8b_prompt10_dialog0281,analytics,20.3,50.1,26.6,35.5,50.0,14.0,4.0,29.4,2.2,6.6
phi4-mini,3.8B,1_Классификаторы_KNN_и_наивный_байес,"Вычисли расстояние Евклида между (1,2) и (3,4).",prompt10,dialog0282,analytics_phi4-mini_3.8b_prompt10_dialog0282,analytics,20.3,50.1,26.6,35.5,50.0,14.0,4.0,29.4,2.2,6.6
phi4-mini,3.8B,1_Классификаторы_KNN_и_наивный_байес,"В примере с погодой, вычисли F(да) для теста.",prompt10,dialog0283,analytics_phi4-mini_3.8b_prompt10_dialog0283,analytics,20.3,50.1,26.6,35.5,50.0,14.0,4.0,29.4,2.2,6.6
phi4-mini,3.8B,1_Классификаторы_KNN_и_наивный_байес,"Вычисли P(да | пасмурно, холодно, влажно, да).",prompt10,dialog0284,analytics_phi4-mini_3.8b_prompt10_dialog0284,analytics,20.3,50.1,26.6,35.5,50.0,14.0,4.0,29.4,2.2,6.6
phi4-mini,3.8B,1_Классификаторы_KNN_и_наивный_байес,"В спам-примере, вычисли P(win|спам) с Laplace.",prompt10,dialog0285,analytics_phi4-mini_3.8b_prompt10_dialog0285,analytics,20.3,50.1,26.6,35.5,50.0,14.0,4.0,29.4,2.2,6.6
phi4-mini,3.8B,3. Инструменты обучения НС,Что такое autograd?,prompt10,dialog0286,analytics_phi4-mini_3.8b_prompt10_dialog0286,analytics,20.3,50.1,26.6,35.5,50.0,14.0,4.0,29.4,2.2,6.6
phi4-mini,3.8B,3. Инструменты обучения НС,Что такое TensorFlow?,prompt10,dialog0287,analytics_phi4-mini_3.8b_prompt10_dialog0287,analytics,20.3,50.1,26.6,35.5,50.0,14.0,4.0,29.4,2.2,6.6
phi4-mini,3.8B,3. Инструменты обучения НС,Что такое Keras?,prompt10,dialog0288,analytics_phi4-mini_3.8b_prompt10_dialog0288,analytics,20.3,50.1,26.6,35.5,50.0,14.0,4.0,29.4,2.2,6.6
phi4-mini,3.8B,3. Инструменты обучения НС,Что такое over-fitting?,prompt10,dialog0289,analytics_phi4-mini_3.8b_prompt10_dialog0289,analytics,20.3,50.1,26.6,35.5,50.0,14.0,4.0,29.4,2.2,6.6
phi4-mini,3.8B,3. Инструменты обучения НС,Что такое SGD?,prompt10,dialog0290,analytics_phi4-mini_3.8b_prompt10_dialog0290,analytics,20.3,50.1,26.6,35.5,50.0,14.0,4.0,29.4,2.2,6.6
phi4-mini,3.8B,3. Инструменты обучения НС,Что такое Momentum в оптимизации?,prompt10,dialog0291,analytics_phi4-mini_3.8b_prompt10_dialog0291,analytics,20.3,50.1,26.6,35.5,50.0,14.0,4.0,29.4,2.2,6.6
phi4-mini,3.8B,3. Инструменты обучения НС,Что такое Adam?,prompt10,dialog0292,analytics_phi4-mini_3.8b_prompt10_dialog0292,analytics,20.3,50.1,26.6,35.5,50.0,14.0,4.0,29.4,2.2,6.6
phi4-mini,3.8B,3. Инструменты обучения НС,Что такое learning rate?,prompt10,dialog0293,analytics_phi4-mini_3.8b_prompt10_dialog0293,analytics,20.3,50.1,26.6,35.5,50.0,14.0,4.0,29.4,2.2,6.6
phi4-mini,3.8B,3. Инструменты обучения НС,Что такое метод Ньютона?,prompt10,dialog0294,analytics_phi4-mini_3.8b_prompt10_dialog0294,analytics,20.3,50.1,26.6,35.5,50.0,14.0,4.0,29.4,2.2,6.6
phi4-mini,3.8B,3. Инструменты обучения НС,Что такое RMSProp?,prompt10,dialog0295,analytics_phi4-mini_3.8b_prompt10_dialog0295,analytics,20.3,50.1,26.6,35.5,50.0,14.0,4.0,29.4,2.2,6.6
phi4-mini,3.8B,3. Инструменты обучения НС,"Вычисли шаг в SGD для L(w)=w^2, w=3, η=0.1.",prompt10,dialog0296,analytics_phi4-mini_3.8b_prompt10_dialog0296,analytics,20.3,50.1,26.6,35.5,50.0,14.0,4.0,29.4,2.2,6.6
phi4-mini,3.8B,3. Инструменты обучения НС,"Вычисли v_t в Momentum: γ=0.9, v_{t-1}=1, ∇L=2, η=0.1.",prompt10,dialog0297,analytics_phi4-mini_3.8b_prompt10_dialog0297,analytics,20.3,50.1,26.6,35.5,50.0,14.0,4.0,29.4,2.2,6.6
phi4-mini,3.8B,3. Инструменты обучения НС,"В Adagrad, G_{t-1,ii}=4, g_t=2, η=0.1, ε=1e-8.",prompt10,dialog0298,analytics_phi4-mini_3.8b_prompt10_dialog0298,analytics,20.3,50.1,26.6,35.5,50.0,14.0,4.0,29.4,2.2,6.6
phi4-mini,3.8B,3. Инструменты обучения НС,"Вычисли learning rate decay: η0=0.1, t=5, T=10, linear.",prompt10,dialog0299,analytics_phi4-mini_3.8b_prompt10_dialog0299,analytics,20.3,50.1,26.6,35.5,50.0,14.0,4.0,29.4,2.2,6.6
phi4-mini,3.8B,3. Инструменты обучения НС,"В Nesterov, вычисли ∇ в ω - γ v_{t-1}: γ=0.9, v=1, ∇=2.",prompt10,dialog0300,analytics_phi4-mini_3.8b_prompt10_dialog0300,analytics,20.3,50.1,26.6,35.5,50.0,14.0,4.0,29.4,2.2,6.6
phi4-mini,3.8B,1_Классификаторы_KNN_и_наивный_байес,Что такое метод k-ближайших соседей?,prompt9,dialog0241,analytics_phi4-mini_3.8b_prompt9_dialog0241,analytics,18.1,54.6,24.3,35.5,50.0,14.0,0.7,29.4,2.2,6.6
phi4-mini,3.8B,1_Классификаторы_KNN_и_наивный_байес,Как выбрать количество соседей k в k-NN?,prompt9,dialog0242,analytics_phi4-mini_3.8b_prompt9_dialog0242,analytics,18.1,54.6,24.3,35.5,50.0,14.0,0.7,29.4,2.2,6.6
phi4-mini,3.8B,1_Классификаторы_KNN_и_наивный_байес,Что такое евклидова метрика?,prompt9,dialog0243,analytics_phi4-mini_3.8b_prompt9_dialog0243,analytics,18.1,54.6,24.3,35.5,50.0,14.0,0.7,29.4,2.2,6.6
phi4-mini,3.8B,1_Классификаторы_KNN_и_наивный_байес,В чем суть наивного байесовского классификатора?,prompt9,dialog0244,analytics_phi4-mini_3.8b_prompt9_dialog0244,analytics,18.1,54.6,24.3,35.5,50.0,14.0,0.7,29.4,2.2,6.6
phi4-mini,3.8B,1_Классификаторы_KNN_и_наивный_байес,Как работает сглаживание по Лапласу?,prompt9,dialog0245,analytics_phi4-mini_3.8b_prompt9_dialog0245,analytics,18.1,54.6,24.3,35.5,50.0,14.0,0.7,29.4,2.2,6.6
phi4-mini,3.8B,1_Классификаторы_KNN_и_наивный_байес,Что такое манхэттенское расстояние?,prompt9,dialog0246,analytics_phi4-mini_3.8b_prompt9_dialog0246,analytics,18.1,54.6,24.3,35.5,50.0,14.0,0.7,29.4,2.2,6.6
phi4-mini,3.8B,1_Классификаторы_KNN_и_наивный_байес,Как вычислить вероятность класса в Naive Bayes?,prompt9,dialog0247,analytics_phi4-mini_3.8b_prompt9_dialog0247,analytics,18.1,54.6,24.3,35.5,50.0,14.0,0.7,29.4,2.2,6.6
phi4-mini,3.8B,1_Классификаторы_KNN_и_наивный_байес,Что такое расстояние Чебышёва?,prompt9,dialog0248,analytics_phi4-mini_3.8b_prompt9_dialog0248,analytics,18.1,54.6,24.3,35.5,50.0,14.0,0.7,29.4,2.2,6.6
phi4-mini,3.8B,1_Классификаторы_KNN_и_наивный_байес,Как классифицировать письмо как спам в Naive Bayes?,prompt9,dialog0249,analytics_phi4-mini_3.8b_prompt9_dialog0249,analytics,18.1,54.6,24.3,35.5,50.0,14.0,0.7,29.4,2.2,6.6
phi4-mini,3.8B,1_Классификаторы_KNN_и_наивный_байес,В чем разница между k-NN и взвешенным k-NN?,prompt9,dialog0250,analytics_phi4-mini_3.8b_prompt9_dialog0250,analytics,18.1,54.6,24.3,35.5,50.0,14.0,0.7,29.4,2.2,6.6
phi4-mini,3.8B,1_Классификаторы_KNN_и_наивный_байес,Вычисли вероятность спама для слова 'приз' из примера.,prompt9,dialog0251,analytics_phi4-mini_3.8b_prompt9_dialog0251,analytics,18.1,54.6,24.3,35.5,50.0,14.0,0.7,29.4,2.2,6.6
phi4-mini,3.8B,1_Классификаторы_KNN_и_наивный_байес,"Вычисли расстояние Евклида между (1,2) и (3,4).",prompt9,dialog0252,analytics_phi4-mini_3.8b_prompt9_dialog0252,analytics,18.1,54.6,24.3,35.5,50.0,14.0,0.7,29.4,2.2,6.6
phi4-mini,3.8B,1_Классификаторы_KNN_и_наивный_байес,"В примере с погодой, вычисли F(да) для теста.",prompt9,dialog0253,analytics_phi4-mini_3.8b_prompt9_dialog0253,analytics,18.1,54.6,24.3,35.5,50.0,14.0,0.7,29.4,2.2,6.6
phi4-mini,3.8B,1_Классификаторы_KNN_и_наивный_байес,"Вычисли P(да | пасмурно, холодно, влажно, да).",prompt9,dialog0254,analytics_phi4-mini_3.8b_prompt9_dialog0254,analytics,18.1,54.6,24.3,35.5,50.0,14.0,0.7,29.4,2.2,6.6
phi4-mini,3.8B,1_Классификаторы_KNN_и_наивный_байес,"В спам-примере, вычисли P(win|спам) с Laplace.",prompt9,dialog0255,analytics_phi4-mini_3.8b_prompt9_dialog0255,analytics,18.1,54.6,24.3,35.5,50.0,14.0,0.7,29.4,2.2,6.6
phi4-mini,3.8B,3. Инструменты обучения НС,Что такое autograd?,prompt9,dialog0256,analytics_phi4-mini_3.8b_prompt9_dialog0256,analytics,18.1,54.6,24.3,35.5,50.0,14.0,0.7,29.4,2.2,6.6
phi4-mini,3.8B,3. Инструменты обучения НС,Что такое TensorFlow?,prompt9,dialog0257,analytics_phi4-mini_3.8b_prompt9_dialog0257,analytics,18.1,54.6,24.3,35.5,50.0,14.0,0.7,29.4,2.2,6.6
phi4-mini,3.8B,3. Инструменты обучения НС,Что такое Keras?,prompt9,dialog0258,analytics_phi4-mini_3.8b_prompt9_dialog0258,analytics,18.1,54.6,24.3,35.5,50.0,14.0,0.7,29.4,2.2,6.6
phi4-mini,3.8B,3. Инструменты обучения НС,Что такое over-fitting?,prompt9,dialog0259,analytics_phi4-mini_3.8b_prompt9_dialog0259,analytics,18.1,54.6,24.3,35.5,50.0,14.0,0.7,29.4,2.2,6.6
phi4-mini,3.8B,3. Инструменты обучения НС,Что такое SGD?,prompt9,dialog0260,analytics_phi4-mini_3.8b_prompt9_dialog0260,analytics,18.1,54.6,24.3,35.5,50.0,14.0,0.7,29.4,2.2,6.6
phi4-mini,3.8B,3. Инструменты обучения НС,Что такое Momentum в оптимизации?,prompt9,dialog0261,analytics_phi4-mini_3.8b_prompt9_dialog0261,analytics,18.1,54.6,24.3,35.5,50.0,14.0,0.7,29.4,2.2,6.6
phi4-mini,3.8B,3. Инструменты обучения НС,Что такое Adam?,prompt9,dialog0262,analytics_phi4-mini_3.8b_prompt9_dialog0262,analytics,18.1,54.6,24.3,35.5,50.0,14.0,0.7,29.4,2.2,6.6
phi4-mini,3.8B,3. Инструменты обучения НС,Что такое learning rate?,prompt9,dialog0263,analytics_phi4-mini_3.8b_prompt9_dialog0263,analytics,18.1,54.6,24.3,35.5,50.0,14.0,0.7,29.4,2.2,6.6
phi4-mini,3.8B,3. Инструменты обучения НС,Что такое метод Ньютона?,prompt9,dialog0264,analytics_phi4-mini_3.8b_prompt9_dialog0264,analytics,18.1,54.6,24.3,35.5,50.0,14.0,0.7,29.4,2.2,6.6
phi4-mini,3.8B,3. Инструменты обучения НС,Что такое RMSProp?,prompt9,dialog0265,analytics_phi4-mini_3.8b_prompt9_dialog0265,analytics,18.1,54.6,24.3,35.5,50.0,14.0,0.7,29.4,2.2,6.6
phi4-mini,3.8B,3. Инструменты обучения НС,"Вычисли шаг в SGD для L(w)=w^2, w=3, η=0.1.",prompt9,dialog0266,analytics_phi4-mini_3.8b_prompt9_dialog0266,analytics,18.1,54.6,24.3,35.5,50.0,14.0,0.7,29.4,2.2,6.6
phi4-mini,3.8B,3. Инструменты обучения НС,"Вычисли v_t в Momentum: γ=0.9, v_{t-1}=1, ∇L=2, η=0.1.",prompt9,dialog0267,analytics_phi4-mini_3.8b_prompt9_dialog0267,analytics,18.1,54.6,24.3,35.5,50.0,14.0,0.7,29.4,2.2,6.6
phi4-mini,3.8B,3. Инструменты обучения НС,"В Adagrad, G_{t-1,ii}=4, g_t=2, η=0.1, ε=1e-8.",prompt9,dialog0268,analytics_phi4-mini_3.8b_prompt9_dialog0268,analytics,18.1,54.6,24.3,35.5,50.0,14.0,0.7,29.4,2.2,6.6
phi4-mini,3.8B,3. Инструменты обучения НС,"Вычисли learning rate decay: η0=0.1, t=5, T=10, linear.",prompt9,dialog0269,analytics_phi4-mini_3.8b_prompt9_dialog0269,analytics,18.1,54.6,24.3,35.5,50.0,14.0,0.7,29.4,2.2,6.6
phi4-mini,3.8B,3. Инструменты обучения НС,"В Nesterov, вычисли ∇ в ω - γ v_{t-1}: γ=0.9, v=1, ∇=2.",prompt9,dialog0270,analytics_phi4-mini_3.8b_prompt9_dialog0270,analytics,18.1,54.6,24.3,35.5,50.0,14.0,0.7,29.4,2.2,6.6
phi4-mini,3.8B,1_Классификаторы_KNN_и_наивный_байес,Что такое метод k-ближайших соседей?,prompt7,dialog0181,analytics_phi4-mini_3.8b_prompt7_dialog0181,analytics,24.9,54.0,25.1,34.5,50.0,18.2,3.3,30.1,2.8,6.6
phi4-mini,3.8B,1_Классификаторы_KNN_и_наивный_байес,Как выбрать количество соседей k в k-NN?,prompt7,dialog0182,analytics_phi4-mini_3.8b_prompt7_dialog0182,analytics,24.9,54.0,25.1,34.5,50.0,18.2,3.3,30.1,2.8,6.6
phi4-mini,3.8B,1_Классификаторы_KNN_и_наивный_байес,Что такое евклидова метрика?,prompt7,dialog0183,analytics_phi4-mini_3.8b_prompt7_dialog0183,analytics,24.9,54.0,25.1,34.5,50.0,18.2,3.3,30.1,2.8,6.6
phi4-mini,3.8B,1_Классификаторы_KNN_и_наивный_байес,В чем суть наивного байесовского классификатора?,prompt7,dialog0184,analytics_phi4-mini_3.8b_prompt7_dialog0184,analytics,24.9,54.0,25.1,34.5,50.0,18.2,3.3,30.1,2.8,6.6
phi4-mini,3.8B,1_Классификаторы_KNN_и_наивный_байес,Как работает сглаживание по Лапласу?,prompt7,dialog0185,analytics_phi4-mini_3.8b_prompt7_dialog0185,analytics,24.9,54.0,25.1,34.5,50.0,18.2,3.3,30.1,2.8,6.6
phi4-mini,3.8B,1_Классификаторы_KNN_и_наивный_байес,Что такое манхэттенское расстояние?,prompt7,dialog0186,analytics_phi4-mini_3.8b_prompt7_dialog0186,analytics,24.9,54.0,25.1,34.5,50.0,18.2,3.3,30.1,2.8,6.6
phi4-mini,3.8B,1_Классификаторы_KNN_и_наивный_байес,Как вычислить вероятность класса в Naive Bayes?,prompt7,dialog0187,analytics_phi4-mini_3.8b_prompt7_dialog0187,analytics,24.9,54.0,25.1,34.5,50.0,18.2,3.3,30.1,2.8,6.6
phi4-mini,3.8B,1_Классификаторы_KNN_и_наивный_байес,Что такое расстояние Чебышёва?,prompt7,dialog0188,analytics_phi4-mini_3.8b_prompt7_dialog0188,analytics,24.9,54.0,25.1,34.5,50.0,18.2,3.3,30.1,2.8,6.6
phi4-mini,3.8B,1_Классификаторы_KNN_и_наивный_байес,Как классифицировать письмо как спам в Naive Bayes?,prompt7,dialog0189,analytics_phi4-mini_3.8b_prompt7_dialog0189,analytics,24.9,54.0,25.1,34.5,50.0,18.2,3.3,30.1,2.8,6.6
phi4-mini,3.8B,1_Классификаторы_KNN_и_наивный_байес,В чем разница между k-NN и взвешенным k-NN?,prompt7,dialog0190,analytics_phi4-mini_3.8b_prompt7_dialog0190,analytics,24.9,54.0,25.1,34.5,50.0,18.2,3.3,30.1,2.8,6.6
phi4-mini,3.8B,1_Классификаторы_KNN_и_наивный_байес,Вычисли вероятность спама для слова 'приз' из примера.,prompt7,dialog0191,analytics_phi4-mini_3.8b_prompt7_dialog0191,analytics,24.9,54.0,25.1,34.5,50.0,18.2,3.3,30.1,2.8,6.6
phi4-mini,3.8B,1_Классификаторы_KNN_и_наивный_байес,"Вычисли расстояние Евклида между (1,2) и (3,4).",prompt7,dialog0192,analytics_phi4-mini_3.8b_prompt7_dialog0192,analytics,24.9,54.0,25.1,34.5,50.0,18.2,3.3,30.1,2.8,6.6
phi4-mini,3.8B,1_Классификаторы_KNN_и_наивный_байес,"В примере с погодой, вычисли F(да) для теста.",prompt7,dialog0193,analytics_phi4-mini_3.8b_prompt7_dialog0193,analytics,24.9,54.0,25.1,34.5,50.0,18.2,3.3,30.1,2.8,6.6
phi4-mini,3.8B,1_Классификаторы_KNN_и_наивный_байес,"Вычисли P(да | пасмурно, холодно, влажно, да).",prompt7,dialog0194,analytics_phi4-mini_3.8b_prompt7_dialog0194,analytics,24.9,54.0,25.1,34.5,50.0,18.2,3.3,30.1,2.8,6.6
phi4-mini,3.8B,1_Классификаторы_KNN_и_наивный_байес,"В спам-примере, вычисли P(win|спам) с Laplace.",prompt7,dialog0195,analytics_phi4-mini_3.8b_prompt7_dialog0195,analytics,24.9,54.0,25.1,34.5,50.0,18.2,3.3,30.1,2.8,6.6
phi4-mini,3.8B,3. Инструменты обучения НС,Что такое autograd?,prompt7,dialog0196,analytics_phi4-mini_3.8b_prompt7_dialog0196,analytics,24.9,54.0,25.1,34.5,50.0,18.2,3.3,30.1,2.8,6.6
phi4-mini,3.8B,3. Инструменты обучения НС,Что такое TensorFlow?,prompt7,dialog0197,analytics_phi4-mini_3.8b_prompt7_dialog0197,analytics,24.9,54.0,25.1,34.5,50.0,18.2,3.3,30.1,2.8,6.6
phi4-mini,3.8B,3. Инструменты обучения НС,Что такое Keras?,prompt7,dialog0198,analytics_phi4-mini_3.8b_prompt7_dialog0198,analytics,24.9,54.0,25.1,34.5,50.0,18.2,3.3,30.1,2.8,6.6
phi4-mini,3.8B,3. Инструменты обучения НС,Что такое over-fitting?,prompt7,dialog0199,analytics_phi4-mini_3.8b_prompt7_dialog0199,analytics,24.9,54.0,25.1,34.5,50.0,18.2,3.3,30.1,2.8,6.6
phi4-mini,3.8B,3. Инструменты обучения НС,Что такое SGD?,prompt7,dialog0200,analytics_phi4-mini_3.8b_prompt7_dialog0200,analytics,24.9,54.0,25.1,34.5,50.0,18.2,3.3,30.1,2.8,6.6
phi4-mini,3.8B,3. Инструменты обучения НС,Что такое Momentum в оптимизации?,prompt7,dialog0201,analytics_phi4-mini_3.8b_prompt7_dialog0201,analytics,24.9,54.0,25.1,34.5,50.0,18.2,3.3,30.1,2.8,6.6
phi4-mini,3.8B,3. Инструменты обучения НС,Что такое Adam?,prompt7,dialog0202,analytics_phi4-mini_3.8b_prompt7_dialog0202,analytics,24.9,54.0,25.1,34.5,50.0,18.2,3.3,30.1,2.8,6.6
phi4-mini,3.8B,3. Инструменты обучения НС,Что такое learning rate?,prompt7,dialog0203,analytics_phi4-mini_3.8b_prompt7_dialog0203,analytics,24.9,54.0,25.1,34.5,50.0,18.2,3.3,30.1,2.8,6.6
phi4-mini,3.8B,3. Инструменты обучения НС,Что такое метод Ньютона?,prompt7,dialog0204,analytics_phi4-mini_3.8b_prompt7_dialog0204,analytics,24.9,54.0,25.1,34.5,50.0,18.2,3.3,30.1,2.8,6.6
phi4-mini,3.8B,3. Инструменты обучения НС,Что такое RMSProp?,prompt7,dialog0205,analytics_phi4-mini_3.8b_prompt7_dialog0205,analytics,24.9,54.0,25.1,34.5,50.0,18.2,3.3,30.1,2.8,6.6
phi4-mini,3.8B,3. Инструменты обучения НС,"Вычисли шаг в SGD для L(w)=w^2, w=3, η=0.1.",prompt7,dialog0206,analytics_phi4-mini_3.8b_prompt7_dialog0206,analytics,24.9,54.0,25.1,34.5,50.0,18.2,3.3,30.1,2.8,6.6
phi4-mini,3.8B,3. Инструменты обучения НС,"Вычисли v_t в Momentum: γ=0.9, v_{t-1}=1, ∇L=2, η=0.1.",prompt7,dialog0207,analytics_phi4-mini_3.8b_prompt7_dialog0207,analytics,24.9,54.0,25.1,34.5,50.0,18.2,3.3,30.1,2.8,6.6
phi4-mini,3.8B,3. Инструменты обучения НС,"В Adagrad, G_{t-1,ii}=4, g_t=2, η=0.1, ε=1e-8.",prompt7,dialog0208,analytics_phi4-mini_3.8b_prompt7_dialog0208,analytics,24.9,54.0,25.1,34.5,50.0,18.2,3.3,30.1,2.8,6.6
phi4-mini,3.8B,3. Инструменты обучения НС,"Вычисли learning rate decay: η0=0.1, t=5, T=10, linear.",prompt7,dialog0209,analytics_phi4-mini_3.8b_prompt7_dialog0209,analytics,24.9,54.0,25.1,34.5,50.0,18.2,3.3,30.1,2.8,6.6
phi4-mini,3.8B,3. Инструменты обучения НС,"В Nesterov, вычисли ∇ в ω - γ v_{t-1}: γ=0.9, v=1, ∇=2.",prompt7,dialog0210,analytics_phi4-mini_3.8b_prompt7_dialog0210,analytics,24.9,54.0,25.1,34.5,50.0,18.2,3.3,30.1,2.8,6.6
phi4-mini,3.8B,1_Классификаторы_KNN_и_наивный_байес,Что такое метод k-ближайших соседей?,prompt6,dialog0151,analytics_phi4-mini_3.8b_prompt6_dialog0151,analytics,21.9,56.9,25.7,35.5,50.0,14.0,0.7,29.4,2.2,6.6
phi4-mini,3.8B,1_Классификаторы_KNN_и_наивный_байес,Как выбрать количество соседей k в k-NN?,prompt6,dialog0152,analytics_phi4-mini_3.8b_prompt6_dialog0152,analytics,21.9,56.9,25.7,35.5,50.0,14.0,0.7,29.4,2.2,6.6
phi4-mini,3.8B,1_Классификаторы_KNN_и_наивный_байес,Что такое евклидова метрика?,prompt6,dialog0153,analytics_phi4-mini_3.8b_prompt6_dialog0153,analytics,21.9,56.9,25.7,35.5,50.0,14.0,0.7,29.4,2.2,6.6
phi4-mini,3.8B,1_Классификаторы_KNN_и_наивный_байес,В чем суть наивного байесовского классификатора?,prompt6,dialog0154,analytics_phi4-mini_3.8b_prompt6_dialog0154,analytics,21.9,56.9,25.7,35.5,50.0,14.0,0.7,29.4,2.2,6.6
phi4-mini,3.8B,1_Классификаторы_KNN_и_наивный_байес,Как работает сглаживание по Лапласу?,prompt6,dialog0155,analytics_phi4-mini_3.8b_prompt6_dialog0155,analytics,21.9,56.9,25.7,35.5,50.0,14.0,0.7,29.4,2.2,6.6
phi4-mini,3.8B,1_Классификаторы_KNN_и_наивный_байес,Что такое манхэттенское расстояние?,prompt6,dialog0156,analytics_phi4-mini_3.8b_prompt6_dialog0156,analytics,21.9,56.9,25.7,35.5,50.0,14.0,0.7,29.4,2.2,6.6
phi4-mini,3.8B,1_Классификаторы_KNN_и_наивный_байес,Как вычислить вероятность класса в Naive Bayes?,prompt6,dialog0157,analytics_phi4-mini_3.8b_prompt6_dialog0157,analytics,21.9,56.9,25.7,35.5,50.0,14.0,0.7,29.4,2.2,6.6
phi4-mini,3.8B,1_Классификаторы_KNN_и_наивный_байес,Что такое расстояние Чебышёва?,prompt6,dialog0158,analytics_phi4-mini_3.8b_prompt6_dialog0158,analytics,21.9,56.9,25.7,35.5,50.0,14.0,0.7,29.4,2.2,6.6
phi4-mini,3.8B,1_Классификаторы_KNN_и_наивный_байес,Как классифицировать письмо как спам в Naive Bayes?,prompt6,dialog0159,analytics_phi4-mini_3.8b_prompt6_dialog0159,analytics,21.9,56.9,25.7,35.5,50.0,14.0,0.7,29.4,2.2,6.6
phi4-mini,3.8B,1_Классификаторы_KNN_и_наивный_байес,В чем разница между k-NN и взвешенным k-NN?,prompt6,dialog0160,analytics_phi4-mini_3.8b_prompt6_dialog0160,analytics,21.9,56.9,25.7,35.5,50.0,14.0,0.7,29.4,2.2,6.6
phi4-mini,3.8B,1_Классификаторы_KNN_и_наивный_байес,Вычисли вероятность спама для слова 'приз' из примера.,prompt6,dialog0161,analytics_phi4-mini_3.8b_prompt6_dialog0161,analytics,21.9,56.9,25.7,35.5,50.0,14.0,0.7,29.4,2.2,6.6
phi4-mini,3.8B,1_Классификаторы_KNN_и_наивный_байес,"Вычисли расстояние Евклида между (1,2) и (3,4).",prompt6,dialog0162,analytics_phi4-mini_3.8b_prompt6_dialog0162,analytics,21.9,56.9,25.7,35.5,50.0,14.0,0.7,29.4,2.2,6.6
phi4-mini,3.8B,1_Классификаторы_KNN_и_наивный_байес,"В примере с погодой, вычисли F(да) для теста.",prompt6,dialog0163,analytics_phi4-mini_3.8b_prompt6_dialog0163,analytics,21.9,56.9,25.7,35.5,50.0,14.0,0.7,29.4,2.2,6.6
phi4-mini,3.8B,1_Классификаторы_KNN_и_наивный_байес,"Вычисли P(да | пасмурно, холодно, влажно, да).",prompt6,dialog0164,analytics_phi4-mini_3.8b_prompt6_dialog0164,analytics,21.9,56.9,25.7,35.5,50.0,14.0,0.7,29.4,2.2,6.6
phi4-mini,3.8B,1_Классификаторы_KNN_и_наивный_байес,"В спам-примере, вычисли P(win|спам) с Laplace.",prompt6,dialog0165,analytics_phi4-mini_3.8b_prompt6_dialog0165,analytics,21.9,56.9,25.7,35.5,50.0,14.0,0.7,29.4,2.2,6.6
phi4-mini,3.8B,3. Инструменты обучения НС,Что такое autograd?,prompt6,dialog0166,analytics_phi4-mini_3.8b_prompt6_dialog0166,analytics,21.9,56.9,25.7,35.5,50.0,14.0,0.7,29.4,2.2,6.6
phi4-mini,3.8B,3. Инструменты обучения НС,Что такое TensorFlow?,prompt6,dialog0167,analytics_phi4-mini_3.8b_prompt6_dialog0167,analytics,21.9,56.9,25.7,35.5,50.0,14.0,0.7,29.4,2.2,6.6
phi4-mini,3.8B,3. Инструменты обучения НС,Что такое Keras?,prompt6,dialog0168,analytics_phi4-mini_3.8b_prompt6_dialog0168,analytics,21.9,56.9,25.7,35.5,50.0,14.0,0.7,29.4,2.2,6.6
phi4-mini,3.8B,3. Инструменты обучения НС,Что такое over-fitting?,prompt6,dialog0169,analytics_phi4-mini_3.8b_prompt6_dialog0169,analytics,21.9,56.9,25.7,35.5,50.0,14.0,0.7,29.4,2.2,6.6
phi4-mini,3.8B,3. Инструменты обучения НС,Что такое SGD?,prompt6,dialog0170,analytics_phi4-mini_3.8b_prompt6_dialog0170,analytics,21.9,56.9,25.7,35.5,50.0,14.0,0.7,29.4,2.2,6.6
phi4-mini,3.8B,3. Инструменты обучения НС,Что такое Momentum в оптимизации?,prompt6,dialog0171,analytics_phi4-mini_3.8b_prompt6_dialog0171,analytics,21.9,56.9,25.7,35.5,50.0,14.0,0.7,29.4,2.2,6.6
phi4-mini,3.8B,3. Инструменты обучения НС,Что такое Adam?,prompt6,dialog0172,analytics_phi4-mini_3.8b_prompt6_dialog0172,analytics,21.9,56.9,25.7,35.5,50.0,14.0,0.7,29.4,2.2,6.6
phi4-mini,3.8B,3. Инструменты обучения НС,Что такое learning rate?,prompt6,dialog0173,analytics_phi4-mini_3.8b_prompt6_dialog0173,analytics,21.9,56.9,25.7,35.5,50.0,14.0,0.7,29.4,2.2,6.6
phi4-mini,3.8B,3. Инструменты обучения НС,Что такое метод Ньютона?,prompt6,dialog0174,analytics_phi4-mini_3.8b_prompt6_dialog0174,analytics,21.9,56.9,25.7,35.5,50.0,14.0,0.7,29.4,2.2,6.6
phi4-mini,3.8B,3. Инструменты обучения НС,Что такое RMSProp?,prompt6,dialog0175,analytics_phi4-mini_3.8b_prompt6_dialog0175,analytics,21.9,56.9,25.7,35.5,50.0,14.0,0.7,29.4,2.2,6.6
phi4-mini,3.8B,3. Инструменты обучения НС,"Вычисли шаг в SGD для L(w)=w^2, w=3, η=0.1.",prompt6,dialog0176,analytics_phi4-mini_3.8b_prompt6_dialog0176,analytics,21.9,56.9,25.7,35.5,50.0,14.0,0.7,29.4,2.2,6.6
phi4-mini,3.8B,3. Инструменты обучения НС,"Вычисли v_t в Momentum: γ=0.9, v_{t-1}=1, ∇L=2, η=0.1.",prompt6,dialog0177,analytics_phi4-mini_3.8b_prompt6_dialog0177,analytics,21.9,56.9,25.7,35.5,50.0,14.0,0.7,29.4,2.2,6.6
phi4-mini,3.8B,3. Инструменты обучения НС,"В Adagrad, G_{t-1,ii}=4, g_t=2, η=0.1, ε=1e-8.",prompt6,dialog0178,analytics_phi4-mini_3.8b_prompt6_dialog0178,analytics,21.9,56.9,25.7,35.5,50.0,14.0,0.7,29.4,2.2,6.6
phi4-mini,3.8B,3. Инструменты обучения НС,"Вычисли learning rate decay: η0=0.1, t=5, T=10, linear.",prompt6,dialog0179,analytics_phi4-mini_3.8b_prompt6_dialog0179,analytics,21.9,56.9,25.7,35.5,50.0,14.0,0.7,29.4,2.2,6.6
phi4-mini,3.8B,3. Инструменты обучения НС,"В Nesterov, вычисли ∇ в ω - γ v_{t-1}: γ=0.9, v=1, ∇=2.",prompt6,dialog0180,analytics_phi4-mini_3.8b_prompt6_dialog0180,analytics,21.9,56.9,25.7,35.5,50.0,14.0,0.7,29.4,2.2,6.6
phi4-mini,3.8B,1_Классификаторы_KNN_и_наивный_байес,Что такое метод k-ближайших соседей?,prompt1,dialog0001,analytics_phi4-mini_3.8b_prompt1_dialog0001,analytics,21.5,49.7,27.2,35.5,50.0,14.0,7.4,24.1,3.5,8.6
phi4-mini,3.8B,1_Классификаторы_KNN_и_наивный_байес,Как выбрать количество соседей k в k-NN?,prompt1,dialog0002,analytics_phi4-mini_3.8b_prompt1_dialog0002,analytics,21.5,49.7,27.2,35.5,50.0,14.0,7.4,24.1,3.5,8.6
phi4-mini,3.8B,1_Классификаторы_KNN_и_наивный_байес,Что такое евклидова метрика?,prompt1,dialog0003,analytics_phi4-mini_3.8b_prompt1_dialog0003,analytics,21.5,49.7,27.2,35.5,50.0,14.0,7.4,24.1,3.5,8.6
phi4-mini,3.8B,1_Классификаторы_KNN_и_наивный_байес,В чем суть наивного байесовского классификатора?,prompt1,dialog0004,analytics_phi4-mini_3.8b_prompt1_dialog0004,analytics,21.5,49.7,27.2,35.5,50.0,14.0,7.4,24.1,3.5,8.6
phi4-mini,3.8B,1_Классификаторы_KNN_и_наивный_байес,Как работает сглаживание по Лапласу?,prompt1,dialog0005,analytics_phi4-mini_3.8b_prompt1_dialog0005,analytics,21.5,49.7,27.2,35.5,50.0,14.0,7.4,24.1,3.5,8.6
phi4-mini,3.8B,1_Классификаторы_KNN_и_наивный_байес,Что такое манхэттенское расстояние?,prompt1,dialog0006,analytics_phi4-mini_3.8b_prompt1_dialog0006,analytics,21.5,49.7,27.2,35.5,50.0,14.0,7.4,24.1,3.5,8.6
phi4-mini,3.8B,1_Классификаторы_KNN_и_наивный_байес,Как вычислить вероятность класса в Naive Bayes?,prompt1,dialog0007,analytics_phi4-mini_3.8b_prompt1_dialog0007,analytics,21.5,49.7,27.2,35.5,50.0,14.0,7.4,24.1,3.5,8.6
phi4-mini,3.8B,1_Классификаторы_KNN_и_наивный_байес,Что такое расстояние Чебышёва?,prompt1,dialog0008,analytics_phi4-mini_3.8b_prompt1_dialog0008,analytics,21.5,49.7,27.2,35.5,50.0,14.0,7.4,24.1,3.5,8.6
phi4-mini,3.8B,1_Классификаторы_KNN_и_наивный_байес,Как классифицировать письмо как спам в Naive Bayes?,prompt1,dialog0009,analytics_phi4-mini_3.8b_prompt1_dialog0009,analytics,21.5,49.7,27.2,35.5,50.0,14.0,7.4,24.1,3.5,8.6
phi4-mini,3.8B,1_Классификаторы_KNN_и_наивный_байес,В чем разница между k-NN и взвешенным k-NN?,prompt1,dialog0010,analytics_phi4-mini_3.8b_prompt1_dialog0010,analytics,21.5,49.7,27.2,35.5,50.0,14.0,7.4,24.1,3.5,8.6
phi4-mini,3.8B,1_Классификаторы_KNN_и_наивный_байес,Вычисли вероятность спама для слова 'приз' из примера.,prompt1,dialog0011,analytics_phi4-mini_3.8b_prompt1_dialog0011,analytics,21.5,49.7,27.2,35.5,50.0,14.0,7.4,24.1,3.5,8.6
phi4-mini,3.8B,1_Классификаторы_KNN_и_наивный_байес,"Вычисли расстояние Евклида между (1,2) и (3,4).",prompt1,dialog0012,analytics_phi4-mini_3.8b_prompt1_dialog0012,analytics,21.5,49.7,27.2,35.5,50.0,14.0,7.4,24.1,3.5,8.6
phi4-mini,3.8B,1_Классификаторы_KNN_и_наивный_байес,"В примере с погодой, вычисли F(да) для теста.",prompt1,dialog0013,analytics_phi4-mini_3.8b_prompt1_dialog0013,analytics,21.5,49.7,27.2,35.5,50.0,14.0,7.4,24.1,3.5,8.6
phi4-mini,3.8B,1_Классификаторы_KNN_и_наивный_байес,"Вычисли P(да | пасмурно, холодно, влажно, да).",prompt1,dialog0014,analytics_phi4-mini_3.8b_prompt1_dialog0014,analytics,21.5,49.7,27.2,35.5,50.0,14.0,7.4,24.1,3.5,8.6
phi4-mini,3.8B,1_Классификаторы_KNN_и_наивный_байес,"В спам-примере, вычисли P(win|спам) с Laplace.",prompt1,dialog0015,analytics_phi4-mini_3.8b_prompt1_dialog0015,analytics,21.5,49.7,27.2,35.5,50.0,14.0,7.4,24.1,3.5,8.6
phi4-mini,3.8B,3. Инструменты обучения НС,Что такое autograd?,prompt1,dialog0016,analytics_phi4-mini_3.8b_prompt1_dialog0016,analytics,21.5,49.7,27.2,35.5,50.0,14.0,7.4,24.1,3.5,8.6
phi4-mini,3.8B,3. Инструменты обучения НС,Что такое TensorFlow?,prompt1,dialog0017,analytics_phi4-mini_3.8b_prompt1_dialog0017,analytics,21.5,49.7,27.2,35.5,50.0,14.0,7.4,24.1,3.5,8.6
phi4-mini,3.8B,3. Инструменты обучения НС,Что такое Keras?,prompt1,dialog0018,analytics_phi4-mini_3.8b_prompt1_dialog0018,analytics,21.5,49.7,27.2,35.5,50.0,14.0,7.4,24.1,3.5,8.6
phi4-mini,3.8B,3. Инструменты обучения НС,Что такое over-fitting?,prompt1,dialog0019,analytics_phi4-mini_3.8b_prompt1_dialog0019,analytics,21.5,49.7,27.2,35.5,50.0,14.0,7.4,24.1,3.5,8.6
phi4-mini,3.8B,3. Инструменты обучения НС,Что такое SGD?,prompt1,dialog0020,analytics_phi4-mini_3.8b_prompt1_dialog0020,analytics,21.5,49.7,27.2,35.5,50.0,14.0,7.4,24.1,3.5,8.6
phi4-mini,3.8B,3. Инструменты обучения НС,Что такое Momentum в оптимизации?,prompt1,dialog0021,analytics_phi4-mini_3.8b_prompt1_dialog0021,analytics,21.5,49.7,27.2,35.5,50.0,14.0,7.4,24.1,3.5,8.6
phi4-mini,3.8B,3. Инструменты обучения НС,Что такое Adam?,prompt1,dialog0022,analytics_phi4-mini_3.8b_prompt1_dialog0022,analytics,21.5,49.7,27.2,35.5,50.0,14.0,7.4,24.1,3.5,8.6
phi4-mini,3.8B,3. Инструменты обучения НС,Что такое learning rate?,prompt1,dialog0023,analytics_phi4-mini_3.8b_prompt1_dialog0023,analytics,21.5,49.7,27.2,35.5,50.0,14.0,7.4,24.1,3.5,8.6
phi4-mini,3.8B,3. Инструменты обучения НС,Что такое метод Ньютона?,prompt1,dialog0024,analytics_phi4-mini_3.8b_prompt1_dialog0024,analytics,21.5,49.7,27.2,35.5,50.0,14.0,7.4,24.1,3.5,8.6
phi4-mini,3.8B,3. Инструменты обучения НС,Что такое RMSProp?,prompt1,dialog0025,analytics_phi4-mini_3.8b_prompt1_dialog0025,analytics,21.5,49.7,27.2,35.5,50.0,14.0,7.4,24.1,3.5,8.6
phi4-mini,3.8B,3. Инструменты обучения НС,"Вычисли шаг в SGD для L(w)=w^2, w=3, η=0.1.",prompt1,dialog0026,analytics_phi4-mini_3.8b_prompt1_dialog0026,analytics,21.5,49.7,27.2,35.5,50.0,14.0,7.4,24.1,3.5,8.6
phi4-mini,3.8B,3. Инструменты обучения НС,"Вычисли v_t в Momentum: γ=0.9, v_{t-1}=1, ∇L=2, η=0.1.",prompt1,dialog0027,analytics_phi4-mini_3.8b_prompt1_dialog0027,analytics,21.5,49.7,27.2,35.5,50.0,14.0,7.4,24.1,3.5,8.6
phi4-mini,3.8B,3. Инструменты обучения НС,"В Adagrad, G_{t-1,ii}=4, g_t=2, η=0.1, ε=1e-8.",prompt1,dialog0028,analytics_phi4-mini_3.8b_prompt1_dialog0028,analytics,21.5,49.7,27.2,35.5,50.0,14.0,7.4,24.1,3.5,8.6
phi4-mini,3.8B,3. Инструменты обучения НС,"Вычисли learning rate decay: η0=0.1, t=5, T=10, linear.",prompt1,dialog0029,analytics_phi4-mini_3.8b_prompt1_dialog0029,analytics,21.5,49.7,27.2,35.5,50.0,14.0,7.4,24.1,3.5,8.6
phi4-mini,3.8B,3. Инструменты обучения НС,"В Nesterov, вычисли ∇ в ω - γ v_{t-1}: γ=0.9, v=1, ∇=2.",prompt1,dialog0030,analytics_phi4-mini_3.8b_prompt1_dialog0030,analytics,21.5,49.7,27.2,35.5,50.0,14.0,7.4,24.1,3.5,8.6
phi4-mini,3.8B,1_Классификаторы_KNN_и_наивный_байес,Что такое метод k-ближайших соседей?,prompt8,dialog0211,analytics_phi4-mini_3.8b_prompt8_dialog0211,analytics,19.0,48.7,26.6,35.5,50.0,14.0,3.8,30.3,5.7,5.9
phi4-mini,3.8B,1_Классификаторы_KNN_и_наивный_байес,Как выбрать количество соседей k в k-NN?,prompt8,dialog0212,analytics_phi4-mini_3.8b_prompt8_dialog0212,analytics,19.0,48.7,26.6,35.5,50.0,14.0,3.8,30.3,5.7,5.9
phi4-mini,3.8B,1_Классификаторы_KNN_и_наивный_байес,Что такое евклидова метрика?,prompt8,dialog0213,analytics_phi4-mini_3.8b_prompt8_dialog0213,analytics,19.0,48.7,26.6,35.5,50.0,14.0,3.8,30.3,5.7,5.9
phi4-mini,3.8B,1_Классификаторы_KNN_и_наивный_байес,В чем суть наивного байесовского классификатора?,prompt8,dialog0214,analytics_phi4-mini_3.8b_prompt8_dialog0214,analytics,19.0,48.7,26.6,35.5,50.0,14.0,3.8,30.3,5.7,5.9
phi4-mini,3.8B,1_Классификаторы_KNN_и_наивный_байес,Как работает сглаживание по Лапласу?,prompt8,dialog0215,analytics_phi4-mini_3.8b_prompt8_dialog0215,analytics,19.0,48.7,26.6,35.5,50.0,14.0,3.8,30.3,5.7,5.9
phi4-mini,3.8B,1_Классификаторы_KNN_и_наивный_байес,Что такое манхэттенское расстояние?,prompt8,dialog0216,analytics_phi4-mini_3.8b_prompt8_dialog0216,analytics,19.0,48.7,26.6,35.5,50.0,14.0,3.8,30.3,5.7,5.9
phi4-mini,3.8B,1_Классификаторы_KNN_и_наивный_байес,Как вычислить вероятность класса в Naive Bayes?,prompt8,dialog0217,analytics_phi4-mini_3.8b_prompt8_dialog0217,analytics,19.0,48.7,26.6,35.5,50.0,14.0,3.8,30.3,5.7,5.9
phi4-mini,3.8B,1_Классификаторы_KNN_и_наивный_байес,Что такое расстояние Чебышёва?,prompt8,dialog0218,analytics_phi4-mini_3.8b_prompt8_dialog0218,analytics,19.0,48.7,26.6,35.5,50.0,14.0,3.8,30.3,5.7,5.9
phi4-mini,3.8B,1_Классификаторы_KNN_и_наивный_байес,Как классифицировать письмо как спам в Naive Bayes?,prompt8,dialog0219,analytics_phi4-mini_3.8b_prompt8_dialog0219,analytics,19.0,48.7,26.6,35.5,50.0,14.0,3.8,30.3,5.7,5.9
phi4-mini,3.8B,1_Классификаторы_KNN_и_наивный_байес,В чем разница между k-NN и взвешенным k-NN?,prompt8,dialog0220,analytics_phi4-mini_3.8b_prompt8_dialog0220,analytics,19.0,48.7,26.6,35.5,50.0,14.0,3.8,30.3,5.7,5.9
phi4-mini,3.8B,1_Классификаторы_KNN_и_наивный_байес,Вычисли вероятность спама для слова 'приз' из примера.,prompt8,dialog0221,analytics_phi4-mini_3.8b_prompt8_dialog0221,analytics,19.0,48.7,26.6,35.5,50.0,14.0,3.8,30.3,5.7,5.9
phi4-mini,3.8B,1_Классификаторы_KNN_и_наивный_байес,"Вычисли расстояние Евклида между (1,2) и (3,4).",prompt8,dialog0222,analytics_phi4-mini_3.8b_prompt8_dialog0222,analytics,19.0,48.7,26.6,35.5,50.0,14.0,3.8,30.3,5.7,5.9
phi4-mini,3.8B,1_Классификаторы_KNN_и_наивный_байес,"В примере с погодой, вычисли F(да) для теста.",prompt8,dialog0223,analytics_phi4-mini_3.8b_prompt8_dialog0223,analytics,19.0,48.7,26.6,35.5,50.0,14.0,3.8,30.3,5.7,5.9
phi4-mini,3.8B,1_Классификаторы_KNN_и_наивный_байес,"Вычисли P(да | пасмурно, холодно, влажно, да).",prompt8,dialog0224,analytics_phi4-mini_3.8b_prompt8_dialog0224,analytics,19.0,48.7,26.6,35.5,50.0,14.0,3.8,30.3,5.7,5.9
phi4-mini,3.8B,1_Классификаторы_KNN_и_наивный_байес,"В спам-примере, вычисли P(win|спам) с Laplace.",prompt8,dialog0225,analytics_phi4-mini_3.8b_prompt8_dialog0225,analytics,19.0,48.7,26.6,35.5,50.0,14.0,3.8,30.3,5.7,5.9
phi4-mini,3.8B,3. Инструменты обучения НС,Что такое autograd?,prompt8,dialog0226,analytics_phi4-mini_3.8b_prompt8_dialog0226,analytics,19.0,48.7,26.6,35.5,50.0,14.0,3.8,30.3,5.7,5.9
phi4-mini,3.8B,3. Инструменты обучения НС,Что такое TensorFlow?,prompt8,dialog0227,analytics_phi4-mini_3.8b_prompt8_dialog0227,analytics,19.0,48.7,26.6,35.5,50.0,14.0,3.8,30.3,5.7,5.9
phi4-mini,3.8B,3. Инструменты обучения НС,Что такое Keras?,prompt8,dialog0228,analytics_phi4-mini_3.8b_prompt8_dialog0228,analytics,19.0,48.7,26.6,35.5,50.0,14.0,3.8,30.3,5.7,5.9
phi4-mini,3.8B,3. Инструменты обучения НС,Что такое over-fitting?,prompt8,dialog0229,analytics_phi4-mini_3.8b_prompt8_dialog0229,analytics,19.0,48.7,26.6,35.5,50.0,14.0,3.8,30.3,5.7,5.9
phi4-mini,3.8B,3. Инструменты обучения НС,Что такое SGD?,prompt8,dialog0230,analytics_phi4-mini_3.8b_prompt8_dialog0230,analytics,19.0,48.7,26.6,35.5,50.0,14.0,3.8,30.3,5.7,5.9
phi4-mini,3.8B,3. Инструменты обучения НС,Что такое Momentum в оптимизации?,prompt8,dialog0231,analytics_phi4-mini_3.8b_prompt8_dialog0231,analytics,19.0,48.7,26.6,35.5,50.0,14.0,3.8,30.3,5.7,5.9
phi4-mini,3.8B,3. Инструменты обучения НС,Что такое Adam?,prompt8,dialog0232,analytics_phi4-mini_3.8b_prompt8_dialog0232,analytics,19.0,48.7,26.6,35.5,50.0,14.0,3.8,30.3,5.7,5.9
phi4-mini,3.8B,3. Инструменты обучения НС,Что такое learning rate?,prompt8,dialog0233,analytics_phi4-mini_3.8b_prompt8_dialog0233,analytics,19.0,48.7,26.6,35.5,50.0,14.0,3.8,30.3,5.7,5.9
phi4-mini,3.8B,3. Инструменты обучения НС,Что такое метод Ньютона?,prompt8,dialog0234,analytics_phi4-mini_3.8b_prompt8_dialog0234,analytics,19.0,48.7,26.6,35.5,50.0,14.0,3.8,30.3,5.7,5.9
phi4-mini,3.8B,3. Инструменты обучения НС,Что такое RMSProp?,prompt8,dialog0235,analytics_phi4-mini_3.8b_prompt8_dialog0235,analytics,19.0,48.7,26.6,35.5,50.0,14.0,3.8,30.3,5.7,5.9
phi4-mini,3.8B,3. Инструменты обучения НС,"Вычисли шаг в SGD для L(w)=w^2, w=3, η=0.1.",prompt8,dialog0236,analytics_phi4-mini_3.8b_prompt8_dialog0236,analytics,19.0,48.7,26.6,35.5,50.0,14.0,3.8,30.3,5.7,5.9
phi4-mini,3.8B,3. Инструменты обучения НС,"Вычисли v_t в Momentum: γ=0.9, v_{t-1}=1, ∇L=2, η=0.1.",prompt8,dialog0237,analytics_phi4-mini_3.8b_prompt8_dialog0237,analytics,19.0,48.7,26.6,35.5,50.0,14.0,3.8,30.3,5.7,5.9
phi4-mini,3.8B,3. Инструменты обучения НС,"В Adagrad, G_{t-1,ii}=4, g_t=2, η=0.1, ε=1e-8.",prompt8,dialog0238,analytics_phi4-mini_3.8b_prompt8_dialog0238,analytics,19.0,48.7,26.6,35.5,50.0,14.0,3.8,30.3,5.7,5.9
phi4-mini,3.8B,3. Инструменты обучения НС,"Вычисли learning rate decay: η0=0.1, t=5, T=10, linear.",prompt8,dialog0239,analytics_phi4-mini_3.8b_prompt8_dialog0239,analytics,19.0,48.7,26.6,35.5,50.0,14.0,3.8,30.3,5.7,5.9
phi4-mini,3.8B,3. Инструменты обучения НС,"В Nesterov, вычисли ∇ в ω - γ v_{t-1}: γ=0.9, v=1, ∇=2.",prompt8,dialog0240,analytics_phi4-mini_3.8b_prompt8_dialog0240,analytics,19.0,48.7,26.6,35.5,50.0,14.0,3.8,30.3,5.7,5.9
phi4-mini,3.8B,1_Классификаторы_KNN_и_наивный_байес,Что такое метод k-ближайших соседей?,prompt11,dialog0301,analytics_phi4-mini_3.8b_prompt11_dialog0301,analytics,20.7,55.8,21.5,35.5,50.0,14.0,4.0,29.4,2.2,6.6
phi4-mini,3.8B,1_Классификаторы_KNN_и_наивный_байес,Как выбрать количество соседей k в k-NN?,prompt11,dialog0302,analytics_phi4-mini_3.8b_prompt11_dialog0302,analytics,20.7,55.8,21.5,35.5,50.0,14.0,4.0,29.4,2.2,6.6
phi4-mini,3.8B,1_Классификаторы_KNN_и_наивный_байес,Что такое евклидова метрика?,prompt11,dialog0303,analytics_phi4-mini_3.8b_prompt11_dialog0303,analytics,20.7,55.8,21.5,35.5,50.0,14.0,4.0,29.4,2.2,6.6
phi4-mini,3.8B,1_Классификаторы_KNN_и_наивный_байес,В чем суть наивного байесовского классификатора?,prompt11,dialog0304,analytics_phi4-mini_3.8b_prompt11_dialog0304,analytics,20.7,55.8,21.5,35.5,50.0,14.0,4.0,29.4,2.2,6.6
phi4-mini,3.8B,1_Классификаторы_KNN_и_наивный_байес,Как работает сглаживание по Лапласу?,prompt11,dialog0305,analytics_phi4-mini_3.8b_prompt11_dialog0305,analytics,20.7,55.8,21.5,35.5,50.0,14.0,4.0,29.4,2.2,6.6
phi4-mini,3.8B,1_Классификаторы_KNN_и_наивный_байес,Что такое манхэттенское расстояние?,prompt11,dialog0306,analytics_phi4-mini_3.8b_prompt11_dialog0306,analytics,20.7,55.8,21.5,35.5,50.0,14.0,4.0,29.4,2.2,6.6
phi4-mini,3.8B,1_Классификаторы_KNN_и_наивный_байес,Как вычислить вероятность класса в Naive Bayes?,prompt11,dialog0307,analytics_phi4-mini_3.8b_prompt11_dialog0307,analytics,20.7,55.8,21.5,35.5,50.0,14.0,4.0,29.4,2.2,6.6
phi4-mini,3.8B,1_Классификаторы_KNN_и_наивный_байес,Что такое расстояние Чебышёва?,prompt11,dialog0308,analytics_phi4-mini_3.8b_prompt11_dialog0308,analytics,20.7,55.8,21.5,35.5,50.0,14.0,4.0,29.4,2.2,6.6
phi4-mini,3.8B,1_Классификаторы_KNN_и_наивный_байес,Как классифицировать письмо как спам в Naive Bayes?,prompt11,dialog0309,analytics_phi4-mini_3.8b_prompt11_dialog0309,analytics,20.7,55.8,21.5,35.5,50.0,14.0,4.0,29.4,2.2,6.6
phi4-mini,3.8B,1_Классификаторы_KNN_и_наивный_байес,В чем разница между k-NN и взвешенным k-NN?,prompt11,dialog0310,analytics_phi4-mini_3.8b_prompt11_dialog0310,analytics,20.7,55.8,21.5,35.5,50.0,14.0,4.0,29.4,2.2,6.6
phi4-mini,3.8B,1_Классификаторы_KNN_и_наивный_байес,Вычисли вероятность спама для слова 'приз' из примера.,prompt11,dialog0311,analytics_phi4-mini_3.8b_prompt11_dialog0311,analytics,20.7,55.8,21.5,35.5,50.0,14.0,4.0,29.4,2.2,6.6
phi4-mini,3.8B,1_Классификаторы_KNN_и_наивный_байес,"Вычисли расстояние Евклида между (1,2) и (3,4).",prompt11,dialog0312,analytics_phi4-mini_3.8b_prompt11_dialog0312,analytics,20.7,55.8,21.5,35.5,50.0,14.0,4.0,29.4,2.2,6.6
phi4-mini,3.8B,1_Классификаторы_KNN_и_наивный_байес,"В примере с погодой, вычисли F(да) для теста.",prompt11,dialog0313,analytics_phi4-mini_3.8b_prompt11_dialog0313,analytics,20.7,55.8,21.5,35.5,50.0,14.0,4.0,29.4,2.2,6.6
phi4-mini,3.8B,1_Классификаторы_KNN_и_наивный_байес,"Вычисли P(да | пасмурно, холодно, влажно, да).",prompt11,dialog0314,analytics_phi4-mini_3.8b_prompt11_dialog0314,analytics,20.7,55.8,21.5,35.5,50.0,14.0,4.0,29.4,2.2,6.6
phi4-mini,3.8B,1_Классификаторы_KNN_и_наивный_байес,"В спам-примере, вычисли P(win|спам) с Laplace.",prompt11,dialog0315,analytics_phi4-mini_3.8b_prompt11_dialog0315,analytics,20.7,55.8,21.5,35.5,50.0,14.0,4.0,29.4,2.2,6.6
phi4-mini,3.8B,3. Инструменты обучения НС,Что такое autograd?,prompt11,dialog0316,analytics_phi4-mini_3.8b_prompt11_dialog0316,analytics,20.7,55.8,21.5,35.5,50.0,14.0,4.0,29.4,2.2,6.6
phi4-mini,3.8B,3. Инструменты обучения НС,Что такое TensorFlow?,prompt11,dialog0317,analytics_phi4-mini_3.8b_prompt11_dialog0317,analytics,20.7,55.8,21.5,35.5,50.0,14.0,4.0,29.4,2.2,6.6
phi4-mini,3.8B,3. Инструменты обучения НС,Что такое Keras?,prompt11,dialog0318,analytics_phi4-mini_3.8b_prompt11_dialog0318,analytics,20.7,55.8,21.5,35.5,50.0,14.0,4.0,29.4,2.2,6.6
phi4-mini,3.8B,3. Инструменты обучения НС,Что такое over-fitting?,prompt11,dialog0319,analytics_phi4-mini_3.8b_prompt11_dialog0319,analytics,20.7,55.8,21.5,35.5,50.0,14.0,4.0,29.4,2.2,6.6
phi4-mini,3.8B,3. Инструменты обучения НС,Что такое SGD?,prompt11,dialog0320,analytics_phi4-mini_3.8b_prompt11_dialog0320,analytics,20.7,55.8,21.5,35.5,50.0,14.0,4.0,29.4,2.2,6.6
phi4-mini,3.8B,3. Инструменты обучения НС,Что такое Momentum в оптимизации?,prompt11,dialog0321,analytics_phi4-mini_3.8b_prompt11_dialog0321,analytics,20.7,55.8,21.5,35.5,50.0,14.0,4.0,29.4,2.2,6.6
phi4-mini,3.8B,3. Инструменты обучения НС,Что такое Adam?,prompt11,dialog0322,analytics_phi4-mini_3.8b_prompt11_dialog0322,analytics,20.7,55.8,21.5,35.5,50.0,14.0,4.0,29.4,2.2,6.6
phi4-mini,3.8B,3. Инструменты обучения НС,Что такое learning rate?,prompt11,dialog0323,analytics_phi4-mini_3.8b_prompt11_dialog0323,analytics,20.7,55.8,21.5,35.5,50.0,14.0,4.0,29.4,2.2,6.6
phi4-mini,3.8B,3. Инструменты обучения НС,Что такое метод Ньютона?,prompt11,dialog0324,analytics_phi4-mini_3.8b_prompt11_dialog0324,analytics,20.7,55.8,21.5,35.5,50.0,14.0,4.0,29.4,2.2,6.6
phi4-mini,3.8B,3. Инструменты обучения НС,Что такое RMSProp?,prompt11,dialog0325,analytics_phi4-mini_3.8b_prompt11_dialog0325,analytics,20.7,55.8,21.5,35.5,50.0,14.0,4.0,29.4,2.2,6.6
phi4-mini,3.8B,3. Инструменты обучения НС,"Вычисли шаг в SGD для L(w)=w^2, w=3, η=0.1.",prompt11,dialog0326,analytics_phi4-mini_3.8b_prompt11_dialog0326,analytics,20.7,55.8,21.5,35.5,50.0,14.0,4.0,29.4,2.2,6.6
phi4-mini,3.8B,3. Инструменты обучения НС,"Вычисли v_t в Momentum: γ=0.9, v_{t-1}=1, ∇L=2, η=0.1.",prompt11,dialog0327,analytics_phi4-mini_3.8b_prompt11_dialog0327,analytics,20.7,55.8,21.5,35.5,50.0,14.0,4.0,29.4,2.2,6.6
phi4-mini,3.8B,3. Инструменты обучения НС,"В Adagrad, G_{t-1,ii}=4, g_t=2, η=0.1, ε=1e-8.",prompt11,dialog0328,analytics_phi4-mini_3.8b_prompt11_dialog0328,analytics,20.7,55.8,21.5,35.5,50.0,14.0,4.0,29.4,2.2,6.6
phi4-mini,3.8B,3. Инструменты обучения НС,"Вычисли learning rate decay: η0=0.1, t=5, T=10, linear.",prompt11,dialog0329,analytics_phi4-mini_3.8b_prompt11_dialog0329,analytics,20.7,55.8,21.5,35.5,50.0,14.0,4.0,29.4,2.2,6.6
phi4-mini,3.8B,3. Инструменты обучения НС,"В Nesterov, вычисли ∇ в ω - γ v_{t-1}: γ=0.9, v=1, ∇=2.",prompt11,dialog0330,analytics_phi4-mini_3.8b_prompt11_dialog0330,analytics,20.7,55.8,21.5,35.5,50.0,14.0,4.0,29.4,2.2,6.6
llama3.2,1.0B,1_Классификаторы_KNN_и_наивный_байес,Что такое метод k-ближайших соседей?,prompt14,dialog0391,analytics_llama3.2_1b_prompt14_dialog0391,analytics,30.8,37.7,36.9,39.2,50.0,30.6,18.7,29.5,9.6,1.9
llama3.2,1.0B,1_Классификаторы_KNN_и_наивный_байес,Как выбрать количество соседей k в k-NN?,prompt14,dialog0392,analytics_llama3.2_1b_prompt14_dialog0392,analytics,30.8,37.7,36.9,39.2,50.0,30.6,18.7,29.5,9.6,1.9
llama3.2,1.0B,1_Классификаторы_KNN_и_наивный_байес,Что такое евклидова метрика?,prompt14,dialog0393,analytics_llama3.2_1b_prompt14_dialog0393,analytics,30.8,37.7,36.9,39.2,50.0,30.6,18.7,29.5,9.6,1.9
llama3.2,1.0B,1_Классификаторы_KNN_и_наивный_байес,В чем суть наивного байесовского классификатора?,prompt14,dialog0394,analytics_llama3.2_1b_prompt14_dialog0394,analytics,30.8,37.7,36.9,39.2,50.0,30.6,18.7,29.5,9.6,1.9
llama3.2,1.0B,1_Классификаторы_KNN_и_наивный_байес,Как работает сглаживание по Лапласу?,prompt14,dialog0395,analytics_llama3.2_1b_prompt14_dialog0395,analytics,30.8,37.7,36.9,39.2,50.0,30.6,18.7,29.5,9.6,1.9
llama3.2,1.0B,1_Классификаторы_KNN_и_наивный_байес,Что такое манхэттенское расстояние?,prompt14,dialog0396,analytics_llama3.2_1b_prompt14_dialog0396,analytics,30.8,37.7,36.9,39.2,50.0,30.6,18.7,29.5,9.6,1.9
llama3.2,1.0B,1_Классификаторы_KNN_и_наивный_байес,Как вычислить вероятность класса в Naive Bayes?,prompt14,dialog0397,analytics_llama3.2_1b_prompt14_dialog0397,analytics,30.8,37.7,36.9,39.2,50.0,30.6,18.7,29.5,9.6,1.9
llama3.2,1.0B,1_Классификаторы_KNN_и_наивный_байес,Что такое расстояние Чебышёва?,prompt14,dialog0398,analytics_llama3.2_1b_prompt14_dialog0398,analytics,30.8,37.7,36.9,39.2,50.0,30.6,18.7,29.5,9.6,1.9
llama3.2,1.0B,1_Классификаторы_KNN_и_наивный_байес,Как классифицировать письмо как спам в Naive Bayes?,prompt14,dialog0399,analytics_llama3.2_1b_prompt14_dialog0399,analytics,30.8,37.7,36.9,39.2,50.0,30.6,18.7,29.5,9.6,1.9
llama3.2,1.0B,1_Классификаторы_KNN_и_наивный_байес,В чем разница между k-NN и взвешенным k-NN?,prompt14,dialog0400,analytics_llama3.2_1b_prompt14_dialog0400,analytics,30.8,37.7,36.9,39.2,50.0,30.6,18.7,29.5,9.6,1.9
llama3.2,1.0B,1_Классификаторы_KNN_и_наивный_байес,Вычисли вероятность спама для слова 'приз' из примера.,prompt14,dialog0401,analytics_llama3.2_1b_prompt14_dialog0401,analytics,30.8,37.7,36.9,39.2,50.0,30.6,18.7,29.5,9.6,1.9
llama3.2,1.0B,1_Классификаторы_KNN_и_наивный_байес,"Вычисли расстояние Евклида между (1,2) и (3,4).",prompt14,dialog0402,analytics_llama3.2_1b_prompt14_dialog0402,analytics,30.8,37.7,36.9,39.2,50.0,30.6,18.7,29.5,9.6,1.9
llama3.2,1.0B,1_Классификаторы_KNN_и_наивный_байес,"В примере с погодой, вычисли F(да) для теста.",prompt14,dialog0403,analytics_llama3.2_1b_prompt14_dialog0403,analytics,30.8,37.7,36.9,39.2,50.0,30.6,18.7,29.5,9.6,1.9
llama3.2,1.0B,1_Классификаторы_KNN_и_наивный_байес,"Вычисли P(да | пасмурно, холодно, влажно, да).",prompt14,dialog0404,analytics_llama3.2_1b_prompt14_dialog0404,analytics,30.8,37.7,36.9,39.2,50.0,30.6,18.7,29.5,9.6,1.9
llama3.2,1.0B,1_Классификаторы_KNN_и_наивный_байес,"В спам-примере, вычисли P(win|спам) с Laplace.",prompt14,dialog0405,analytics_llama3.2_1b_prompt14_dialog0405,analytics,30.8,37.7,36.9,39.2,50.0,30.6,18.7,29.5,9.6,1.9
llama3.2,1.0B,3. Инструменты обучения НС,Что такое autograd?,prompt14,dialog0406,analytics_llama3.2_1b_prompt14_dialog0406,analytics,30.8,37.7,36.9,39.2,50.0,30.6,18.7,29.5,9.6,1.9
llama3.2,1.0B,3. Инструменты обучения НС,Что такое TensorFlow?,prompt14,dialog0407,analytics_llama3.2_1b_prompt14_dialog0407,analytics,30.8,37.7,36.9,39.2,50.0,30.6,18.7,29.5,9.6,1.9
llama3.2,1.0B,3. Инструменты обучения НС,Что такое Keras?,prompt14,dialog0408,analytics_llama3.2_1b_prompt14_dialog0408,analytics,30.8,37.7,36.9,39.2,50.0,30.6,18.7,29.5,9.6,1.9
llama3.2,1.0B,3. Инструменты обучения НС,Что такое over-fitting?,prompt14,dialog0409,analytics_llama3.2_1b_prompt14_dialog0409,analytics,30.8,37.7,36.9,39.2,50.0,30.6,18.7,29.5,9.6,1.9
llama3.2,1.0B,3. Инструменты обучения НС,Что такое SGD?,prompt14,dialog0410,analytics_llama3.2_1b_prompt14_dialog0410,analytics,30.8,37.7,36.9,39.2,50.0,30.6,18.7,29.5,9.6,1.9
llama3.2,1.0B,3. Инструменты обучения НС,Что такое Momentum в оптимизации?,prompt14,dialog0411,analytics_llama3.2_1b_prompt14_dialog0411,analytics,30.8,37.7,36.9,39.2,50.0,30.6,18.7,29.5,9.6,1.9
llama3.2,1.0B,3. Инструменты обучения НС,Что такое Adam?,prompt14,dialog0412,analytics_llama3.2_1b_prompt14_dialog0412,analytics,30.8,37.7,36.9,39.2,50.0,30.6,18.7,29.5,9.6,1.9
llama3.2,1.0B,3. Инструменты обучения НС,Что такое learning rate?,prompt14,dialog0413,analytics_llama3.2_1b_prompt14_dialog0413,analytics,30.8,37.7,36.9,39.2,50.0,30.6,18.7,29.5,9.6,1.9
llama3.2,1.0B,3. Инструменты обучения НС,Что такое метод Ньютона?,prompt14,dialog0414,analytics_llama3.2_1b_prompt14_dialog0414,analytics,30.8,37.7,36.9,39.2,50.0,30.6,18.7,29.5,9.6,1.9
llama3.2,1.0B,3. Инструменты обучения НС,Что такое RMSProp?,prompt14,dialog0415,analytics_llama3.2_1b_prompt14_dialog0415,analytics,30.8,37.7,36.9,39.2,50.0,30.6,18.7,29.5,9.6,1.9
llama3.2,1.0B,3. Инструменты обучения НС,"Вычисли шаг в SGD для L(w)=w^2, w=3, η=0.1.",prompt14,dialog0416,analytics_llama3.2_1b_prompt14_dialog0416,analytics,30.8,37.7,36.9,39.2,50.0,30.6,18.7,29.5,9.6,1.9
llama3.2,1.0B,3. Инструменты обучения НС,"Вычисли v_t в Momentum: γ=0.9, v_{t-1}=1, ∇L=2, η=0.1.",prompt14,dialog0417,analytics_llama3.2_1b_prompt14_dialog0417,analytics,30.8,37.7,36.9,39.2,50.0,30.6,18.7,29.5,9.6,1.9
llama3.2,1.0B,3. Инструменты обучения НС,"В Adagrad, G_{t-1,ii}=4, g_t=2, η=0.1, ε=1e-8.",prompt14,dialog0418,analytics_llama3.2_1b_prompt14_dialog0418,analytics,30.8,37.7,36.9,39.2,50.0,30.6,18.7,29.5,9.6,1.9
llama3.2,1.0B,3. Инструменты обучения НС,"Вычисли learning rate decay: η0=0.1, t=5, T=10, linear.",prompt14,dialog0419,analytics_llama3.2_1b_prompt14_dialog0419,analytics,30.8,37.7,36.9,39.2,50.0,30.6,18.7,29.5,9.6,1.9
llama3.2,1.0B,3. Инструменты обучения НС,"В Nesterov, вычисли ∇ в ω - γ v_{t-1}: γ=0.9, v=1, ∇=2.",prompt14,dialog0420,analytics_llama3.2_1b_prompt14_dialog0420,analytics,30.8,37.7,36.9,39.2,50.0,30.6,18.7,29.5,9.6,1.9
llama3.2,1.0B,1_Классификаторы_KNN_и_наивный_байес,Что такое метод k-ближайших соседей?,prompt13,dialog0361,analytics_llama3.2_1b_prompt13_dialog0361,analytics,30.9,37.4,38.6,39.2,50.0,29.0,16.4,31.1,10.0,2.6
llama3.2,1.0B,1_Классификаторы_KNN_и_наивный_байес,Как выбрать количество соседей k в k-NN?,prompt13,dialog0362,analytics_llama3.2_1b_prompt13_dialog0362,analytics,30.9,37.4,38.6,39.2,50.0,29.0,16.4,31.1,10.0,2.6
llama3.2,1.0B,1_Классификаторы_KNN_и_наивный_байес,Что такое евклидова метрика?,prompt13,dialog0363,analytics_llama3.2_1b_prompt13_dialog0363,analytics,30.9,37.4,38.6,39.2,50.0,29.0,16.4,31.1,10.0,2.6
llama3.2,1.0B,1_Классификаторы_KNN_и_наивный_байес,В чем суть наивного байесовского классификатора?,prompt13,dialog0364,analytics_llama3.2_1b_prompt13_dialog0364,analytics,30.9,37.4,38.6,39.2,50.0,29.0,16.4,31.1,10.0,2.6
llama3.2,1.0B,1_Классификаторы_KNN_и_наивный_байес,Как работает сглаживание по Лапласу?,prompt13,dialog0365,analytics_llama3.2_1b_prompt13_dialog0365,analytics,30.9,37.4,38.6,39.2,50.0,29.0,16.4,31.1,10.0,2.6
llama3.2,1.0B,1_Классификаторы_KNN_и_наивный_байес,Что такое манхэттенское расстояние?,prompt13,dialog0366,analytics_llama3.2_1b_prompt13_dialog0366,analytics,30.9,37.4,38.6,39.2,50.0,29.0,16.4,31.1,10.0,2.6
llama3.2,1.0B,1_Классификаторы_KNN_и_наивный_байес,Как вычислить вероятность класса в Naive Bayes?,prompt13,dialog0367,analytics_llama3.2_1b_prompt13_dialog0367,analytics,30.9,37.4,38.6,39.2,50.0,29.0,16.4,31.1,10.0,2.6
llama3.2,1.0B,1_Классификаторы_KNN_и_наивный_байес,Что такое расстояние Чебышёва?,prompt13,dialog0368,analytics_llama3.2_1b_prompt13_dialog0368,analytics,30.9,37.4,38.6,39.2,50.0,29.0,16.4,31.1,10.0,2.6
llama3.2,1.0B,1_Классификаторы_KNN_и_наивный_байес,Как классифицировать письмо как спам в Naive Bayes?,prompt13,dialog0369,analytics_llama3.2_1b_prompt13_dialog0369,analytics,30.9,37.4,38.6,39.2,50.0,29.0,16.4,31.1,10.0,2.6
llama3.2,1.0B,1_Классификаторы_KNN_и_наивный_байес,В чем разница между k-NN и взвешенным k-NN?,prompt13,dialog0370,analytics_llama3.2_1b_prompt13_dialog0370,analytics,30.9,37.4,38.6,39.2,50.0,29.0,16.4,31.1,10.0,2.6
llama3.2,1.0B,1_Классификаторы_KNN_и_наивный_байес,Вычисли вероятность спама для слова 'приз' из примера.,prompt13,dialog0371,analytics_llama3.2_1b_prompt13_dialog0371,analytics,30.9,37.4,38.6,39.2,50.0,29.0,16.4,31.1,10.0,2.6
llama3.2,1.0B,1_Классификаторы_KNN_и_наивный_байес,"Вычисли расстояние Евклида между (1,2) и (3,4).",prompt13,dialog0372,analytics_llama3.2_1b_prompt13_dialog0372,analytics,30.9,37.4,38.6,39.2,50.0,29.0,16.4,31.1,10.0,2.6
llama3.2,1.0B,1_Классификаторы_KNN_и_наивный_байес,"В примере с погодой, вычисли F(да) для теста.",prompt13,dialog0373,analytics_llama3.2_1b_prompt13_dialog0373,analytics,30.9,37.4,38.6,39.2,50.0,29.0,16.4,31.1,10.0,2.6
llama3.2,1.0B,1_Классификаторы_KNN_и_наивный_байес,"Вычисли P(да | пасмурно, холодно, влажно, да).",prompt13,dialog0374,analytics_llama3.2_1b_prompt13_dialog0374,analytics,30.9,37.4,38.6,39.2,50.0,29.0,16.4,31.1,10.0,2.6
llama3.2,1.0B,1_Классификаторы_KNN_и_наивный_байес,"В спам-примере, вычисли P(win|спам) с Laplace.",prompt13,dialog0375,analytics_llama3.2_1b_prompt13_dialog0375,analytics,30.9,37.4,38.6,39.2,50.0,29.0,16.4,31.1,10.0,2.6
llama3.2,1.0B,3. Инструменты обучения НС,Что такое autograd?,prompt13,dialog0376,analytics_llama3.2_1b_prompt13_dialog0376,analytics,30.9,37.4,38.6,39.2,50.0,29.0,16.4,31.1,10.0,2.6
llama3.2,1.0B,3. Инструменты обучения НС,Что такое TensorFlow?,prompt13,dialog0377,analytics_llama3.2_1b_prompt13_dialog0377,analytics,30.9,37.4,38.6,39.2,50.0,29.0,16.4,31.1,10.0,2.6
llama3.2,1.0B,3. Инструменты обучения НС,Что такое Keras?,prompt13,dialog0378,analytics_llama3.2_1b_prompt13_dialog0378,analytics,30.9,37.4,38.6,39.2,50.0,29.0,16.4,31.1,10.0,2.6
llama3.2,1.0B,3. Инструменты обучения НС,Что такое over-fitting?,prompt13,dialog0379,analytics_llama3.2_1b_prompt13_dialog0379,analytics,30.9,37.4,38.6,39.2,50.0,29.0,16.4,31.1,10.0,2.6
llama3.2,1.0B,3. Инструменты обучения НС,Что такое SGD?,prompt13,dialog0380,analytics_llama3.2_1b_prompt13_dialog0380,analytics,30.9,37.4,38.6,39.2,50.0,29.0,16.4,31.1,10.0,2.6
llama3.2,1.0B,3. Инструменты обучения НС,Что такое Momentum в оптимизации?,prompt13,dialog0381,analytics_llama3.2_1b_prompt13_dialog0381,analytics,30.9,37.4,38.6,39.2,50.0,29.0,16.4,31.1,10.0,2.6
llama3.2,1.0B,3. Инструменты обучения НС,Что такое Adam?,prompt13,dialog0382,analytics_llama3.2_1b_prompt13_dialog0382,analytics,30.9,37.4,38.6,39.2,50.0,29.0,16.4,31.1,10.0,2.6
llama3.2,1.0B,3. Инструменты обучения НС,Что такое learning rate?,prompt13,dialog0383,analytics_llama3.2_1b_prompt13_dialog0383,analytics,30.9,37.4,38.6,39.2,50.0,29.0,16.4,31.1,10.0,2.6
llama3.2,1.0B,3. Инструменты обучения НС,Что такое метод Ньютона?,prompt13,dialog0384,analytics_llama3.2_1b_prompt13_dialog0384,analytics,30.9,37.4,38.6,39.2,50.0,29.0,16.4,31.1,10.0,2.6
llama3.2,1.0B,3. Инструменты обучения НС,Что такое RMSProp?,prompt13,dialog0385,analytics_llama3.2_1b_prompt13_dialog0385,analytics,30.9,37.4,38.6,39.2,50.0,29.0,16.4,31.1,10.0,2.6
llama3.2,1.0B,3. Инструменты обучения НС,"Вычисли шаг в SGD для L(w)=w^2, w=3, η=0.1.",prompt13,dialog0386,analytics_llama3.2_1b_prompt13_dialog0386,analytics,30.9,37.4,38.6,39.2,50.0,29.0,16.4,31.1,10.0,2.6
llama3.2,1.0B,3. Инструменты обучения НС,"Вычисли v_t в Momentum: γ=0.9, v_{t-1}=1, ∇L=2, η=0.1.",prompt13,dialog0387,analytics_llama3.2_1b_prompt13_dialog0387,analytics,30.9,37.4,38.6,39.2,50.0,29.0,16.4,31.1,10.0,2.6
llama3.2,1.0B,3. Инструменты обучения НС,"В Adagrad, G_{t-1,ii}=4, g_t=2, η=0.1, ε=1e-8.",prompt13,dialog0388,analytics_llama3.2_1b_prompt13_dialog0388,analytics,30.9,37.4,38.6,39.2,50.0,29.0,16.4,31.1,10.0,2.6
llama3.2,1.0B,3. Инструменты обучения НС,"Вычисли learning rate decay: η0=0.1, t=5, T=10, linear.",prompt13,dialog0389,analytics_llama3.2_1b_prompt13_dialog0389,analytics,30.9,37.4,38.6,39.2,50.0,29.0,16.4,31.1,10.0,2.6
llama3.2,1.0B,3. Инструменты обучения НС,"В Nesterov, вычисли ∇ в ω - γ v_{t-1}: γ=0.9, v=1, ∇=2.",prompt13,dialog0390,analytics_llama3.2_1b_prompt13_dialog0390,analytics,30.9,37.4,38.6,39.2,50.0,29.0,16.4,31.1,10.0,2.6
llama3.2,1.0B,1_Классификаторы_KNN_и_наивный_байес,Что такое метод k-ближайших соседей?,prompt4,dialog0091,analytics_llama3.2_1b_prompt4_dialog0091,analytics,30.3,38.8,34.7,39.3,50.0,30.7,17.1,31.3,8.0,1.7
llama3.2,1.0B,1_Классификаторы_KNN_и_наивный_байес,Как выбрать количество соседей k в k-NN?,prompt4,dialog0092,analytics_llama3.2_1b_prompt4_dialog0092,analytics,30.3,38.8,34.7,39.3,50.0,30.7,17.1,31.3,8.0,1.7
llama3.2,1.0B,1_Классификаторы_KNN_и_наивный_байес,Что такое евклидова метрика?,prompt4,dialog0093,analytics_llama3.2_1b_prompt4_dialog0093,analytics,30.3,38.8,34.7,39.3,50.0,30.7,17.1,31.3,8.0,1.7
llama3.2,1.0B,1_Классификаторы_KNN_и_наивный_байес,В чем суть наивного байесовского классификатора?,prompt4,dialog0094,analytics_llama3.2_1b_prompt4_dialog0094,analytics,30.3,38.8,34.7,39.3,50.0,30.7,17.1,31.3,8.0,1.7
llama3.2,1.0B,1_Классификаторы_KNN_и_наивный_байес,Как работает сглаживание по Лапласу?,prompt4,dialog0095,analytics_llama3.2_1b_prompt4_dialog0095,analytics,30.3,38.8,34.7,39.3,50.0,30.7,17.1,31.3,8.0,1.7
llama3.2,1.0B,1_Классификаторы_KNN_и_наивный_байес,Что такое манхэттенское расстояние?,prompt4,dialog0096,analytics_llama3.2_1b_prompt4_dialog0096,analytics,30.3,38.8,34.7,39.3,50.0,30.7,17.1,31.3,8.0,1.7
llama3.2,1.0B,1_Классификаторы_KNN_и_наивный_байес,Как вычислить вероятность класса в Naive Bayes?,prompt4,dialog0097,analytics_llama3.2_1b_prompt4_dialog0097,analytics,30.3,38.8,34.7,39.3,50.0,30.7,17.1,31.3,8.0,1.7
llama3.2,1.0B,1_Классификаторы_KNN_и_наивный_байес,Что такое расстояние Чебышёва?,prompt4,dialog0098,analytics_llama3.2_1b_prompt4_dialog0098,analytics,30.3,38.8,34.7,39.3,50.0,30.7,17.1,31.3,8.0,1.7
llama3.2,1.0B,1_Классификаторы_KNN_и_наивный_байес,Как классифицировать письмо как спам в Naive Bayes?,prompt4,dialog0099,analytics_llama3.2_1b_prompt4_dialog0099,analytics,30.3,38.8,34.7,39.3,50.0,30.7,17.1,31.3,8.0,1.7
llama3.2,1.0B,1_Классификаторы_KNN_и_наивный_байес,В чем разница между k-NN и взвешенным k-NN?,prompt4,dialog0100,analytics_llama3.2_1b_prompt4_dialog0100,analytics,30.3,38.8,34.7,39.3,50.0,30.7,17.1,31.3,8.0,1.7
llama3.2,1.0B,1_Классификаторы_KNN_и_наивный_байес,Вычисли вероятность спама для слова 'приз' из примера.,prompt4,dialog0101,analytics_llama3.2_1b_prompt4_dialog0101,analytics,30.3,38.8,34.7,39.3,50.0,30.7,17.1,31.3,8.0,1.7
llama3.2,1.0B,1_Классификаторы_KNN_и_наивный_байес,"Вычисли расстояние Евклида между (1,2) и (3,4).",prompt4,dialog0102,analytics_llama3.2_1b_prompt4_dialog0102,analytics,30.3,38.8,34.7,39.3,50.0,30.7,17.1,31.3,8.0,1.7
llama3.2,1.0B,1_Классификаторы_KNN_и_наивный_байес,"В примере с погодой, вычисли F(да) для теста.",prompt4,dialog0103,analytics_llama3.2_1b_prompt4_dialog0103,analytics,30.3,38.8,34.7,39.3,50.0,30.7,17.1,31.3,8.0,1.7
llama3.2,1.0B,1_Классификаторы_KNN_и_наивный_байес,"Вычисли P(да | пасмурно, холодно, влажно, да).",prompt4,dialog0104,analytics_llama3.2_1b_prompt4_dialog0104,analytics,30.3,38.8,34.7,39.3,50.0,30.7,17.1,31.3,8.0,1.7
llama3.2,1.0B,1_Классификаторы_KNN_и_наивный_байес,"В спам-примере, вычисли P(win|спам) с Laplace.",prompt4,dialog0105,analytics_llama3.2_1b_prompt4_dialog0105,analytics,30.3,38.8,34.7,39.3,50.0,30.7,17.1,31.3,8.0,1.7
llama3.2,1.0B,3. Инструменты обучения НС,Что такое autograd?,prompt4,dialog0106,analytics_llama3.2_1b_prompt4_dialog0106,analytics,30.3,38.8,34.7,39.3,50.0,30.7,17.1,31.3,8.0,1.7
llama3.2,1.0B,3. Инструменты обучения НС,Что такое TensorFlow?,prompt4,dialog0107,analytics_llama3.2_1b_prompt4_dialog0107,analytics,30.3,38.8,34.7,39.3,50.0,30.7,17.1,31.3,8.0,1.7
llama3.2,1.0B,3. Инструменты обучения НС,Что такое Keras?,prompt4,dialog0108,analytics_llama3.2_1b_prompt4_dialog0108,analytics,30.3,38.8,34.7,39.3,50.0,30.7,17.1,31.3,8.0,1.7
llama3.2,1.0B,3. Инструменты обучения НС,Что такое over-fitting?,prompt4,dialog0109,analytics_llama3.2_1b_prompt4_dialog0109,analytics,30.3,38.8,34.7,39.3,50.0,30.7,17.1,31.3,8.0,1.7
llama3.2,1.0B,3. Инструменты обучения НС,Что такое SGD?,prompt4,dialog0110,analytics_llama3.2_1b_prompt4_dialog0110,analytics,30.3,38.8,34.7,39.3,50.0,30.7,17.1,31.3,8.0,1.7
llama3.2,1.0B,3. Инструменты обучения НС,Что такое Momentum в оптимизации?,prompt4,dialog0111,analytics_llama3.2_1b_prompt4_dialog0111,analytics,30.3,38.8,34.7,39.3,50.0,30.7,17.1,31.3,8.0,1.7
llama3.2,1.0B,3. Инструменты обучения НС,Что такое Adam?,prompt4,dialog0112,analytics_llama3.2_1b_prompt4_dialog0112,analytics,30.3,38.8,34.7,39.3,50.0,30.7,17.1,31.3,8.0,1.7
llama3.2,1.0B,3. Инструменты обучения НС,Что такое learning rate?,prompt4,dialog0113,analytics_llama3.2_1b_prompt4_dialog0113,analytics,30.3,38.8,34.7,39.3,50.0,30.7,17.1,31.3,8.0,1.7
llama3.2,1.0B,3. Инструменты обучения НС,Что такое метод Ньютона?,prompt4,dialog0114,analytics_llama3.2_1b_prompt4_dialog0114,analytics,30.3,38.8,34.7,39.3,50.0,30.7,17.1,31.3,8.0,1.7
llama3.2,1.0B,3. Инструменты обучения НС,Что такое RMSProp?,prompt4,dialog0115,analytics_llama3.2_1b_prompt4_dialog0115,analytics,30.3,38.8,34.7,39.3,50.0,30.7,17.1,31.3,8.0,1.7
llama3.2,1.0B,3. Инструменты обучения НС,"Вычисли шаг в SGD для L(w)=w^2, w=3, η=0.1.",prompt4,dialog0116,analytics_llama3.2_1b_prompt4_dialog0116,analytics,30.3,38.8,34.7,39.3,50.0,30.7,17.1,31.3,8.0,1.7
llama3.2,1.0B,3. Инструменты обучения НС,"Вычисли v_t в Momentum: γ=0.9, v_{t-1}=1, ∇L=2, η=0.1.",prompt4,dialog0117,analytics_llama3.2_1b_prompt4_dialog0117,analytics,30.3,38.8,34.7,39.3,50.0,30.7,17.1,31.3,8.0,1.7
llama3.2,1.0B,3. Инструменты обучения НС,"В Adagrad, G_{t-1,ii}=4, g_t=2, η=0.1, ε=1e-8.",prompt4,dialog0118,analytics_llama3.2_1b_prompt4_dialog0118,analytics,30.3,38.8,34.7,39.3,50.0,30.7,17.1,31.3,8.0,1.7
llama3.2,1.0B,3. Инструменты обучения НС,"Вычисли learning rate decay: η0=0.1, t=5, T=10, linear.",prompt4,dialog0119,analytics_llama3.2_1b_prompt4_dialog0119,analytics,30.3,38.8,34.7,39.3,50.0,30.7,17.1,31.3,8.0,1.7
llama3.2,1.0B,3. Инструменты обучения НС,"В Nesterov, вычисли ∇ в ω - γ v_{t-1}: γ=0.9, v=1, ∇=2.",prompt4,dialog0120,analytics_llama3.2_1b_prompt4_dialog0120,analytics,30.3,38.8,34.7,39.3,50.0,30.7,17.1,31.3,8.0,1.7
llama3.2,1.0B,1_Классификаторы_KNN_и_наивный_байес,Что такое метод k-ближайших соседей?,prompt3,dialog0061,analytics_llama3.2_1b_prompt3_dialog0061,analytics,29.0,38.5,31.4,39.3,50.0,28.6,14.9,30.6,12.2,4.5
llama3.2,1.0B,1_Классификаторы_KNN_и_наивный_байес,Как выбрать количество соседей k в k-NN?,prompt3,dialog0062,analytics_llama3.2_1b_prompt3_dialog0062,analytics,29.0,38.5,31.4,39.3,50.0,28.6,14.9,30.6,12.2,4.5
llama3.2,1.0B,1_Классификаторы_KNN_и_наивный_байес,Что такое евклидова метрика?,prompt3,dialog0063,analytics_llama3.2_1b_prompt3_dialog0063,analytics,29.0,38.5,31.4,39.3,50.0,28.6,14.9,30.6,12.2,4.5
llama3.2,1.0B,1_Классификаторы_KNN_и_наивный_байес,В чем суть наивного байесовского классификатора?,prompt3,dialog0064,analytics_llama3.2_1b_prompt3_dialog0064,analytics,29.0,38.5,31.4,39.3,50.0,28.6,14.9,30.6,12.2,4.5
llama3.2,1.0B,1_Классификаторы_KNN_и_наивный_байес,Как работает сглаживание по Лапласу?,prompt3,dialog0065,analytics_llama3.2_1b_prompt3_dialog0065,analytics,29.0,38.5,31.4,39.3,50.0,28.6,14.9,30.6,12.2,4.5
llama3.2,1.0B,1_Классификаторы_KNN_и_наивный_байес,Что такое манхэттенское расстояние?,prompt3,dialog0066,analytics_llama3.2_1b_prompt3_dialog0066,analytics,29.0,38.5,31.4,39.3,50.0,28.6,14.9,30.6,12.2,4.5
llama3.2,1.0B,1_Классификаторы_KNN_и_наивный_байес,Как вычислить вероятность класса в Naive Bayes?,prompt3,dialog0067,analytics_llama3.2_1b_prompt3_dialog0067,analytics,29.0,38.5,31.4,39.3,50.0,28.6,14.9,30.6,12.2,4.5
llama3.2,1.0B,1_Классификаторы_KNN_и_наивный_байес,Что такое расстояние Чебышёва?,prompt3,dialog0068,analytics_llama3.2_1b_prompt3_dialog0068,analytics,29.0,38.5,31.4,39.3,50.0,28.6,14.9,30.6,12.2,4.5
llama3.2,1.0B,1_Классификаторы_KNN_и_наивный_байес,Как классифицировать письмо как спам в Naive Bayes?,prompt3,dialog0069,analytics_llama3.2_1b_prompt3_dialog0069,analytics,29.0,38.5,31.4,39.3,50.0,28.6,14.9,30.6,12.2,4.5
llama3.2,1.0B,1_Классификаторы_KNN_и_наивный_байес,В чем разница между k-NN и взвешенным k-NN?,prompt3,dialog0070,analytics_llama3.2_1b_prompt3_dialog0070,analytics,29.0,38.5,31.4,39.3,50.0,28.6,14.9,30.6,12.2,4.5
llama3.2,1.0B,1_Классификаторы_KNN_и_наивный_байес,Вычисли вероятность спама для слова 'приз' из примера.,prompt3,dialog0071,analytics_llama3.2_1b_prompt3_dialog0071,analytics,29.0,38.5,31.4,39.3,50.0,28.6,14.9,30.6,12.2,4.5
llama3.2,1.0B,1_Классификаторы_KNN_и_наивный_байес,"Вычисли расстояние Евклида между (1,2) и (3,4).",prompt3,dialog0072,analytics_llama3.2_1b_prompt3_dialog0072,analytics,29.0,38.5,31.4,39.3,50.0,28.6,14.9,30.6,12.2,4.5
llama3.2,1.0B,1_Классификаторы_KNN_и_наивный_байес,"В примере с погодой, вычисли F(да) для теста.",prompt3,dialog0073,analytics_llama3.2_1b_prompt3_dialog0073,analytics,29.0,38.5,31.4,39.3,50.0,28.6,14.9,30.6,12.2,4.5
llama3.2,1.0B,1_Классификаторы_KNN_и_наивный_байес,"Вычисли P(да | пасмурно, холодно, влажно, да).",prompt3,dialog0074,analytics_llama3.2_1b_prompt3_dialog0074,analytics,29.0,38.5,31.4,39.3,50.0,28.6,14.9,30.6,12.2,4.5
llama3.2,1.0B,1_Классификаторы_KNN_и_наивный_байес,"В спам-примере, вычисли P(win|спам) с Laplace.",prompt3,dialog0075,analytics_llama3.2_1b_prompt3_dialog0075,analytics,29.0,38.5,31.4,39.3,50.0,28.6,14.9,30.6,12.2,4.5
llama3.2,1.0B,3. Инструменты обучения НС,Что такое autograd?,prompt3,dialog0076,analytics_llama3.2_1b_prompt3_dialog0076,analytics,29.0,38.5,31.4,39.3,50.0,28.6,14.9,30.6,12.2,4.5
llama3.2,1.0B,3. Инструменты обучения НС,Что такое TensorFlow?,prompt3,dialog0077,analytics_llama3.2_1b_prompt3_dialog0077,analytics,29.0,38.5,31.4,39.3,50.0,28.6,14.9,30.6,12.2,4.5
llama3.2,1.0B,3. Инструменты обучения НС,Что такое Keras?,prompt3,dialog0078,analytics_llama3.2_1b_prompt3_dialog0078,analytics,29.0,38.5,31.4,39.3,50.0,28.6,14.9,30.6,12.2,4.5
llama3.2,1.0B,3. Инструменты обучения НС,Что такое over-fitting?,prompt3,dialog0079,analytics_llama3.2_1b_prompt3_dialog0079,analytics,29.0,38.5,31.4,39.3,50.0,28.6,14.9,30.6,12.2,4.5
llama3.2,1.0B,3. Инструменты обучения НС,Что такое SGD?,prompt3,dialog0080,analytics_llama3.2_1b_prompt3_dialog0080,analytics,29.0,38.5,31.4,39.3,50.0,28.6,14.9,30.6,12.2,4.5
llama3.2,1.0B,3. Инструменты обучения НС,Что такое Momentum в оптимизации?,prompt3,dialog0081,analytics_llama3.2_1b_prompt3_dialog0081,analytics,29.0,38.5,31.4,39.3,50.0,28.6,14.9,30.6,12.2,4.5
llama3.2,1.0B,3. Инструменты обучения НС,Что такое Adam?,prompt3,dialog0082,analytics_llama3.2_1b_prompt3_dialog0082,analytics,29.0,38.5,31.4,39.3,50.0,28.6,14.9,30.6,12.2,4.5
llama3.2,1.0B,3. Инструменты обучения НС,Что такое learning rate?,prompt3,dialog0083,analytics_llama3.2_1b_prompt3_dialog0083,analytics,29.0,38.5,31.4,39.3,50.0,28.6,14.9,30.6,12.2,4.5
llama3.2,1.0B,3. Инструменты обучения НС,Что такое метод Ньютона?,prompt3,dialog0084,analytics_llama3.2_1b_prompt3_dialog0084,analytics,29.0,38.5,31.4,39.3,50.0,28.6,14.9,30.6,12.2,4.5
llama3.2,1.0B,3. Инструменты обучения НС,Что такое RMSProp?,prompt3,dialog0085,analytics_llama3.2_1b_prompt3_dialog0085,analytics,29.0,38.5,31.4,39.3,50.0,28.6,14.9,30.6,12.2,4.5
llama3.2,1.0B,3. Инструменты обучения НС,"Вычисли шаг в SGD для L(w)=w^2, w=3, η=0.1.",prompt3,dialog0086,analytics_llama3.2_1b_prompt3_dialog0086,analytics,29.0,38.5,31.4,39.3,50.0,28.6,14.9,30.6,12.2,4.5
llama3.2,1.0B,3. Инструменты обучения НС,"Вычисли v_t в Momentum: γ=0.9, v_{t-1}=1, ∇L=2, η=0.1.",prompt3,dialog0087,analytics_llama3.2_1b_prompt3_dialog0087,analytics,29.0,38.5,31.4,39.3,50.0,28.6,14.9,30.6,12.2,4.5
llama3.2,1.0B,3. Инструменты обучения НС,"В Adagrad, G_{t-1,ii}=4, g_t=2, η=0.1, ε=1e-8.",prompt3,dialog0088,analytics_llama3.2_1b_prompt3_dialog0088,analytics,29.0,38.5,31.4,39.3,50.0,28.6,14.9,30.6,12.2,4.5
llama3.2,1.0B,3. Инструменты обучения НС,"Вычисли learning rate decay: η0=0.1, t=5, T=10, linear.",prompt3,dialog0089,analytics_llama3.2_1b_prompt3_dialog0089,analytics,29.0,38.5,31.4,39.3,50.0,28.6,14.9,30.6,12.2,4.5
llama3.2,1.0B,3. Инструменты обучения НС,"В Nesterov, вычисли ∇ в ω - γ v_{t-1}: γ=0.9, v=1, ∇=2.",prompt3,dialog0090,analytics_llama3.2_1b_prompt3_dialog0090,analytics,29.0,38.5,31.4,39.3,50.0,28.6,14.9,30.6,12.2,4.5
llama3.2,1.0B,1_Классификаторы_KNN_и_наивный_байес,Что такое метод k-ближайших соседей?,prompt2,dialog0031,analytics_llama3.2_1b_prompt2_dialog0031,analytics,27.6,37.7,35.1,40.0,50.0,31.4,14.3,29.6,10.0,6.1
llama3.2,1.0B,1_Классификаторы_KNN_и_наивный_байес,Как выбрать количество соседей k в k-NN?,prompt2,dialog0032,analytics_llama3.2_1b_prompt2_dialog0032,analytics,27.6,37.7,35.1,40.0,50.0,31.4,14.3,29.6,10.0,6.1
llama3.2,1.0B,1_Классификаторы_KNN_и_наивный_байес,Что такое евклидова метрика?,prompt2,dialog0033,analytics_llama3.2_1b_prompt2_dialog0033,analytics,27.6,37.7,35.1,40.0,50.0,31.4,14.3,29.6,10.0,6.1
llama3.2,1.0B,1_Классификаторы_KNN_и_наивный_байес,В чем суть наивного байесовского классификатора?,prompt2,dialog0034,analytics_llama3.2_1b_prompt2_dialog0034,analytics,27.6,37.7,35.1,40.0,50.0,31.4,14.3,29.6,10.0,6.1
llama3.2,1.0B,1_Классификаторы_KNN_и_наивный_байес,Как работает сглаживание по Лапласу?,prompt2,dialog0035,analytics_llama3.2_1b_prompt2_dialog0035,analytics,27.6,37.7,35.1,40.0,50.0,31.4,14.3,29.6,10.0,6.1
llama3.2,1.0B,1_Классификаторы_KNN_и_наивный_байес,Что такое манхэттенское расстояние?,prompt2,dialog0036,analytics_llama3.2_1b_prompt2_dialog0036,analytics,27.6,37.7,35.1,40.0,50.0,31.4,14.3,29.6,10.0,6.1
llama3.2,1.0B,1_Классификаторы_KNN_и_наивный_байес,Как вычислить вероятность класса в Naive Bayes?,prompt2,dialog0037,analytics_llama3.2_1b_prompt2_dialog0037,analytics,27.6,37.7,35.1,40.0,50.0,31.4,14.3,29.6,10.0,6.1
llama3.2,1.0B,1_Классификаторы_KNN_и_наивный_байес,Что такое расстояние Чебышёва?,prompt2,dialog0038,analytics_llama3.2_1b_prompt2_dialog0038,analytics,27.6,37.7,35.1,40.0,50.0,31.4,14.3,29.6,10.0,6.1
llama3.2,1.0B,1_Классификаторы_KNN_и_наивный_байес,Как классифицировать письмо как спам в Naive Bayes?,prompt2,dialog0039,analytics_llama3.2_1b_prompt2_dialog0039,analytics,27.6,37.7,35.1,40.0,50.0,31.4,14.3,29.6,10.0,6.1
llama3.2,1.0B,1_Классификаторы_KNN_и_наивный_байес,В чем разница между k-NN и взвешенным k-NN?,prompt2,dialog0040,analytics_llama3.2_1b_prompt2_dialog0040,analytics,27.6,37.7,35.1,40.0,50.0,31.4,14.3,29.6,10.0,6.1
llama3.2,1.0B,1_Классификаторы_KNN_и_наивный_байес,Вычисли вероятность спама для слова 'приз' из примера.,prompt2,dialog0041,analytics_llama3.2_1b_prompt2_dialog0041,analytics,27.6,37.7,35.1,40.0,50.0,31.4,14.3,29.6,10.0,6.1
llama3.2,1.0B,1_Классификаторы_KNN_и_наивный_байес,"Вычисли расстояние Евклида между (1,2) и (3,4).",prompt2,dialog0042,analytics_llama3.2_1b_prompt2_dialog0042,analytics,27.6,37.7,35.1,40.0,50.0,31.4,14.3,29.6,10.0,6.1
llama3.2,1.0B,1_Классификаторы_KNN_и_наивный_байес,"В примере с погодой, вычисли F(да) для теста.",prompt2,dialog0043,analytics_llama3.2_1b_prompt2_dialog0043,analytics,27.6,37.7,35.1,40.0,50.0,31.4,14.3,29.6,10.0,6.1
llama3.2,1.0B,1_Классификаторы_KNN_и_наивный_байес,"Вычисли P(да | пасмурно, холодно, влажно, да).",prompt2,dialog0044,analytics_llama3.2_1b_prompt2_dialog0044,analytics,27.6,37.7,35.1,40.0,50.0,31.4,14.3,29.6,10.0,6.1
llama3.2,1.0B,1_Классификаторы_KNN_и_наивный_байес,"В спам-примере, вычисли P(win|спам) с Laplace.",prompt2,dialog0045,analytics_llama3.2_1b_prompt2_dialog0045,analytics,27.6,37.7,35.1,40.0,50.0,31.4,14.3,29.6,10.0,6.1
llama3.2,1.0B,3. Инструменты обучения НС,Что такое autograd?,prompt2,dialog0046,analytics_llama3.2_1b_prompt2_dialog0046,analytics,27.6,37.7,35.1,40.0,50.0,31.4,14.3,29.6,10.0,6.1
llama3.2,1.0B,3. Инструменты обучения НС,Что такое TensorFlow?,prompt2,dialog0047,analytics_llama3.2_1b_prompt2_dialog0047,analytics,27.6,37.7,35.1,40.0,50.0,31.4,14.3,29.6,10.0,6.1
llama3.2,1.0B,3. Инструменты обучения НС,Что такое Keras?,prompt2,dialog0048,analytics_llama3.2_1b_prompt2_dialog0048,analytics,27.6,37.7,35.1,40.0,50.0,31.4,14.3,29.6,10.0,6.1
llama3.2,1.0B,3. Инструменты обучения НС,Что такое over-fitting?,prompt2,dialog0049,analytics_llama3.2_1b_prompt2_dialog0049,analytics,27.6,37.7,35.1,40.0,50.0,31.4,14.3,29.6,10.0,6.1
llama3.2,1.0B,3. Инструменты обучения НС,Что такое SGD?,prompt2,dialog0050,analytics_llama3.2_1b_prompt2_dialog0050,analytics,27.6,37.7,35.1,40.0,50.0,31.4,14.3,29.6,10.0,6.1
llama3.2,1.0B,3. Инструменты обучения НС,Что такое Momentum в оптимизации?,prompt2,dialog0051,analytics_llama3.2_1b_prompt2_dialog0051,analytics,27.6,37.7,35.1,40.0,50.0,31.4,14.3,29.6,10.0,6.1
llama3.2,1.0B,3. Инструменты обучения НС,Что такое Adam?,prompt2,dialog0052,analytics_llama3.2_1b_prompt2_dialog0052,analytics,27.6,37.7,35.1,40.0,50.0,31.4,14.3,29.6,10.0,6.1
llama3.2,1.0B,3. Инструменты обучения НС,Что такое learning rate?,prompt2,dialog0053,analytics_llama3.2_1b_prompt2_dialog0053,analytics,27.6,37.7,35.1,40.0,50.0,31.4,14.3,29.6,10.0,6.1
llama3.2,1.0B,3. Инструменты обучения НС,Что такое метод Ньютона?,prompt2,dialog0054,analytics_llama3.2_1b_prompt2_dialog0054,analytics,27.6,37.7,35.1,40.0,50.0,31.4,14.3,29.6,10.0,6.1
llama3.2,1.0B,3. Инструменты обучения НС,Что такое RMSProp?,prompt2,dialog0055,analytics_llama3.2_1b_prompt2_dialog0055,analytics,27.6,37.7,35.1,40.0,50.0,31.4,14.3,29.6,10.0,6.1
llama3.2,1.0B,3. Инструменты обучения НС,"Вычисли шаг в SGD для L(w)=w^2, w=3, η=0.1.",prompt2,dialog0056,analytics_llama3.2_1b_prompt2_dialog0056,analytics,27.6,37.7,35.1,40.0,50.0,31.4,14.3,29.6,10.0,6.1
llama3.2,1.0B,3. Инструменты обучения НС,"Вычисли v_t в Momentum: γ=0.9, v_{t-1}=1, ∇L=2, η=0.1.",prompt2,dialog0057,analytics_llama3.2_1b_prompt2_dialog0057,analytics,27.6,37.7,35.1,40.0,50.0,31.4,14.3,29.6,10.0,6.1
llama3.2,1.0B,3. Инструменты обучения НС,"В Adagrad, G_{t-1,ii}=4, g_t=2, η=0.1, ε=1e-8.",prompt2,dialog0058,analytics_llama3.2_1b_prompt2_dialog0058,analytics,27.6,37.7,35.1,40.0,50.0,31.4,14.3,29.6,10.0,6.1
llama3.2,1.0B,3. Инструменты обучения НС,"Вычисли learning rate decay: η0=0.1, t=5, T=10, linear.",prompt2,dialog0059,analytics_llama3.2_1b_prompt2_dialog0059,analytics,27.6,37.7,35.1,40.0,50.0,31.4,14.3,29.6,10.0,6.1
llama3.2,1.0B,3. Инструменты обучения НС,"В Nesterov, вычисли ∇ в ω - γ v_{t-1}: γ=0.9, v=1, ∇=2.",prompt2,dialog0060,analytics_llama3.2_1b_prompt2_dialog0060,analytics,27.6,37.7,35.1,40.0,50.0,31.4,14.3,29.6,10.0,6.1
llama3.2,1.0B,1_Классификаторы_KNN_и_наивный_байес,Что такое метод k-ближайших соседей?,prompt5,dialog0121,analytics_llama3.2_1b_prompt5_dialog0121,analytics,25.3,34.9,30.7,38.8,50.0,24.3,17.7,25.7,9.9,6.7
llama3.2,1.0B,1_Классификаторы_KNN_и_наивный_байес,Как выбрать количество соседей k в k-NN?,prompt5,dialog0122,analytics_llama3.2_1b_prompt5_dialog0122,analytics,25.3,34.9,30.7,38.8,50.0,24.3,17.7,25.7,9.9,6.7
llama3.2,1.0B,1_Классификаторы_KNN_и_наивный_байес,Что такое евклидова метрика?,prompt5,dialog0123,analytics_llama3.2_1b_prompt5_dialog0123,analytics,25.3,34.9,30.7,38.8,50.0,24.3,17.7,25.7,9.9,6.7
llama3.2,1.0B,1_Классификаторы_KNN_и_наивный_байес,В чем суть наивного байесовского классификатора?,prompt5,dialog0124,analytics_llama3.2_1b_prompt5_dialog0124,analytics,25.3,34.9,30.7,38.8,50.0,24.3,17.7,25.7,9.9,6.7
llama3.2,1.0B,1_Классификаторы_KNN_и_наивный_байес,Как работает сглаживание по Лапласу?,prompt5,dialog0125,analytics_llama3.2_1b_prompt5_dialog0125,analytics,25.3,34.9,30.7,38.8,50.0,24.3,17.7,25.7,9.9,6.7
llama3.2,1.0B,1_Классификаторы_KNN_и_наивный_байес,Что такое манхэттенское расстояние?,prompt5,dialog0126,analytics_llama3.2_1b_prompt5_dialog0126,analytics,25.3,34.9,30.7,38.8,50.0,24.3,17.7,25.7,9.9,6.7
llama3.2,1.0B,1_Классификаторы_KNN_и_наивный_байес,Как вычислить вероятность класса в Naive Bayes?,prompt5,dialog0127,analytics_llama3.2_1b_prompt5_dialog0127,analytics,25.3,34.9,30.7,38.8,50.0,24.3,17.7,25.7,9.9,6.7
llama3.2,1.0B,1_Классификаторы_KNN_и_наивный_байес,Что такое расстояние Чебышёва?,prompt5,dialog0128,analytics_llama3.2_1b_prompt5_dialog0128,analytics,25.3,34.9,30.7,38.8,50.0,24.3,17.7,25.7,9.9,6.7
llama3.2,1.0B,1_Классификаторы_KNN_и_наивный_байес,Как классифицировать письмо как спам в Naive Bayes?,prompt5,dialog0129,analytics_llama3.2_1b_prompt5_dialog0129,analytics,25.3,34.9,30.7,38.8,50.0,24.3,17.7,25.7,9.9,6.7
llama3.2,1.0B,1_Классификаторы_KNN_и_наивный_байес,В чем разница между k-NN и взвешенным k-NN?,prompt5,dialog0130,analytics_llama3.2_1b_prompt5_dialog0130,analytics,25.3,34.9,30.7,38.8,50.0,24.3,17.7,25.7,9.9,6.7
llama3.2,1.0B,1_Классификаторы_KNN_и_наивный_байес,Вычисли вероятность спама для слова 'приз' из примера.,prompt5,dialog0131,analytics_llama3.2_1b_prompt5_dialog0131,analytics,25.3,34.9,30.7,38.8,50.0,24.3,17.7,25.7,9.9,6.7
llama3.2,1.0B,1_Классификаторы_KNN_и_наивный_байес,"Вычисли расстояние Евклида между (1,2) и (3,4).",prompt5,dialog0132,analytics_llama3.2_1b_prompt5_dialog0132,analytics,25.3,34.9,30.7,38.8,50.0,24.3,17.7,25.7,9.9,6.7
llama3.2,1.0B,1_Классификаторы_KNN_и_наивный_байес,"В примере с погодой, вычисли F(да) для теста.",prompt5,dialog0133,analytics_llama3.2_1b_prompt5_dialog0133,analytics,25.3,34.9,30.7,38.8,50.0,24.3,17.7,25.7,9.9,6.7
llama3.2,1.0B,1_Классификаторы_KNN_и_наивный_байес,"Вычисли P(да | пасмурно, холодно, влажно, да).",prompt5,dialog0134,analytics_llama3.2_1b_prompt5_dialog0134,analytics,25.3,34.9,30.7,38.8,50.0,24.3,17.7,25.7,9.9,6.7
llama3.2,1.0B,1_Классификаторы_KNN_и_наивный_байес,"В спам-примере, вычисли P(win|спам) с Laplace.",prompt5,dialog0135,analytics_llama3.2_1b_prompt5_dialog0135,analytics,25.3,34.9,30.7,38.8,50.0,24.3,17.7,25.7,9.9,6.7
llama3.2,1.0B,3. Инструменты обучения НС,Что такое autograd?,prompt5,dialog0136,analytics_llama3.2_1b_prompt5_dialog0136,analytics,25.3,34.9,30.7,38.8,50.0,24.3,17.7,25.7,9.9,6.7
llama3.2,1.0B,3. Инструменты обучения НС,Что такое TensorFlow?,prompt5,dialog0137,analytics_llama3.2_1b_prompt5_dialog0137,analytics,25.3,34.9,30.7,38.8,50.0,24.3,17.7,25.7,9.9,6.7
llama3.2,1.0B,3. Инструменты обучения НС,Что такое Keras?,prompt5,dialog0138,analytics_llama3.2_1b_prompt5_dialog0138,analytics,25.3,34.9,30.7,38.8,50.0,24.3,17.7,25.7,9.9,6.7
llama3.2,1.0B,3. Инструменты обучения НС,Что такое over-fitting?,prompt5,dialog0139,analytics_llama3.2_1b_prompt5_dialog0139,analytics,25.3,34.9,30.7,38.8,50.0,24.3,17.7,25.7,9.9,6.7
llama3.2,1.0B,3. Инструменты обучения НС,Что такое SGD?,prompt5,dialog0140,analytics_llama3.2_1b_prompt5_dialog0140,analytics,25.3,34.9,30.7,38.8,50.0,24.3,17.7,25.7,9.9,6.7
llama3.2,1.0B,3. Инструменты обучения НС,Что такое Momentum в оптимизации?,prompt5,dialog0141,analytics_llama3.2_1b_prompt5_dialog0141,analytics,25.3,34.9,30.7,38.8,50.0,24.3,17.7,25.7,9.9,6.7
llama3.2,1.0B,3. Инструменты обучения НС,Что такое Adam?,prompt5,dialog0142,analytics_llama3.2_1b_prompt5_dialog0142,analytics,25.3,34.9,30.7,38.8,50.0,24.3,17.7,25.7,9.9,6.7
llama3.2,1.0B,3. Инструменты обучения НС,Что такое learning rate?,prompt5,dialog0143,analytics_llama3.2_1b_prompt5_dialog0143,analytics,25.3,34.9,30.7,38.8,50.0,24.3,17.7,25.7,9.9,6.7
llama3.2,1.0B,3. Инструменты обучения НС,Что такое метод Ньютона?,prompt5,dialog0144,analytics_llama3.2_1b_prompt5_dialog0144,analytics,25.3,34.9,30.7,38.8,50.0,24.3,17.7,25.7,9.9,6.7
llama3.2,1.0B,3. Инструменты обучения НС,Что такое RMSProp?,prompt5,dialog0145,analytics_llama3.2_1b_prompt5_dialog0145,analytics,25.3,34.9,30.7,38.8,50.0,24.3,17.7,25.7,9.9,6.7
llama3.2,1.0B,3. Инструменты обучения НС,"Вычисли шаг в SGD для L(w)=w^2, w=3, η=0.1.",prompt5,dialog0146,analytics_llama3.2_1b_prompt5_dialog0146,analytics,25.3,34.9,30.7,38.8,50.0,24.3,17.7,25.7,9.9,6.7
llama3.2,1.0B,3. Инструменты обучения НС,"Вычисли v_t в Momentum: γ=0.9, v_{t-1}=1, ∇L=2, η=0.1.",prompt5,dialog0147,analytics_llama3.2_1b_prompt5_dialog0147,analytics,25.3,34.9,30.7,38.8,50.0,24.3,17.7,25.7,9.9,6.7
llama3.2,1.0B,3. Инструменты обучения НС,"В Adagrad, G_{t-1,ii}=4, g_t=2, η=0.1, ε=1e-8.",prompt5,dialog0148,analytics_llama3.2_1b_prompt5_dialog0148,analytics,25.3,34.9,30.7,38.8,50.0,24.3,17.7,25.7,9.9,6.7
llama3.2,1.0B,3. Инструменты обучения НС,"Вычисли learning rate decay: η0=0.1, t=5, T=10, linear.",prompt5,dialog0149,analytics_llama3.2_1b_prompt5_dialog0149,analytics,25.3,34.9,30.7,38.8,50.0,24.3,17.7,25.7,9.9,6.7
llama3.2,1.0B,3. Инструменты обучения НС,"В Nesterov, вычисли ∇ в ω - γ v_{t-1}: γ=0.9, v=1, ∇=2.",prompt5,dialog0150,analytics_llama3.2_1b_prompt5_dialog0150,analytics,25.3,34.9,30.7,38.8,50.0,24.3,17.7,25.7,9.9,6.7
llama3.2,1.0B,1_Классификаторы_KNN_и_наивный_байес,Что такое метод k-ближайших соседей?,prompt12,dialog0331,analytics_llama3.2_1b_prompt12_dialog0331,analytics,28.6,37.2,32.1,39.2,50.0,26.2,15.9,30.4,11.7,3.7
llama3.2,1.0B,1_Классификаторы_KNN_и_наивный_байес,Как выбрать количество соседей k в k-NN?,prompt12,dialog0332,analytics_llama3.2_1b_prompt12_dialog0332,analytics,28.6,37.2,32.1,39.2,50.0,26.2,15.9,30.4,11.7,3.7
llama3.2,1.0B,1_Классификаторы_KNN_и_наивный_байес,Что такое евклидова метрика?,prompt12,dialog0333,analytics_llama3.2_1b_prompt12_dialog0333,analytics,28.6,37.2,32.1,39.2,50.0,26.2,15.9,30.4,11.7,3.7
llama3.2,1.0B,1_Классификаторы_KNN_и_наивный_байес,В чем суть наивного байесовского классификатора?,prompt12,dialog0334,analytics_llama3.2_1b_prompt12_dialog0334,analytics,28.6,37.2,32.1,39.2,50.0,26.2,15.9,30.4,11.7,3.7
llama3.2,1.0B,1_Классификаторы_KNN_и_наивный_байес,Как работает сглаживание по Лапласу?,prompt12,dialog0335,analytics_llama3.2_1b_prompt12_dialog0335,analytics,28.6,37.2,32.1,39.2,50.0,26.2,15.9,30.4,11.7,3.7
llama3.2,1.0B,1_Классификаторы_KNN_и_наивный_байес,Что такое манхэттенское расстояние?,prompt12,dialog0336,analytics_llama3.2_1b_prompt12_dialog0336,analytics,28.6,37.2,32.1,39.2,50.0,26.2,15.9,30.4,11.7,3.7
llama3.2,1.0B,1_Классификаторы_KNN_и_наивный_байес,Как вычислить вероятность класса в Naive Bayes?,prompt12,dialog0337,analytics_llama3.2_1b_prompt12_dialog0337,analytics,28.6,37.2,32.1,39.2,50.0,26.2,15.9,30.4,11.7,3.7
llama3.2,1.0B,1_Классификаторы_KNN_и_наивный_байес,Что такое расстояние Чебышёва?,prompt12,dialog0338,analytics_llama3.2_1b_prompt12_dialog0338,analytics,28.6,37.2,32.1,39.2,50.0,26.2,15.9,30.4,11.7,3.7
llama3.2,1.0B,1_Классификаторы_KNN_и_наивный_байес,Как классифицировать письмо как спам в Naive Bayes?,prompt12,dialog0339,analytics_llama3.2_1b_prompt12_dialog0339,analytics,28.6,37.2,32.1,39.2,50.0,26.2,15.9,30.4,11.7,3.7
llama3.2,1.0B,1_Классификаторы_KNN_и_наивный_байес,В чем разница между k-NN и взвешенным k-NN?,prompt12,dialog0340,analytics_llama3.2_1b_prompt12_dialog0340,analytics,28.6,37.2,32.1,39.2,50.0,26.2,15.9,30.4,11.7,3.7
llama3.2,1.0B,1_Классификаторы_KNN_и_наивный_байес,Вычисли вероятность спама для слова 'приз' из примера.,prompt12,dialog0341,analytics_llama3.2_1b_prompt12_dialog0341,analytics,28.6,37.2,32.1,39.2,50.0,26.2,15.9,30.4,11.7,3.7
llama3.2,1.0B,1_Классификаторы_KNN_и_наивный_байес,"Вычисли расстояние Евклида между (1,2) и (3,4).",prompt12,dialog0342,analytics_llama3.2_1b_prompt12_dialog0342,analytics,28.6,37.2,32.1,39.2,50.0,26.2,15.9,30.4,11.7,3.7
llama3.2,1.0B,1_Классификаторы_KNN_и_наивный_байес,"В примере с погодой, вычисли F(да) для теста.",prompt12,dialog0343,analytics_llama3.2_1b_prompt12_dialog0343,analytics,28.6,37.2,32.1,39.2,50.0,26.2,15.9,30.4,11.7,3.7
llama3.2,1.0B,1_Классификаторы_KNN_и_наивный_байес,"Вычисли P(да | пасмурно, холодно, влажно, да).",prompt12,dialog0344,analytics_llama3.2_1b_prompt12_dialog0344,analytics,28.6,37.2,32.1,39.2,50.0,26.2,15.9,30.4,11.7,3.7
llama3.2,1.0B,1_Классификаторы_KNN_и_наивный_байес,"В спам-примере, вычисли P(win|спам) с Laplace.",prompt12,dialog0345,analytics_llama3.2_1b_prompt12_dialog0345,analytics,28.6,37.2,32.1,39.2,50.0,26.2,15.9,30.4,11.7,3.7
llama3.2,1.0B,3. Инструменты обучения НС,Что такое autograd?,prompt12,dialog0346,analytics_llama3.2_1b_prompt12_dialog0346,analytics,28.6,37.2,32.1,39.2,50.0,26.2,15.9,30.4,11.7,3.7
llama3.2,1.0B,3. Инструменты обучения НС,Что такое TensorFlow?,prompt12,dialog0347,analytics_llama3.2_1b_prompt12_dialog0347,analytics,28.6,37.2,32.1,39.2,50.0,26.2,15.9,30.4,11.7,3.7
llama3.2,1.0B,3. Инструменты обучения НС,Что такое Keras?,prompt12,dialog0348,analytics_llama3.2_1b_prompt12_dialog0348,analytics,28.6,37.2,32.1,39.2,50.0,26.2,15.9,30.4,11.7,3.7
llama3.2,1.0B,3. Инструменты обучения НС,Что такое over-fitting?,prompt12,dialog0349,analytics_llama3.2_1b_prompt12_dialog0349,analytics,28.6,37.2,32.1,39.2,50.0,26.2,15.9,30.4,11.7,3.7
llama3.2,1.0B,3. Инструменты обучения НС,Что такое SGD?,prompt12,dialog0350,analytics_llama3.2_1b_prompt12_dialog0350,analytics,28.6,37.2,32.1,39.2,50.0,26.2,15.9,30.4,11.7,3.7
llama3.2,1.0B,3. Инструменты обучения НС,Что такое Momentum в оптимизации?,prompt12,dialog0351,analytics_llama3.2_1b_prompt12_dialog0351,analytics,28.6,37.2,32.1,39.2,50.0,26.2,15.9,30.4,11.7,3.7
llama3.2,1.0B,3. Инструменты обучения НС,Что такое Adam?,prompt12,dialog0352,analytics_llama3.2_1b_prompt12_dialog0352,analytics,28.6,37.2,32.1,39.2,50.0,26.2,15.9,30.4,11.7,3.7
llama3.2,1.0B,3. Инструменты обучения НС,Что такое learning rate?,prompt12,dialog0353,analytics_llama3.2_1b_prompt12_dialog0353,analytics,28.6,37.2,32.1,39.2,50.0,26.2,15.9,30.4,11.7,3.7
llama3.2,1.0B,3. Инструменты обучения НС,Что такое метод Ньютона?,prompt12,dialog0354,analytics_llama3.2_1b_prompt12_dialog0354,analytics,28.6,37.2,32.1,39.2,50.0,26.2,15.9,30.4,11.7,3.7
llama3.2,1.0B,3. Инструменты обучения НС,Что такое RMSProp?,prompt12,dialog0355,analytics_llama3.2_1b_prompt12_dialog0355,analytics,28.6,37.2,32.1,39.2,50.0,26.2,15.9,30.4,11.7,3.7
llama3.2,1.0B,3. Инструменты обучения НС,"Вычисли шаг в SGD для L(w)=w^2, w=3, η=0.1.",prompt12,dialog0356,analytics_llama3.2_1b_prompt12_dialog0356,analytics,28.6,37.2,32.1,39.2,50.0,26.2,15.9,30.4,11.7,3.7
llama3.2,1.0B,3. Инструменты обучения НС,"Вычисли v_t в Momentum: γ=0.9, v_{t-1}=1, ∇L=2, η=0.1.",prompt12,dialog0357,analytics_llama3.2_1b_prompt12_dialog0357,analytics,28.6,37.2,32.1,39.2,50.0,26.2,15.9,30.4,11.7,3.7
llama3.2,1.0B,3. Инструменты обучения НС,"В Adagrad, G_{t-1,ii}=4, g_t=2, η=0.1, ε=1e-8.",prompt12,dialog0358,analytics_llama3.2_1b_prompt12_dialog0358,analytics,28.6,37.2,32.1,39.2,50.0,26.2,15.9,30.4,11.7,3.7
llama3.2,1.0B,3. Инструменты обучения НС,"Вычисли learning rate decay: η0=0.1, t=5, T=10, linear.",prompt12,dialog0359,analytics_llama3.2_1b_prompt12_dialog0359,analytics,28.6,37.2,32.1,39.2,50.0,26.2,15.9,30.4,11.7,3.7
llama3.2,1.0B,3. Инструменты обучения НС,"В Nesterov, вычисли ∇ в ω - γ v_{t-1}: γ=0.9, v=1, ∇=2.",prompt12,dialog0360,analytics_llama3.2_1b_prompt12_dialog0360,analytics,28.6,37.2,32.1,39.2,50.0,26.2,15.9,30.4,11.7,3.7
llama3.2,1.0B,1_Классификаторы_KNN_и_наивный_байес,Что такое метод k-ближайших соседей?,prompt15,dialog0421,analytics_llama3.2_1b_prompt15_dialog0421,analytics,28.2,32.8,40.3,38.8,50.0,33.4,17.0,29.4,12.9,3.6
llama3.2,1.0B,1_Классификаторы_KNN_и_наивный_байес,Как выбрать количество соседей k в k-NN?,prompt15,dialog0422,analytics_llama3.2_1b_prompt15_dialog0422,analytics,28.2,32.8,40.3,38.8,50.0,33.4,17.0,29.4,12.9,3.6
llama3.2,1.0B,1_Классификаторы_KNN_и_наивный_байес,Что такое евклидова метрика?,prompt15,dialog0423,analytics_llama3.2_1b_prompt15_dialog0423,analytics,28.2,32.8,40.3,38.8,50.0,33.4,17.0,29.4,12.9,3.6
llama3.2,1.0B,1_Классификаторы_KNN_и_наивный_байес,В чем суть наивного байесовского классификатора?,prompt15,dialog0424,analytics_llama3.2_1b_prompt15_dialog0424,analytics,28.2,32.8,40.3,38.8,50.0,33.4,17.0,29.4,12.9,3.6
llama3.2,1.0B,1_Классификаторы_KNN_и_наивный_байес,Как работает сглаживание по Лапласу?,prompt15,dialog0425,analytics_llama3.2_1b_prompt15_dialog0425,analytics,28.2,32.8,40.3,38.8,50.0,33.4,17.0,29.4,12.9,3.6
llama3.2,1.0B,1_Классификаторы_KNN_и_наивный_байес,Что такое манхэттенское расстояние?,prompt15,dialog0426,analytics_llama3.2_1b_prompt15_dialog0426,analytics,28.2,32.8,40.3,38.8,50.0,33.4,17.0,29.4,12.9,3.6
llama3.2,1.0B,1_Классификаторы_KNN_и_наивный_байес,Как вычислить вероятность класса в Naive Bayes?,prompt15,dialog0427,analytics_llama3.2_1b_prompt15_dialog0427,analytics,28.2,32.8,40.3,38.8,50.0,33.4,17.0,29.4,12.9,3.6
llama3.2,1.0B,1_Классификаторы_KNN_и_наивный_байес,Что такое расстояние Чебышёва?,prompt15,dialog0428,analytics_llama3.2_1b_prompt15_dialog0428,analytics,28.2,32.8,40.3,38.8,50.0,33.4,17.0,29.4,12.9,3.6
llama3.2,1.0B,1_Классификаторы_KNN_и_наивный_байес,Как классифицировать письмо как спам в Naive Bayes?,prompt15,dialog0429,analytics_llama3.2_1b_prompt15_dialog0429,analytics,28.2,32.8,40.3,38.8,50.0,33.4,17.0,29.4,12.9,3.6
llama3.2,1.0B,1_Классификаторы_KNN_и_наивный_байес,В чем разница между k-NN и взвешенным k-NN?,prompt15,dialog0430,analytics_llama3.2_1b_prompt15_dialog0430,analytics,28.2,32.8,40.3,38.8,50.0,33.4,17.0,29.4,12.9,3.6
llama3.2,1.0B,1_Классификаторы_KNN_и_наивный_байес,Вычисли вероятность спама для слова 'приз' из примера.,prompt15,dialog0431,analytics_llama3.2_1b_prompt15_dialog0431,analytics,28.2,32.8,40.3,38.8,50.0,33.4,17.0,29.4,12.9,3.6
llama3.2,1.0B,1_Классификаторы_KNN_и_наивный_байес,"Вычисли расстояние Евклида между (1,2) и (3,4).",prompt15,dialog0432,analytics_llama3.2_1b_prompt15_dialog0432,analytics,28.2,32.8,40.3,38.8,50.0,33.4,17.0,29.4,12.9,3.6
llama3.2,1.0B,1_Классификаторы_KNN_и_наивный_байес,"В примере с погодой, вычисли F(да) для теста.",prompt15,dialog0433,analytics_llama3.2_1b_prompt15_dialog0433,analytics,28.2,32.8,40.3,38.8,50.0,33.4,17.0,29.4,12.9,3.6
llama3.2,1.0B,1_Классификаторы_KNN_и_наивный_байес,"Вычисли P(да | пасмурно, холодно, влажно, да).",prompt15,dialog0434,analytics_llama3.2_1b_prompt15_dialog0434,analytics,28.2,32.8,40.3,38.8,50.0,33.4,17.0,29.4,12.9,3.6
llama3.2,1.0B,1_Классификаторы_KNN_и_наивный_байес,"В спам-примере, вычисли P(win|спам) с Laplace.",prompt15,dialog0435,analytics_llama3.2_1b_prompt15_dialog0435,analytics,28.2,32.8,40.3,38.8,50.0,33.4,17.0,29.4,12.9,3.6
llama3.2,1.0B,3. Инструменты обучения НС,Что такое autograd?,prompt15,dialog0436,analytics_llama3.2_1b_prompt15_dialog0436,analytics,28.2,32.8,40.3,38.8,50.0,33.4,17.0,29.4,12.9,3.6
llama3.2,1.0B,3. Инструменты обучения НС,Что такое TensorFlow?,prompt15,dialog0437,analytics_llama3.2_1b_prompt15_dialog0437,analytics,28.2,32.8,40.3,38.8,50.0,33.4,17.0,29.4,12.9,3.6
llama3.2,1.0B,3. Инструменты обучения НС,Что такое Keras?,prompt15,dialog0438,analytics_llama3.2_1b_prompt15_dialog0438,analytics,28.2,32.8,40.3,38.8,50.0,33.4,17.0,29.4,12.9,3.6
llama3.2,1.0B,3. Инструменты обучения НС,Что такое over-fitting?,prompt15,dialog0439,analytics_llama3.2_1b_prompt15_dialog0439,analytics,28.2,32.8,40.3,38.8,50.0,33.4,17.0,29.4,12.9,3.6
llama3.2,1.0B,3. Инструменты обучения НС,Что такое SGD?,prompt15,dialog0440,analytics_llama3.2_1b_prompt15_dialog0440,analytics,28.2,32.8,40.3,38.8,50.0,33.4,17.0,29.4,12.9,3.6
llama3.2,1.0B,3. Инструменты обучения НС,Что такое Momentum в оптимизации?,prompt15,dialog0441,analytics_llama3.2_1b_prompt15_dialog0441,analytics,28.2,32.8,40.3,38.8,50.0,33.4,17.0,29.4,12.9,3.6
llama3.2,1.0B,3. Инструменты обучения НС,Что такое Adam?,prompt15,dialog0442,analytics_llama3.2_1b_prompt15_dialog0442,analytics,28.2,32.8,40.3,38.8,50.0,33.4,17.0,29.4,12.9,3.6
llama3.2,1.0B,3. Инструменты обучения НС,Что такое learning rate?,prompt15,dialog0443,analytics_llama3.2_1b_prompt15_dialog0443,analytics,28.2,32.8,40.3,38.8,50.0,33.4,17.0,29.4,12.9,3.6
llama3.2,1.0B,3. Инструменты обучения НС,Что такое метод Ньютона?,prompt15,dialog0444,analytics_llama3.2_1b_prompt15_dialog0444,analytics,28.2,32.8,40.3,38.8,50.0,33.4,17.0,29.4,12.9,3.6
llama3.2,1.0B,3. Инструменты обучения НС,Что такое RMSProp?,prompt15,dialog0445,analytics_llama3.2_1b_prompt15_dialog0445,analytics,28.2,32.8,40.3,38.8,50.0,33.4,17.0,29.4,12.9,3.6
llama3.2,1.0B,3. Инструменты обучения НС,"Вычисли шаг в SGD для L(w)=w^2, w=3, η=0.1.",prompt15,dialog0446,analytics_llama3.2_1b_prompt15_dialog0446,analytics,28.2,32.8,40.3,38.8,50.0,33.4,17.0,29.4,12.9,3.6
llama3.2,1.0B,3. Инструменты обучения НС,"Вычисли v_t в Momentum: γ=0.9, v_{t-1}=1, ∇L=2, η=0.1.",prompt15,dialog0447,analytics_llama3.2_1b_prompt15_dialog0447,analytics,28.2,32.8,40.3,38.8,50.0,33.4,17.0,29.4,12.9,3.6
llama3.2,1.0B,3. Инструменты обучения НС,"В Adagrad, G_{t-1,ii}=4, g_t=2, η=0.1, ε=1e-8.",prompt15,dialog0448,analytics_llama3.2_1b_prompt15_dialog0448,analytics,28.2,32.8,40.3,38.8,50.0,33.4,17.0,29.4,12.9,3.6
llama3.2,1.0B,3. Инструменты обучения НС,"Вычисли learning rate decay: η0=0.1, t=5, T=10, linear.",prompt15,dialog0449,analytics_llama3.2_1b_prompt15_dialog0449,analytics,28.2,32.8,40.3,38.8,50.0,33.4,17.0,29.4,12.9,3.6
llama3.2,1.0B,3. Инструменты обучения НС,"В Nesterov, вычисли ∇ в ω - γ v_{t-1}: γ=0.9, v=1, ∇=2.",prompt15,dialog0450,analytics_llama3.2_1b_prompt15_dialog0450,analytics,28.2,32.8,40.3,38.8,50.0,33.4,17.0,29.4,12.9,3.6
llama3.2,1.0B,1_Классификаторы_KNN_и_наивный_байес,Что такое метод k-ближайших соседей?,prompt10,dialog0271,analytics_llama3.2_1b_prompt10_dialog0271,analytics,27.1,35.1,37.4,39.2,50.0,30.6,16.1,24.8,10.4,9.2
llama3.2,1.0B,1_Классификаторы_KNN_и_наивный_байес,Как выбрать количество соседей k в k-NN?,prompt10,dialog0272,analytics_llama3.2_1b_prompt10_dialog0272,analytics,27.1,35.1,37.4,39.2,50.0,30.6,16.1,24.8,10.4,9.2
llama3.2,1.0B,1_Классификаторы_KNN_и_наивный_байес,Что такое евклидова метрика?,prompt10,dialog0273,analytics_llama3.2_1b_prompt10_dialog0273,analytics,27.1,35.1,37.4,39.2,50.0,30.6,16.1,24.8,10.4,9.2
llama3.2,1.0B,1_Классификаторы_KNN_и_наивный_байес,В чем суть наивного байесовского классификатора?,prompt10,dialog0274,analytics_llama3.2_1b_prompt10_dialog0274,analytics,27.1,35.1,37.4,39.2,50.0,30.6,16.1,24.8,10.4,9.2
llama3.2,1.0B,1_Классификаторы_KNN_и_наивный_байес,Как работает сглаживание по Лапласу?,prompt10,dialog0275,analytics_llama3.2_1b_prompt10_dialog0275,analytics,27.1,35.1,37.4,39.2,50.0,30.6,16.1,24.8,10.4,9.2
llama3.2,1.0B,1_Классификаторы_KNN_и_наивный_байес,Что такое манхэттенское расстояние?,prompt10,dialog0276,analytics_llama3.2_1b_prompt10_dialog0276,analytics,27.1,35.1,37.4,39.2,50.0,30.6,16.1,24.8,10.4,9.2
llama3.2,1.0B,1_Классификаторы_KNN_и_наивный_байес,Как вычислить вероятность класса в Naive Bayes?,prompt10,dialog0277,analytics_llama3.2_1b_prompt10_dialog0277,analytics,27.1,35.1,37.4,39.2,50.0,30.6,16.1,24.8,10.4,9.2
llama3.2,1.0B,1_Классификаторы_KNN_и_наивный_байес,Что такое расстояние Чебышёва?,prompt10,dialog0278,analytics_llama3.2_1b_prompt10_dialog0278,analytics,27.1,35.1,37.4,39.2,50.0,30.6,16.1,24.8,10.4,9.2
llama3.2,1.0B,1_Классификаторы_KNN_и_наивный_байес,Как классифицировать письмо как спам в Naive Bayes?,prompt10,dialog0279,analytics_llama3.2_1b_prompt10_dialog0279,analytics,27.1,35.1,37.4,39.2,50.0,30.6,16.1,24.8,10.4,9.2
llama3.2,1.0B,1_Классификаторы_KNN_и_наивный_байес,В чем разница между k-NN и взвешенным k-NN?,prompt10,dialog0280,analytics_llama3.2_1b_prompt10_dialog0280,analytics,27.1,35.1,37.4,39.2,50.0,30.6,16.1,24.8,10.4,9.2
llama3.2,1.0B,1_Классификаторы_KNN_и_наивный_байес,Вычисли вероятность спама для слова 'приз' из примера.,prompt10,dialog0281,analytics_llama3.2_1b_prompt10_dialog0281,analytics,27.1,35.1,37.4,39.2,50.0,30.6,16.1,24.8,10.4,9.2
llama3.2,1.0B,1_Классификаторы_KNN_и_наивный_байес,"Вычисли расстояние Евклида между (1,2) и (3,4).",prompt10,dialog0282,analytics_llama3.2_1b_prompt10_dialog0282,analytics,27.1,35.1,37.4,39.2,50.0,30.6,16.1,24.8,10.4,9.2
llama3.2,1.0B,1_Классификаторы_KNN_и_наивный_байес,"В примере с погодой, вычисли F(да) для теста.",prompt10,dialog0283,analytics_llama3.2_1b_prompt10_dialog0283,analytics,27.1,35.1,37.4,39.2,50.0,30.6,16.1,24.8,10.4,9.2
llama3.2,1.0B,1_Классификаторы_KNN_и_наивный_байес,"Вычисли P(да | пасмурно, холодно, влажно, да).",prompt10,dialog0284,analytics_llama3.2_1b_prompt10_dialog0284,analytics,27.1,35.1,37.4,39.2,50.0,30.6,16.1,24.8,10.4,9.2
llama3.2,1.0B,1_Классификаторы_KNN_и_наивный_байес,"В спам-примере, вычисли P(win|спам) с Laplace.",prompt10,dialog0285,analytics_llama3.2_1b_prompt10_dialog0285,analytics,27.1,35.1,37.4,39.2,50.0,30.6,16.1,24.8,10.4,9.2
llama3.2,1.0B,3. Инструменты обучения НС,Что такое autograd?,prompt10,dialog0286,analytics_llama3.2_1b_prompt10_dialog0286,analytics,27.1,35.1,37.4,39.2,50.0,30.6,16.1,24.8,10.4,9.2
llama3.2,1.0B,3. Инструменты обучения НС,Что такое TensorFlow?,prompt10,dialog0287,analytics_llama3.2_1b_prompt10_dialog0287,analytics,27.1,35.1,37.4,39.2,50.0,30.6,16.1,24.8,10.4,9.2
llama3.2,1.0B,3. Инструменты обучения НС,Что такое Keras?,prompt10,dialog0288,analytics_llama3.2_1b_prompt10_dialog0288,analytics,27.1,35.1,37.4,39.2,50.0,30.6,16.1,24.8,10.4,9.2
llama3.2,1.0B,3. Инструменты обучения НС,Что такое over-fitting?,prompt10,dialog0289,analytics_llama3.2_1b_prompt10_dialog0289,analytics,27.1,35.1,37.4,39.2,50.0,30.6,16.1,24.8,10.4,9.2
llama3.2,1.0B,3. Инструменты обучения НС,Что такое SGD?,prompt10,dialog0290,analytics_llama3.2_1b_prompt10_dialog0290,analytics,27.1,35.1,37.4,39.2,50.0,30.6,16.1,24.8,10.4,9.2
llama3.2,1.0B,3. Инструменты обучения НС,Что такое Momentum в оптимизации?,prompt10,dialog0291,analytics_llama3.2_1b_prompt10_dialog0291,analytics,27.1,35.1,37.4,39.2,50.0,30.6,16.1,24.8,10.4,9.2
llama3.2,1.0B,3. Инструменты обучения НС,Что такое Adam?,prompt10,dialog0292,analytics_llama3.2_1b_prompt10_dialog0292,analytics,27.1,35.1,37.4,39.2,50.0,30.6,16.1,24.8,10.4,9.2
llama3.2,1.0B,3. Инструменты обучения НС,Что такое learning rate?,prompt10,dialog0293,analytics_llama3.2_1b_prompt10_dialog0293,analytics,27.1,35.1,37.4,39.2,50.0,30.6,16.1,24.8,10.4,9.2
llama3.2,1.0B,3. Инструменты обучения НС,Что такое метод Ньютона?,prompt10,dialog0294,analytics_llama3.2_1b_prompt10_dialog0294,analytics,27.1,35.1,37.4,39.2,50.0,30.6,16.1,24.8,10.4,9.2
llama3.2,1.0B,3. Инструменты обучения НС,Что такое RMSProp?,prompt10,dialog0295,analytics_llama3.2_1b_prompt10_dialog0295,analytics,27.1,35.1,37.4,39.2,50.0,30.6,16.1,24.8,10.4,9.2
llama3.2,1.0B,3. Инструменты обучения НС,"Вычисли шаг в SGD для L(w)=w^2, w=3, η=0.1.",prompt10,dialog0296,analytics_llama3.2_1b_prompt10_dialog0296,analytics,27.1,35.1,37.4,39.2,50.0,30.6,16.1,24.8,10.4,9.2
llama3.2,1.0B,3. Инструменты обучения НС,"Вычисли v_t в Momentum: γ=0.9, v_{t-1}=1, ∇L=2, η=0.1.",prompt10,dialog0297,analytics_llama3.2_1b_prompt10_dialog0297,analytics,27.1,35.1,37.4,39.2,50.0,30.6,16.1,24.8,10.4,9.2
llama3.2,1.0B,3. Инструменты обучения НС,"В Adagrad, G_{t-1,ii}=4, g_t=2, η=0.1, ε=1e-8.",prompt10,dialog0298,analytics_llama3.2_1b_prompt10_dialog0298,analytics,27.1,35.1,37.4,39.2,50.0,30.6,16.1,24.8,10.4,9.2
llama3.2,1.0B,3. Инструменты обучения НС,"Вычисли learning rate decay: η0=0.1, t=5, T=10, linear.",prompt10,dialog0299,analytics_llama3.2_1b_prompt10_dialog0299,analytics,27.1,35.1,37.4,39.2,50.0,30.6,16.1,24.8,10.4,9.2
llama3.2,1.0B,3. Инструменты обучения НС,"В Nesterov, вычисли ∇ в ω - γ v_{t-1}: γ=0.9, v=1, ∇=2.",prompt10,dialog0300,analytics_llama3.2_1b_prompt10_dialog0300,analytics,27.1,35.1,37.4,39.2,50.0,30.6,16.1,24.8,10.4,9.2
llama3.2,1.0B,1_Классификаторы_KNN_и_наивный_байес,Что такое метод k-ближайших соседей?,prompt9,dialog0241,analytics_llama3.2_1b_prompt9_dialog0241,analytics,31.3,35.8,37.6,38.8,50.0,32.9,11.6,33.1,13.2,5.3
llama3.2,1.0B,1_Классификаторы_KNN_и_наивный_байес,Как выбрать количество соседей k в k-NN?,prompt9,dialog0242,analytics_llama3.2_1b_prompt9_dialog0242,analytics,31.3,35.8,37.6,38.8,50.0,32.9,11.6,33.1,13.2,5.3
llama3.2,1.0B,1_Классификаторы_KNN_и_наивный_байес,Что такое евклидова метрика?,prompt9,dialog0243,analytics_llama3.2_1b_prompt9_dialog0243,analytics,31.3,35.8,37.6,38.8,50.0,32.9,11.6,33.1,13.2,5.3
llama3.2,1.0B,1_Классификаторы_KNN_и_наивный_байес,В чем суть наивного байесовского классификатора?,prompt9,dialog0244,analytics_llama3.2_1b_prompt9_dialog0244,analytics,31.3,35.8,37.6,38.8,50.0,32.9,11.6,33.1,13.2,5.3
llama3.2,1.0B,1_Классификаторы_KNN_и_наивный_байес,Как работает сглаживание по Лапласу?,prompt9,dialog0245,analytics_llama3.2_1b_prompt9_dialog0245,analytics,31.3,35.8,37.6,38.8,50.0,32.9,11.6,33.1,13.2,5.3
llama3.2,1.0B,1_Классификаторы_KNN_и_наивный_байес,Что такое манхэттенское расстояние?,prompt9,dialog0246,analytics_llama3.2_1b_prompt9_dialog0246,analytics,31.3,35.8,37.6,38.8,50.0,32.9,11.6,33.1,13.2,5.3
llama3.2,1.0B,1_Классификаторы_KNN_и_наивный_байес,Как вычислить вероятность класса в Naive Bayes?,prompt9,dialog0247,analytics_llama3.2_1b_prompt9_dialog0247,analytics,31.3,35.8,37.6,38.8,50.0,32.9,11.6,33.1,13.2,5.3
llama3.2,1.0B,1_Классификаторы_KNN_и_наивный_байес,Что такое расстояние Чебышёва?,prompt9,dialog0248,analytics_llama3.2_1b_prompt9_dialog0248,analytics,31.3,35.8,37.6,38.8,50.0,32.9,11.6,33.1,13.2,5.3
llama3.2,1.0B,1_Классификаторы_KNN_и_наивный_байес,Как классифицировать письмо как спам в Naive Bayes?,prompt9,dialog0249,analytics_llama3.2_1b_prompt9_dialog0249,analytics,31.3,35.8,37.6,38.8,50.0,32.9,11.6,33.1,13.2,5.3
llama3.2,1.0B,1_Классификаторы_KNN_и_наивный_байес,В чем разница между k-NN и взвешенным k-NN?,prompt9,dialog0250,analytics_llama3.2_1b_prompt9_dialog0250,analytics,31.3,35.8,37.6,38.8,50.0,32.9,11.6,33.1,13.2,5.3
llama3.2,1.0B,1_Классификаторы_KNN_и_наивный_байес,Вычисли вероятность спама для слова 'приз' из примера.,prompt9,dialog0251,analytics_llama3.2_1b_prompt9_dialog0251,analytics,31.3,35.8,37.6,38.8,50.0,32.9,11.6,33.1,13.2,5.3
llama3.2,1.0B,1_Классификаторы_KNN_и_наивный_байес,"Вычисли расстояние Евклида между (1,2) и (3,4).",prompt9,dialog0252,analytics_llama3.2_1b_prompt9_dialog0252,analytics,31.3,35.8,37.6,38.8,50.0,32.9,11.6,33.1,13.2,5.3
llama3.2,1.0B,1_Классификаторы_KNN_и_наивный_байес,"В примере с погодой, вычисли F(да) для теста.",prompt9,dialog0253,analytics_llama3.2_1b_prompt9_dialog0253,analytics,31.3,35.8,37.6,38.8,50.0,32.9,11.6,33.1,13.2,5.3
llama3.2,1.0B,1_Классификаторы_KNN_и_наивный_байес,"Вычисли P(да | пасмурно, холодно, влажно, да).",prompt9,dialog0254,analytics_llama3.2_1b_prompt9_dialog0254,analytics,31.3,35.8,37.6,38.8,50.0,32.9,11.6,33.1,13.2,5.3
llama3.2,1.0B,1_Классификаторы_KNN_и_наивный_байес,"В спам-примере, вычисли P(win|спам) с Laplace.",prompt9,dialog0255,analytics_llama3.2_1b_prompt9_dialog0255,analytics,31.3,35.8,37.6,38.8,50.0,32.9,11.6,33.1,13.2,5.3
llama3.2,1.0B,3. Инструменты обучения НС,Что такое autograd?,prompt9,dialog0256,analytics_llama3.2_1b_prompt9_dialog0256,analytics,31.3,35.8,37.6,38.8,50.0,32.9,11.6,33.1,13.2,5.3
llama3.2,1.0B,3. Инструменты обучения НС,Что такое TensorFlow?,prompt9,dialog0257,analytics_llama3.2_1b_prompt9_dialog0257,analytics,31.3,35.8,37.6,38.8,50.0,32.9,11.6,33.1,13.2,5.3
llama3.2,1.0B,3. Инструменты обучения НС,Что такое Keras?,prompt9,dialog0258,analytics_llama3.2_1b_prompt9_dialog0258,analytics,31.3,35.8,37.6,38.8,50.0,32.9,11.6,33.1,13.2,5.3
llama3.2,1.0B,3. Инструменты обучения НС,Что такое over-fitting?,prompt9,dialog0259,analytics_llama3.2_1b_prompt9_dialog0259,analytics,31.3,35.8,37.6,38.8,50.0,32.9,11.6,33.1,13.2,5.3
llama3.2,1.0B,3. Инструменты обучения НС,Что такое SGD?,prompt9,dialog0260,analytics_llama3.2_1b_prompt9_dialog0260,analytics,31.3,35.8,37.6,38.8,50.0,32.9,11.6,33.1,13.2,5.3
llama3.2,1.0B,3. Инструменты обучения НС,Что такое Momentum в оптимизации?,prompt9,dialog0261,analytics_llama3.2_1b_prompt9_dialog0261,analytics,31.3,35.8,37.6,38.8,50.0,32.9,11.6,33.1,13.2,5.3
llama3.2,1.0B,3. Инструменты обучения НС,Что такое Adam?,prompt9,dialog0262,analytics_llama3.2_1b_prompt9_dialog0262,analytics,31.3,35.8,37.6,38.8,50.0,32.9,11.6,33.1,13.2,5.3
llama3.2,1.0B,3. Инструменты обучения НС,Что такое learning rate?,prompt9,dialog0263,analytics_llama3.2_1b_prompt9_dialog0263,analytics,31.3,35.8,37.6,38.8,50.0,32.9,11.6,33.1,13.2,5.3
llama3.2,1.0B,3. Инструменты обучения НС,Что такое метод Ньютона?,prompt9,dialog0264,analytics_llama3.2_1b_prompt9_dialog0264,analytics,31.3,35.8,37.6,38.8,50.0,32.9,11.6,33.1,13.2,5.3
llama3.2,1.0B,3. Инструменты обучения НС,Что такое RMSProp?,prompt9,dialog0265,analytics_llama3.2_1b_prompt9_dialog0265,analytics,31.3,35.8,37.6,38.8,50.0,32.9,11.6,33.1,13.2,5.3
llama3.2,1.0B,3. Инструменты обучения НС,"Вычисли шаг в SGD для L(w)=w^2, w=3, η=0.1.",prompt9,dialog0266,analytics_llama3.2_1b_prompt9_dialog0266,analytics,31.3,35.8,37.6,38.8,50.0,32.9,11.6,33.1,13.2,5.3
llama3.2,1.0B,3. Инструменты обучения НС,"Вычисли v_t в Momentum: γ=0.9, v_{t-1}=1, ∇L=2, η=0.1.",prompt9,dialog0267,analytics_llama3.2_1b_prompt9_dialog0267,analytics,31.3,35.8,37.6,38.8,50.0,32.9,11.6,33.1,13.2,5.3
llama3.2,1.0B,3. Инструменты обучения НС,"В Adagrad, G_{t-1,ii}=4, g_t=2, η=0.1, ε=1e-8.",prompt9,dialog0268,analytics_llama3.2_1b_prompt9_dialog0268,analytics,31.3,35.8,37.6,38.8,50.0,32.9,11.6,33.1,13.2,5.3
llama3.2,1.0B,3. Инструменты обучения НС,"Вычисли learning rate decay: η0=0.1, t=5, T=10, linear.",prompt9,dialog0269,analytics_llama3.2_1b_prompt9_dialog0269,analytics,31.3,35.8,37.6,38.8,50.0,32.9,11.6,33.1,13.2,5.3
llama3.2,1.0B,3. Инструменты обучения НС,"В Nesterov, вычисли ∇ в ω - γ v_{t-1}: γ=0.9, v=1, ∇=2.",prompt9,dialog0270,analytics_llama3.2_1b_prompt9_dialog0270,analytics,31.3,35.8,37.6,38.8,50.0,32.9,11.6,33.1,13.2,5.3
llama3.2,1.0B,1_Классификаторы_KNN_и_наивный_байес,Что такое метод k-ближайших соседей?,prompt7,dialog0181,analytics_llama3.2_1b_prompt7_dialog0181,analytics,30.2,38.0,38.0,37.3,50.0,30.9,18.7,27.3,9.4,3.9
llama3.2,1.0B,1_Классификаторы_KNN_и_наивный_байес,Как выбрать количество соседей k в k-NN?,prompt7,dialog0182,analytics_llama3.2_1b_prompt7_dialog0182,analytics,30.2,38.0,38.0,37.3,50.0,30.9,18.7,27.3,9.4,3.9
llama3.2,1.0B,1_Классификаторы_KNN_и_наивный_байес,Что такое евклидова метрика?,prompt7,dialog0183,analytics_llama3.2_1b_prompt7_dialog0183,analytics,30.2,38.0,38.0,37.3,50.0,30.9,18.7,27.3,9.4,3.9
llama3.2,1.0B,1_Классификаторы_KNN_и_наивный_байес,В чем суть наивного байесовского классификатора?,prompt7,dialog0184,analytics_llama3.2_1b_prompt7_dialog0184,analytics,30.2,38.0,38.0,37.3,50.0,30.9,18.7,27.3,9.4,3.9
llama3.2,1.0B,1_Классификаторы_KNN_и_наивный_байес,Как работает сглаживание по Лапласу?,prompt7,dialog0185,analytics_llama3.2_1b_prompt7_dialog0185,analytics,30.2,38.0,38.0,37.3,50.0,30.9,18.7,27.3,9.4,3.9
llama3.2,1.0B,1_Классификаторы_KNN_и_наивный_байес,Что такое манхэттенское расстояние?,prompt7,dialog0186,analytics_llama3.2_1b_prompt7_dialog0186,analytics,30.2,38.0,38.0,37.3,50.0,30.9,18.7,27.3,9.4,3.9
llama3.2,1.0B,1_Классификаторы_KNN_и_наивный_байес,Как вычислить вероятность класса в Naive Bayes?,prompt7,dialog0187,analytics_llama3.2_1b_prompt7_dialog0187,analytics,30.2,38.0,38.0,37.3,50.0,30.9,18.7,27.3,9.4,3.9
llama3.2,1.0B,1_Классификаторы_KNN_и_наивный_байес,Что такое расстояние Чебышёва?,prompt7,dialog0188,analytics_llama3.2_1b_prompt7_dialog0188,analytics,30.2,38.0,38.0,37.3,50.0,30.9,18.7,27.3,9.4,3.9
llama3.2,1.0B,1_Классификаторы_KNN_и_наивный_байес,Как классифицировать письмо как спам в Naive Bayes?,prompt7,dialog0189,analytics_llama3.2_1b_prompt7_dialog0189,analytics,30.2,38.0,38.0,37.3,50.0,30.9,18.7,27.3,9.4,3.9
llama3.2,1.0B,1_Классификаторы_KNN_и_наивный_байес,В чем разница между k-NN и взвешенным k-NN?,prompt7,dialog0190,analytics_llama3.2_1b_prompt7_dialog0190,analytics,30.2,38.0,38.0,37.3,50.0,30.9,18.7,27.3,9.4,3.9
llama3.2,1.0B,1_Классификаторы_KNN_и_наивный_байес,Вычисли вероятность спама для слова 'приз' из примера.,prompt7,dialog0191,analytics_llama3.2_1b_prompt7_dialog0191,analytics,30.2,38.0,38.0,37.3,50.0,30.9,18.7,27.3,9.4,3.9
llama3.2,1.0B,1_Классификаторы_KNN_и_наивный_байес,"Вычисли расстояние Евклида между (1,2) и (3,4).",prompt7,dialog0192,analytics_llama3.2_1b_prompt7_dialog0192,analytics,30.2,38.0,38.0,37.3,50.0,30.9,18.7,27.3,9.4,3.9
llama3.2,1.0B,1_Классификаторы_KNN_и_наивный_байес,"В примере с погодой, вычисли F(да) для теста.",prompt7,dialog0193,analytics_llama3.2_1b_prompt7_dialog0193,analytics,30.2,38.0,38.0,37.3,50.0,30.9,18.7,27.3,9.4,3.9
llama3.2,1.0B,1_Классификаторы_KNN_и_наивный_байес,"Вычисли P(да | пасмурно, холодно, влажно, да).",prompt7,dialog0194,analytics_llama3.2_1b_prompt7_dialog0194,analytics,30.2,38.0,38.0,37.3,50.0,30.9,18.7,27.3,9.4,3.9
llama3.2,1.0B,1_Классификаторы_KNN_и_наивный_байес,"В спам-примере, вычисли P(win|спам) с Laplace.",prompt7,dialog0195,analytics_llama3.2_1b_prompt7_dialog0195,analytics,30.2,38.0,38.0,37.3,50.0,30.9,18.7,27.3,9.4,3.9
llama3.2,1.0B,3. Инструменты обучения НС,Что такое autograd?,prompt7,dialog0196,analytics_llama3.2_1b_prompt7_dialog0196,analytics,30.2,38.0,38.0,37.3,50.0,30.9,18.7,27.3,9.4,3.9
llama3.2,1.0B,3. Инструменты обучения НС,Что такое TensorFlow?,prompt7,dialog0197,analytics_llama3.2_1b_prompt7_dialog0197,analytics,30.2,38.0,38.0,37.3,50.0,30.9,18.7,27.3,9.4,3.9
llama3.2,1.0B,3. Инструменты обучения НС,Что такое Keras?,prompt7,dialog0198,analytics_llama3.2_1b_prompt7_dialog0198,analytics,30.2,38.0,38.0,37.3,50.0,30.9,18.7,27.3,9.4,3.9
llama3.2,1.0B,3. Инструменты обучения НС,Что такое over-fitting?,prompt7,dialog0199,analytics_llama3.2_1b_prompt7_dialog0199,analytics,30.2,38.0,38.0,37.3,50.0,30.9,18.7,27.3,9.4,3.9
llama3.2,1.0B,3. Инструменты обучения НС,Что такое SGD?,prompt7,dialog0200,analytics_llama3.2_1b_prompt7_dialog0200,analytics,30.2,38.0,38.0,37.3,50.0,30.9,18.7,27.3,9.4,3.9
llama3.2,1.0B,3. Инструменты обучения НС,Что такое Momentum в оптимизации?,prompt7,dialog0201,analytics_llama3.2_1b_prompt7_dialog0201,analytics,30.2,38.0,38.0,37.3,50.0,30.9,18.7,27.3,9.4,3.9
llama3.2,1.0B,3. Инструменты обучения НС,Что такое Adam?,prompt7,dialog0202,analytics_llama3.2_1b_prompt7_dialog0202,analytics,30.2,38.0,38.0,37.3,50.0,30.9,18.7,27.3,9.4,3.9
llama3.2,1.0B,3. Инструменты обучения НС,Что такое learning rate?,prompt7,dialog0203,analytics_llama3.2_1b_prompt7_dialog0203,analytics,30.2,38.0,38.0,37.3,50.0,30.9,18.7,27.3,9.4,3.9
llama3.2,1.0B,3. Инструменты обучения НС,Что такое метод Ньютона?,prompt7,dialog0204,analytics_llama3.2_1b_prompt7_dialog0204,analytics,30.2,38.0,38.0,37.3,50.0,30.9,18.7,27.3,9.4,3.9
llama3.2,1.0B,3. Инструменты обучения НС,Что такое RMSProp?,prompt7,dialog0205,analytics_llama3.2_1b_prompt7_dialog0205,analytics,30.2,38.0,38.0,37.3,50.0,30.9,18.7,27.3,9.4,3.9
llama3.2,1.0B,3. Инструменты обучения НС,"Вычисли шаг в SGD для L(w)=w^2, w=3, η=0.1.",prompt7,dialog0206,analytics_llama3.2_1b_prompt7_dialog0206,analytics,30.2,38.0,38.0,37.3,50.0,30.9,18.7,27.3,9.4,3.9
llama3.2,1.0B,3. Инструменты обучения НС,"Вычисли v_t в Momentum: γ=0.9, v_{t-1}=1, ∇L=2, η=0.1.",prompt7,dialog0207,analytics_llama3.2_1b_prompt7_dialog0207,analytics,30.2,38.0,38.0,37.3,50.0,30.9,18.7,27.3,9.4,3.9
llama3.2,1.0B,3. Инструменты обучения НС,"В Adagrad, G_{t-1,ii}=4, g_t=2, η=0.1, ε=1e-8.",prompt7,dialog0208,analytics_llama3.2_1b_prompt7_dialog0208,analytics,30.2,38.0,38.0,37.3,50.0,30.9,18.7,27.3,9.4,3.9
llama3.2,1.0B,3. Инструменты обучения НС,"Вычисли learning rate decay: η0=0.1, t=5, T=10, linear.",prompt7,dialog0209,analytics_llama3.2_1b_prompt7_dialog0209,analytics,30.2,38.0,38.0,37.3,50.0,30.9,18.7,27.3,9.4,3.9
llama3.2,1.0B,3. Инструменты обучения НС,"В Nesterov, вычисли ∇ в ω - γ v_{t-1}: γ=0.9, v=1, ∇=2.",prompt7,dialog0210,analytics_llama3.2_1b_prompt7_dialog0210,analytics,30.2,38.0,38.0,37.3,50.0,30.9,18.7,27.3,9.4,3.9
llama3.2,1.0B,1_Классификаторы_KNN_и_наивный_байес,Что такое метод k-ближайших соседей?,prompt6,dialog0151,analytics_llama3.2_1b_prompt6_dialog0151,analytics,26.5,31.2,35.5,39.2,50.0,33.1,14.5,28.8,11.1,6.8
llama3.2,1.0B,1_Классификаторы_KNN_и_наивный_байес,Как выбрать количество соседей k в k-NN?,prompt6,dialog0152,analytics_llama3.2_1b_prompt6_dialog0152,analytics,26.5,31.2,35.5,39.2,50.0,33.1,14.5,28.8,11.1,6.8
llama3.2,1.0B,1_Классификаторы_KNN_и_наивный_байес,Что такое евклидова метрика?,prompt6,dialog0153,analytics_llama3.2_1b_prompt6_dialog0153,analytics,26.5,31.2,35.5,39.2,50.0,33.1,14.5,28.8,11.1,6.8
llama3.2,1.0B,1_Классификаторы_KNN_и_наивный_байес,В чем суть наивного байесовского классификатора?,prompt6,dialog0154,analytics_llama3.2_1b_prompt6_dialog0154,analytics,26.5,31.2,35.5,39.2,50.0,33.1,14.5,28.8,11.1,6.8
llama3.2,1.0B,1_Классификаторы_KNN_и_наивный_байес,Как работает сглаживание по Лапласу?,prompt6,dialog0155,analytics_llama3.2_1b_prompt6_dialog0155,analytics,26.5,31.2,35.5,39.2,50.0,33.1,14.5,28.8,11.1,6.8
llama3.2,1.0B,1_Классификаторы_KNN_и_наивный_байес,Что такое манхэттенское расстояние?,prompt6,dialog0156,analytics_llama3.2_1b_prompt6_dialog0156,analytics,26.5,31.2,35.5,39.2,50.0,33.1,14.5,28.8,11.1,6.8
llama3.2,1.0B,1_Классификаторы_KNN_и_наивный_байес,Как вычислить вероятность класса в Naive Bayes?,prompt6,dialog0157,analytics_llama3.2_1b_prompt6_dialog0157,analytics,26.5,31.2,35.5,39.2,50.0,33.1,14.5,28.8,11.1,6.8
llama3.2,1.0B,1_Классификаторы_KNN_и_наивный_байес,Что такое расстояние Чебышёва?,prompt6,dialog0158,analytics_llama3.2_1b_prompt6_dialog0158,analytics,26.5,31.2,35.5,39.2,50.0,33.1,14.5,28.8,11.1,6.8
llama3.2,1.0B,1_Классификаторы_KNN_и_наивный_байес,Как классифицировать письмо как спам в Naive Bayes?,prompt6,dialog0159,analytics_llama3.2_1b_prompt6_dialog0159,analytics,26.5,31.2,35.5,39.2,50.0,33.1,14.5,28.8,11.1,6.8
llama3.2,1.0B,1_Классификаторы_KNN_и_наивный_байес,В чем разница между k-NN и взвешенным k-NN?,prompt6,dialog0160,analytics_llama3.2_1b_prompt6_dialog0160,analytics,26.5,31.2,35.5,39.2,50.0,33.1,14.5,28.8,11.1,6.8
llama3.2,1.0B,1_Классификаторы_KNN_и_наивный_байес,Вычисли вероятность спама для слова 'приз' из примера.,prompt6,dialog0161,analytics_llama3.2_1b_prompt6_dialog0161,analytics,26.5,31.2,35.5,39.2,50.0,33.1,14.5,28.8,11.1,6.8
llama3.2,1.0B,1_Классификаторы_KNN_и_наивный_байес,"Вычисли расстояние Евклида между (1,2) и (3,4).",prompt6,dialog0162,analytics_llama3.2_1b_prompt6_dialog0162,analytics,26.5,31.2,35.5,39.2,50.0,33.1,14.5,28.8,11.1,6.8
llama3.2,1.0B,1_Классификаторы_KNN_и_наивный_байес,"В примере с погодой, вычисли F(да) для теста.",prompt6,dialog0163,analytics_llama3.2_1b_prompt6_dialog0163,analytics,26.5,31.2,35.5,39.2,50.0,33.1,14.5,28.8,11.1,6.8
llama3.2,1.0B,1_Классификаторы_KNN_и_наивный_байес,"Вычисли P(да | пасмурно, холодно, влажно, да).",prompt6,dialog0164,analytics_llama3.2_1b_prompt6_dialog0164,analytics,26.5,31.2,35.5,39.2,50.0,33.1,14.5,28.8,11.1,6.8
llama3.2,1.0B,1_Классификаторы_KNN_и_наивный_байес,"В спам-примере, вычисли P(win|спам) с Laplace.",prompt6,dialog0165,analytics_llama3.2_1b_prompt6_dialog0165,analytics,26.5,31.2,35.5,39.2,50.0,33.1,14.5,28.8,11.1,6.8
llama3.2,1.0B,3. Инструменты обучения НС,Что такое autograd?,prompt6,dialog0166,analytics_llama3.2_1b_prompt6_dialog0166,analytics,26.5,31.2,35.5,39.2,50.0,33.1,14.5,28.8,11.1,6.8
llama3.2,1.0B,3. Инструменты обучения НС,Что такое TensorFlow?,prompt6,dialog0167,analytics_llama3.2_1b_prompt6_dialog0167,analytics,26.5,31.2,35.5,39.2,50.0,33.1,14.5,28.8,11.1,6.8
llama3.2,1.0B,3. Инструменты обучения НС,Что такое Keras?,prompt6,dialog0168,analytics_llama3.2_1b_prompt6_dialog0168,analytics,26.5,31.2,35.5,39.2,50.0,33.1,14.5,28.8,11.1,6.8
llama3.2,1.0B,3. Инструменты обучения НС,Что такое over-fitting?,prompt6,dialog0169,analytics_llama3.2_1b_prompt6_dialog0169,analytics,26.5,31.2,35.5,39.2,50.0,33.1,14.5,28.8,11.1,6.8
llama3.2,1.0B,3. Инструменты обучения НС,Что такое SGD?,prompt6,dialog0170,analytics_llama3.2_1b_prompt6_dialog0170,analytics,26.5,31.2,35.5,39.2,50.0,33.1,14.5,28.8,11.1,6.8
llama3.2,1.0B,3. Инструменты обучения НС,Что такое Momentum в оптимизации?,prompt6,dialog0171,analytics_llama3.2_1b_prompt6_dialog0171,analytics,26.5,31.2,35.5,39.2,50.0,33.1,14.5,28.8,11.1,6.8
llama3.2,1.0B,3. Инструменты обучения НС,Что такое Adam?,prompt6,dialog0172,analytics_llama3.2_1b_prompt6_dialog0172,analytics,26.5,31.2,35.5,39.2,50.0,33.1,14.5,28.8,11.1,6.8
llama3.2,1.0B,3. Инструменты обучения НС,Что такое learning rate?,prompt6,dialog0173,analytics_llama3.2_1b_prompt6_dialog0173,analytics,26.5,31.2,35.5,39.2,50.0,33.1,14.5,28.8,11.1,6.8
llama3.2,1.0B,3. Инструменты обучения НС,Что такое метод Ньютона?,prompt6,dialog0174,analytics_llama3.2_1b_prompt6_dialog0174,analytics,26.5,31.2,35.5,39.2,50.0,33.1,14.5,28.8,11.1,6.8
llama3.2,1.0B,3. Инструменты обучения НС,Что такое RMSProp?,prompt6,dialog0175,analytics_llama3.2_1b_prompt6_dialog0175,analytics,26.5,31.2,35.5,39.2,50.0,33.1,14.5,28.8,11.1,6.8
llama3.2,1.0B,3. Инструменты обучения НС,"Вычисли шаг в SGD для L(w)=w^2, w=3, η=0.1.",prompt6,dialog0176,analytics_llama3.2_1b_prompt6_dialog0176,analytics,26.5,31.2,35.5,39.2,50.0,33.1,14.5,28.8,11.1,6.8
llama3.2,1.0B,3. Инструменты обучения НС,"Вычисли v_t в Momentum: γ=0.9, v_{t-1}=1, ∇L=2, η=0.1.",prompt6,dialog0177,analytics_llama3.2_1b_prompt6_dialog0177,analytics,26.5,31.2,35.5,39.2,50.0,33.1,14.5,28.8,11.1,6.8
llama3.2,1.0B,3. Инструменты обучения НС,"В Adagrad, G_{t-1,ii}=4, g_t=2, η=0.1, ε=1e-8.",prompt6,dialog0178,analytics_llama3.2_1b_prompt6_dialog0178,analytics,26.5,31.2,35.5,39.2,50.0,33.1,14.5,28.8,11.1,6.8
llama3.2,1.0B,3. Инструменты обучения НС,"Вычисли learning rate decay: η0=0.1, t=5, T=10, linear.",prompt6,dialog0179,analytics_llama3.2_1b_prompt6_dialog0179,analytics,26.5,31.2,35.5,39.2,50.0,33.1,14.5,28.8,11.1,6.8
llama3.2,1.0B,3. Инструменты обучения НС,"В Nesterov, вычисли ∇ в ω - γ v_{t-1}: γ=0.9, v=1, ∇=2.",prompt6,dialog0180,analytics_llama3.2_1b_prompt6_dialog0180,analytics,26.5,31.2,35.5,39.2,50.0,33.1,14.5,28.8,11.1,6.8
llama3.2,1.0B,1_Классификаторы_KNN_и_наивный_байес,Что такое метод k-ближайших соседей?,prompt1,dialog0001,analytics_llama3.2_1b_prompt1_dialog0001,analytics,22.4,30.3,32.5,38.8,50.0,33.4,18.6,26.4,11.9,5.0
llama3.2,1.0B,1_Классификаторы_KNN_и_наивный_байес,Как выбрать количество соседей k в k-NN?,prompt1,dialog0002,analytics_llama3.2_1b_prompt1_dialog0002,analytics,22.4,30.3,32.5,38.8,50.0,33.4,18.6,26.4,11.9,5.0
llama3.2,1.0B,1_Классификаторы_KNN_и_наивный_байес,Что такое евклидова метрика?,prompt1,dialog0003,analytics_llama3.2_1b_prompt1_dialog0003,analytics,22.4,30.3,32.5,38.8,50.0,33.4,18.6,26.4,11.9,5.0
llama3.2,1.0B,1_Классификаторы_KNN_и_наивный_байес,В чем суть наивного байесовского классификатора?,prompt1,dialog0004,analytics_llama3.2_1b_prompt1_dialog0004,analytics,22.4,30.3,32.5,38.8,50.0,33.4,18.6,26.4,11.9,5.0
llama3.2,1.0B,1_Классификаторы_KNN_и_наивный_байес,Как работает сглаживание по Лапласу?,prompt1,dialog0005,analytics_llama3.2_1b_prompt1_dialog0005,analytics,22.4,30.3,32.5,38.8,50.0,33.4,18.6,26.4,11.9,5.0
llama3.2,1.0B,1_Классификаторы_KNN_и_наивный_байес,Что такое манхэттенское расстояние?,prompt1,dialog0006,analytics_llama3.2_1b_prompt1_dialog0006,analytics,22.4,30.3,32.5,38.8,50.0,33.4,18.6,26.4,11.9,5.0
llama3.2,1.0B,1_Классификаторы_KNN_и_наивный_байес,Как вычислить вероятность класса в Naive Bayes?,prompt1,dialog0007,analytics_llama3.2_1b_prompt1_dialog0007,analytics,22.4,30.3,32.5,38.8,50.0,33.4,18.6,26.4,11.9,5.0
llama3.2,1.0B,1_Классификаторы_KNN_и_наивный_байес,Что такое расстояние Чебышёва?,prompt1,dialog0008,analytics_llama3.2_1b_prompt1_dialog0008,analytics,22.4,30.3,32.5,38.8,50.0,33.4,18.6,26.4,11.9,5.0
llama3.2,1.0B,1_Классификаторы_KNN_и_наивный_байес,Как классифицировать письмо как спам в Naive Bayes?,prompt1,dialog0009,analytics_llama3.2_1b_prompt1_dialog0009,analytics,22.4,30.3,32.5,38.8,50.0,33.4,18.6,26.4,11.9,5.0
llama3.2,1.0B,1_Классификаторы_KNN_и_наивный_байес,В чем разница между k-NN и взвешенным k-NN?,prompt1,dialog0010,analytics_llama3.2_1b_prompt1_dialog0010,analytics,22.4,30.3,32.5,38.8,50.0,33.4,18.6,26.4,11.9,5.0
llama3.2,1.0B,1_Классификаторы_KNN_и_наивный_байес,Вычисли вероятность спама для слова 'приз' из примера.,prompt1,dialog0011,analytics_llama3.2_1b_prompt1_dialog0011,analytics,22.4,30.3,32.5,38.8,50.0,33.4,18.6,26.4,11.9,5.0
llama3.2,1.0B,1_Классификаторы_KNN_и_наивный_байес,"Вычисли расстояние Евклида между (1,2) и (3,4).",prompt1,dialog0012,analytics_llama3.2_1b_prompt1_dialog0012,analytics,22.4,30.3,32.5,38.8,50.0,33.4,18.6,26.4,11.9,5.0
llama3.2,1.0B,1_Классификаторы_KNN_и_наивный_байес,"В примере с погодой, вычисли F(да) для теста.",prompt1,dialog0013,analytics_llama3.2_1b_prompt1_dialog0013,analytics,22.4,30.3,32.5,38.8,50.0,33.4,18.6,26.4,11.9,5.0
llama3.2,1.0B,1_Классификаторы_KNN_и_наивный_байес,"Вычисли P(да | пасмурно, холодно, влажно, да).",prompt1,dialog0014,analytics_llama3.2_1b_prompt1_dialog0014,analytics,22.4,30.3,32.5,38.8,50.0,33.4,18.6,26.4,11.9,5.0
llama3.2,1.0B,1_Классификаторы_KNN_и_наивный_байес,"В спам-примере, вычисли P(win|спам) с Laplace.",prompt1,dialog0015,analytics_llama3.2_1b_prompt1_dialog0015,analytics,22.4,30.3,32.5,38.8,50.0,33.4,18.6,26.4,11.9,5.0
llama3.2,1.0B,3. Инструменты обучения НС,Что такое autograd?,prompt1,dialog0016,analytics_llama3.2_1b_prompt1_dialog0016,analytics,22.4,30.3,32.5,38.8,50.0,33.4,18.6,26.4,11.9,5.0
llama3.2,1.0B,3. Инструменты обучения НС,Что такое TensorFlow?,prompt1,dialog0017,analytics_llama3.2_1b_prompt1_dialog0017,analytics,22.4,30.3,32.5,38.8,50.0,33.4,18.6,26.4,11.9,5.0
llama3.2,1.0B,3. Инструменты обучения НС,Что такое Keras?,prompt1,dialog0018,analytics_llama3.2_1b_prompt1_dialog0018,analytics,22.4,30.3,32.5,38.8,50.0,33.4,18.6,26.4,11.9,5.0
llama3.2,1.0B,3. Инструменты обучения НС,Что такое over-fitting?,prompt1,dialog0019,analytics_llama3.2_1b_prompt1_dialog0019,analytics,22.4,30.3,32.5,38.8,50.0,33.4,18.6,26.4,11.9,5.0
llama3.2,1.0B,3. Инструменты обучения НС,Что такое SGD?,prompt1,dialog0020,analytics_llama3.2_1b_prompt1_dialog0020,analytics,22.4,30.3,32.5,38.8,50.0,33.4,18.6,26.4,11.9,5.0
llama3.2,1.0B,3. Инструменты обучения НС,Что такое Momentum в оптимизации?,prompt1,dialog0021,analytics_llama3.2_1b_prompt1_dialog0021,analytics,22.4,30.3,32.5,38.8,50.0,33.4,18.6,26.4,11.9,5.0
llama3.2,1.0B,3. Инструменты обучения НС,Что такое Adam?,prompt1,dialog0022,analytics_llama3.2_1b_prompt1_dialog0022,analytics,22.4,30.3,32.5,38.8,50.0,33.4,18.6,26.4,11.9,5.0
llama3.2,1.0B,3. Инструменты обучения НС,Что такое learning rate?,prompt1,dialog0023,analytics_llama3.2_1b_prompt1_dialog0023,analytics,22.4,30.3,32.5,38.8,50.0,33.4,18.6,26.4,11.9,5.0
llama3.2,1.0B,3. Инструменты обучения НС,Что такое метод Ньютона?,prompt1,dialog0024,analytics_llama3.2_1b_prompt1_dialog0024,analytics,22.4,30.3,32.5,38.8,50.0,33.4,18.6,26.4,11.9,5.0
llama3.2,1.0B,3. Инструменты обучения НС,Что такое RMSProp?,prompt1,dialog0025,analytics_llama3.2_1b_prompt1_dialog0025,analytics,22.4,30.3,32.5,38.8,50.0,33.4,18.6,26.4,11.9,5.0
llama3.2,1.0B,3. Инструменты обучения НС,"Вычисли шаг в SGD для L(w)=w^2, w=3, η=0.1.",prompt1,dialog0026,analytics_llama3.2_1b_prompt1_dialog0026,analytics,22.4,30.3,32.5,38.8,50.0,33.4,18.6,26.4,11.9,5.0
llama3.2,1.0B,3. Инструменты обучения НС,"Вычисли v_t в Momentum: γ=0.9, v_{t-1}=1, ∇L=2, η=0.1.",prompt1,dialog0027,analytics_llama3.2_1b_prompt1_dialog0027,analytics,22.4,30.3,32.5,38.8,50.0,33.4,18.6,26.4,11.9,5.0
llama3.2,1.0B,3. Инструменты обучения НС,"В Adagrad, G_{t-1,ii}=4, g_t=2, η=0.1, ε=1e-8.",prompt1,dialog0028,analytics_llama3.2_1b_prompt1_dialog0028,analytics,22.4,30.3,32.5,38.8,50.0,33.4,18.6,26.4,11.9,5.0
llama3.2,1.0B,3. Инструменты обучения НС,"Вычисли learning rate decay: η0=0.1, t=5, T=10, linear.",prompt1,dialog0029,analytics_llama3.2_1b_prompt1_dialog0029,analytics,22.4,30.3,32.5,38.8,50.0,33.4,18.6,26.4,11.9,5.0
llama3.2,1.0B,3. Инструменты обучения НС,"В Nesterov, вычисли ∇ в ω - γ v_{t-1}: γ=0.9, v=1, ∇=2.",prompt1,dialog0030,analytics_llama3.2_1b_prompt1_dialog0030,analytics,22.4,30.3,32.5,38.8,50.0,33.4,18.6,26.4,11.9,5.0
llama3.2,1.0B,1_Классификаторы_KNN_и_наивный_байес,Что такое метод k-ближайших соседей?,prompt8,dialog0211,analytics_llama3.2_1b_prompt8_dialog0211,analytics,31.2,45.8,30.9,39.2,50.0,25.9,10.7,38.3,14.8,1.0
llama3.2,1.0B,1_Классификаторы_KNN_и_наивный_байес,Как выбрать количество соседей k в k-NN?,prompt8,dialog0212,analytics_llama3.2_1b_prompt8_dialog0212,analytics,31.2,45.8,30.9,39.2,50.0,25.9,10.7,38.3,14.8,1.0
llama3.2,1.0B,1_Классификаторы_KNN_и_наивный_байес,Что такое евклидова метрика?,prompt8,dialog0213,analytics_llama3.2_1b_prompt8_dialog0213,analytics,31.2,45.8,30.9,39.2,50.0,25.9,10.7,38.3,14.8,1.0
llama3.2,1.0B,1_Классификаторы_KNN_и_наивный_байес,В чем суть наивного байесовского классификатора?,prompt8,dialog0214,analytics_llama3.2_1b_prompt8_dialog0214,analytics,31.2,45.8,30.9,39.2,50.0,25.9,10.7,38.3,14.8,1.0
llama3.2,1.0B,1_Классификаторы_KNN_и_наивный_байес,Как работает сглаживание по Лапласу?,prompt8,dialog0215,analytics_llama3.2_1b_prompt8_dialog0215,analytics,31.2,45.8,30.9,39.2,50.0,25.9,10.7,38.3,14.8,1.0
llama3.2,1.0B,1_Классификаторы_KNN_и_наивный_байес,Что такое манхэттенское расстояние?,prompt8,dialog0216,analytics_llama3.2_1b_prompt8_dialog0216,analytics,31.2,45.8,30.9,39.2,50.0,25.9,10.7,38.3,14.8,1.0
llama3.2,1.0B,1_Классификаторы_KNN_и_наивный_байес,Как вычислить вероятность класса в Naive Bayes?,prompt8,dialog0217,analytics_llama3.2_1b_prompt8_dialog0217,analytics,31.2,45.8,30.9,39.2,50.0,25.9,10.7,38.3,14.8,1.0
llama3.2,1.0B,1_Классификаторы_KNN_и_наивный_байес,Что такое расстояние Чебышёва?,prompt8,dialog0218,analytics_llama3.2_1b_prompt8_dialog0218,analytics,31.2,45.8,30.9,39.2,50.0,25.9,10.7,38.3,14.8,1.0
llama3.2,1.0B,1_Классификаторы_KNN_и_наивный_байес,Как классифицировать письмо как спам в Naive Bayes?,prompt8,dialog0219,analytics_llama3.2_1b_prompt8_dialog0219,analytics,31.2,45.8,30.9,39.2,50.0,25.9,10.7,38.3,14.8,1.0
llama3.2,1.0B,1_Классификаторы_KNN_и_наивный_байес,В чем разница между k-NN и взвешенным k-NN?,prompt8,dialog0220,analytics_llama3.2_1b_prompt8_dialog0220,analytics,31.2,45.8,30.9,39.2,50.0,25.9,10.7,38.3,14.8,1.0
llama3.2,1.0B,1_Классификаторы_KNN_и_наивный_байес,Вычисли вероятность спама для слова 'приз' из примера.,prompt8,dialog0221,analytics_llama3.2_1b_prompt8_dialog0221,analytics,31.2,45.8,30.9,39.2,50.0,25.9,10.7,38.3,14.8,1.0
llama3.2,1.0B,1_Классификаторы_KNN_и_наивный_байес,"Вычисли расстояние Евклида между (1,2) и (3,4).",prompt8,dialog0222,analytics_llama3.2_1b_prompt8_dialog0222,analytics,31.2,45.8,30.9,39.2,50.0,25.9,10.7,38.3,14.8,1.0
llama3.2,1.0B,1_Классификаторы_KNN_и_наивный_байес,"В примере с погодой, вычисли F(да) для теста.",prompt8,dialog0223,analytics_llama3.2_1b_prompt8_dialog0223,analytics,31.2,45.8,30.9,39.2,50.0,25.9,10.7,38.3,14.8,1.0
llama3.2,1.0B,1_Классификаторы_KNN_и_наивный_байес,"Вычисли P(да | пасмурно, холодно, влажно, да).",prompt8,dialog0224,analytics_llama3.2_1b_prompt8_dialog0224,analytics,31.2,45.8,30.9,39.2,50.0,25.9,10.7,38.3,14.8,1.0
llama3.2,1.0B,1_Классификаторы_KNN_и_наивный_байес,"В спам-примере, вычисли P(win|спам) с Laplace.",prompt8,dialog0225,analytics_llama3.2_1b_prompt8_dialog0225,analytics,31.2,45.8,30.9,39.2,50.0,25.9,10.7,38.3,14.8,1.0
llama3.2,1.0B,3. Инструменты обучения НС,Что такое autograd?,prompt8,dialog0226,analytics_llama3.2_1b_prompt8_dialog0226,analytics,31.2,45.8,30.9,39.2,50.0,25.9,10.7,38.3,14.8,1.0
llama3.2,1.0B,3. Инструменты обучения НС,Что такое TensorFlow?,prompt8,dialog0227,analytics_llama3.2_1b_prompt8_dialog0227,analytics,31.2,45.8,30.9,39.2,50.0,25.9,10.7,38.3,14.8,1.0
llama3.2,1.0B,3. Инструменты обучения НС,Что такое Keras?,prompt8,dialog0228,analytics_llama3.2_1b_prompt8_dialog0228,analytics,31.2,45.8,30.9,39.2,50.0,25.9,10.7,38.3,14.8,1.0
llama3.2,1.0B,3. Инструменты обучения НС,Что такое over-fitting?,prompt8,dialog0229,analytics_llama3.2_1b_prompt8_dialog0229,analytics,31.2,45.8,30.9,39.2,50.0,25.9,10.7,38.3,14.8,1.0
llama3.2,1.0B,3. Инструменты обучения НС,Что такое SGD?,prompt8,dialog0230,analytics_llama3.2_1b_prompt8_dialog0230,analytics,31.2,45.8,30.9,39.2,50.0,25.9,10.7,38.3,14.8,1.0
llama3.2,1.0B,3. Инструменты обучения НС,Что такое Momentum в оптимизации?,prompt8,dialog0231,analytics_llama3.2_1b_prompt8_dialog0231,analytics,31.2,45.8,30.9,39.2,50.0,25.9,10.7,38.3,14.8,1.0
llama3.2,1.0B,3. Инструменты обучения НС,Что такое Adam?,prompt8,dialog0232,analytics_llama3.2_1b_prompt8_dialog0232,analytics,31.2,45.8,30.9,39.2,50.0,25.9,10.7,38.3,14.8,1.0
llama3.2,1.0B,3. Инструменты обучения НС,Что такое learning rate?,prompt8,dialog0233,analytics_llama3.2_1b_prompt8_dialog0233,analytics,31.2,45.8,30.9,39.2,50.0,25.9,10.7,38.3,14.8,1.0
llama3.2,1.0B,3. Инструменты обучения НС,Что такое метод Ньютона?,prompt8,dialog0234,analytics_llama3.2_1b_prompt8_dialog0234,analytics,31.2,45.8,30.9,39.2,50.0,25.9,10.7,38.3,14.8,1.0
llama3.2,1.0B,3. Инструменты обучения НС,Что такое RMSProp?,prompt8,dialog0235,analytics_llama3.2_1b_prompt8_dialog0235,analytics,31.2,45.8,30.9,39.2,50.0,25.9,10.7,38.3,14.8,1.0
llama3.2,1.0B,3. Инструменты обучения НС,"Вычисли шаг в SGD для L(w)=w^2, w=3, η=0.1.",prompt8,dialog0236,analytics_llama3.2_1b_prompt8_dialog0236,analytics,31.2,45.8,30.9,39.2,50.0,25.9,10.7,38.3,14.8,1.0
llama3.2,1.0B,3. Инструменты обучения НС,"Вычисли v_t в Momentum: γ=0.9, v_{t-1}=1, ∇L=2, η=0.1.",prompt8,dialog0237,analytics_llama3.2_1b_prompt8_dialog0237,analytics,31.2,45.8,30.9,39.2,50.0,25.9,10.7,38.3,14.8,1.0
llama3.2,1.0B,3. Инструменты обучения НС,"В Adagrad, G_{t-1,ii}=4, g_t=2, η=0.1, ε=1e-8.",prompt8,dialog0238,analytics_llama3.2_1b_prompt8_dialog0238,analytics,31.2,45.8,30.9,39.2,50.0,25.9,10.7,38.3,14.8,1.0
llama3.2,1.0B,3. Инструменты обучения НС,"Вычисли learning rate decay: η0=0.1, t=5, T=10, linear.",prompt8,dialog0239,analytics_llama3.2_1b_prompt8_dialog0239,analytics,31.2,45.8,30.9,39.2,50.0,25.9,10.7,38.3,14.8,1.0
llama3.2,1.0B,3. Инструменты обучения НС,"В Nesterov, вычисли ∇ в ω - γ v_{t-1}: γ=0.9, v=1, ∇=2.",prompt8,dialog0240,analytics_llama3.2_1b_prompt8_dialog0240,analytics,31.2,45.8,30.9,39.2,50.0,25.9,10.7,38.3,14.8,1.0
llama3.2,1.0B,1_Классификаторы_KNN_и_наивный_байес,Что такое метод k-ближайших соседей?,prompt11,dialog0301,analytics_llama3.2_1b_prompt11_dialog0301,analytics,28.6,32.5,34.1,37.3,50.0,28.8,19.0,29.2,12.2,1.8
llama3.2,1.0B,1_Классификаторы_KNN_и_наивный_байес,Как выбрать количество соседей k в k-NN?,prompt11,dialog0302,analytics_llama3.2_1b_prompt11_dialog0302,analytics,28.6,32.5,34.1,37.3,50.0,28.8,19.0,29.2,12.2,1.8
llama3.2,1.0B,1_Классификаторы_KNN_и_наивный_байес,Что такое евклидова метрика?,prompt11,dialog0303,analytics_llama3.2_1b_prompt11_dialog0303,analytics,28.6,32.5,34.1,37.3,50.0,28.8,19.0,29.2,12.2,1.8
llama3.2,1.0B,1_Классификаторы_KNN_и_наивный_байес,В чем суть наивного байесовского классификатора?,prompt11,dialog0304,analytics_llama3.2_1b_prompt11_dialog0304,analytics,28.6,32.5,34.1,37.3,50.0,28.8,19.0,29.2,12.2,1.8
llama3.2,1.0B,1_Классификаторы_KNN_и_наивный_байес,Как работает сглаживание по Лапласу?,prompt11,dialog0305,analytics_llama3.2_1b_prompt11_dialog0305,analytics,28.6,32.5,34.1,37.3,50.0,28.8,19.0,29.2,12.2,1.8
llama3.2,1.0B,1_Классификаторы_KNN_и_наивный_байес,Что такое манхэттенское расстояние?,prompt11,dialog0306,analytics_llama3.2_1b_prompt11_dialog0306,analytics,28.6,32.5,34.1,37.3,50.0,28.8,19.0,29.2,12.2,1.8
llama3.2,1.0B,1_Классификаторы_KNN_и_наивный_байес,Как вычислить вероятность класса в Naive Bayes?,prompt11,dialog0307,analytics_llama3.2_1b_prompt11_dialog0307,analytics,28.6,32.5,34.1,37.3,50.0,28.8,19.0,29.2,12.2,1.8
llama3.2,1.0B,1_Классификаторы_KNN_и_наивный_байес,Что такое расстояние Чебышёва?,prompt11,dialog0308,analytics_llama3.2_1b_prompt11_dialog0308,analytics,28.6,32.5,34.1,37.3,50.0,28.8,19.0,29.2,12.2,1.8
llama3.2,1.0B,1_Классификаторы_KNN_и_наивный_байес,Как классифицировать письмо как спам в Naive Bayes?,prompt11,dialog0309,analytics_llama3.2_1b_prompt11_dialog0309,analytics,28.6,32.5,34.1,37.3,50.0,28.8,19.0,29.2,12.2,1.8
llama3.2,1.0B,1_Классификаторы_KNN_и_наивный_байес,В чем разница между k-NN и взвешенным k-NN?,prompt11,dialog0310,analytics_llama3.2_1b_prompt11_dialog0310,analytics,28.6,32.5,34.1,37.3,50.0,28.8,19.0,29.2,12.2,1.8
llama3.2,1.0B,1_Классификаторы_KNN_и_наивный_байес,Вычисли вероятность спама для слова 'приз' из примера.,prompt11,dialog0311,analytics_llama3.2_1b_prompt11_dialog0311,analytics,28.6,32.5,34.1,37.3,50.0,28.8,19.0,29.2,12.2,1.8
llama3.2,1.0B,1_Классификаторы_KNN_и_наивный_байес,"Вычисли расстояние Евклида между (1,2) и (3,4).",prompt11,dialog0312,analytics_llama3.2_1b_prompt11_dialog0312,analytics,28.6,32.5,34.1,37.3,50.0,28.8,19.0,29.2,12.2,1.8
llama3.2,1.0B,1_Классификаторы_KNN_и_наивный_байес,"В примере с погодой, вычисли F(да) для теста.",prompt11,dialog0313,analytics_llama3.2_1b_prompt11_dialog0313,analytics,28.6,32.5,34.1,37.3,50.0,28.8,19.0,29.2,12.2,1.8
llama3.2,1.0B,1_Классификаторы_KNN_и_наивный_байес,"Вычисли P(да | пасмурно, холодно, влажно, да).",prompt11,dialog0314,analytics_llama3.2_1b_prompt11_dialog0314,analytics,28.6,32.5,34.1,37.3,50.0,28.8,19.0,29.2,12.2,1.8
llama3.2,1.0B,1_Классификаторы_KNN_и_наивный_байес,"В спам-примере, вычисли P(win|спам) с Laplace.",prompt11,dialog0315,analytics_llama3.2_1b_prompt11_dialog0315,analytics,28.6,32.5,34.1,37.3,50.0,28.8,19.0,29.2,12.2,1.8
llama3.2,1.0B,3. Инструменты обучения НС,Что такое autograd?,prompt11,dialog0316,analytics_llama3.2_1b_prompt11_dialog0316,analytics,28.6,32.5,34.1,37.3,50.0,28.8,19.0,29.2,12.2,1.8
llama3.2,1.0B,3. Инструменты обучения НС,Что такое TensorFlow?,prompt11,dialog0317,analytics_llama3.2_1b_prompt11_dialog0317,analytics,28.6,32.5,34.1,37.3,50.0,28.8,19.0,29.2,12.2,1.8
llama3.2,1.0B,3. Инструменты обучения НС,Что такое Keras?,prompt11,dialog0318,analytics_llama3.2_1b_prompt11_dialog0318,analytics,28.6,32.5,34.1,37.3,50.0,28.8,19.0,29.2,12.2,1.8
llama3.2,1.0B,3. Инструменты обучения НС,Что такое over-fitting?,prompt11,dialog0319,analytics_llama3.2_1b_prompt11_dialog0319,analytics,28.6,32.5,34.1,37.3,50.0,28.8,19.0,29.2,12.2,1.8
llama3.2,1.0B,3. Инструменты обучения НС,Что такое SGD?,prompt11,dialog0320,analytics_llama3.2_1b_prompt11_dialog0320,analytics,28.6,32.5,34.1,37.3,50.0,28.8,19.0,29.2,12.2,1.8
llama3.2,1.0B,3. Инструменты обучения НС,Что такое Momentum в оптимизации?,prompt11,dialog0321,analytics_llama3.2_1b_prompt11_dialog0321,analytics,28.6,32.5,34.1,37.3,50.0,28.8,19.0,29.2,12.2,1.8
llama3.2,1.0B,3. Инструменты обучения НС,Что такое Adam?,prompt11,dialog0322,analytics_llama3.2_1b_prompt11_dialog0322,analytics,28.6,32.5,34.1,37.3,50.0,28.8,19.0,29.2,12.2,1.8
llama3.2,1.0B,3. Инструменты обучения НС,Что такое learning rate?,prompt11,dialog0323,analytics_llama3.2_1b_prompt11_dialog0323,analytics,28.6,32.5,34.1,37.3,50.0,28.8,19.0,29.2,12.2,1.8
llama3.2,1.0B,3. Инструменты обучения НС,Что такое метод Ньютона?,prompt11,dialog0324,analytics_llama3.2_1b_prompt11_dialog0324,analytics,28.6,32.5,34.1,37.3,50.0,28.8,19.0,29.2,12.2,1.8
llama3.2,1.0B,3. Инструменты обучения НС,Что такое RMSProp?,prompt11,dialog0325,analytics_llama3.2_1b_prompt11_dialog0325,analytics,28.6,32.5,34.1,37.3,50.0,28.8,19.0,29.2,12.2,1.8
llama3.2,1.0B,3. Инструменты обучения НС,"Вычисли шаг в SGD для L(w)=w^2, w=3, η=0.1.",prompt11,dialog0326,analytics_llama3.2_1b_prompt11_dialog0326,analytics,28.6,32.5,34.1,37.3,50.0,28.8,19.0,29.2,12.2,1.8
llama3.2,1.0B,3. Инструменты обучения НС,"Вычисли v_t в Momentum: γ=0.9, v_{t-1}=1, ∇L=2, η=0.1.",prompt11,dialog0327,analytics_llama3.2_1b_prompt11_dialog0327,analytics,28.6,32.5,34.1,37.3,50.0,28.8,19.0,29.2,12.2,1.8
llama3.2,1.0B,3. Инструменты обучения НС,"В Adagrad, G_{t-1,ii}=4, g_t=2, η=0.1, ε=1e-8.",prompt11,dialog0328,analytics_llama3.2_1b_prompt11_dialog0328,analytics,28.6,32.5,34.1,37.3,50.0,28.8,19.0,29.2,12.2,1.8
llama3.2,1.0B,3. Инструменты обучения НС,"Вычисли learning rate decay: η0=0.1, t=5, T=10, linear.",prompt11,dialog0329,analytics_llama3.2_1b_prompt11_dialog0329,analytics,28.6,32.5,34.1,37.3,50.0,28.8,19.0,29.2,12.2,1.8
llama3.2,1.0B,3. Инструменты обучения НС,"В Nesterov, вычисли ∇ в ω - γ v_{t-1}: γ=0.9, v=1, ∇=2.",prompt11,dialog0330,analytics_llama3.2_1b_prompt11_dialog0330,analytics,28.6,32.5,34.1,37.3,50.0,28.8,19.0,29.2,12.2,1.8
deepseek-r1,1.5B,1_Классификаторы_KNN_и_наивный_байес,Что такое метод k-ближайших соседей?,prompt14,dialog0241,analytics_deepseek-r1_1.5b_prompt14_dialog0241,analytics,34.6,35.0,48.7,35.5,50.0,29.6,10.2,30.2,15.5,6.3
deepseek-r1,1.5B,1_Классификаторы_KNN_и_наивный_байес,Как выбрать количество соседей k в k-NN?,prompt14,dialog0242,analytics_deepseek-r1_1.5b_prompt14_dialog0242,analytics,34.6,35.0,48.7,35.5,50.0,29.6,10.2,30.2,15.5,6.3
deepseek-r1,1.5B,1_Классификаторы_KNN_и_наивный_байес,Что такое евклидова метрика?,prompt14,dialog0243,analytics_deepseek-r1_1.5b_prompt14_dialog0243,analytics,34.6,35.0,48.7,35.5,50.0,29.6,10.2,30.2,15.5,6.3
deepseek-r1,1.5B,1_Классификаторы_KNN_и_наивный_байес,В чем суть наивного байесовского классификатора?,prompt14,dialog0244,analytics_deepseek-r1_1.5b_prompt14_dialog0244,analytics,34.6,35.0,48.7,35.5,50.0,29.6,10.2,30.2,15.5,6.3
deepseek-r1,1.5B,1_Классификаторы_KNN_и_наивный_байес,Как работает сглаживание по Лапласу?,prompt14,dialog0245,analytics_deepseek-r1_1.5b_prompt14_dialog0245,analytics,34.6,35.0,48.7,35.5,50.0,29.6,10.2,30.2,15.5,6.3
deepseek-r1,1.5B,1_Классификаторы_KNN_и_наивный_байес,Что такое манхэттенское расстояние?,prompt14,dialog0246,analytics_deepseek-r1_1.5b_prompt14_dialog0246,analytics,34.6,35.0,48.7,35.5,50.0,29.6,10.2,30.2,15.5,6.3
deepseek-r1,1.5B,1_Классификаторы_KNN_и_наивный_байес,Как вычислить вероятность класса в Naive Bayes?,prompt14,dialog0247,analytics_deepseek-r1_1.5b_prompt14_dialog0247,analytics,34.6,35.0,48.7,35.5,50.0,29.6,10.2,30.2,15.5,6.3
deepseek-r1,1.5B,1_Классификаторы_KNN_и_наивный_байес,Что такое расстояние Чебышёва?,prompt14,dialog0248,analytics_deepseek-r1_1.5b_prompt14_dialog0248,analytics,34.6,35.0,48.7,35.5,50.0,29.6,10.2,30.2,15.5,6.3
deepseek-r1,1.5B,1_Классификаторы_KNN_и_наивный_байес,Как классифицировать письмо как спам в Naive Bayes?,prompt14,dialog0249,analytics_deepseek-r1_1.5b_prompt14_dialog0249,analytics,34.6,35.0,48.7,35.5,50.0,29.6,10.2,30.2,15.5,6.3
deepseek-r1,1.5B,1_Классификаторы_KNN_и_наивный_байес,В чем разница между k-NN и взвешенным k-NN?,prompt14,dialog0250,analytics_deepseek-r1_1.5b_prompt14_dialog0250,analytics,34.6,35.0,48.7,35.5,50.0,29.6,10.2,30.2,15.5,6.3
deepseek-r1,1.5B,1_Классификаторы_KNN_и_наивный_байес,Вычисли вероятность спама для слова 'приз' из примера.,prompt14,dialog0251,analytics_deepseek-r1_1.5b_prompt14_dialog0251,analytics,34.6,35.0,48.7,35.5,50.0,29.6,10.2,30.2,15.5,6.3
deepseek-r1,1.5B,1_Классификаторы_KNN_и_наивный_байес,"Вычисли расстояние Евклида между (1,2) и (3,4).",prompt14,dialog0252,analytics_deepseek-r1_1.5b_prompt14_dialog0252,analytics,34.6,35.0,48.7,35.5,50.0,29.6,10.2,30.2,15.5,6.3
deepseek-r1,1.5B,1_Классификаторы_KNN_и_наивный_байес,"В примере с погодой, вычисли F(да) для теста.",prompt14,dialog0253,analytics_deepseek-r1_1.5b_prompt14_dialog0253,analytics,34.6,35.0,48.7,35.5,50.0,29.6,10.2,30.2,15.5,6.3
deepseek-r1,1.5B,1_Классификаторы_KNN_и_наивный_байес,"Вычисли P(да | пасмурно, холодно, влажно, да).",prompt14,dialog0254,analytics_deepseek-r1_1.5b_prompt14_dialog0254,analytics,34.6,35.0,48.7,35.5,50.0,29.6,10.2,30.2,15.5,6.3
deepseek-r1,1.5B,1_Классификаторы_KNN_и_наивный_байес,"В спам-примере, вычисли P(win|спам) с Laplace.",prompt14,dialog0255,analytics_deepseek-r1_1.5b_prompt14_dialog0255,analytics,34.6,35.0,48.7,35.5,50.0,29.6,10.2,30.2,15.5,6.3
deepseek-r1,1.5B,3. Инструменты обучения НС,Что такое autograd?,prompt14,dialog0256,analytics_deepseek-r1_1.5b_prompt14_dialog0256,analytics,34.6,35.0,48.7,35.5,50.0,29.6,10.2,30.2,15.5,6.3
deepseek-r1,1.5B,3. Инструменты обучения НС,Что такое TensorFlow?,prompt14,dialog0257,analytics_deepseek-r1_1.5b_prompt14_dialog0257,analytics,34.6,35.0,48.7,35.5,50.0,29.6,10.2,30.2,15.5,6.3
deepseek-r1,1.5B,3. Инструменты обучения НС,Что такое Keras?,prompt14,dialog0258,analytics_deepseek-r1_1.5b_prompt14_dialog0258,analytics,34.6,35.0,48.7,35.5,50.0,29.6,10.2,30.2,15.5,6.3
deepseek-r1,1.5B,3. Инструменты обучения НС,Что такое over-fitting?,prompt14,dialog0259,analytics_deepseek-r1_1.5b_prompt14_dialog0259,analytics,34.6,35.0,48.7,35.5,50.0,29.6,10.2,30.2,15.5,6.3
deepseek-r1,1.5B,3. Инструменты обучения НС,Что такое SGD?,prompt14,dialog0260,analytics_deepseek-r1_1.5b_prompt14_dialog0260,analytics,34.6,35.0,48.7,35.5,50.0,29.6,10.2,30.2,15.5,6.3
deepseek-r1,1.5B,3. Инструменты обучения НС,Что такое Momentum в оптимизации?,prompt14,dialog0261,analytics_deepseek-r1_1.5b_prompt14_dialog0261,analytics,34.6,35.0,48.7,35.5,50.0,29.6,10.2,30.2,15.5,6.3
deepseek-r1,1.5B,3. Инструменты обучения НС,Что такое Adam?,prompt14,dialog0262,analytics_deepseek-r1_1.5b_prompt14_dialog0262,analytics,34.6,35.0,48.7,35.5,50.0,29.6,10.2,30.2,15.5,6.3
deepseek-r1,1.5B,3. Инструменты обучения НС,Что такое learning rate?,prompt14,dialog0263,analytics_deepseek-r1_1.5b_prompt14_dialog0263,analytics,34.6,35.0,48.7,35.5,50.0,29.6,10.2,30.2,15.5,6.3
deepseek-r1,1.5B,3. Инструменты обучения НС,Что такое метод Ньютона?,prompt14,dialog0264,analytics_deepseek-r1_1.5b_prompt14_dialog0264,analytics,34.6,35.0,48.7,35.5,50.0,29.6,10.2,30.2,15.5,6.3
deepseek-r1,1.5B,3. Инструменты обучения НС,Что такое RMSProp?,prompt14,dialog0265,analytics_deepseek-r1_1.5b_prompt14_dialog0265,analytics,34.6,35.0,48.7,35.5,50.0,29.6,10.2,30.2,15.5,6.3
deepseek-r1,1.5B,3. Инструменты обучения НС,"Вычисли шаг в SGD для L(w)=w^2, w=3, η=0.1.",prompt14,dialog0266,analytics_deepseek-r1_1.5b_prompt14_dialog0266,analytics,34.6,35.0,48.7,35.5,50.0,29.6,10.2,30.2,15.5,6.3
deepseek-r1,1.5B,3. Инструменты обучения НС,"Вычисли v_t в Momentum: γ=0.9, v_{t-1}=1, ∇L=2, η=0.1.",prompt14,dialog0267,analytics_deepseek-r1_1.5b_prompt14_dialog0267,analytics,34.6,35.0,48.7,35.5,50.0,29.6,10.2,30.2,15.5,6.3
deepseek-r1,1.5B,3. Инструменты обучения НС,"В Adagrad, G_{t-1,ii}=4, g_t=2, η=0.1, ε=1e-8.",prompt14,dialog0268,analytics_deepseek-r1_1.5b_prompt14_dialog0268,analytics,34.6,35.0,48.7,35.5,50.0,29.6,10.2,30.2,15.5,6.3
deepseek-r1,1.5B,3. Инструменты обучения НС,"Вычисли learning rate decay: η0=0.1, t=5, T=10, linear.",prompt14,dialog0269,analytics_deepseek-r1_1.5b_prompt14_dialog0269,analytics,34.6,35.0,48.7,35.5,50.0,29.6,10.2,30.2,15.5,6.3
deepseek-r1,1.5B,3. Инструменты обучения НС,"В Nesterov, вычисли ∇ в ω - γ v_{t-1}: γ=0.9, v=1, ∇=2.",prompt14,dialog0270,analytics_deepseek-r1_1.5b_prompt14_dialog0270,analytics,34.6,35.0,48.7,35.5,50.0,29.6,10.2,30.2,15.5,6.3
deepseek-r1,1.5B,1_Классификаторы_KNN_и_наивный_байес,Что такое метод k-ближайших соседей?,prompt13,dialog0211,analytics_deepseek-r1_1.5b_prompt13_dialog0211,analytics,34.4,37.5,41.7,35.5,50.0,25.4,10.2,33.3,18.2,6.5
deepseek-r1,1.5B,1_Классификаторы_KNN_и_наивный_байес,Как выбрать количество соседей k в k-NN?,prompt13,dialog0212,analytics_deepseek-r1_1.5b_prompt13_dialog0212,analytics,34.4,37.5,41.7,35.5,50.0,25.4,10.2,33.3,18.2,6.5
deepseek-r1,1.5B,1_Классификаторы_KNN_и_наивный_байес,Что такое евклидова метрика?,prompt13,dialog0213,analytics_deepseek-r1_1.5b_prompt13_dialog0213,analytics,34.4,37.5,41.7,35.5,50.0,25.4,10.2,33.3,18.2,6.5
deepseek-r1,1.5B,1_Классификаторы_KNN_и_наивный_байес,В чем суть наивного байесовского классификатора?,prompt13,dialog0214,analytics_deepseek-r1_1.5b_prompt13_dialog0214,analytics,34.4,37.5,41.7,35.5,50.0,25.4,10.2,33.3,18.2,6.5
deepseek-r1,1.5B,1_Классификаторы_KNN_и_наивный_байес,Как работает сглаживание по Лапласу?,prompt13,dialog0215,analytics_deepseek-r1_1.5b_prompt13_dialog0215,analytics,34.4,37.5,41.7,35.5,50.0,25.4,10.2,33.3,18.2,6.5
deepseek-r1,1.5B,1_Классификаторы_KNN_и_наивный_байес,Что такое манхэттенское расстояние?,prompt13,dialog0216,analytics_deepseek-r1_1.5b_prompt13_dialog0216,analytics,34.4,37.5,41.7,35.5,50.0,25.4,10.2,33.3,18.2,6.5
deepseek-r1,1.5B,1_Классификаторы_KNN_и_наивный_байес,Как вычислить вероятность класса в Naive Bayes?,prompt13,dialog0217,analytics_deepseek-r1_1.5b_prompt13_dialog0217,analytics,34.4,37.5,41.7,35.5,50.0,25.4,10.2,33.3,18.2,6.5
deepseek-r1,1.5B,1_Классификаторы_KNN_и_наивный_байес,Что такое расстояние Чебышёва?,prompt13,dialog0218,analytics_deepseek-r1_1.5b_prompt13_dialog0218,analytics,34.4,37.5,41.7,35.5,50.0,25.4,10.2,33.3,18.2,6.5
deepseek-r1,1.5B,1_Классификаторы_KNN_и_наивный_байес,Как классифицировать письмо как спам в Naive Bayes?,prompt13,dialog0219,analytics_deepseek-r1_1.5b_prompt13_dialog0219,analytics,34.4,37.5,41.7,35.5,50.0,25.4,10.2,33.3,18.2,6.5
deepseek-r1,1.5B,1_Классификаторы_KNN_и_наивный_байес,В чем разница между k-NN и взвешенным k-NN?,prompt13,dialog0220,analytics_deepseek-r1_1.5b_prompt13_dialog0220,analytics,34.4,37.5,41.7,35.5,50.0,25.4,10.2,33.3,18.2,6.5
deepseek-r1,1.5B,1_Классификаторы_KNN_и_наивный_байес,Вычисли вероятность спама для слова 'приз' из примера.,prompt13,dialog0221,analytics_deepseek-r1_1.5b_prompt13_dialog0221,analytics,34.4,37.5,41.7,35.5,50.0,25.4,10.2,33.3,18.2,6.5
deepseek-r1,1.5B,1_Классификаторы_KNN_и_наивный_байес,"Вычисли расстояние Евклида между (1,2) и (3,4).",prompt13,dialog0222,analytics_deepseek-r1_1.5b_prompt13_dialog0222,analytics,34.4,37.5,41.7,35.5,50.0,25.4,10.2,33.3,18.2,6.5
deepseek-r1,1.5B,1_Классификаторы_KNN_и_наивный_байес,"В примере с погодой, вычисли F(да) для теста.",prompt13,dialog0223,analytics_deepseek-r1_1.5b_prompt13_dialog0223,analytics,34.4,37.5,41.7,35.5,50.0,25.4,10.2,33.3,18.2,6.5
deepseek-r1,1.5B,1_Классификаторы_KNN_и_наивный_байес,"Вычисли P(да | пасмурно, холодно, влажно, да).",prompt13,dialog0224,analytics_deepseek-r1_1.5b_prompt13_dialog0224,analytics,34.4,37.5,41.7,35.5,50.0,25.4,10.2,33.3,18.2,6.5
deepseek-r1,1.5B,1_Классификаторы_KNN_и_наивный_байес,"В спам-примере, вычисли P(win|спам) с Laplace.",prompt13,dialog0225,analytics_deepseek-r1_1.5b_prompt13_dialog0225,analytics,34.4,37.5,41.7,35.5,50.0,25.4,10.2,33.3,18.2,6.5
deepseek-r1,1.5B,3. Инструменты обучения НС,Что такое autograd?,prompt13,dialog0226,analytics_deepseek-r1_1.5b_prompt13_dialog0226,analytics,34.4,37.5,41.7,35.5,50.0,25.4,10.2,33.3,18.2,6.5
deepseek-r1,1.5B,3. Инструменты обучения НС,Что такое TensorFlow?,prompt13,dialog0227,analytics_deepseek-r1_1.5b_prompt13_dialog0227,analytics,34.4,37.5,41.7,35.5,50.0,25.4,10.2,33.3,18.2,6.5
deepseek-r1,1.5B,3. Инструменты обучения НС,Что такое Keras?,prompt13,dialog0228,analytics_deepseek-r1_1.5b_prompt13_dialog0228,analytics,34.4,37.5,41.7,35.5,50.0,25.4,10.2,33.3,18.2,6.5
deepseek-r1,1.5B,3. Инструменты обучения НС,Что такое over-fitting?,prompt13,dialog0229,analytics_deepseek-r1_1.5b_prompt13_dialog0229,analytics,34.4,37.5,41.7,35.5,50.0,25.4,10.2,33.3,18.2,6.5
deepseek-r1,1.5B,3. Инструменты обучения НС,Что такое SGD?,prompt13,dialog0230,analytics_deepseek-r1_1.5b_prompt13_dialog0230,analytics,34.4,37.5,41.7,35.5,50.0,25.4,10.2,33.3,18.2,6.5
deepseek-r1,1.5B,3. Инструменты обучения НС,Что такое Momentum в оптимизации?,prompt13,dialog0231,analytics_deepseek-r1_1.5b_prompt13_dialog0231,analytics,34.4,37.5,41.7,35.5,50.0,25.4,10.2,33.3,18.2,6.5
deepseek-r1,1.5B,3. Инструменты обучения НС,Что такое Adam?,prompt13,dialog0232,analytics_deepseek-r1_1.5b_prompt13_dialog0232,analytics,34.4,37.5,41.7,35.5,50.0,25.4,10.2,33.3,18.2,6.5
deepseek-r1,1.5B,3. Инструменты обучения НС,Что такое learning rate?,prompt13,dialog0233,analytics_deepseek-r1_1.5b_prompt13_dialog0233,analytics,34.4,37.5,41.7,35.5,50.0,25.4,10.2,33.3,18.2,6.5
deepseek-r1,1.5B,3. Инструменты обучения НС,Что такое метод Ньютона?,prompt13,dialog0234,analytics_deepseek-r1_1.5b_prompt13_dialog0234,analytics,34.4,37.5,41.7,35.5,50.0,25.4,10.2,33.3,18.2,6.5
deepseek-r1,1.5B,3. Инструменты обучения НС,Что такое RMSProp?,prompt13,dialog0235,analytics_deepseek-r1_1.5b_prompt13_dialog0235,analytics,34.4,37.5,41.7,35.5,50.0,25.4,10.2,33.3,18.2,6.5
deepseek-r1,1.5B,3. Инструменты обучения НС,"Вычисли шаг в SGD для L(w)=w^2, w=3, η=0.1.",prompt13,dialog0236,analytics_deepseek-r1_1.5b_prompt13_dialog0236,analytics,34.4,37.5,41.7,35.5,50.0,25.4,10.2,33.3,18.2,6.5
deepseek-r1,1.5B,3. Инструменты обучения НС,"Вычисли v_t в Momentum: γ=0.9, v_{t-1}=1, ∇L=2, η=0.1.",prompt13,dialog0237,analytics_deepseek-r1_1.5b_prompt13_dialog0237,analytics,34.4,37.5,41.7,35.5,50.0,25.4,10.2,33.3,18.2,6.5
deepseek-r1,1.5B,3. Инструменты обучения НС,"В Adagrad, G_{t-1,ii}=4, g_t=2, η=0.1, ε=1e-8.",prompt13,dialog0238,analytics_deepseek-r1_1.5b_prompt13_dialog0238,analytics,34.4,37.5,41.7,35.5,50.0,25.4,10.2,33.3,18.2,6.5
deepseek-r1,1.5B,3. Инструменты обучения НС,"Вычисли learning rate decay: η0=0.1, t=5, T=10, linear.",prompt13,dialog0239,analytics_deepseek-r1_1.5b_prompt13_dialog0239,analytics,34.4,37.5,41.7,35.5,50.0,25.4,10.2,33.3,18.2,6.5
deepseek-r1,1.5B,3. Инструменты обучения НС,"В Nesterov, вычисли ∇ в ω - γ v_{t-1}: γ=0.9, v=1, ∇=2.",prompt13,dialog0240,analytics_deepseek-r1_1.5b_prompt13_dialog0240,analytics,34.4,37.5,41.7,35.5,50.0,25.4,10.2,33.3,18.2,6.5
deepseek-r1,1.5B,1_Классификаторы_KNN_и_наивный_байес,Что такое метод k-ближайших соседей?,prompt4,dialog1441,analytics_deepseek-r1_1.5b_prompt4_dialog1441,analytics,34.0,32.6,51.3,35.5,50.0,32.4,8.2,36.3,22.1,5.4
deepseek-r1,1.5B,1_Классификаторы_KNN_и_наивный_байес,Как выбрать количество соседей k в k-NN?,prompt4,dialog1442,analytics_deepseek-r1_1.5b_prompt4_dialog1442,analytics,34.0,32.6,51.3,35.5,50.0,32.4,8.2,36.3,22.1,5.4
deepseek-r1,1.5B,1_Классификаторы_KNN_и_наивный_байес,Что такое евклидова метрика?,prompt4,dialog1443,analytics_deepseek-r1_1.5b_prompt4_dialog1443,analytics,34.0,32.6,51.3,35.5,50.0,32.4,8.2,36.3,22.1,5.4
deepseek-r1,1.5B,1_Классификаторы_KNN_и_наивный_байес,В чем суть наивного байесовского классификатора?,prompt4,dialog1444,analytics_deepseek-r1_1.5b_prompt4_dialog1444,analytics,34.0,32.6,51.3,35.5,50.0,32.4,8.2,36.3,22.1,5.4
deepseek-r1,1.5B,1_Классификаторы_KNN_и_наивный_байес,Как работает сглаживание по Лапласу?,prompt4,dialog1445,analytics_deepseek-r1_1.5b_prompt4_dialog1445,analytics,34.0,32.6,51.3,35.5,50.0,32.4,8.2,36.3,22.1,5.4
deepseek-r1,1.5B,1_Классификаторы_KNN_и_наивный_байес,Что такое манхэттенское расстояние?,prompt4,dialog1446,analytics_deepseek-r1_1.5b_prompt4_dialog1446,analytics,34.0,32.6,51.3,35.5,50.0,32.4,8.2,36.3,22.1,5.4
deepseek-r1,1.5B,1_Классификаторы_KNN_и_наивный_байес,Как вычислить вероятность класса в Naive Bayes?,prompt4,dialog1447,analytics_deepseek-r1_1.5b_prompt4_dialog1447,analytics,34.0,32.6,51.3,35.5,50.0,32.4,8.2,36.3,22.1,5.4
deepseek-r1,1.5B,1_Классификаторы_KNN_и_наивный_байес,Что такое расстояние Чебышёва?,prompt4,dialog1448,analytics_deepseek-r1_1.5b_prompt4_dialog1448,analytics,34.0,32.6,51.3,35.5,50.0,32.4,8.2,36.3,22.1,5.4
deepseek-r1,1.5B,1_Классификаторы_KNN_и_наивный_байес,Как классифицировать письмо как спам в Naive Bayes?,prompt4,dialog1449,analytics_deepseek-r1_1.5b_prompt4_dialog1449,analytics,34.0,32.6,51.3,35.5,50.0,32.4,8.2,36.3,22.1,5.4
deepseek-r1,1.5B,1_Классификаторы_KNN_и_наивный_байес,В чем разница между k-NN и взвешенным k-NN?,prompt4,dialog1450,analytics_deepseek-r1_1.5b_prompt4_dialog1450,analytics,34.0,32.6,51.3,35.5,50.0,32.4,8.2,36.3,22.1,5.4
deepseek-r1,1.5B,1_Классификаторы_KNN_и_наивный_байес,Вычисли вероятность спама для слова 'приз' из примера.,prompt4,dialog1451,analytics_deepseek-r1_1.5b_prompt4_dialog1451,analytics,34.0,32.6,51.3,35.5,50.0,32.4,8.2,36.3,22.1,5.4
deepseek-r1,1.5B,1_Классификаторы_KNN_и_наивный_байес,"Вычисли расстояние Евклида между (1,2) и (3,4).",prompt4,dialog1452,analytics_deepseek-r1_1.5b_prompt4_dialog1452,analytics,34.0,32.6,51.3,35.5,50.0,32.4,8.2,36.3,22.1,5.4
deepseek-r1,1.5B,1_Классификаторы_KNN_и_наивный_байес,"В примере с погодой, вычисли F(да) для теста.",prompt4,dialog1453,analytics_deepseek-r1_1.5b_prompt4_dialog1453,analytics,34.0,32.6,51.3,35.5,50.0,32.4,8.2,36.3,22.1,5.4
deepseek-r1,1.5B,1_Классификаторы_KNN_и_наивный_байес,"Вычисли P(да | пасмурно, холодно, влажно, да).",prompt4,dialog1454,analytics_deepseek-r1_1.5b_prompt4_dialog1454,analytics,34.0,32.6,51.3,35.5,50.0,32.4,8.2,36.3,22.1,5.4
deepseek-r1,1.5B,1_Классификаторы_KNN_и_наивный_байес,"В спам-примере, вычисли P(win|спам) с Laplace.",prompt4,dialog1455,analytics_deepseek-r1_1.5b_prompt4_dialog1455,analytics,34.0,32.6,51.3,35.5,50.0,32.4,8.2,36.3,22.1,5.4
deepseek-r1,1.5B,3. Инструменты обучения НС,Что такое autograd?,prompt4,dialog1456,analytics_deepseek-r1_1.5b_prompt4_dialog1456,analytics,34.0,32.6,51.3,35.5,50.0,32.4,8.2,36.3,22.1,5.4
deepseek-r1,1.5B,3. Инструменты обучения НС,Что такое TensorFlow?,prompt4,dialog1457,analytics_deepseek-r1_1.5b_prompt4_dialog1457,analytics,34.0,32.6,51.3,35.5,50.0,32.4,8.2,36.3,22.1,5.4
deepseek-r1,1.5B,3. Инструменты обучения НС,Что такое Keras?,prompt4,dialog1458,analytics_deepseek-r1_1.5b_prompt4_dialog1458,analytics,34.0,32.6,51.3,35.5,50.0,32.4,8.2,36.3,22.1,5.4
deepseek-r1,1.5B,3. Инструменты обучения НС,Что такое over-fitting?,prompt4,dialog1459,analytics_deepseek-r1_1.5b_prompt4_dialog1459,analytics,34.0,32.6,51.3,35.5,50.0,32.4,8.2,36.3,22.1,5.4
deepseek-r1,1.5B,3. Инструменты обучения НС,Что такое SGD?,prompt4,dialog1460,analytics_deepseek-r1_1.5b_prompt4_dialog1460,analytics,34.0,32.6,51.3,35.5,50.0,32.4,8.2,36.3,22.1,5.4
deepseek-r1,1.5B,3. Инструменты обучения НС,Что такое Momentum в оптимизации?,prompt4,dialog1461,analytics_deepseek-r1_1.5b_prompt4_dialog1461,analytics,34.0,32.6,51.3,35.5,50.0,32.4,8.2,36.3,22.1,5.4
deepseek-r1,1.5B,3. Инструменты обучения НС,Что такое Adam?,prompt4,dialog1462,analytics_deepseek-r1_1.5b_prompt4_dialog1462,analytics,34.0,32.6,51.3,35.5,50.0,32.4,8.2,36.3,22.1,5.4
deepseek-r1,1.5B,3. Инструменты обучения НС,Что такое learning rate?,prompt4,dialog1463,analytics_deepseek-r1_1.5b_prompt4_dialog1463,analytics,34.0,32.6,51.3,35.5,50.0,32.4,8.2,36.3,22.1,5.4
deepseek-r1,1.5B,3. Инструменты обучения НС,Что такое метод Ньютона?,prompt4,dialog1464,analytics_deepseek-r1_1.5b_prompt4_dialog1464,analytics,34.0,32.6,51.3,35.5,50.0,32.4,8.2,36.3,22.1,5.4
deepseek-r1,1.5B,3. Инструменты обучения НС,Что такое RMSProp?,prompt4,dialog1465,analytics_deepseek-r1_1.5b_prompt4_dialog1465,analytics,34.0,32.6,51.3,35.5,50.0,32.4,8.2,36.3,22.1,5.4
deepseek-r1,1.5B,3. Инструменты обучения НС,"Вычисли шаг в SGD для L(w)=w^2, w=3, η=0.1.",prompt4,dialog1466,analytics_deepseek-r1_1.5b_prompt4_dialog1466,analytics,34.0,32.6,51.3,35.5,50.0,32.4,8.2,36.3,22.1,5.4
deepseek-r1,1.5B,3. Инструменты обучения НС,"Вычисли v_t в Momentum: γ=0.9, v_{t-1}=1, ∇L=2, η=0.1.",prompt4,dialog1467,analytics_deepseek-r1_1.5b_prompt4_dialog1467,analytics,34.0,32.6,51.3,35.5,50.0,32.4,8.2,36.3,22.1,5.4
deepseek-r1,1.5B,3. Инструменты обучения НС,"В Adagrad, G_{t-1,ii}=4, g_t=2, η=0.1, ε=1e-8.",prompt4,dialog1468,analytics_deepseek-r1_1.5b_prompt4_dialog1468,analytics,34.0,32.6,51.3,35.5,50.0,32.4,8.2,36.3,22.1,5.4
deepseek-r1,1.5B,3. Инструменты обучения НС,"Вычисли learning rate decay: η0=0.1, t=5, T=10, linear.",prompt4,dialog1469,analytics_deepseek-r1_1.5b_prompt4_dialog1469,analytics,34.0,32.6,51.3,35.5,50.0,32.4,8.2,36.3,22.1,5.4
deepseek-r1,1.5B,3. Инструменты обучения НС,"В Nesterov, вычисли ∇ в ω - γ v_{t-1}: γ=0.9, v=1, ∇=2.",prompt4,dialog1470,analytics_deepseek-r1_1.5b_prompt4_dialog1470,analytics,34.0,32.6,51.3,35.5,50.0,32.4,8.2,36.3,22.1,5.4
deepseek-r1,1.5B,1_Классификаторы_KNN_и_наивный_байес,Что такое метод k-ближайших соседей?,prompt3,dialog1411,analytics_deepseek-r1_1.5b_prompt3_dialog1411,analytics,33.7,39.6,44.6,35.5,50.0,30.3,10.5,34.0,19.0,5.5
deepseek-r1,1.5B,1_Классификаторы_KNN_и_наивный_байес,Как выбрать количество соседей k в k-NN?,prompt3,dialog1412,analytics_deepseek-r1_1.5b_prompt3_dialog1412,analytics,33.7,39.6,44.6,35.5,50.0,30.3,10.5,34.0,19.0,5.5
deepseek-r1,1.5B,1_Классификаторы_KNN_и_наивный_байес,Что такое евклидова метрика?,prompt3,dialog1413,analytics_deepseek-r1_1.5b_prompt3_dialog1413,analytics,33.7,39.6,44.6,35.5,50.0,30.3,10.5,34.0,19.0,5.5
deepseek-r1,1.5B,1_Классификаторы_KNN_и_наивный_байес,В чем суть наивного байесовского классификатора?,prompt3,dialog1414,analytics_deepseek-r1_1.5b_prompt3_dialog1414,analytics,33.7,39.6,44.6,35.5,50.0,30.3,10.5,34.0,19.0,5.5
deepseek-r1,1.5B,1_Классификаторы_KNN_и_наивный_байес,Как работает сглаживание по Лапласу?,prompt3,dialog1415,analytics_deepseek-r1_1.5b_prompt3_dialog1415,analytics,33.7,39.6,44.6,35.5,50.0,30.3,10.5,34.0,19.0,5.5
deepseek-r1,1.5B,1_Классификаторы_KNN_и_наивный_байес,Что такое манхэттенское расстояние?,prompt3,dialog1416,analytics_deepseek-r1_1.5b_prompt3_dialog1416,analytics,33.7,39.6,44.6,35.5,50.0,30.3,10.5,34.0,19.0,5.5
deepseek-r1,1.5B,1_Классификаторы_KNN_и_наивный_байес,Как вычислить вероятность класса в Naive Bayes?,prompt3,dialog1417,analytics_deepseek-r1_1.5b_prompt3_dialog1417,analytics,33.7,39.6,44.6,35.5,50.0,30.3,10.5,34.0,19.0,5.5
deepseek-r1,1.5B,1_Классификаторы_KNN_и_наивный_байес,Что такое расстояние Чебышёва?,prompt3,dialog1418,analytics_deepseek-r1_1.5b_prompt3_dialog1418,analytics,33.7,39.6,44.6,35.5,50.0,30.3,10.5,34.0,19.0,5.5
deepseek-r1,1.5B,1_Классификаторы_KNN_и_наивный_байес,Как классифицировать письмо как спам в Naive Bayes?,prompt3,dialog1419,analytics_deepseek-r1_1.5b_prompt3_dialog1419,analytics,33.7,39.6,44.6,35.5,50.0,30.3,10.5,34.0,19.0,5.5
deepseek-r1,1.5B,1_Классификаторы_KNN_и_наивный_байес,В чем разница между k-NN и взвешенным k-NN?,prompt3,dialog1420,analytics_deepseek-r1_1.5b_prompt3_dialog1420,analytics,33.7,39.6,44.6,35.5,50.0,30.3,10.5,34.0,19.0,5.5
deepseek-r1,1.5B,1_Классификаторы_KNN_и_наивный_байес,Вычисли вероятность спама для слова 'приз' из примера.,prompt3,dialog1421,analytics_deepseek-r1_1.5b_prompt3_dialog1421,analytics,33.7,39.6,44.6,35.5,50.0,30.3,10.5,34.0,19.0,5.5
deepseek-r1,1.5B,1_Классификаторы_KNN_и_наивный_байес,"Вычисли расстояние Евклида между (1,2) и (3,4).",prompt3,dialog1422,analytics_deepseek-r1_1.5b_prompt3_dialog1422,analytics,33.7,39.6,44.6,35.5,50.0,30.3,10.5,34.0,19.0,5.5
deepseek-r1,1.5B,1_Классификаторы_KNN_и_наивный_байес,"В примере с погодой, вычисли F(да) для теста.",prompt3,dialog1423,analytics_deepseek-r1_1.5b_prompt3_dialog1423,analytics,33.7,39.6,44.6,35.5,50.0,30.3,10.5,34.0,19.0,5.5
deepseek-r1,1.5B,1_Классификаторы_KNN_и_наивный_байес,"Вычисли P(да | пасмурно, холодно, влажно, да).",prompt3,dialog1424,analytics_deepseek-r1_1.5b_prompt3_dialog1424,analytics,33.7,39.6,44.6,35.5,50.0,30.3,10.5,34.0,19.0,5.5
deepseek-r1,1.5B,1_Классификаторы_KNN_и_наивный_байес,"В спам-примере, вычисли P(win|спам) с Laplace.",prompt3,dialog1425,analytics_deepseek-r1_1.5b_prompt3_dialog1425,analytics,33.7,39.6,44.6,35.5,50.0,30.3,10.5,34.0,19.0,5.5
deepseek-r1,1.5B,3. Инструменты обучения НС,Что такое autograd?,prompt3,dialog1426,analytics_deepseek-r1_1.5b_prompt3_dialog1426,analytics,33.7,39.6,44.6,35.5,50.0,30.3,10.5,34.0,19.0,5.5
deepseek-r1,1.5B,3. Инструменты обучения НС,Что такое TensorFlow?,prompt3,dialog1427,analytics_deepseek-r1_1.5b_prompt3_dialog1427,analytics,33.7,39.6,44.6,35.5,50.0,30.3,10.5,34.0,19.0,5.5
deepseek-r1,1.5B,3. Инструменты обучения НС,Что такое Keras?,prompt3,dialog1428,analytics_deepseek-r1_1.5b_prompt3_dialog1428,analytics,33.7,39.6,44.6,35.5,50.0,30.3,10.5,34.0,19.0,5.5
deepseek-r1,1.5B,3. Инструменты обучения НС,Что такое over-fitting?,prompt3,dialog1429,analytics_deepseek-r1_1.5b_prompt3_dialog1429,analytics,33.7,39.6,44.6,35.5,50.0,30.3,10.5,34.0,19.0,5.5
deepseek-r1,1.5B,3. Инструменты обучения НС,Что такое SGD?,prompt3,dialog1430,analytics_deepseek-r1_1.5b_prompt3_dialog1430,analytics,33.7,39.6,44.6,35.5,50.0,30.3,10.5,34.0,19.0,5.5
deepseek-r1,1.5B,3. Инструменты обучения НС,Что такое Momentum в оптимизации?,prompt3,dialog1431,analytics_deepseek-r1_1.5b_prompt3_dialog1431,analytics,33.7,39.6,44.6,35.5,50.0,30.3,10.5,34.0,19.0,5.5
deepseek-r1,1.5B,3. Инструменты обучения НС,Что такое Adam?,prompt3,dialog1432,analytics_deepseek-r1_1.5b_prompt3_dialog1432,analytics,33.7,39.6,44.6,35.5,50.0,30.3,10.5,34.0,19.0,5.5
deepseek-r1,1.5B,3. Инструменты обучения НС,Что такое learning rate?,prompt3,dialog1433,analytics_deepseek-r1_1.5b_prompt3_dialog1433,analytics,33.7,39.6,44.6,35.5,50.0,30.3,10.5,34.0,19.0,5.5
deepseek-r1,1.5B,3. Инструменты обучения НС,Что такое метод Ньютона?,prompt3,dialog1434,analytics_deepseek-r1_1.5b_prompt3_dialog1434,analytics,33.7,39.6,44.6,35.5,50.0,30.3,10.5,34.0,19.0,5.5
deepseek-r1,1.5B,3. Инструменты обучения НС,Что такое RMSProp?,prompt3,dialog1435,analytics_deepseek-r1_1.5b_prompt3_dialog1435,analytics,33.7,39.6,44.6,35.5,50.0,30.3,10.5,34.0,19.0,5.5
deepseek-r1,1.5B,3. Инструменты обучения НС,"Вычисли шаг в SGD для L(w)=w^2, w=3, η=0.1.",prompt3,dialog1436,analytics_deepseek-r1_1.5b_prompt3_dialog1436,analytics,33.7,39.6,44.6,35.5,50.0,30.3,10.5,34.0,19.0,5.5
deepseek-r1,1.5B,3. Инструменты обучения НС,"Вычисли v_t в Momentum: γ=0.9, v_{t-1}=1, ∇L=2, η=0.1.",prompt3,dialog1437,analytics_deepseek-r1_1.5b_prompt3_dialog1437,analytics,33.7,39.6,44.6,35.5,50.0,30.3,10.5,34.0,19.0,5.5
deepseek-r1,1.5B,3. Инструменты обучения НС,"В Adagrad, G_{t-1,ii}=4, g_t=2, η=0.1, ε=1e-8.",prompt3,dialog1438,analytics_deepseek-r1_1.5b_prompt3_dialog1438,analytics,33.7,39.6,44.6,35.5,50.0,30.3,10.5,34.0,19.0,5.5
deepseek-r1,1.5B,3. Инструменты обучения НС,"Вычисли learning rate decay: η0=0.1, t=5, T=10, linear.",prompt3,dialog1439,analytics_deepseek-r1_1.5b_prompt3_dialog1439,analytics,33.7,39.6,44.6,35.5,50.0,30.3,10.5,34.0,19.0,5.5
deepseek-r1,1.5B,3. Инструменты обучения НС,"В Nesterov, вычисли ∇ в ω - γ v_{t-1}: γ=0.9, v=1, ∇=2.",prompt3,dialog1440,analytics_deepseek-r1_1.5b_prompt3_dialog1440,analytics,33.7,39.6,44.6,35.5,50.0,30.3,10.5,34.0,19.0,5.5
deepseek-r1,1.5B,1_Классификаторы_KNN_и_наивный_байес,Что такое метод k-ближайших соседей?,prompt2,dialog1381,analytics_deepseek-r1_1.5b_prompt2_dialog1381,analytics,31.4,37.6,43.3,35.5,50.0,28.3,11.3,31.8,16.0,6.9
deepseek-r1,1.5B,1_Классификаторы_KNN_и_наивный_байес,Как выбрать количество соседей k в k-NN?,prompt2,dialog1382,analytics_deepseek-r1_1.5b_prompt2_dialog1382,analytics,31.4,37.6,43.3,35.5,50.0,28.3,11.3,31.8,16.0,6.9
deepseek-r1,1.5B,1_Классификаторы_KNN_и_наивный_байес,Что такое евклидова метрика?,prompt2,dialog1383,analytics_deepseek-r1_1.5b_prompt2_dialog1383,analytics,31.4,37.6,43.3,35.5,50.0,28.3,11.3,31.8,16.0,6.9
deepseek-r1,1.5B,1_Классификаторы_KNN_и_наивный_байес,В чем суть наивного байесовского классификатора?,prompt2,dialog1384,analytics_deepseek-r1_1.5b_prompt2_dialog1384,analytics,31.4,37.6,43.3,35.5,50.0,28.3,11.3,31.8,16.0,6.9
deepseek-r1,1.5B,1_Классификаторы_KNN_и_наивный_байес,Как работает сглаживание по Лапласу?,prompt2,dialog1385,analytics_deepseek-r1_1.5b_prompt2_dialog1385,analytics,31.4,37.6,43.3,35.5,50.0,28.3,11.3,31.8,16.0,6.9
deepseek-r1,1.5B,1_Классификаторы_KNN_и_наивный_байес,Что такое манхэттенское расстояние?,prompt2,dialog1386,analytics_deepseek-r1_1.5b_prompt2_dialog1386,analytics,31.4,37.6,43.3,35.5,50.0,28.3,11.3,31.8,16.0,6.9
deepseek-r1,1.5B,1_Классификаторы_KNN_и_наивный_байес,Как вычислить вероятность класса в Naive Bayes?,prompt2,dialog1387,analytics_deepseek-r1_1.5b_prompt2_dialog1387,analytics,31.4,37.6,43.3,35.5,50.0,28.3,11.3,31.8,16.0,6.9
deepseek-r1,1.5B,1_Классификаторы_KNN_и_наивный_байес,Что такое расстояние Чебышёва?,prompt2,dialog1388,analytics_deepseek-r1_1.5b_prompt2_dialog1388,analytics,31.4,37.6,43.3,35.5,50.0,28.3,11.3,31.8,16.0,6.9
deepseek-r1,1.5B,1_Классификаторы_KNN_и_наивный_байес,Как классифицировать письмо как спам в Naive Bayes?,prompt2,dialog1389,analytics_deepseek-r1_1.5b_prompt2_dialog1389,analytics,31.4,37.6,43.3,35.5,50.0,28.3,11.3,31.8,16.0,6.9
deepseek-r1,1.5B,1_Классификаторы_KNN_и_наивный_байес,В чем разница между k-NN и взвешенным k-NN?,prompt2,dialog1390,analytics_deepseek-r1_1.5b_prompt2_dialog1390,analytics,31.4,37.6,43.3,35.5,50.0,28.3,11.3,31.8,16.0,6.9
deepseek-r1,1.5B,1_Классификаторы_KNN_и_наивный_байес,Вычисли вероятность спама для слова 'приз' из примера.,prompt2,dialog1391,analytics_deepseek-r1_1.5b_prompt2_dialog1391,analytics,31.4,37.6,43.3,35.5,50.0,28.3,11.3,31.8,16.0,6.9
deepseek-r1,1.5B,1_Классификаторы_KNN_и_наивный_байес,"Вычисли расстояние Евклида между (1,2) и (3,4).",prompt2,dialog1392,analytics_deepseek-r1_1.5b_prompt2_dialog1392,analytics,31.4,37.6,43.3,35.5,50.0,28.3,11.3,31.8,16.0,6.9
deepseek-r1,1.5B,1_Классификаторы_KNN_и_наивный_байес,"В примере с погодой, вычисли F(да) для теста.",prompt2,dialog1393,analytics_deepseek-r1_1.5b_prompt2_dialog1393,analytics,31.4,37.6,43.3,35.5,50.0,28.3,11.3,31.8,16.0,6.9
deepseek-r1,1.5B,1_Классификаторы_KNN_и_наивный_байес,"Вычисли P(да | пасмурно, холодно, влажно, да).",prompt2,dialog1394,analytics_deepseek-r1_1.5b_prompt2_dialog1394,analytics,31.4,37.6,43.3,35.5,50.0,28.3,11.3,31.8,16.0,6.9
deepseek-r1,1.5B,1_Классификаторы_KNN_и_наивный_байес,"В спам-примере, вычисли P(win|спам) с Laplace.",prompt2,dialog1395,analytics_deepseek-r1_1.5b_prompt2_dialog1395,analytics,31.4,37.6,43.3,35.5,50.0,28.3,11.3,31.8,16.0,6.9
deepseek-r1,1.5B,3. Инструменты обучения НС,Что такое autograd?,prompt2,dialog1396,analytics_deepseek-r1_1.5b_prompt2_dialog1396,analytics,31.4,37.6,43.3,35.5,50.0,28.3,11.3,31.8,16.0,6.9
deepseek-r1,1.5B,3. Инструменты обучения НС,Что такое TensorFlow?,prompt2,dialog1397,analytics_deepseek-r1_1.5b_prompt2_dialog1397,analytics,31.4,37.6,43.3,35.5,50.0,28.3,11.3,31.8,16.0,6.9
deepseek-r1,1.5B,3. Инструменты обучения НС,Что такое Keras?,prompt2,dialog1398,analytics_deepseek-r1_1.5b_prompt2_dialog1398,analytics,31.4,37.6,43.3,35.5,50.0,28.3,11.3,31.8,16.0,6.9
deepseek-r1,1.5B,3. Инструменты обучения НС,Что такое over-fitting?,prompt2,dialog1399,analytics_deepseek-r1_1.5b_prompt2_dialog1399,analytics,31.4,37.6,43.3,35.5,50.0,28.3,11.3,31.8,16.0,6.9
deepseek-r1,1.5B,3. Инструменты обучения НС,Что такое SGD?,prompt2,dialog1400,analytics_deepseek-r1_1.5b_prompt2_dialog1400,analytics,31.4,37.6,43.3,35.5,50.0,28.3,11.3,31.8,16.0,6.9
deepseek-r1,1.5B,3. Инструменты обучения НС,Что такое Momentum в оптимизации?,prompt2,dialog1401,analytics_deepseek-r1_1.5b_prompt2_dialog1401,analytics,31.4,37.6,43.3,35.5,50.0,28.3,11.3,31.8,16.0,6.9
deepseek-r1,1.5B,3. Инструменты обучения НС,Что такое Adam?,prompt2,dialog1402,analytics_deepseek-r1_1.5b_prompt2_dialog1402,analytics,31.4,37.6,43.3,35.5,50.0,28.3,11.3,31.8,16.0,6.9
deepseek-r1,1.5B,3. Инструменты обучения НС,Что такое learning rate?,prompt2,dialog1403,analytics_deepseek-r1_1.5b_prompt2_dialog1403,analytics,31.4,37.6,43.3,35.5,50.0,28.3,11.3,31.8,16.0,6.9
deepseek-r1,1.5B,3. Инструменты обучения НС,Что такое метод Ньютона?,prompt2,dialog1404,analytics_deepseek-r1_1.5b_prompt2_dialog1404,analytics,31.4,37.6,43.3,35.5,50.0,28.3,11.3,31.8,16.0,6.9
deepseek-r1,1.5B,3. Инструменты обучения НС,Что такое RMSProp?,prompt2,dialog1405,analytics_deepseek-r1_1.5b_prompt2_dialog1405,analytics,31.4,37.6,43.3,35.5,50.0,28.3,11.3,31.8,16.0,6.9
deepseek-r1,1.5B,3. Инструменты обучения НС,"Вычисли шаг в SGD для L(w)=w^2, w=3, η=0.1.",prompt2,dialog1406,analytics_deepseek-r1_1.5b_prompt2_dialog1406,analytics,31.4,37.6,43.3,35.5,50.0,28.3,11.3,31.8,16.0,6.9
deepseek-r1,1.5B,3. Инструменты обучения НС,"Вычисли v_t в Momentum: γ=0.9, v_{t-1}=1, ∇L=2, η=0.1.",prompt2,dialog1407,analytics_deepseek-r1_1.5b_prompt2_dialog1407,analytics,31.4,37.6,43.3,35.5,50.0,28.3,11.3,31.8,16.0,6.9
deepseek-r1,1.5B,3. Инструменты обучения НС,"В Adagrad, G_{t-1,ii}=4, g_t=2, η=0.1, ε=1e-8.",prompt2,dialog1408,analytics_deepseek-r1_1.5b_prompt2_dialog1408,analytics,31.4,37.6,43.3,35.5,50.0,28.3,11.3,31.8,16.0,6.9
deepseek-r1,1.5B,3. Инструменты обучения НС,"Вычисли learning rate decay: η0=0.1, t=5, T=10, linear.",prompt2,dialog1409,analytics_deepseek-r1_1.5b_prompt2_dialog1409,analytics,31.4,37.6,43.3,35.5,50.0,28.3,11.3,31.8,16.0,6.9
deepseek-r1,1.5B,3. Инструменты обучения НС,"В Nesterov, вычисли ∇ в ω - γ v_{t-1}: γ=0.9, v=1, ∇=2.",prompt2,dialog1410,analytics_deepseek-r1_1.5b_prompt2_dialog1410,analytics,31.4,37.6,43.3,35.5,50.0,28.3,11.3,31.8,16.0,6.9
deepseek-r1,1.5B,1_Классификаторы_KNN_и_наивный_байес,Что такое метод k-ближайших соседей?,prompt5,dialog1471,analytics_deepseek-r1_1.5b_prompt5_dialog1471,analytics,38.8,42.1,46.9,35.5,50.0,26.2,9.5,34.9,19.1,5.7
deepseek-r1,1.5B,1_Классификаторы_KNN_и_наивный_байес,Как выбрать количество соседей k в k-NN?,prompt5,dialog1472,analytics_deepseek-r1_1.5b_prompt5_dialog1472,analytics,38.8,42.1,46.9,35.5,50.0,26.2,9.5,34.9,19.1,5.7
deepseek-r1,1.5B,1_Классификаторы_KNN_и_наивный_байес,Что такое евклидова метрика?,prompt5,dialog1473,analytics_deepseek-r1_1.5b_prompt5_dialog1473,analytics,38.8,42.1,46.9,35.5,50.0,26.2,9.5,34.9,19.1,5.7
deepseek-r1,1.5B,1_Классификаторы_KNN_и_наивный_байес,В чем суть наивного байесовского классификатора?,prompt5,dialog1474,analytics_deepseek-r1_1.5b_prompt5_dialog1474,analytics,38.8,42.1,46.9,35.5,50.0,26.2,9.5,34.9,19.1,5.7
deepseek-r1,1.5B,1_Классификаторы_KNN_и_наивный_байес,Как работает сглаживание по Лапласу?,prompt5,dialog1475,analytics_deepseek-r1_1.5b_prompt5_dialog1475,analytics,38.8,42.1,46.9,35.5,50.0,26.2,9.5,34.9,19.1,5.7
deepseek-r1,1.5B,1_Классификаторы_KNN_и_наивный_байес,Что такое манхэттенское расстояние?,prompt5,dialog1476,analytics_deepseek-r1_1.5b_prompt5_dialog1476,analytics,38.8,42.1,46.9,35.5,50.0,26.2,9.5,34.9,19.1,5.7
deepseek-r1,1.5B,1_Классификаторы_KNN_и_наивный_байес,Как вычислить вероятность класса в Naive Bayes?,prompt5,dialog1477,analytics_deepseek-r1_1.5b_prompt5_dialog1477,analytics,38.8,42.1,46.9,35.5,50.0,26.2,9.5,34.9,19.1,5.7
deepseek-r1,1.5B,1_Классификаторы_KNN_и_наивный_байес,Что такое расстояние Чебышёва?,prompt5,dialog1478,analytics_deepseek-r1_1.5b_prompt5_dialog1478,analytics,38.8,42.1,46.9,35.5,50.0,26.2,9.5,34.9,19.1,5.7
deepseek-r1,1.5B,1_Классификаторы_KNN_и_наивный_байес,Как классифицировать письмо как спам в Naive Bayes?,prompt5,dialog1479,analytics_deepseek-r1_1.5b_prompt5_dialog1479,analytics,38.8,42.1,46.9,35.5,50.0,26.2,9.5,34.9,19.1,5.7
deepseek-r1,1.5B,1_Классификаторы_KNN_и_наивный_байес,В чем разница между k-NN и взвешенным k-NN?,prompt5,dialog1480,analytics_deepseek-r1_1.5b_prompt5_dialog1480,analytics,38.8,42.1,46.9,35.5,50.0,26.2,9.5,34.9,19.1,5.7
deepseek-r1,1.5B,1_Классификаторы_KNN_и_наивный_байес,Вычисли вероятность спама для слова 'приз' из примера.,prompt5,dialog1481,analytics_deepseek-r1_1.5b_prompt5_dialog1481,analytics,38.8,42.1,46.9,35.5,50.0,26.2,9.5,34.9,19.1,5.7
deepseek-r1,1.5B,1_Классификаторы_KNN_и_наивный_байес,"Вычисли расстояние Евклида между (1,2) и (3,4).",prompt5,dialog1482,analytics_deepseek-r1_1.5b_prompt5_dialog1482,analytics,38.8,42.1,46.9,35.5,50.0,26.2,9.5,34.9,19.1,5.7
deepseek-r1,1.5B,1_Классификаторы_KNN_и_наивный_байес,"В примере с погодой, вычисли F(да) для теста.",prompt5,dialog1483,analytics_deepseek-r1_1.5b_prompt5_dialog1483,analytics,38.8,42.1,46.9,35.5,50.0,26.2,9.5,34.9,19.1,5.7
deepseek-r1,1.5B,1_Классификаторы_KNN_и_наивный_байес,"Вычисли P(да | пасмурно, холодно, влажно, да).",prompt5,dialog1484,analytics_deepseek-r1_1.5b_prompt5_dialog1484,analytics,38.8,42.1,46.9,35.5,50.0,26.2,9.5,34.9,19.1,5.7
deepseek-r1,1.5B,1_Классификаторы_KNN_и_наивный_байес,"В спам-примере, вычисли P(win|спам) с Laplace.",prompt5,dialog1485,analytics_deepseek-r1_1.5b_prompt5_dialog1485,analytics,38.8,42.1,46.9,35.5,50.0,26.2,9.5,34.9,19.1,5.7
deepseek-r1,1.5B,3. Инструменты обучения НС,Что такое autograd?,prompt5,dialog1486,analytics_deepseek-r1_1.5b_prompt5_dialog1486,analytics,38.8,42.1,46.9,35.5,50.0,26.2,9.5,34.9,19.1,5.7
deepseek-r1,1.5B,3. Инструменты обучения НС,Что такое TensorFlow?,prompt5,dialog1487,analytics_deepseek-r1_1.5b_prompt5_dialog1487,analytics,38.8,42.1,46.9,35.5,50.0,26.2,9.5,34.9,19.1,5.7
deepseek-r1,1.5B,3. Инструменты обучения НС,Что такое Keras?,prompt5,dialog1488,analytics_deepseek-r1_1.5b_prompt5_dialog1488,analytics,38.8,42.1,46.9,35.5,50.0,26.2,9.5,34.9,19.1,5.7
deepseek-r1,1.5B,3. Инструменты обучения НС,Что такое over-fitting?,prompt5,dialog1489,analytics_deepseek-r1_1.5b_prompt5_dialog1489,analytics,38.8,42.1,46.9,35.5,50.0,26.2,9.5,34.9,19.1,5.7
deepseek-r1,1.5B,3. Инструменты обучения НС,Что такое SGD?,prompt5,dialog1490,analytics_deepseek-r1_1.5b_prompt5_dialog1490,analytics,38.8,42.1,46.9,35.5,50.0,26.2,9.5,34.9,19.1,5.7
deepseek-r1,1.5B,3. Инструменты обучения НС,Что такое Momentum в оптимизации?,prompt5,dialog1491,analytics_deepseek-r1_1.5b_prompt5_dialog1491,analytics,38.8,42.1,46.9,35.5,50.0,26.2,9.5,34.9,19.1,5.7
deepseek-r1,1.5B,3. Инструменты обучения НС,Что такое Adam?,prompt5,dialog1492,analytics_deepseek-r1_1.5b_prompt5_dialog1492,analytics,38.8,42.1,46.9,35.5,50.0,26.2,9.5,34.9,19.1,5.7
deepseek-r1,1.5B,3. Инструменты обучения НС,Что такое learning rate?,prompt5,dialog1493,analytics_deepseek-r1_1.5b_prompt5_dialog1493,analytics,38.8,42.1,46.9,35.5,50.0,26.2,9.5,34.9,19.1,5.7
deepseek-r1,1.5B,3. Инструменты обучения НС,Что такое метод Ньютона?,prompt5,dialog1494,analytics_deepseek-r1_1.5b_prompt5_dialog1494,analytics,38.8,42.1,46.9,35.5,50.0,26.2,9.5,34.9,19.1,5.7
deepseek-r1,1.5B,3. Инструменты обучения НС,Что такое RMSProp?,prompt5,dialog1495,analytics_deepseek-r1_1.5b_prompt5_dialog1495,analytics,38.8,42.1,46.9,35.5,50.0,26.2,9.5,34.9,19.1,5.7
deepseek-r1,1.5B,3. Инструменты обучения НС,"Вычисли шаг в SGD для L(w)=w^2, w=3, η=0.1.",prompt5,dialog1496,analytics_deepseek-r1_1.5b_prompt5_dialog1496,analytics,38.8,42.1,46.9,35.5,50.0,26.2,9.5,34.9,19.1,5.7
deepseek-r1,1.5B,3. Инструменты обучения НС,"Вычисли v_t в Momentum: γ=0.9, v_{t-1}=1, ∇L=2, η=0.1.",prompt5,dialog1497,analytics_deepseek-r1_1.5b_prompt5_dialog1497,analytics,38.8,42.1,46.9,35.5,50.0,26.2,9.5,34.9,19.1,5.7
deepseek-r1,1.5B,3. Инструменты обучения НС,"В Adagrad, G_{t-1,ii}=4, g_t=2, η=0.1, ε=1e-8.",prompt5,dialog1498,analytics_deepseek-r1_1.5b_prompt5_dialog1498,analytics,38.8,42.1,46.9,35.5,50.0,26.2,9.5,34.9,19.1,5.7
deepseek-r1,1.5B,3. Инструменты обучения НС,"Вычисли learning rate decay: η0=0.1, t=5, T=10, linear.",prompt5,dialog1499,analytics_deepseek-r1_1.5b_prompt5_dialog1499,analytics,38.8,42.1,46.9,35.5,50.0,26.2,9.5,34.9,19.1,5.7
deepseek-r1,1.5B,3. Инструменты обучения НС,"В Nesterov, вычисли ∇ в ω - γ v_{t-1}: γ=0.9, v=1, ∇=2.",prompt5,dialog1500,analytics_deepseek-r1_1.5b_prompt5_dialog1500,analytics,38.8,42.1,46.9,35.5,50.0,26.2,9.5,34.9,19.1,5.7
deepseek-r1,1.5B,1_Классификаторы_KNN_и_наивный_байес,Что такое метод k-ближайших соседей?,prompt12,dialog0181,analytics_deepseek-r1_1.5b_prompt12_dialog0181,analytics,25.1,30.2,38.5,34.5,50.0,29.5,13.2,31.7,17.3,5.1
deepseek-r1,1.5B,1_Классификаторы_KNN_и_наивный_байес,Как выбрать количество соседей k в k-NN?,prompt12,dialog0182,analytics_deepseek-r1_1.5b_prompt12_dialog0182,analytics,25.1,30.2,38.5,34.5,50.0,29.5,13.2,31.7,17.3,5.1
deepseek-r1,1.5B,1_Классификаторы_KNN_и_наивный_байес,Что такое евклидова метрика?,prompt12,dialog0183,analytics_deepseek-r1_1.5b_prompt12_dialog0183,analytics,25.1,30.2,38.5,34.5,50.0,29.5,13.2,31.7,17.3,5.1
deepseek-r1,1.5B,1_Классификаторы_KNN_и_наивный_байес,В чем суть наивного байесовского классификатора?,prompt12,dialog0184,analytics_deepseek-r1_1.5b_prompt12_dialog0184,analytics,25.1,30.2,38.5,34.5,50.0,29.5,13.2,31.7,17.3,5.1
deepseek-r1,1.5B,1_Классификаторы_KNN_и_наивный_байес,Как работает сглаживание по Лапласу?,prompt12,dialog0185,analytics_deepseek-r1_1.5b_prompt12_dialog0185,analytics,25.1,30.2,38.5,34.5,50.0,29.5,13.2,31.7,17.3,5.1
deepseek-r1,1.5B,1_Классификаторы_KNN_и_наивный_байес,Что такое манхэттенское расстояние?,prompt12,dialog0186,analytics_deepseek-r1_1.5b_prompt12_dialog0186,analytics,25.1,30.2,38.5,34.5,50.0,29.5,13.2,31.7,17.3,5.1
deepseek-r1,1.5B,1_Классификаторы_KNN_и_наивный_байес,Как вычислить вероятность класса в Naive Bayes?,prompt12,dialog0187,analytics_deepseek-r1_1.5b_prompt12_dialog0187,analytics,25.1,30.2,38.5,34.5,50.0,29.5,13.2,31.7,17.3,5.1
deepseek-r1,1.5B,1_Классификаторы_KNN_и_наивный_байес,Что такое расстояние Чебышёва?,prompt12,dialog0188,analytics_deepseek-r1_1.5b_prompt12_dialog0188,analytics,25.1,30.2,38.5,34.5,50.0,29.5,13.2,31.7,17.3,5.1
deepseek-r1,1.5B,1_Классификаторы_KNN_и_наивный_байес,Как классифицировать письмо как спам в Naive Bayes?,prompt12,dialog0189,analytics_deepseek-r1_1.5b_prompt12_dialog0189,analytics,25.1,30.2,38.5,34.5,50.0,29.5,13.2,31.7,17.3,5.1
deepseek-r1,1.5B,1_Классификаторы_KNN_и_наивный_байес,В чем разница между k-NN и взвешенным k-NN?,prompt12,dialog0190,analytics_deepseek-r1_1.5b_prompt12_dialog0190,analytics,25.1,30.2,38.5,34.5,50.0,29.5,13.2,31.7,17.3,5.1
deepseek-r1,1.5B,1_Классификаторы_KNN_и_наивный_байес,Вычисли вероятность спама для слова 'приз' из примера.,prompt12,dialog0191,analytics_deepseek-r1_1.5b_prompt12_dialog0191,analytics,25.1,30.2,38.5,34.5,50.0,29.5,13.2,31.7,17.3,5.1
deepseek-r1,1.5B,1_Классификаторы_KNN_и_наивный_байес,"Вычисли расстояние Евклида между (1,2) и (3,4).",prompt12,dialog0192,analytics_deepseek-r1_1.5b_prompt12_dialog0192,analytics,25.1,30.2,38.5,34.5,50.0,29.5,13.2,31.7,17.3,5.1
deepseek-r1,1.5B,1_Классификаторы_KNN_и_наивный_байес,"В примере с погодой, вычисли F(да) для теста.",prompt12,dialog0193,analytics_deepseek-r1_1.5b_prompt12_dialog0193,analytics,25.1,30.2,38.5,34.5,50.0,29.5,13.2,31.7,17.3,5.1
deepseek-r1,1.5B,1_Классификаторы_KNN_и_наивный_байес,"Вычисли P(да | пасмурно, холодно, влажно, да).",prompt12,dialog0194,analytics_deepseek-r1_1.5b_prompt12_dialog0194,analytics,25.1,30.2,38.5,34.5,50.0,29.5,13.2,31.7,17.3,5.1
deepseek-r1,1.5B,1_Классификаторы_KNN_и_наивный_байес,"В спам-примере, вычисли P(win|спам) с Laplace.",prompt12,dialog0195,analytics_deepseek-r1_1.5b_prompt12_dialog0195,analytics,25.1,30.2,38.5,34.5,50.0,29.5,13.2,31.7,17.3,5.1
deepseek-r1,1.5B,3. Инструменты обучения НС,Что такое autograd?,prompt12,dialog0196,analytics_deepseek-r1_1.5b_prompt12_dialog0196,analytics,25.1,30.2,38.5,34.5,50.0,29.5,13.2,31.7,17.3,5.1
deepseek-r1,1.5B,3. Инструменты обучения НС,Что такое TensorFlow?,prompt12,dialog0197,analytics_deepseek-r1_1.5b_prompt12_dialog0197,analytics,25.1,30.2,38.5,34.5,50.0,29.5,13.2,31.7,17.3,5.1
deepseek-r1,1.5B,3. Инструменты обучения НС,Что такое Keras?,prompt12,dialog0198,analytics_deepseek-r1_1.5b_prompt12_dialog0198,analytics,25.1,30.2,38.5,34.5,50.0,29.5,13.2,31.7,17.3,5.1
deepseek-r1,1.5B,3. Инструменты обучения НС,Что такое over-fitting?,prompt12,dialog0199,analytics_deepseek-r1_1.5b_prompt12_dialog0199,analytics,25.1,30.2,38.5,34.5,50.0,29.5,13.2,31.7,17.3,5.1
deepseek-r1,1.5B,3. Инструменты обучения НС,Что такое SGD?,prompt12,dialog0200,analytics_deepseek-r1_1.5b_prompt12_dialog0200,analytics,25.1,30.2,38.5,34.5,50.0,29.5,13.2,31.7,17.3,5.1
deepseek-r1,1.5B,3. Инструменты обучения НС,Что такое Momentum в оптимизации?,prompt12,dialog0201,analytics_deepseek-r1_1.5b_prompt12_dialog0201,analytics,25.1,30.2,38.5,34.5,50.0,29.5,13.2,31.7,17.3,5.1
deepseek-r1,1.5B,3. Инструменты обучения НС,Что такое Adam?,prompt12,dialog0202,analytics_deepseek-r1_1.5b_prompt12_dialog0202,analytics,25.1,30.2,38.5,34.5,50.0,29.5,13.2,31.7,17.3,5.1
deepseek-r1,1.5B,3. Инструменты обучения НС,Что такое learning rate?,prompt12,dialog0203,analytics_deepseek-r1_1.5b_prompt12_dialog0203,analytics,25.1,30.2,38.5,34.5,50.0,29.5,13.2,31.7,17.3,5.1
deepseek-r1,1.5B,3. Инструменты обучения НС,Что такое метод Ньютона?,prompt12,dialog0204,analytics_deepseek-r1_1.5b_prompt12_dialog0204,analytics,25.1,30.2,38.5,34.5,50.0,29.5,13.2,31.7,17.3,5.1
deepseek-r1,1.5B,3. Инструменты обучения НС,Что такое RMSProp?,prompt12,dialog0205,analytics_deepseek-r1_1.5b_prompt12_dialog0205,analytics,25.1,30.2,38.5,34.5,50.0,29.5,13.2,31.7,17.3,5.1
deepseek-r1,1.5B,3. Инструменты обучения НС,"Вычисли шаг в SGD для L(w)=w^2, w=3, η=0.1.",prompt12,dialog0206,analytics_deepseek-r1_1.5b_prompt12_dialog0206,analytics,25.1,30.2,38.5,34.5,50.0,29.5,13.2,31.7,17.3,5.1
deepseek-r1,1.5B,3. Инструменты обучения НС,"Вычисли v_t в Momentum: γ=0.9, v_{t-1}=1, ∇L=2, η=0.1.",prompt12,dialog0207,analytics_deepseek-r1_1.5b_prompt12_dialog0207,analytics,25.1,30.2,38.5,34.5,50.0,29.5,13.2,31.7,17.3,5.1
deepseek-r1,1.5B,3. Инструменты обучения НС,"В Adagrad, G_{t-1,ii}=4, g_t=2, η=0.1, ε=1e-8.",prompt12,dialog0208,analytics_deepseek-r1_1.5b_prompt12_dialog0208,analytics,25.1,30.2,38.5,34.5,50.0,29.5,13.2,31.7,17.3,5.1
deepseek-r1,1.5B,3. Инструменты обучения НС,"Вычисли learning rate decay: η0=0.1, t=5, T=10, linear.",prompt12,dialog0209,analytics_deepseek-r1_1.5b_prompt12_dialog0209,analytics,25.1,30.2,38.5,34.5,50.0,29.5,13.2,31.7,17.3,5.1
deepseek-r1,1.5B,3. Инструменты обучения НС,"В Nesterov, вычисли ∇ в ω - γ v_{t-1}: γ=0.9, v=1, ∇=2.",prompt12,dialog0210,analytics_deepseek-r1_1.5b_prompt12_dialog0210,analytics,25.1,30.2,38.5,34.5,50.0,29.5,13.2,31.7,17.3,5.1
deepseek-r1,1.5B,1_Классификаторы_KNN_и_наивный_байес,Что такое метод k-ближайших соседей?,prompt15,dialog0271,analytics_deepseek-r1_1.5b_prompt15_dialog0271,analytics,31.7,32.3,53.0,35.5,50.0,35.7,10.8,32.8,18.4,6.4
deepseek-r1,1.5B,1_Классификаторы_KNN_и_наивный_байес,Как выбрать количество соседей k в k-NN?,prompt15,dialog0272,analytics_deepseek-r1_1.5b_prompt15_dialog0272,analytics,31.7,32.3,53.0,35.5,50.0,35.7,10.8,32.8,18.4,6.4
deepseek-r1,1.5B,1_Классификаторы_KNN_и_наивный_байес,Что такое евклидова метрика?,prompt15,dialog0273,analytics_deepseek-r1_1.5b_prompt15_dialog0273,analytics,31.7,32.3,53.0,35.5,50.0,35.7,10.8,32.8,18.4,6.4
deepseek-r1,1.5B,1_Классификаторы_KNN_и_наивный_байес,В чем суть наивного байесовского классификатора?,prompt15,dialog0274,analytics_deepseek-r1_1.5b_prompt15_dialog0274,analytics,31.7,32.3,53.0,35.5,50.0,35.7,10.8,32.8,18.4,6.4
deepseek-r1,1.5B,1_Классификаторы_KNN_и_наивный_байес,Как работает сглаживание по Лапласу?,prompt15,dialog0275,analytics_deepseek-r1_1.5b_prompt15_dialog0275,analytics,31.7,32.3,53.0,35.5,50.0,35.7,10.8,32.8,18.4,6.4
deepseek-r1,1.5B,1_Классификаторы_KNN_и_наивный_байес,Что такое манхэттенское расстояние?,prompt15,dialog0276,analytics_deepseek-r1_1.5b_prompt15_dialog0276,analytics,31.7,32.3,53.0,35.5,50.0,35.7,10.8,32.8,18.4,6.4
deepseek-r1,1.5B,1_Классификаторы_KNN_и_наивный_байес,Как вычислить вероятность класса в Naive Bayes?,prompt15,dialog0277,analytics_deepseek-r1_1.5b_prompt15_dialog0277,analytics,31.7,32.3,53.0,35.5,50.0,35.7,10.8,32.8,18.4,6.4
deepseek-r1,1.5B,1_Классификаторы_KNN_и_наивный_байес,Что такое расстояние Чебышёва?,prompt15,dialog0278,analytics_deepseek-r1_1.5b_prompt15_dialog0278,analytics,31.7,32.3,53.0,35.5,50.0,35.7,10.8,32.8,18.4,6.4
deepseek-r1,1.5B,1_Классификаторы_KNN_и_наивный_байес,Как классифицировать письмо как спам в Naive Bayes?,prompt15,dialog0279,analytics_deepseek-r1_1.5b_prompt15_dialog0279,analytics,31.7,32.3,53.0,35.5,50.0,35.7,10.8,32.8,18.4,6.4
deepseek-r1,1.5B,1_Классификаторы_KNN_и_наивный_байес,В чем разница между k-NN и взвешенным k-NN?,prompt15,dialog0280,analytics_deepseek-r1_1.5b_prompt15_dialog0280,analytics,31.7,32.3,53.0,35.5,50.0,35.7,10.8,32.8,18.4,6.4
deepseek-r1,1.5B,1_Классификаторы_KNN_и_наивный_байес,Вычисли вероятность спама для слова 'приз' из примера.,prompt15,dialog0281,analytics_deepseek-r1_1.5b_prompt15_dialog0281,analytics,31.7,32.3,53.0,35.5,50.0,35.7,10.8,32.8,18.4,6.4
deepseek-r1,1.5B,1_Классификаторы_KNN_и_наивный_байес,"Вычисли расстояние Евклида между (1,2) и (3,4).",prompt15,dialog0282,analytics_deepseek-r1_1.5b_prompt15_dialog0282,analytics,31.7,32.3,53.0,35.5,50.0,35.7,10.8,32.8,18.4,6.4
deepseek-r1,1.5B,1_Классификаторы_KNN_и_наивный_байес,"В примере с погодой, вычисли F(да) для теста.",prompt15,dialog0283,analytics_deepseek-r1_1.5b_prompt15_dialog0283,analytics,31.7,32.3,53.0,35.5,50.0,35.7,10.8,32.8,18.4,6.4
deepseek-r1,1.5B,1_Классификаторы_KNN_и_наивный_байес,"Вычисли P(да | пасмурно, холодно, влажно, да).",prompt15,dialog0284,analytics_deepseek-r1_1.5b_prompt15_dialog0284,analytics,31.7,32.3,53.0,35.5,50.0,35.7,10.8,32.8,18.4,6.4
deepseek-r1,1.5B,1_Классификаторы_KNN_и_наивный_байес,"В спам-примере, вычисли P(win|спам) с Laplace.",prompt15,dialog0285,analytics_deepseek-r1_1.5b_prompt15_dialog0285,analytics,31.7,32.3,53.0,35.5,50.0,35.7,10.8,32.8,18.4,6.4
deepseek-r1,1.5B,3. Инструменты обучения НС,Что такое autograd?,prompt15,dialog0286,analytics_deepseek-r1_1.5b_prompt15_dialog0286,analytics,31.7,32.3,53.0,35.5,50.0,35.7,10.8,32.8,18.4,6.4
deepseek-r1,1.5B,3. Инструменты обучения НС,Что такое TensorFlow?,prompt15,dialog0287,analytics_deepseek-r1_1.5b_prompt15_dialog0287,analytics,31.7,32.3,53.0,35.5,50.0,35.7,10.8,32.8,18.4,6.4
deepseek-r1,1.5B,3. Инструменты обучения НС,Что такое Keras?,prompt15,dialog0288,analytics_deepseek-r1_1.5b_prompt15_dialog0288,analytics,31.7,32.3,53.0,35.5,50.0,35.7,10.8,32.8,18.4,6.4
deepseek-r1,1.5B,3. Инструменты обучения НС,Что такое over-fitting?,prompt15,dialog0289,analytics_deepseek-r1_1.5b_prompt15_dialog0289,analytics,31.7,32.3,53.0,35.5,50.0,35.7,10.8,32.8,18.4,6.4
deepseek-r1,1.5B,3. Инструменты обучения НС,Что такое SGD?,prompt15,dialog0290,analytics_deepseek-r1_1.5b_prompt15_dialog0290,analytics,31.7,32.3,53.0,35.5,50.0,35.7,10.8,32.8,18.4,6.4
deepseek-r1,1.5B,3. Инструменты обучения НС,Что такое Momentum в оптимизации?,prompt15,dialog0291,analytics_deepseek-r1_1.5b_prompt15_dialog0291,analytics,31.7,32.3,53.0,35.5,50.0,35.7,10.8,32.8,18.4,6.4
deepseek-r1,1.5B,3. Инструменты обучения НС,Что такое Adam?,prompt15,dialog0292,analytics_deepseek-r1_1.5b_prompt15_dialog0292,analytics,31.7,32.3,53.0,35.5,50.0,35.7,10.8,32.8,18.4,6.4
deepseek-r1,1.5B,3. Инструменты обучения НС,Что такое learning rate?,prompt15,dialog0293,analytics_deepseek-r1_1.5b_prompt15_dialog0293,analytics,31.7,32.3,53.0,35.5,50.0,35.7,10.8,32.8,18.4,6.4
deepseek-r1,1.5B,3. Инструменты обучения НС,Что такое метод Ньютона?,prompt15,dialog0294,analytics_deepseek-r1_1.5b_prompt15_dialog0294,analytics,31.7,32.3,53.0,35.5,50.0,35.7,10.8,32.8,18.4,6.4
deepseek-r1,1.5B,3. Инструменты обучения НС,Что такое RMSProp?,prompt15,dialog0295,analytics_deepseek-r1_1.5b_prompt15_dialog0295,analytics,31.7,32.3,53.0,35.5,50.0,35.7,10.8,32.8,18.4,6.4
deepseek-r1,1.5B,3. Инструменты обучения НС,"Вычисли шаг в SGD для L(w)=w^2, w=3, η=0.1.",prompt15,dialog0296,analytics_deepseek-r1_1.5b_prompt15_dialog0296,analytics,31.7,32.3,53.0,35.5,50.0,35.7,10.8,32.8,18.4,6.4
deepseek-r1,1.5B,3. Инструменты обучения НС,"Вычисли v_t в Momentum: γ=0.9, v_{t-1}=1, ∇L=2, η=0.1.",prompt15,dialog0297,analytics_deepseek-r1_1.5b_prompt15_dialog0297,analytics,31.7,32.3,53.0,35.5,50.0,35.7,10.8,32.8,18.4,6.4
deepseek-r1,1.5B,3. Инструменты обучения НС,"В Adagrad, G_{t-1,ii}=4, g_t=2, η=0.1, ε=1e-8.",prompt15,dialog0298,analytics_deepseek-r1_1.5b_prompt15_dialog0298,analytics,31.7,32.3,53.0,35.5,50.0,35.7,10.8,32.8,18.4,6.4
deepseek-r1,1.5B,3. Инструменты обучения НС,"Вычисли learning rate decay: η0=0.1, t=5, T=10, linear.",prompt15,dialog0299,analytics_deepseek-r1_1.5b_prompt15_dialog0299,analytics,31.7,32.3,53.0,35.5,50.0,35.7,10.8,32.8,18.4,6.4
deepseek-r1,1.5B,3. Инструменты обучения НС,"В Nesterov, вычисли ∇ в ω - γ v_{t-1}: γ=0.9, v=1, ∇=2.",prompt15,dialog0300,analytics_deepseek-r1_1.5b_prompt15_dialog0300,analytics,31.7,32.3,53.0,35.5,50.0,35.7,10.8,32.8,18.4,6.4
deepseek-r1,1.5B,1_Классификаторы_KNN_и_наивный_байес,Что такое метод k-ближайших соседей?,prompt10,dialog0121,analytics_deepseek-r1_1.5b_prompt10_dialog0121,analytics,39.8,42.2,51.2,35.5,50.0,33.8,8.7,35.0,16.4,6.3
deepseek-r1,1.5B,1_Классификаторы_KNN_и_наивный_байес,Как выбрать количество соседей k в k-NN?,prompt10,dialog0122,analytics_deepseek-r1_1.5b_prompt10_dialog0122,analytics,39.8,42.2,51.2,35.5,50.0,33.8,8.7,35.0,16.4,6.3
deepseek-r1,1.5B,1_Классификаторы_KNN_и_наивный_байес,Что такое евклидова метрика?,prompt10,dialog0123,analytics_deepseek-r1_1.5b_prompt10_dialog0123,analytics,39.8,42.2,51.2,35.5,50.0,33.8,8.7,35.0,16.4,6.3
deepseek-r1,1.5B,1_Классификаторы_KNN_и_наивный_байес,В чем суть наивного байесовского классификатора?,prompt10,dialog0124,analytics_deepseek-r1_1.5b_prompt10_dialog0124,analytics,39.8,42.2,51.2,35.5,50.0,33.8,8.7,35.0,16.4,6.3
deepseek-r1,1.5B,1_Классификаторы_KNN_и_наивный_байес,Как работает сглаживание по Лапласу?,prompt10,dialog0125,analytics_deepseek-r1_1.5b_prompt10_dialog0125,analytics,39.8,42.2,51.2,35.5,50.0,33.8,8.7,35.0,16.4,6.3
deepseek-r1,1.5B,1_Классификаторы_KNN_и_наивный_байес,Что такое манхэттенское расстояние?,prompt10,dialog0126,analytics_deepseek-r1_1.5b_prompt10_dialog0126,analytics,39.8,42.2,51.2,35.5,50.0,33.8,8.7,35.0,16.4,6.3
deepseek-r1,1.5B,1_Классификаторы_KNN_и_наивный_байес,Как вычислить вероятность класса в Naive Bayes?,prompt10,dialog0127,analytics_deepseek-r1_1.5b_prompt10_dialog0127,analytics,39.8,42.2,51.2,35.5,50.0,33.8,8.7,35.0,16.4,6.3
deepseek-r1,1.5B,1_Классификаторы_KNN_и_наивный_байес,Что такое расстояние Чебышёва?,prompt10,dialog0128,analytics_deepseek-r1_1.5b_prompt10_dialog0128,analytics,39.8,42.2,51.2,35.5,50.0,33.8,8.7,35.0,16.4,6.3
deepseek-r1,1.5B,1_Классификаторы_KNN_и_наивный_байес,Как классифицировать письмо как спам в Naive Bayes?,prompt10,dialog0129,analytics_deepseek-r1_1.5b_prompt10_dialog0129,analytics,39.8,42.2,51.2,35.5,50.0,33.8,8.7,35.0,16.4,6.3
deepseek-r1,1.5B,1_Классификаторы_KNN_и_наивный_байес,В чем разница между k-NN и взвешенным k-NN?,prompt10,dialog0130,analytics_deepseek-r1_1.5b_prompt10_dialog0130,analytics,39.8,42.2,51.2,35.5,50.0,33.8,8.7,35.0,16.4,6.3
deepseek-r1,1.5B,1_Классификаторы_KNN_и_наивный_байес,Вычисли вероятность спама для слова 'приз' из примера.,prompt10,dialog0131,analytics_deepseek-r1_1.5b_prompt10_dialog0131,analytics,39.8,42.2,51.2,35.5,50.0,33.8,8.7,35.0,16.4,6.3
deepseek-r1,1.5B,1_Классификаторы_KNN_и_наивный_байес,"Вычисли расстояние Евклида между (1,2) и (3,4).",prompt10,dialog0132,analytics_deepseek-r1_1.5b_prompt10_dialog0132,analytics,39.8,42.2,51.2,35.5,50.0,33.8,8.7,35.0,16.4,6.3
deepseek-r1,1.5B,1_Классификаторы_KNN_и_наивный_байес,"В примере с погодой, вычисли F(да) для теста.",prompt10,dialog0133,analytics_deepseek-r1_1.5b_prompt10_dialog0133,analytics,39.8,42.2,51.2,35.5,50.0,33.8,8.7,35.0,16.4,6.3
deepseek-r1,1.5B,1_Классификаторы_KNN_и_наивный_байес,"Вычисли P(да | пасмурно, холодно, влажно, да).",prompt10,dialog0134,analytics_deepseek-r1_1.5b_prompt10_dialog0134,analytics,39.8,42.2,51.2,35.5,50.0,33.8,8.7,35.0,16.4,6.3
deepseek-r1,1.5B,1_Классификаторы_KNN_и_наивный_байес,"В спам-примере, вычисли P(win|спам) с Laplace.",prompt10,dialog0135,analytics_deepseek-r1_1.5b_prompt10_dialog0135,analytics,39.8,42.2,51.2,35.5,50.0,33.8,8.7,35.0,16.4,6.3
deepseek-r1,1.5B,3. Инструменты обучения НС,Что такое autograd?,prompt10,dialog0136,analytics_deepseek-r1_1.5b_prompt10_dialog0136,analytics,39.8,42.2,51.2,35.5,50.0,33.8,8.7,35.0,16.4,6.3
deepseek-r1,1.5B,3. Инструменты обучения НС,Что такое TensorFlow?,prompt10,dialog0137,analytics_deepseek-r1_1.5b_prompt10_dialog0137,analytics,39.8,42.2,51.2,35.5,50.0,33.8,8.7,35.0,16.4,6.3
deepseek-r1,1.5B,3. Инструменты обучения НС,Что такое Keras?,prompt10,dialog0138,analytics_deepseek-r1_1.5b_prompt10_dialog0138,analytics,39.8,42.2,51.2,35.5,50.0,33.8,8.7,35.0,16.4,6.3
deepseek-r1,1.5B,3. Инструменты обучения НС,Что такое over-fitting?,prompt10,dialog0139,analytics_deepseek-r1_1.5b_prompt10_dialog0139,analytics,39.8,42.2,51.2,35.5,50.0,33.8,8.7,35.0,16.4,6.3
deepseek-r1,1.5B,3. Инструменты обучения НС,Что такое SGD?,prompt10,dialog0140,analytics_deepseek-r1_1.5b_prompt10_dialog0140,analytics,39.8,42.2,51.2,35.5,50.0,33.8,8.7,35.0,16.4,6.3
deepseek-r1,1.5B,3. Инструменты обучения НС,Что такое Momentum в оптимизации?,prompt10,dialog0141,analytics_deepseek-r1_1.5b_prompt10_dialog0141,analytics,39.8,42.2,51.2,35.5,50.0,33.8,8.7,35.0,16.4,6.3
deepseek-r1,1.5B,3. Инструменты обучения НС,Что такое Adam?,prompt10,dialog0142,analytics_deepseek-r1_1.5b_prompt10_dialog0142,analytics,39.8,42.2,51.2,35.5,50.0,33.8,8.7,35.0,16.4,6.3
deepseek-r1,1.5B,3. Инструменты обучения НС,Что такое learning rate?,prompt10,dialog0143,analytics_deepseek-r1_1.5b_prompt10_dialog0143,analytics,39.8,42.2,51.2,35.5,50.0,33.8,8.7,35.0,16.4,6.3
deepseek-r1,1.5B,3. Инструменты обучения НС,Что такое метод Ньютона?,prompt10,dialog0144,analytics_deepseek-r1_1.5b_prompt10_dialog0144,analytics,39.8,42.2,51.2,35.5,50.0,33.8,8.7,35.0,16.4,6.3
deepseek-r1,1.5B,3. Инструменты обучения НС,Что такое RMSProp?,prompt10,dialog0145,analytics_deepseek-r1_1.5b_prompt10_dialog0145,analytics,39.8,42.2,51.2,35.5,50.0,33.8,8.7,35.0,16.4,6.3
deepseek-r1,1.5B,3. Инструменты обучения НС,"Вычисли шаг в SGD для L(w)=w^2, w=3, η=0.1.",prompt10,dialog0146,analytics_deepseek-r1_1.5b_prompt10_dialog0146,analytics,39.8,42.2,51.2,35.5,50.0,33.8,8.7,35.0,16.4,6.3
deepseek-r1,1.5B,3. Инструменты обучения НС,"Вычисли v_t в Momentum: γ=0.9, v_{t-1}=1, ∇L=2, η=0.1.",prompt10,dialog0147,analytics_deepseek-r1_1.5b_prompt10_dialog0147,analytics,39.8,42.2,51.2,35.5,50.0,33.8,8.7,35.0,16.4,6.3
deepseek-r1,1.5B,3. Инструменты обучения НС,"В Adagrad, G_{t-1,ii}=4, g_t=2, η=0.1, ε=1e-8.",prompt10,dialog0148,analytics_deepseek-r1_1.5b_prompt10_dialog0148,analytics,39.8,42.2,51.2,35.5,50.0,33.8,8.7,35.0,16.4,6.3
deepseek-r1,1.5B,3. Инструменты обучения НС,"Вычисли learning rate decay: η0=0.1, t=5, T=10, linear.",prompt10,dialog0149,analytics_deepseek-r1_1.5b_prompt10_dialog0149,analytics,39.8,42.2,51.2,35.5,50.0,33.8,8.7,35.0,16.4,6.3
deepseek-r1,1.5B,3. Инструменты обучения НС,"В Nesterov, вычисли ∇ в ω - γ v_{t-1}: γ=0.9, v=1, ∇=2.",prompt10,dialog0150,analytics_deepseek-r1_1.5b_prompt10_dialog0150,analytics,39.8,42.2,51.2,35.5,50.0,33.8,8.7,35.0,16.4,6.3
deepseek-r1,1.5B,1_Классификаторы_KNN_и_наивный_байес,Что такое метод k-ближайших соседей?,prompt9,dialog0091,analytics_deepseek-r1_1.5b_prompt9_dialog0091,analytics,36.1,36.5,46.3,35.5,50.0,27.2,8.6,35.7,21.8,5.7
deepseek-r1,1.5B,1_Классификаторы_KNN_и_наивный_байес,Как выбрать количество соседей k в k-NN?,prompt9,dialog0092,analytics_deepseek-r1_1.5b_prompt9_dialog0092,analytics,36.1,36.5,46.3,35.5,50.0,27.2,8.6,35.7,21.8,5.7
deepseek-r1,1.5B,1_Классификаторы_KNN_и_наивный_байес,Что такое евклидова метрика?,prompt9,dialog0093,analytics_deepseek-r1_1.5b_prompt9_dialog0093,analytics,36.1,36.5,46.3,35.5,50.0,27.2,8.6,35.7,21.8,5.7
deepseek-r1,1.5B,1_Классификаторы_KNN_и_наивный_байес,В чем суть наивного байесовского классификатора?,prompt9,dialog0094,analytics_deepseek-r1_1.5b_prompt9_dialog0094,analytics,36.1,36.5,46.3,35.5,50.0,27.2,8.6,35.7,21.8,5.7
deepseek-r1,1.5B,1_Классификаторы_KNN_и_наивный_байес,Как работает сглаживание по Лапласу?,prompt9,dialog0095,analytics_deepseek-r1_1.5b_prompt9_dialog0095,analytics,36.1,36.5,46.3,35.5,50.0,27.2,8.6,35.7,21.8,5.7
deepseek-r1,1.5B,1_Классификаторы_KNN_и_наивный_байес,Что такое манхэттенское расстояние?,prompt9,dialog0096,analytics_deepseek-r1_1.5b_prompt9_dialog0096,analytics,36.1,36.5,46.3,35.5,50.0,27.2,8.6,35.7,21.8,5.7
deepseek-r1,1.5B,1_Классификаторы_KNN_и_наивный_байес,Как вычислить вероятность класса в Naive Bayes?,prompt9,dialog0097,analytics_deepseek-r1_1.5b_prompt9_dialog0097,analytics,36.1,36.5,46.3,35.5,50.0,27.2,8.6,35.7,21.8,5.7
deepseek-r1,1.5B,1_Классификаторы_KNN_и_наивный_байес,Что такое расстояние Чебышёва?,prompt9,dialog0098,analytics_deepseek-r1_1.5b_prompt9_dialog0098,analytics,36.1,36.5,46.3,35.5,50.0,27.2,8.6,35.7,21.8,5.7
deepseek-r1,1.5B,1_Классификаторы_KNN_и_наивный_байес,Как классифицировать письмо как спам в Naive Bayes?,prompt9,dialog0099,analytics_deepseek-r1_1.5b_prompt9_dialog0099,analytics,36.1,36.5,46.3,35.5,50.0,27.2,8.6,35.7,21.8,5.7
deepseek-r1,1.5B,1_Классификаторы_KNN_и_наивный_байес,В чем разница между k-NN и взвешенным k-NN?,prompt9,dialog0100,analytics_deepseek-r1_1.5b_prompt9_dialog0100,analytics,36.1,36.5,46.3,35.5,50.0,27.2,8.6,35.7,21.8,5.7
deepseek-r1,1.5B,1_Классификаторы_KNN_и_наивный_байес,Вычисли вероятность спама для слова 'приз' из примера.,prompt9,dialog0101,analytics_deepseek-r1_1.5b_prompt9_dialog0101,analytics,36.1,36.5,46.3,35.5,50.0,27.2,8.6,35.7,21.8,5.7
deepseek-r1,1.5B,1_Классификаторы_KNN_и_наивный_байес,"Вычисли расстояние Евклида между (1,2) и (3,4).",prompt9,dialog0102,analytics_deepseek-r1_1.5b_prompt9_dialog0102,analytics,36.1,36.5,46.3,35.5,50.0,27.2,8.6,35.7,21.8,5.7
deepseek-r1,1.5B,1_Классификаторы_KNN_и_наивный_байес,"В примере с погодой, вычисли F(да) для теста.",prompt9,dialog0103,analytics_deepseek-r1_1.5b_prompt9_dialog0103,analytics,36.1,36.5,46.3,35.5,50.0,27.2,8.6,35.7,21.8,5.7
deepseek-r1,1.5B,1_Классификаторы_KNN_и_наивный_байес,"Вычисли P(да | пасмурно, холодно, влажно, да).",prompt9,dialog0104,analytics_deepseek-r1_1.5b_prompt9_dialog0104,analytics,36.1,36.5,46.3,35.5,50.0,27.2,8.6,35.7,21.8,5.7
deepseek-r1,1.5B,1_Классификаторы_KNN_и_наивный_байес,"В спам-примере, вычисли P(win|спам) с Laplace.",prompt9,dialog0105,analytics_deepseek-r1_1.5b_prompt9_dialog0105,analytics,36.1,36.5,46.3,35.5,50.0,27.2,8.6,35.7,21.8,5.7
deepseek-r1,1.5B,3. Инструменты обучения НС,Что такое autograd?,prompt9,dialog0106,analytics_deepseek-r1_1.5b_prompt9_dialog0106,analytics,36.1,36.5,46.3,35.5,50.0,27.2,8.6,35.7,21.8,5.7
deepseek-r1,1.5B,3. Инструменты обучения НС,Что такое TensorFlow?,prompt9,dialog0107,analytics_deepseek-r1_1.5b_prompt9_dialog0107,analytics,36.1,36.5,46.3,35.5,50.0,27.2,8.6,35.7,21.8,5.7
deepseek-r1,1.5B,3. Инструменты обучения НС,Что такое Keras?,prompt9,dialog0108,analytics_deepseek-r1_1.5b_prompt9_dialog0108,analytics,36.1,36.5,46.3,35.5,50.0,27.2,8.6,35.7,21.8,5.7
deepseek-r1,1.5B,3. Инструменты обучения НС,Что такое over-fitting?,prompt9,dialog0109,analytics_deepseek-r1_1.5b_prompt9_dialog0109,analytics,36.1,36.5,46.3,35.5,50.0,27.2,8.6,35.7,21.8,5.7
deepseek-r1,1.5B,3. Инструменты обучения НС,Что такое SGD?,prompt9,dialog0110,analytics_deepseek-r1_1.5b_prompt9_dialog0110,analytics,36.1,36.5,46.3,35.5,50.0,27.2,8.6,35.7,21.8,5.7
deepseek-r1,1.5B,3. Инструменты обучения НС,Что такое Momentum в оптимизации?,prompt9,dialog0111,analytics_deepseek-r1_1.5b_prompt9_dialog0111,analytics,36.1,36.5,46.3,35.5,50.0,27.2,8.6,35.7,21.8,5.7
deepseek-r1,1.5B,3. Инструменты обучения НС,Что такое Adam?,prompt9,dialog0112,analytics_deepseek-r1_1.5b_prompt9_dialog0112,analytics,36.1,36.5,46.3,35.5,50.0,27.2,8.6,35.7,21.8,5.7
deepseek-r1,1.5B,3. Инструменты обучения НС,Что такое learning rate?,prompt9,dialog0113,analytics_deepseek-r1_1.5b_prompt9_dialog0113,analytics,36.1,36.5,46.3,35.5,50.0,27.2,8.6,35.7,21.8,5.7
deepseek-r1,1.5B,3. Инструменты обучения НС,Что такое метод Ньютона?,prompt9,dialog0114,analytics_deepseek-r1_1.5b_prompt9_dialog0114,analytics,36.1,36.5,46.3,35.5,50.0,27.2,8.6,35.7,21.8,5.7
deepseek-r1,1.5B,3. Инструменты обучения НС,Что такое RMSProp?,prompt9,dialog0115,analytics_deepseek-r1_1.5b_prompt9_dialog0115,analytics,36.1,36.5,46.3,35.5,50.0,27.2,8.6,35.7,21.8,5.7
deepseek-r1,1.5B,3. Инструменты обучения НС,"Вычисли шаг в SGD для L(w)=w^2, w=3, η=0.1.",prompt9,dialog0116,analytics_deepseek-r1_1.5b_prompt9_dialog0116,analytics,36.1,36.5,46.3,35.5,50.0,27.2,8.6,35.7,21.8,5.7
deepseek-r1,1.5B,3. Инструменты обучения НС,"Вычисли v_t в Momentum: γ=0.9, v_{t-1}=1, ∇L=2, η=0.1.",prompt9,dialog0117,analytics_deepseek-r1_1.5b_prompt9_dialog0117,analytics,36.1,36.5,46.3,35.5,50.0,27.2,8.6,35.7,21.8,5.7
deepseek-r1,1.5B,3. Инструменты обучения НС,"В Adagrad, G_{t-1,ii}=4, g_t=2, η=0.1, ε=1e-8.",prompt9,dialog0118,analytics_deepseek-r1_1.5b_prompt9_dialog0118,analytics,36.1,36.5,46.3,35.5,50.0,27.2,8.6,35.7,21.8,5.7
deepseek-r1,1.5B,3. Инструменты обучения НС,"Вычисли learning rate decay: η0=0.1, t=5, T=10, linear.",prompt9,dialog0119,analytics_deepseek-r1_1.5b_prompt9_dialog0119,analytics,36.1,36.5,46.3,35.5,50.0,27.2,8.6,35.7,21.8,5.7
deepseek-r1,1.5B,3. Инструменты обучения НС,"В Nesterov, вычисли ∇ в ω - γ v_{t-1}: γ=0.9, v=1, ∇=2.",prompt9,dialog0120,analytics_deepseek-r1_1.5b_prompt9_dialog0120,analytics,36.1,36.5,46.3,35.5,50.0,27.2,8.6,35.7,21.8,5.7
deepseek-r1,1.5B,1_Классификаторы_KNN_и_наивный_байес,Что такое метод k-ближайших соседей?,prompt7,dialog0031,analytics_deepseek-r1_1.5b_prompt7_dialog0031,analytics,31.4,33.2,47.1,35.5,50.0,33.9,11.7,32.8,18.9,5.5
deepseek-r1,1.5B,1_Классификаторы_KNN_и_наивный_байес,Как выбрать количество соседей k в k-NN?,prompt7,dialog0032,analytics_deepseek-r1_1.5b_prompt7_dialog0032,analytics,31.4,33.2,47.1,35.5,50.0,33.9,11.7,32.8,18.9,5.5
deepseek-r1,1.5B,1_Классификаторы_KNN_и_наивный_байес,Что такое евклидова метрика?,prompt7,dialog0033,analytics_deepseek-r1_1.5b_prompt7_dialog0033,analytics,31.4,33.2,47.1,35.5,50.0,33.9,11.7,32.8,18.9,5.5
deepseek-r1,1.5B,1_Классификаторы_KNN_и_наивный_байес,В чем суть наивного байесовского классификатора?,prompt7,dialog0034,analytics_deepseek-r1_1.5b_prompt7_dialog0034,analytics,31.4,33.2,47.1,35.5,50.0,33.9,11.7,32.8,18.9,5.5
deepseek-r1,1.5B,1_Классификаторы_KNN_и_наивный_байес,Как работает сглаживание по Лапласу?,prompt7,dialog0035,analytics_deepseek-r1_1.5b_prompt7_dialog0035,analytics,31.4,33.2,47.1,35.5,50.0,33.9,11.7,32.8,18.9,5.5
deepseek-r1,1.5B,1_Классификаторы_KNN_и_наивный_байес,Что такое манхэттенское расстояние?,prompt7,dialog0036,analytics_deepseek-r1_1.5b_prompt7_dialog0036,analytics,31.4,33.2,47.1,35.5,50.0,33.9,11.7,32.8,18.9,5.5
deepseek-r1,1.5B,1_Классификаторы_KNN_и_наивный_байес,Как вычислить вероятность класса в Naive Bayes?,prompt7,dialog0037,analytics_deepseek-r1_1.5b_prompt7_dialog0037,analytics,31.4,33.2,47.1,35.5,50.0,33.9,11.7,32.8,18.9,5.5
deepseek-r1,1.5B,1_Классификаторы_KNN_и_наивный_байес,Что такое расстояние Чебышёва?,prompt7,dialog0038,analytics_deepseek-r1_1.5b_prompt7_dialog0038,analytics,31.4,33.2,47.1,35.5,50.0,33.9,11.7,32.8,18.9,5.5
deepseek-r1,1.5B,1_Классификаторы_KNN_и_наивный_байес,Как классифицировать письмо как спам в Naive Bayes?,prompt7,dialog0039,analytics_deepseek-r1_1.5b_prompt7_dialog0039,analytics,31.4,33.2,47.1,35.5,50.0,33.9,11.7,32.8,18.9,5.5
deepseek-r1,1.5B,1_Классификаторы_KNN_и_наивный_байес,В чем разница между k-NN и взвешенным k-NN?,prompt7,dialog0040,analytics_deepseek-r1_1.5b_prompt7_dialog0040,analytics,31.4,33.2,47.1,35.5,50.0,33.9,11.7,32.8,18.9,5.5
deepseek-r1,1.5B,1_Классификаторы_KNN_и_наивный_байес,Вычисли вероятность спама для слова 'приз' из примера.,prompt7,dialog0041,analytics_deepseek-r1_1.5b_prompt7_dialog0041,analytics,31.4,33.2,47.1,35.5,50.0,33.9,11.7,32.8,18.9,5.5
deepseek-r1,1.5B,1_Классификаторы_KNN_и_наивный_байес,"Вычисли расстояние Евклида между (1,2) и (3,4).",prompt7,dialog0042,analytics_deepseek-r1_1.5b_prompt7_dialog0042,analytics,31.4,33.2,47.1,35.5,50.0,33.9,11.7,32.8,18.9,5.5
deepseek-r1,1.5B,1_Классификаторы_KNN_и_наивный_байес,"В примере с погодой, вычисли F(да) для теста.",prompt7,dialog0043,analytics_deepseek-r1_1.5b_prompt7_dialog0043,analytics,31.4,33.2,47.1,35.5,50.0,33.9,11.7,32.8,18.9,5.5
deepseek-r1,1.5B,1_Классификаторы_KNN_и_наивный_байес,"Вычисли P(да | пасмурно, холодно, влажно, да).",prompt7,dialog0044,analytics_deepseek-r1_1.5b_prompt7_dialog0044,analytics,31.4,33.2,47.1,35.5,50.0,33.9,11.7,32.8,18.9,5.5
deepseek-r1,1.5B,1_Классификаторы_KNN_и_наивный_байес,"В спам-примере, вычисли P(win|спам) с Laplace.",prompt7,dialog0045,analytics_deepseek-r1_1.5b_prompt7_dialog0045,analytics,31.4,33.2,47.1,35.5,50.0,33.9,11.7,32.8,18.9,5.5
deepseek-r1,1.5B,3. Инструменты обучения НС,Что такое autograd?,prompt7,dialog0046,analytics_deepseek-r1_1.5b_prompt7_dialog0046,analytics,31.4,33.2,47.1,35.5,50.0,33.9,11.7,32.8,18.9,5.5
deepseek-r1,1.5B,3. Инструменты обучения НС,Что такое TensorFlow?,prompt7,dialog0047,analytics_deepseek-r1_1.5b_prompt7_dialog0047,analytics,31.4,33.2,47.1,35.5,50.0,33.9,11.7,32.8,18.9,5.5
deepseek-r1,1.5B,3. Инструменты обучения НС,Что такое Keras?,prompt7,dialog0048,analytics_deepseek-r1_1.5b_prompt7_dialog0048,analytics,31.4,33.2,47.1,35.5,50.0,33.9,11.7,32.8,18.9,5.5
deepseek-r1,1.5B,3. Инструменты обучения НС,Что такое over-fitting?,prompt7,dialog0049,analytics_deepseek-r1_1.5b_prompt7_dialog0049,analytics,31.4,33.2,47.1,35.5,50.0,33.9,11.7,32.8,18.9,5.5
deepseek-r1,1.5B,3. Инструменты обучения НС,Что такое SGD?,prompt7,dialog0050,analytics_deepseek-r1_1.5b_prompt7_dialog0050,analytics,31.4,33.2,47.1,35.5,50.0,33.9,11.7,32.8,18.9,5.5
deepseek-r1,1.5B,3. Инструменты обучения НС,Что такое Momentum в оптимизации?,prompt7,dialog0051,analytics_deepseek-r1_1.5b_prompt7_dialog0051,analytics,31.4,33.2,47.1,35.5,50.0,33.9,11.7,32.8,18.9,5.5
deepseek-r1,1.5B,3. Инструменты обучения НС,Что такое Adam?,prompt7,dialog0052,analytics_deepseek-r1_1.5b_prompt7_dialog0052,analytics,31.4,33.2,47.1,35.5,50.0,33.9,11.7,32.8,18.9,5.5
deepseek-r1,1.5B,3. Инструменты обучения НС,Что такое learning rate?,prompt7,dialog0053,analytics_deepseek-r1_1.5b_prompt7_dialog0053,analytics,31.4,33.2,47.1,35.5,50.0,33.9,11.7,32.8,18.9,5.5
deepseek-r1,1.5B,3. Инструменты обучения НС,Что такое метод Ньютона?,prompt7,dialog0054,analytics_deepseek-r1_1.5b_prompt7_dialog0054,analytics,31.4,33.2,47.1,35.5,50.0,33.9,11.7,32.8,18.9,5.5
deepseek-r1,1.5B,3. Инструменты обучения НС,Что такое RMSProp?,prompt7,dialog0055,analytics_deepseek-r1_1.5b_prompt7_dialog0055,analytics,31.4,33.2,47.1,35.5,50.0,33.9,11.7,32.8,18.9,5.5
deepseek-r1,1.5B,3. Инструменты обучения НС,"Вычисли шаг в SGD для L(w)=w^2, w=3, η=0.1.",prompt7,dialog0056,analytics_deepseek-r1_1.5b_prompt7_dialog0056,analytics,31.4,33.2,47.1,35.5,50.0,33.9,11.7,32.8,18.9,5.5
deepseek-r1,1.5B,3. Инструменты обучения НС,"Вычисли v_t в Momentum: γ=0.9, v_{t-1}=1, ∇L=2, η=0.1.",prompt7,dialog0057,analytics_deepseek-r1_1.5b_prompt7_dialog0057,analytics,31.4,33.2,47.1,35.5,50.0,33.9,11.7,32.8,18.9,5.5
deepseek-r1,1.5B,3. Инструменты обучения НС,"В Adagrad, G_{t-1,ii}=4, g_t=2, η=0.1, ε=1e-8.",prompt7,dialog0058,analytics_deepseek-r1_1.5b_prompt7_dialog0058,analytics,31.4,33.2,47.1,35.5,50.0,33.9,11.7,32.8,18.9,5.5
deepseek-r1,1.5B,3. Инструменты обучения НС,"Вычисли learning rate decay: η0=0.1, t=5, T=10, linear.",prompt7,dialog0059,analytics_deepseek-r1_1.5b_prompt7_dialog0059,analytics,31.4,33.2,47.1,35.5,50.0,33.9,11.7,32.8,18.9,5.5
deepseek-r1,1.5B,3. Инструменты обучения НС,"В Nesterov, вычисли ∇ в ω - γ v_{t-1}: γ=0.9, v=1, ∇=2.",prompt7,dialog0060,analytics_deepseek-r1_1.5b_prompt7_dialog0060,analytics,31.4,33.2,47.1,35.5,50.0,33.9,11.7,32.8,18.9,5.5
deepseek-r1,1.5B,1_Классификаторы_KNN_и_наивный_байес,Что такое метод k-ближайших соседей?,prompt6,dialog0001,analytics_deepseek-r1_1.5b_prompt6_dialog0001,analytics,34.9,37.3,45.9,35.5,50.0,28.9,11.9,32.5,16.4,5.7
deepseek-r1,1.5B,1_Классификаторы_KNN_и_наивный_байес,Как выбрать количество соседей k в k-NN?,prompt6,dialog0002,analytics_deepseek-r1_1.5b_prompt6_dialog0002,analytics,34.9,37.3,45.9,35.5,50.0,28.9,11.9,32.5,16.4,5.7
deepseek-r1,1.5B,1_Классификаторы_KNN_и_наивный_байес,Что такое евклидова метрика?,prompt6,dialog0003,analytics_deepseek-r1_1.5b_prompt6_dialog0003,analytics,34.9,37.3,45.9,35.5,50.0,28.9,11.9,32.5,16.4,5.7
deepseek-r1,1.5B,1_Классификаторы_KNN_и_наивный_байес,В чем суть наивного байесовского классификатора?,prompt6,dialog0004,analytics_deepseek-r1_1.5b_prompt6_dialog0004,analytics,34.9,37.3,45.9,35.5,50.0,28.9,11.9,32.5,16.4,5.7
deepseek-r1,1.5B,1_Классификаторы_KNN_и_наивный_байес,Как работает сглаживание по Лапласу?,prompt6,dialog0005,analytics_deepseek-r1_1.5b_prompt6_dialog0005,analytics,34.9,37.3,45.9,35.5,50.0,28.9,11.9,32.5,16.4,5.7
deepseek-r1,1.5B,1_Классификаторы_KNN_и_наивный_байес,Что такое манхэттенское расстояние?,prompt6,dialog0006,analytics_deepseek-r1_1.5b_prompt6_dialog0006,analytics,34.9,37.3,45.9,35.5,50.0,28.9,11.9,32.5,16.4,5.7
deepseek-r1,1.5B,1_Классификаторы_KNN_и_наивный_байес,Как вычислить вероятность класса в Naive Bayes?,prompt6,dialog0007,analytics_deepseek-r1_1.5b_prompt6_dialog0007,analytics,34.9,37.3,45.9,35.5,50.0,28.9,11.9,32.5,16.4,5.7
deepseek-r1,1.5B,1_Классификаторы_KNN_и_наивный_байес,Что такое расстояние Чебышёва?,prompt6,dialog0008,analytics_deepseek-r1_1.5b_prompt6_dialog0008,analytics,34.9,37.3,45.9,35.5,50.0,28.9,11.9,32.5,16.4,5.7
deepseek-r1,1.5B,1_Классификаторы_KNN_и_наивный_байес,Как классифицировать письмо как спам в Naive Bayes?,prompt6,dialog0009,analytics_deepseek-r1_1.5b_prompt6_dialog0009,analytics,34.9,37.3,45.9,35.5,50.0,28.9,11.9,32.5,16.4,5.7
deepseek-r1,1.5B,1_Классификаторы_KNN_и_наивный_байес,В чем разница между k-NN и взвешенным k-NN?,prompt6,dialog0010,analytics_deepseek-r1_1.5b_prompt6_dialog0010,analytics,34.9,37.3,45.9,35.5,50.0,28.9,11.9,32.5,16.4,5.7
deepseek-r1,1.5B,1_Классификаторы_KNN_и_наивный_байес,Вычисли вероятность спама для слова 'приз' из примера.,prompt6,dialog0011,analytics_deepseek-r1_1.5b_prompt6_dialog0011,analytics,34.9,37.3,45.9,35.5,50.0,28.9,11.9,32.5,16.4,5.7
deepseek-r1,1.5B,1_Классификаторы_KNN_и_наивный_байес,"Вычисли расстояние Евклида между (1,2) и (3,4).",prompt6,dialog0012,analytics_deepseek-r1_1.5b_prompt6_dialog0012,analytics,34.9,37.3,45.9,35.5,50.0,28.9,11.9,32.5,16.4,5.7
deepseek-r1,1.5B,1_Классификаторы_KNN_и_наивный_байес,"В примере с погодой, вычисли F(да) для теста.",prompt6,dialog0013,analytics_deepseek-r1_1.5b_prompt6_dialog0013,analytics,34.9,37.3,45.9,35.5,50.0,28.9,11.9,32.5,16.4,5.7
deepseek-r1,1.5B,1_Классификаторы_KNN_и_наивный_байес,"Вычисли P(да | пасмурно, холодно, влажно, да).",prompt6,dialog0014,analytics_deepseek-r1_1.5b_prompt6_dialog0014,analytics,34.9,37.3,45.9,35.5,50.0,28.9,11.9,32.5,16.4,5.7
deepseek-r1,1.5B,1_Классификаторы_KNN_и_наивный_байес,"В спам-примере, вычисли P(win|спам) с Laplace.",prompt6,dialog0015,analytics_deepseek-r1_1.5b_prompt6_dialog0015,analytics,34.9,37.3,45.9,35.5,50.0,28.9,11.9,32.5,16.4,5.7
deepseek-r1,1.5B,3. Инструменты обучения НС,Что такое autograd?,prompt6,dialog0016,analytics_deepseek-r1_1.5b_prompt6_dialog0016,analytics,34.9,37.3,45.9,35.5,50.0,28.9,11.9,32.5,16.4,5.7
deepseek-r1,1.5B,3. Инструменты обучения НС,Что такое TensorFlow?,prompt6,dialog0017,analytics_deepseek-r1_1.5b_prompt6_dialog0017,analytics,34.9,37.3,45.9,35.5,50.0,28.9,11.9,32.5,16.4,5.7
deepseek-r1,1.5B,3. Инструменты обучения НС,Что такое Keras?,prompt6,dialog0018,analytics_deepseek-r1_1.5b_prompt6_dialog0018,analytics,34.9,37.3,45.9,35.5,50.0,28.9,11.9,32.5,16.4,5.7
deepseek-r1,1.5B,3. Инструменты обучения НС,Что такое over-fitting?,prompt6,dialog0019,analytics_deepseek-r1_1.5b_prompt6_dialog0019,analytics,34.9,37.3,45.9,35.5,50.0,28.9,11.9,32.5,16.4,5.7
deepseek-r1,1.5B,3. Инструменты обучения НС,Что такое SGD?,prompt6,dialog0020,analytics_deepseek-r1_1.5b_prompt6_dialog0020,analytics,34.9,37.3,45.9,35.5,50.0,28.9,11.9,32.5,16.4,5.7
deepseek-r1,1.5B,3. Инструменты обучения НС,Что такое Momentum в оптимизации?,prompt6,dialog0021,analytics_deepseek-r1_1.5b_prompt6_dialog0021,analytics,34.9,37.3,45.9,35.5,50.0,28.9,11.9,32.5,16.4,5.7
deepseek-r1,1.5B,3. Инструменты обучения НС,Что такое Adam?,prompt6,dialog0022,analytics_deepseek-r1_1.5b_prompt6_dialog0022,analytics,34.9,37.3,45.9,35.5,50.0,28.9,11.9,32.5,16.4,5.7
deepseek-r1,1.5B,3. Инструменты обучения НС,Что такое learning rate?,prompt6,dialog0023,analytics_deepseek-r1_1.5b_prompt6_dialog0023,analytics,34.9,37.3,45.9,35.5,50.0,28.9,11.9,32.5,16.4,5.7
deepseek-r1,1.5B,3. Инструменты обучения НС,Что такое метод Ньютона?,prompt6,dialog0024,analytics_deepseek-r1_1.5b_prompt6_dialog0024,analytics,34.9,37.3,45.9,35.5,50.0,28.9,11.9,32.5,16.4,5.7
deepseek-r1,1.5B,3. Инструменты обучения НС,Что такое RMSProp?,prompt6,dialog0025,analytics_deepseek-r1_1.5b_prompt6_dialog0025,analytics,34.9,37.3,45.9,35.5,50.0,28.9,11.9,32.5,16.4,5.7
deepseek-r1,1.5B,3. Инструменты обучения НС,"Вычисли шаг в SGD для L(w)=w^2, w=3, η=0.1.",prompt6,dialog0026,analytics_deepseek-r1_1.5b_prompt6_dialog0026,analytics,34.9,37.3,45.9,35.5,50.0,28.9,11.9,32.5,16.4,5.7
deepseek-r1,1.5B,3. Инструменты обучения НС,"Вычисли v_t в Momentum: γ=0.9, v_{t-1}=1, ∇L=2, η=0.1.",prompt6,dialog0027,analytics_deepseek-r1_1.5b_prompt6_dialog0027,analytics,34.9,37.3,45.9,35.5,50.0,28.9,11.9,32.5,16.4,5.7
deepseek-r1,1.5B,3. Инструменты обучения НС,"В Adagrad, G_{t-1,ii}=4, g_t=2, η=0.1, ε=1e-8.",prompt6,dialog0028,analytics_deepseek-r1_1.5b_prompt6_dialog0028,analytics,34.9,37.3,45.9,35.5,50.0,28.9,11.9,32.5,16.4,5.7
deepseek-r1,1.5B,3. Инструменты обучения НС,"Вычисли learning rate decay: η0=0.1, t=5, T=10, linear.",prompt6,dialog0029,analytics_deepseek-r1_1.5b_prompt6_dialog0029,analytics,34.9,37.3,45.9,35.5,50.0,28.9,11.9,32.5,16.4,5.7
deepseek-r1,1.5B,3. Инструменты обучения НС,"В Nesterov, вычисли ∇ в ω - γ v_{t-1}: γ=0.9, v=1, ∇=2.",prompt6,dialog0030,analytics_deepseek-r1_1.5b_prompt6_dialog0030,analytics,34.9,37.3,45.9,35.5,50.0,28.9,11.9,32.5,16.4,5.7
deepseek-r1,1.5B,1_Классификаторы_KNN_и_наивный_байес,Что такое метод k-ближайших соседей?,prompt1,dialog1351,analytics_deepseek-r1_1.5b_prompt1_dialog1351,analytics,33.7,30.9,53.4,35.5,50.0,31.1,11.2,34.9,21.2,3.9
deepseek-r1,1.5B,1_Классификаторы_KNN_и_наивный_байес,Как выбрать количество соседей k в k-NN?,prompt1,dialog1352,analytics_deepseek-r1_1.5b_prompt1_dialog1352,analytics,33.7,30.9,53.4,35.5,50.0,31.1,11.2,34.9,21.2,3.9
deepseek-r1,1.5B,1_Классификаторы_KNN_и_наивный_байес,Что такое евклидова метрика?,prompt1,dialog1353,analytics_deepseek-r1_1.5b_prompt1_dialog1353,analytics,33.7,30.9,53.4,35.5,50.0,31.1,11.2,34.9,21.2,3.9
deepseek-r1,1.5B,1_Классификаторы_KNN_и_наивный_байес,В чем суть наивного байесовского классификатора?,prompt1,dialog1354,analytics_deepseek-r1_1.5b_prompt1_dialog1354,analytics,33.7,30.9,53.4,35.5,50.0,31.1,11.2,34.9,21.2,3.9
deepseek-r1,1.5B,1_Классификаторы_KNN_и_наивный_байес,Как работает сглаживание по Лапласу?,prompt1,dialog1355,analytics_deepseek-r1_1.5b_prompt1_dialog1355,analytics,33.7,30.9,53.4,35.5,50.0,31.1,11.2,34.9,21.2,3.9
deepseek-r1,1.5B,1_Классификаторы_KNN_и_наивный_байес,Что такое манхэттенское расстояние?,prompt1,dialog1356,analytics_deepseek-r1_1.5b_prompt1_dialog1356,analytics,33.7,30.9,53.4,35.5,50.0,31.1,11.2,34.9,21.2,3.9
deepseek-r1,1.5B,1_Классификаторы_KNN_и_наивный_байес,Как вычислить вероятность класса в Naive Bayes?,prompt1,dialog1357,analytics_deepseek-r1_1.5b_prompt1_dialog1357,analytics,33.7,30.9,53.4,35.5,50.0,31.1,11.2,34.9,21.2,3.9
deepseek-r1,1.5B,1_Классификаторы_KNN_и_наивный_байес,Что такое расстояние Чебышёва?,prompt1,dialog1358,analytics_deepseek-r1_1.5b_prompt1_dialog1358,analytics,33.7,30.9,53.4,35.5,50.0,31.1,11.2,34.9,21.2,3.9
deepseek-r1,1.5B,1_Классификаторы_KNN_и_наивный_байес,Как классифицировать письмо как спам в Naive Bayes?,prompt1,dialog1359,analytics_deepseek-r1_1.5b_prompt1_dialog1359,analytics,33.7,30.9,53.4,35.5,50.0,31.1,11.2,34.9,21.2,3.9
deepseek-r1,1.5B,1_Классификаторы_KNN_и_наивный_байес,В чем разница между k-NN и взвешенным k-NN?,prompt1,dialog1360,analytics_deepseek-r1_1.5b_prompt1_dialog1360,analytics,33.7,30.9,53.4,35.5,50.0,31.1,11.2,34.9,21.2,3.9
deepseek-r1,1.5B,1_Классификаторы_KNN_и_наивный_байес,Вычисли вероятность спама для слова 'приз' из примера.,prompt1,dialog1361,analytics_deepseek-r1_1.5b_prompt1_dialog1361,analytics,33.7,30.9,53.4,35.5,50.0,31.1,11.2,34.9,21.2,3.9
deepseek-r1,1.5B,1_Классификаторы_KNN_и_наивный_байес,"Вычисли расстояние Евклида между (1,2) и (3,4).",prompt1,dialog1362,analytics_deepseek-r1_1.5b_prompt1_dialog1362,analytics,33.7,30.9,53.4,35.5,50.0,31.1,11.2,34.9,21.2,3.9
deepseek-r1,1.5B,1_Классификаторы_KNN_и_наивный_байес,"В примере с погодой, вычисли F(да) для теста.",prompt1,dialog1363,analytics_deepseek-r1_1.5b_prompt1_dialog1363,analytics,33.7,30.9,53.4,35.5,50.0,31.1,11.2,34.9,21.2,3.9
deepseek-r1,1.5B,1_Классификаторы_KNN_и_наивный_байес,"Вычисли P(да | пасмурно, холодно, влажно, да).",prompt1,dialog1364,analytics_deepseek-r1_1.5b_prompt1_dialog1364,analytics,33.7,30.9,53.4,35.5,50.0,31.1,11.2,34.9,21.2,3.9
deepseek-r1,1.5B,1_Классификаторы_KNN_и_наивный_байес,"В спам-примере, вычисли P(win|спам) с Laplace.",prompt1,dialog1365,analytics_deepseek-r1_1.5b_prompt1_dialog1365,analytics,33.7,30.9,53.4,35.5,50.0,31.1,11.2,34.9,21.2,3.9
deepseek-r1,1.5B,3. Инструменты обучения НС,Что такое autograd?,prompt1,dialog1366,analytics_deepseek-r1_1.5b_prompt1_dialog1366,analytics,33.7,30.9,53.4,35.5,50.0,31.1,11.2,34.9,21.2,3.9
deepseek-r1,1.5B,3. Инструменты обучения НС,Что такое TensorFlow?,prompt1,dialog1367,analytics_deepseek-r1_1.5b_prompt1_dialog1367,analytics,33.7,30.9,53.4,35.5,50.0,31.1,11.2,34.9,21.2,3.9
deepseek-r1,1.5B,3. Инструменты обучения НС,Что такое Keras?,prompt1,dialog1368,analytics_deepseek-r1_1.5b_prompt1_dialog1368,analytics,33.7,30.9,53.4,35.5,50.0,31.1,11.2,34.9,21.2,3.9
deepseek-r1,1.5B,3. Инструменты обучения НС,Что такое over-fitting?,prompt1,dialog1369,analytics_deepseek-r1_1.5b_prompt1_dialog1369,analytics,33.7,30.9,53.4,35.5,50.0,31.1,11.2,34.9,21.2,3.9
deepseek-r1,1.5B,3. Инструменты обучения НС,Что такое SGD?,prompt1,dialog1370,analytics_deepseek-r1_1.5b_prompt1_dialog1370,analytics,33.7,30.9,53.4,35.5,50.0,31.1,11.2,34.9,21.2,3.9
deepseek-r1,1.5B,3. Инструменты обучения НС,Что такое Momentum в оптимизации?,prompt1,dialog1371,analytics_deepseek-r1_1.5b_prompt1_dialog1371,analytics,33.7,30.9,53.4,35.5,50.0,31.1,11.2,34.9,21.2,3.9
deepseek-r1,1.5B,3. Инструменты обучения НС,Что такое Adam?,prompt1,dialog1372,analytics_deepseek-r1_1.5b_prompt1_dialog1372,analytics,33.7,30.9,53.4,35.5,50.0,31.1,11.2,34.9,21.2,3.9
deepseek-r1,1.5B,3. Инструменты обучения НС,Что такое learning rate?,prompt1,dialog1373,analytics_deepseek-r1_1.5b_prompt1_dialog1373,analytics,33.7,30.9,53.4,35.5,50.0,31.1,11.2,34.9,21.2,3.9
deepseek-r1,1.5B,3. Инструменты обучения НС,Что такое метод Ньютона?,prompt1,dialog1374,analytics_deepseek-r1_1.5b_prompt1_dialog1374,analytics,33.7,30.9,53.4,35.5,50.0,31.1,11.2,34.9,21.2,3.9
deepseek-r1,1.5B,3. Инструменты обучения НС,Что такое RMSProp?,prompt1,dialog1375,analytics_deepseek-r1_1.5b_prompt1_dialog1375,analytics,33.7,30.9,53.4,35.5,50.0,31.1,11.2,34.9,21.2,3.9
deepseek-r1,1.5B,3. Инструменты обучения НС,"Вычисли шаг в SGD для L(w)=w^2, w=3, η=0.1.",prompt1,dialog1376,analytics_deepseek-r1_1.5b_prompt1_dialog1376,analytics,33.7,30.9,53.4,35.5,50.0,31.1,11.2,34.9,21.2,3.9
deepseek-r1,1.5B,3. Инструменты обучения НС,"Вычисли v_t в Momentum: γ=0.9, v_{t-1}=1, ∇L=2, η=0.1.",prompt1,dialog1377,analytics_deepseek-r1_1.5b_prompt1_dialog1377,analytics,33.7,30.9,53.4,35.5,50.0,31.1,11.2,34.9,21.2,3.9
deepseek-r1,1.5B,3. Инструменты обучения НС,"В Adagrad, G_{t-1,ii}=4, g_t=2, η=0.1, ε=1e-8.",prompt1,dialog1378,analytics_deepseek-r1_1.5b_prompt1_dialog1378,analytics,33.7,30.9,53.4,35.5,50.0,31.1,11.2,34.9,21.2,3.9
deepseek-r1,1.5B,3. Инструменты обучения НС,"Вычисли learning rate decay: η0=0.1, t=5, T=10, linear.",prompt1,dialog1379,analytics_deepseek-r1_1.5b_prompt1_dialog1379,analytics,33.7,30.9,53.4,35.5,50.0,31.1,11.2,34.9,21.2,3.9
deepseek-r1,1.5B,3. Инструменты обучения НС,"В Nesterov, вычисли ∇ в ω - γ v_{t-1}: γ=0.9, v=1, ∇=2.",prompt1,dialog1380,analytics_deepseek-r1_1.5b_prompt1_dialog1380,analytics,33.7,30.9,53.4,35.5,50.0,31.1,11.2,34.9,21.2,3.9
deepseek-r1,1.5B,1_Классификаторы_KNN_и_наивный_байес,Что такое метод k-ближайших соседей?,prompt8,dialog0061,analytics_deepseek-r1_1.5b_prompt8_dialog0061,analytics,34.6,34.9,45.2,35.5,50.0,27.9,11.9,32.7,18.6,5.4
deepseek-r1,1.5B,1_Классификаторы_KNN_и_наивный_байес,Как выбрать количество соседей k в k-NN?,prompt8,dialog0062,analytics_deepseek-r1_1.5b_prompt8_dialog0062,analytics,34.6,34.9,45.2,35.5,50.0,27.9,11.9,32.7,18.6,5.4
deepseek-r1,1.5B,1_Классификаторы_KNN_и_наивный_байес,Что такое евклидова метрика?,prompt8,dialog0063,analytics_deepseek-r1_1.5b_prompt8_dialog0063,analytics,34.6,34.9,45.2,35.5,50.0,27.9,11.9,32.7,18.6,5.4
deepseek-r1,1.5B,1_Классификаторы_KNN_и_наивный_байес,В чем суть наивного байесовского классификатора?,prompt8,dialog0064,analytics_deepseek-r1_1.5b_prompt8_dialog0064,analytics,34.6,34.9,45.2,35.5,50.0,27.9,11.9,32.7,18.6,5.4
deepseek-r1,1.5B,1_Классификаторы_KNN_и_наивный_байес,Как работает сглаживание по Лапласу?,prompt8,dialog0065,analytics_deepseek-r1_1.5b_prompt8_dialog0065,analytics,34.6,34.9,45.2,35.5,50.0,27.9,11.9,32.7,18.6,5.4
deepseek-r1,1.5B,1_Классификаторы_KNN_и_наивный_байес,Что такое манхэттенское расстояние?,prompt8,dialog0066,analytics_deepseek-r1_1.5b_prompt8_dialog0066,analytics,34.6,34.9,45.2,35.5,50.0,27.9,11.9,32.7,18.6,5.4
deepseek-r1,1.5B,1_Классификаторы_KNN_и_наивный_байес,Как вычислить вероятность класса в Naive Bayes?,prompt8,dialog0067,analytics_deepseek-r1_1.5b_prompt8_dialog0067,analytics,34.6,34.9,45.2,35.5,50.0,27.9,11.9,32.7,18.6,5.4
deepseek-r1,1.5B,1_Классификаторы_KNN_и_наивный_байес,Что такое расстояние Чебышёва?,prompt8,dialog0068,analytics_deepseek-r1_1.5b_prompt8_dialog0068,analytics,34.6,34.9,45.2,35.5,50.0,27.9,11.9,32.7,18.6,5.4
deepseek-r1,1.5B,1_Классификаторы_KNN_и_наивный_байес,Как классифицировать письмо как спам в Naive Bayes?,prompt8,dialog0069,analytics_deepseek-r1_1.5b_prompt8_dialog0069,analytics,34.6,34.9,45.2,35.5,50.0,27.9,11.9,32.7,18.6,5.4
deepseek-r1,1.5B,1_Классификаторы_KNN_и_наивный_байес,В чем разница между k-NN и взвешенным k-NN?,prompt8,dialog0070,analytics_deepseek-r1_1.5b_prompt8_dialog0070,analytics,34.6,34.9,45.2,35.5,50.0,27.9,11.9,32.7,18.6,5.4
deepseek-r1,1.5B,1_Классификаторы_KNN_и_наивный_байес,Вычисли вероятность спама для слова 'приз' из примера.,prompt8,dialog0071,analytics_deepseek-r1_1.5b_prompt8_dialog0071,analytics,34.6,34.9,45.2,35.5,50.0,27.9,11.9,32.7,18.6,5.4
deepseek-r1,1.5B,1_Классификаторы_KNN_и_наивный_байес,"Вычисли расстояние Евклида между (1,2) и (3,4).",prompt8,dialog0072,analytics_deepseek-r1_1.5b_prompt8_dialog0072,analytics,34.6,34.9,45.2,35.5,50.0,27.9,11.9,32.7,18.6,5.4
deepseek-r1,1.5B,1_Классификаторы_KNN_и_наивный_байес,"В примере с погодой, вычисли F(да) для теста.",prompt8,dialog0073,analytics_deepseek-r1_1.5b_prompt8_dialog0073,analytics,34.6,34.9,45.2,35.5,50.0,27.9,11.9,32.7,18.6,5.4
deepseek-r1,1.5B,1_Классификаторы_KNN_и_наивный_байес,"Вычисли P(да | пасмурно, холодно, влажно, да).",prompt8,dialog0074,analytics_deepseek-r1_1.5b_prompt8_dialog0074,analytics,34.6,34.9,45.2,35.5,50.0,27.9,11.9,32.7,18.6,5.4
deepseek-r1,1.5B,1_Классификаторы_KNN_и_наивный_байес,"В спам-примере, вычисли P(win|спам) с Laplace.",prompt8,dialog0075,analytics_deepseek-r1_1.5b_prompt8_dialog0075,analytics,34.6,34.9,45.2,35.5,50.0,27.9,11.9,32.7,18.6,5.4
deepseek-r1,1.5B,3. Инструменты обучения НС,Что такое autograd?,prompt8,dialog0076,analytics_deepseek-r1_1.5b_prompt8_dialog0076,analytics,34.6,34.9,45.2,35.5,50.0,27.9,11.9,32.7,18.6,5.4
deepseek-r1,1.5B,3. Инструменты обучения НС,Что такое TensorFlow?,prompt8,dialog0077,analytics_deepseek-r1_1.5b_prompt8_dialog0077,analytics,34.6,34.9,45.2,35.5,50.0,27.9,11.9,32.7,18.6,5.4
deepseek-r1,1.5B,3. Инструменты обучения НС,Что такое Keras?,prompt8,dialog0078,analytics_deepseek-r1_1.5b_prompt8_dialog0078,analytics,34.6,34.9,45.2,35.5,50.0,27.9,11.9,32.7,18.6,5.4
deepseek-r1,1.5B,3. Инструменты обучения НС,Что такое over-fitting?,prompt8,dialog0079,analytics_deepseek-r1_1.5b_prompt8_dialog0079,analytics,34.6,34.9,45.2,35.5,50.0,27.9,11.9,32.7,18.6,5.4
deepseek-r1,1.5B,3. Инструменты обучения НС,Что такое SGD?,prompt8,dialog0080,analytics_deepseek-r1_1.5b_prompt8_dialog0080,analytics,34.6,34.9,45.2,35.5,50.0,27.9,11.9,32.7,18.6,5.4
deepseek-r1,1.5B,3. Инструменты обучения НС,Что такое Momentum в оптимизации?,prompt8,dialog0081,analytics_deepseek-r1_1.5b_prompt8_dialog0081,analytics,34.6,34.9,45.2,35.5,50.0,27.9,11.9,32.7,18.6,5.4
deepseek-r1,1.5B,3. Инструменты обучения НС,Что такое Adam?,prompt8,dialog0082,analytics_deepseek-r1_1.5b_prompt8_dialog0082,analytics,34.6,34.9,45.2,35.5,50.0,27.9,11.9,32.7,18.6,5.4
deepseek-r1,1.5B,3. Инструменты обучения НС,Что такое learning rate?,prompt8,dialog0083,analytics_deepseek-r1_1.5b_prompt8_dialog0083,analytics,34.6,34.9,45.2,35.5,50.0,27.9,11.9,32.7,18.6,5.4
deepseek-r1,1.5B,3. Инструменты обучения НС,Что такое метод Ньютона?,prompt8,dialog0084,analytics_deepseek-r1_1.5b_prompt8_dialog0084,analytics,34.6,34.9,45.2,35.5,50.0,27.9,11.9,32.7,18.6,5.4
deepseek-r1,1.5B,3. Инструменты обучения НС,Что такое RMSProp?,prompt8,dialog0085,analytics_deepseek-r1_1.5b_prompt8_dialog0085,analytics,34.6,34.9,45.2,35.5,50.0,27.9,11.9,32.7,18.6,5.4
deepseek-r1,1.5B,3. Инструменты обучения НС,"Вычисли шаг в SGD для L(w)=w^2, w=3, η=0.1.",prompt8,dialog0086,analytics_deepseek-r1_1.5b_prompt8_dialog0086,analytics,34.6,34.9,45.2,35.5,50.0,27.9,11.9,32.7,18.6,5.4
deepseek-r1,1.5B,3. Инструменты обучения НС,"Вычисли v_t в Momentum: γ=0.9, v_{t-1}=1, ∇L=2, η=0.1.",prompt8,dialog0087,analytics_deepseek-r1_1.5b_prompt8_dialog0087,analytics,34.6,34.9,45.2,35.5,50.0,27.9,11.9,32.7,18.6,5.4
deepseek-r1,1.5B,3. Инструменты обучения НС,"В Adagrad, G_{t-1,ii}=4, g_t=2, η=0.1, ε=1e-8.",prompt8,dialog0088,analytics_deepseek-r1_1.5b_prompt8_dialog0088,analytics,34.6,34.9,45.2,35.5,50.0,27.9,11.9,32.7,18.6,5.4
deepseek-r1,1.5B,3. Инструменты обучения НС,"Вычисли learning rate decay: η0=0.1, t=5, T=10, linear.",prompt8,dialog0089,analytics_deepseek-r1_1.5b_prompt8_dialog0089,analytics,34.6,34.9,45.2,35.5,50.0,27.9,11.9,32.7,18.6,5.4
deepseek-r1,1.5B,3. Инструменты обучения НС,"В Nesterov, вычисли ∇ в ω - γ v_{t-1}: γ=0.9, v=1, ∇=2.",prompt8,dialog0090,analytics_deepseek-r1_1.5b_prompt8_dialog0090,analytics,34.6,34.9,45.2,35.5,50.0,27.9,11.9,32.7,18.6,5.4
deepseek-r1,1.5B,1_Классификаторы_KNN_и_наивный_байес,Что такое метод k-ближайших соседей?,prompt11,dialog0151,analytics_deepseek-r1_1.5b_prompt11_dialog0151,analytics,32.3,34.2,48.2,35.5,50.0,32.1,10.9,31.4,19.4,4.4
deepseek-r1,1.5B,1_Классификаторы_KNN_и_наивный_байес,Как выбрать количество соседей k в k-NN?,prompt11,dialog0152,analytics_deepseek-r1_1.5b_prompt11_dialog0152,analytics,32.3,34.2,48.2,35.5,50.0,32.1,10.9,31.4,19.4,4.4
deepseek-r1,1.5B,1_Классификаторы_KNN_и_наивный_байес,Что такое евклидова метрика?,prompt11,dialog0153,analytics_deepseek-r1_1.5b_prompt11_dialog0153,analytics,32.3,34.2,48.2,35.5,50.0,32.1,10.9,31.4,19.4,4.4
deepseek-r1,1.5B,1_Классификаторы_KNN_и_наивный_байес,В чем суть наивного байесовского классификатора?,prompt11,dialog0154,analytics_deepseek-r1_1.5b_prompt11_dialog0154,analytics,32.3,34.2,48.2,35.5,50.0,32.1,10.9,31.4,19.4,4.4
deepseek-r1,1.5B,1_Классификаторы_KNN_и_наивный_байес,Как работает сглаживание по Лапласу?,prompt11,dialog0155,analytics_deepseek-r1_1.5b_prompt11_dialog0155,analytics,32.3,34.2,48.2,35.5,50.0,32.1,10.9,31.4,19.4,4.4
deepseek-r1,1.5B,1_Классификаторы_KNN_и_наивный_байес,Что такое манхэттенское расстояние?,prompt11,dialog0156,analytics_deepseek-r1_1.5b_prompt11_dialog0156,analytics,32.3,34.2,48.2,35.5,50.0,32.1,10.9,31.4,19.4,4.4
deepseek-r1,1.5B,1_Классификаторы_KNN_и_наивный_байес,Как вычислить вероятность класса в Naive Bayes?,prompt11,dialog0157,analytics_deepseek-r1_1.5b_prompt11_dialog0157,analytics,32.3,34.2,48.2,35.5,50.0,32.1,10.9,31.4,19.4,4.4
deepseek-r1,1.5B,1_Классификаторы_KNN_и_наивный_байес,Что такое расстояние Чебышёва?,prompt11,dialog0158,analytics_deepseek-r1_1.5b_prompt11_dialog0158,analytics,32.3,34.2,48.2,35.5,50.0,32.1,10.9,31.4,19.4,4.4
deepseek-r1,1.5B,1_Классификаторы_KNN_и_наивный_байес,Как классифицировать письмо как спам в Naive Bayes?,prompt11,dialog0159,analytics_deepseek-r1_1.5b_prompt11_dialog0159,analytics,32.3,34.2,48.2,35.5,50.0,32.1,10.9,31.4,19.4,4.4
deepseek-r1,1.5B,1_Классификаторы_KNN_и_наивный_байес,В чем разница между k-NN и взвешенным k-NN?,prompt11,dialog0160,analytics_deepseek-r1_1.5b_prompt11_dialog0160,analytics,32.3,34.2,48.2,35.5,50.0,32.1,10.9,31.4,19.4,4.4
deepseek-r1,1.5B,1_Классификаторы_KNN_и_наивный_байес,Вычисли вероятность спама для слова 'приз' из примера.,prompt11,dialog0161,analytics_deepseek-r1_1.5b_prompt11_dialog0161,analytics,32.3,34.2,48.2,35.5,50.0,32.1,10.9,31.4,19.4,4.4
deepseek-r1,1.5B,1_Классификаторы_KNN_и_наивный_байес,"Вычисли расстояние Евклида между (1,2) и (3,4).",prompt11,dialog0162,analytics_deepseek-r1_1.5b_prompt11_dialog0162,analytics,32.3,34.2,48.2,35.5,50.0,32.1,10.9,31.4,19.4,4.4
deepseek-r1,1.5B,1_Классификаторы_KNN_и_наивный_байес,"В примере с погодой, вычисли F(да) для теста.",prompt11,dialog0163,analytics_deepseek-r1_1.5b_prompt11_dialog0163,analytics,32.3,34.2,48.2,35.5,50.0,32.1,10.9,31.4,19.4,4.4
deepseek-r1,1.5B,1_Классификаторы_KNN_и_наивный_байес,"Вычисли P(да | пасмурно, холодно, влажно, да).",prompt11,dialog0164,analytics_deepseek-r1_1.5b_prompt11_dialog0164,analytics,32.3,34.2,48.2,35.5,50.0,32.1,10.9,31.4,19.4,4.4
deepseek-r1,1.5B,1_Классификаторы_KNN_и_наивный_байес,"В спам-примере, вычисли P(win|спам) с Laplace.",prompt11,dialog0165,analytics_deepseek-r1_1.5b_prompt11_dialog0165,analytics,32.3,34.2,48.2,35.5,50.0,32.1,10.9,31.4,19.4,4.4
deepseek-r1,1.5B,3. Инструменты обучения НС,Что такое autograd?,prompt11,dialog0166,analytics_deepseek-r1_1.5b_prompt11_dialog0166,analytics,32.3,34.2,48.2,35.5,50.0,32.1,10.9,31.4,19.4,4.4
deepseek-r1,1.5B,3. Инструменты обучения НС,Что такое TensorFlow?,prompt11,dialog0167,analytics_deepseek-r1_1.5b_prompt11_dialog0167,analytics,32.3,34.2,48.2,35.5,50.0,32.1,10.9,31.4,19.4,4.4
deepseek-r1,1.5B,3. Инструменты обучения НС,Что такое Keras?,prompt11,dialog0168,analytics_deepseek-r1_1.5b_prompt11_dialog0168,analytics,32.3,34.2,48.2,35.5,50.0,32.1,10.9,31.4,19.4,4.4
deepseek-r1,1.5B,3. Инструменты обучения НС,Что такое over-fitting?,prompt11,dialog0169,analytics_deepseek-r1_1.5b_prompt11_dialog0169,analytics,32.3,34.2,48.2,35.5,50.0,32.1,10.9,31.4,19.4,4.4
deepseek-r1,1.5B,3. Инструменты обучения НС,Что такое SGD?,prompt11,dialog0170,analytics_deepseek-r1_1.5b_prompt11_dialog0170,analytics,32.3,34.2,48.2,35.5,50.0,32.1,10.9,31.4,19.4,4.4
deepseek-r1,1.5B,3. Инструменты обучения НС,Что такое Momentum в оптимизации?,prompt11,dialog0171,analytics_deepseek-r1_1.5b_prompt11_dialog0171,analytics,32.3,34.2,48.2,35.5,50.0,32.1,10.9,31.4,19.4,4.4
deepseek-r1,1.5B,3. Инструменты обучения НС,Что такое Adam?,prompt11,dialog0172,analytics_deepseek-r1_1.5b_prompt11_dialog0172,analytics,32.3,34.2,48.2,35.5,50.0,32.1,10.9,31.4,19.4,4.4
deepseek-r1,1.5B,3. Инструменты обучения НС,Что такое learning rate?,prompt11,dialog0173,analytics_deepseek-r1_1.5b_prompt11_dialog0173,analytics,32.3,34.2,48.2,35.5,50.0,32.1,10.9,31.4,19.4,4.4
deepseek-r1,1.5B,3. Инструменты обучения НС,Что такое метод Ньютона?,prompt11,dialog0174,analytics_deepseek-r1_1.5b_prompt11_dialog0174,analytics,32.3,34.2,48.2,35.5,50.0,32.1,10.9,31.4,19.4,4.4
deepseek-r1,1.5B,3. Инструменты обучения НС,Что такое RMSProp?,prompt11,dialog0175,analytics_deepseek-r1_1.5b_prompt11_dialog0175,analytics,32.3,34.2,48.2,35.5,50.0,32.1,10.9,31.4,19.4,4.4
deepseek-r1,1.5B,3. Инструменты обучения НС,"Вычисли шаг в SGD для L(w)=w^2, w=3, η=0.1.",prompt11,dialog0176,analytics_deepseek-r1_1.5b_prompt11_dialog0176,analytics,32.3,34.2,48.2,35.5,50.0,32.1,10.9,31.4,19.4,4.4
deepseek-r1,1.5B,3. Инструменты обучения НС,"Вычисли v_t в Momentum: γ=0.9, v_{t-1}=1, ∇L=2, η=0.1.",prompt11,dialog0177,analytics_deepseek-r1_1.5b_prompt11_dialog0177,analytics,32.3,34.2,48.2,35.5,50.0,32.1,10.9,31.4,19.4,4.4
deepseek-r1,1.5B,3. Инструменты обучения НС,"В Adagrad, G_{t-1,ii}=4, g_t=2, η=0.1, ε=1e-8.",prompt11,dialog0178,analytics_deepseek-r1_1.5b_prompt11_dialog0178,analytics,32.3,34.2,48.2,35.5,50.0,32.1,10.9,31.4,19.4,4.4
deepseek-r1,1.5B,3. Инструменты обучения НС,"Вычисли learning rate decay: η0=0.1, t=5, T=10, linear.",prompt11,dialog0179,analytics_deepseek-r1_1.5b_prompt11_dialog0179,analytics,32.3,34.2,48.2,35.5,50.0,32.1,10.9,31.4,19.4,4.4
deepseek-r1,1.5B,3. Инструменты обучения НС,"В Nesterov, вычисли ∇ в ω - γ v_{t-1}: γ=0.9, v=1, ∇=2.",prompt11,dialog0180,analytics_deepseek-r1_1.5b_prompt11_dialog0180,analytics,32.3,34.2,48.2,35.5,50.0,32.1,10.9,31.4,19.4,4.4
granite3.2,2.0B,1_Классификаторы_KNN_и_наивный_байес,Что такое метод k-ближайших соседей?,prompt14,dialog1291,analytics_granite3.2_2b_prompt14_dialog1291,analytics,33.7,31.3,51.2,35.5,50.0,35.0,11.0,33.6,21.1,5.4
granite3.2,2.0B,1_Классификаторы_KNN_и_наивный_байес,Как выбрать количество соседей k в k-NN?,prompt14,dialog1292,analytics_granite3.2_2b_prompt14_dialog1292,analytics,33.7,31.3,51.2,35.5,50.0,35.0,11.0,33.6,21.1,5.4
granite3.2,2.0B,1_Классификаторы_KNN_и_наивный_байес,Что такое евклидова метрика?,prompt14,dialog1293,analytics_granite3.2_2b_prompt14_dialog1293,analytics,33.7,31.3,51.2,35.5,50.0,35.0,11.0,33.6,21.1,5.4
granite3.2,2.0B,1_Классификаторы_KNN_и_наивный_байес,В чем суть наивного байесовского классификатора?,prompt14,dialog1294,analytics_granite3.2_2b_prompt14_dialog1294,analytics,33.7,31.3,51.2,35.5,50.0,35.0,11.0,33.6,21.1,5.4
granite3.2,2.0B,1_Классификаторы_KNN_и_наивный_байес,Как работает сглаживание по Лапласу?,prompt14,dialog1295,analytics_granite3.2_2b_prompt14_dialog1295,analytics,33.7,31.3,51.2,35.5,50.0,35.0,11.0,33.6,21.1,5.4
granite3.2,2.0B,1_Классификаторы_KNN_и_наивный_байес,Что такое манхэттенское расстояние?,prompt14,dialog1296,analytics_granite3.2_2b_prompt14_dialog1296,analytics,33.7,31.3,51.2,35.5,50.0,35.0,11.0,33.6,21.1,5.4
granite3.2,2.0B,1_Классификаторы_KNN_и_наивный_байес,Как вычислить вероятность класса в Naive Bayes?,prompt14,dialog1297,analytics_granite3.2_2b_prompt14_dialog1297,analytics,33.7,31.3,51.2,35.5,50.0,35.0,11.0,33.6,21.1,5.4
granite3.2,2.0B,1_Классификаторы_KNN_и_наивный_байес,Что такое расстояние Чебышёва?,prompt14,dialog1298,analytics_granite3.2_2b_prompt14_dialog1298,analytics,33.7,31.3,51.2,35.5,50.0,35.0,11.0,33.6,21.1,5.4
granite3.2,2.0B,1_Классификаторы_KNN_и_наивный_байес,Как классифицировать письмо как спам в Naive Bayes?,prompt14,dialog1299,analytics_granite3.2_2b_prompt14_dialog1299,analytics,33.7,31.3,51.2,35.5,50.0,35.0,11.0,33.6,21.1,5.4
granite3.2,2.0B,1_Классификаторы_KNN_и_наивный_байес,В чем разница между k-NN и взвешенным k-NN?,prompt14,dialog1300,analytics_granite3.2_2b_prompt14_dialog1300,analytics,33.7,31.3,51.2,35.5,50.0,35.0,11.0,33.6,21.1,5.4
granite3.2,2.0B,1_Классификаторы_KNN_и_наивный_байес,Вычисли вероятность спама для слова 'приз' из примера.,prompt14,dialog1301,analytics_granite3.2_2b_prompt14_dialog1301,analytics,33.7,31.3,51.2,35.5,50.0,35.0,11.0,33.6,21.1,5.4
granite3.2,2.0B,1_Классификаторы_KNN_и_наивный_байес,"Вычисли расстояние Евклида между (1,2) и (3,4).",prompt14,dialog1302,analytics_granite3.2_2b_prompt14_dialog1302,analytics,33.7,31.3,51.2,35.5,50.0,35.0,11.0,33.6,21.1,5.4
granite3.2,2.0B,1_Классификаторы_KNN_и_наивный_байес,"В примере с погодой, вычисли F(да) для теста.",prompt14,dialog1303,analytics_granite3.2_2b_prompt14_dialog1303,analytics,33.7,31.3,51.2,35.5,50.0,35.0,11.0,33.6,21.1,5.4
granite3.2,2.0B,1_Классификаторы_KNN_и_наивный_байес,"Вычисли P(да | пасмурно, холодно, влажно, да).",prompt14,dialog1304,analytics_granite3.2_2b_prompt14_dialog1304,analytics,33.7,31.3,51.2,35.5,50.0,35.0,11.0,33.6,21.1,5.4
granite3.2,2.0B,1_Классификаторы_KNN_и_наивный_байес,"В спам-примере, вычисли P(win|спам) с Laplace.",prompt14,dialog1305,analytics_granite3.2_2b_prompt14_dialog1305,analytics,33.7,31.3,51.2,35.5,50.0,35.0,11.0,33.6,21.1,5.4
granite3.2,2.0B,3. Инструменты обучения НС,Что такое autograd?,prompt14,dialog1306,analytics_granite3.2_2b_prompt14_dialog1306,analytics,33.7,31.3,51.2,35.5,50.0,35.0,11.0,33.6,21.1,5.4
granite3.2,2.0B,3. Инструменты обучения НС,Что такое TensorFlow?,prompt14,dialog1307,analytics_granite3.2_2b_prompt14_dialog1307,analytics,33.7,31.3,51.2,35.5,50.0,35.0,11.0,33.6,21.1,5.4
granite3.2,2.0B,3. Инструменты обучения НС,Что такое Keras?,prompt14,dialog1308,analytics_granite3.2_2b_prompt14_dialog1308,analytics,33.7,31.3,51.2,35.5,50.0,35.0,11.0,33.6,21.1,5.4
granite3.2,2.0B,3. Инструменты обучения НС,Что такое over-fitting?,prompt14,dialog1309,analytics_granite3.2_2b_prompt14_dialog1309,analytics,33.7,31.3,51.2,35.5,50.0,35.0,11.0,33.6,21.1,5.4
granite3.2,2.0B,3. Инструменты обучения НС,Что такое SGD?,prompt14,dialog1310,analytics_granite3.2_2b_prompt14_dialog1310,analytics,33.7,31.3,51.2,35.5,50.0,35.0,11.0,33.6,21.1,5.4
granite3.2,2.0B,3. Инструменты обучения НС,Что такое Momentum в оптимизации?,prompt14,dialog1311,analytics_granite3.2_2b_prompt14_dialog1311,analytics,33.7,31.3,51.2,35.5,50.0,35.0,11.0,33.6,21.1,5.4
granite3.2,2.0B,3. Инструменты обучения НС,Что такое Adam?,prompt14,dialog1312,analytics_granite3.2_2b_prompt14_dialog1312,analytics,33.7,31.3,51.2,35.5,50.0,35.0,11.0,33.6,21.1,5.4
granite3.2,2.0B,3. Инструменты обучения НС,Что такое learning rate?,prompt14,dialog1313,analytics_granite3.2_2b_prompt14_dialog1313,analytics,33.7,31.3,51.2,35.5,50.0,35.0,11.0,33.6,21.1,5.4
granite3.2,2.0B,3. Инструменты обучения НС,Что такое метод Ньютона?,prompt14,dialog1314,analytics_granite3.2_2b_prompt14_dialog1314,analytics,33.7,31.3,51.2,35.5,50.0,35.0,11.0,33.6,21.1,5.4
granite3.2,2.0B,3. Инструменты обучения НС,Что такое RMSProp?,prompt14,dialog1315,analytics_granite3.2_2b_prompt14_dialog1315,analytics,33.7,31.3,51.2,35.5,50.0,35.0,11.0,33.6,21.1,5.4
granite3.2,2.0B,3. Инструменты обучения НС,"Вычисли шаг в SGD для L(w)=w^2, w=3, η=0.1.",prompt14,dialog1316,analytics_granite3.2_2b_prompt14_dialog1316,analytics,33.7,31.3,51.2,35.5,50.0,35.0,11.0,33.6,21.1,5.4
granite3.2,2.0B,3. Инструменты обучения НС,"Вычисли v_t в Momentum: γ=0.9, v_{t-1}=1, ∇L=2, η=0.1.",prompt14,dialog1317,analytics_granite3.2_2b_prompt14_dialog1317,analytics,33.7,31.3,51.2,35.5,50.0,35.0,11.0,33.6,21.1,5.4
granite3.2,2.0B,3. Инструменты обучения НС,"В Adagrad, G_{t-1,ii}=4, g_t=2, η=0.1, ε=1e-8.",prompt14,dialog1318,analytics_granite3.2_2b_prompt14_dialog1318,analytics,33.7,31.3,51.2,35.5,50.0,35.0,11.0,33.6,21.1,5.4
granite3.2,2.0B,3. Инструменты обучения НС,"Вычисли learning rate decay: η0=0.1, t=5, T=10, linear.",prompt14,dialog1319,analytics_granite3.2_2b_prompt14_dialog1319,analytics,33.7,31.3,51.2,35.5,50.0,35.0,11.0,33.6,21.1,5.4
granite3.2,2.0B,3. Инструменты обучения НС,"В Nesterov, вычисли ∇ в ω - γ v_{t-1}: γ=0.9, v=1, ∇=2.",prompt14,dialog1320,analytics_granite3.2_2b_prompt14_dialog1320,analytics,33.7,31.3,51.2,35.5,50.0,35.0,11.0,33.6,21.1,5.4
granite3.2,2.0B,1_Классификаторы_KNN_и_наивный_байес,Что такое метод k-ближайших соседей?,prompt13,dialog1261,analytics_granite3.2_2b_prompt13_dialog1261,analytics,33.2,32.1,46.7,35.5,50.0,33.4,12.0,33.6,19.6,4.4
granite3.2,2.0B,1_Классификаторы_KNN_и_наивный_байес,Как выбрать количество соседей k в k-NN?,prompt13,dialog1262,analytics_granite3.2_2b_prompt13_dialog1262,analytics,33.2,32.1,46.7,35.5,50.0,33.4,12.0,33.6,19.6,4.4
granite3.2,2.0B,1_Классификаторы_KNN_и_наивный_байес,Что такое евклидова метрика?,prompt13,dialog1263,analytics_granite3.2_2b_prompt13_dialog1263,analytics,33.2,32.1,46.7,35.5,50.0,33.4,12.0,33.6,19.6,4.4
granite3.2,2.0B,1_Классификаторы_KNN_и_наивный_байес,В чем суть наивного байесовского классификатора?,prompt13,dialog1264,analytics_granite3.2_2b_prompt13_dialog1264,analytics,33.2,32.1,46.7,35.5,50.0,33.4,12.0,33.6,19.6,4.4
granite3.2,2.0B,1_Классификаторы_KNN_и_наивный_байес,Как работает сглаживание по Лапласу?,prompt13,dialog1265,analytics_granite3.2_2b_prompt13_dialog1265,analytics,33.2,32.1,46.7,35.5,50.0,33.4,12.0,33.6,19.6,4.4
granite3.2,2.0B,1_Классификаторы_KNN_и_наивный_байес,Что такое манхэттенское расстояние?,prompt13,dialog1266,analytics_granite3.2_2b_prompt13_dialog1266,analytics,33.2,32.1,46.7,35.5,50.0,33.4,12.0,33.6,19.6,4.4
granite3.2,2.0B,1_Классификаторы_KNN_и_наивный_байес,Как вычислить вероятность класса в Naive Bayes?,prompt13,dialog1267,analytics_granite3.2_2b_prompt13_dialog1267,analytics,33.2,32.1,46.7,35.5,50.0,33.4,12.0,33.6,19.6,4.4
granite3.2,2.0B,1_Классификаторы_KNN_и_наивный_байес,Что такое расстояние Чебышёва?,prompt13,dialog1268,analytics_granite3.2_2b_prompt13_dialog1268,analytics,33.2,32.1,46.7,35.5,50.0,33.4,12.0,33.6,19.6,4.4
granite3.2,2.0B,1_Классификаторы_KNN_и_наивный_байес,Как классифицировать письмо как спам в Naive Bayes?,prompt13,dialog1269,analytics_granite3.2_2b_prompt13_dialog1269,analytics,33.2,32.1,46.7,35.5,50.0,33.4,12.0,33.6,19.6,4.4
granite3.2,2.0B,1_Классификаторы_KNN_и_наивный_байес,В чем разница между k-NN и взвешенным k-NN?,prompt13,dialog1270,analytics_granite3.2_2b_prompt13_dialog1270,analytics,33.2,32.1,46.7,35.5,50.0,33.4,12.0,33.6,19.6,4.4
granite3.2,2.0B,1_Классификаторы_KNN_и_наивный_байес,Вычисли вероятность спама для слова 'приз' из примера.,prompt13,dialog1271,analytics_granite3.2_2b_prompt13_dialog1271,analytics,33.2,32.1,46.7,35.5,50.0,33.4,12.0,33.6,19.6,4.4
granite3.2,2.0B,1_Классификаторы_KNN_и_наивный_байес,"Вычисли расстояние Евклида между (1,2) и (3,4).",prompt13,dialog1272,analytics_granite3.2_2b_prompt13_dialog1272,analytics,33.2,32.1,46.7,35.5,50.0,33.4,12.0,33.6,19.6,4.4
granite3.2,2.0B,1_Классификаторы_KNN_и_наивный_байес,"В примере с погодой, вычисли F(да) для теста.",prompt13,dialog1273,analytics_granite3.2_2b_prompt13_dialog1273,analytics,33.2,32.1,46.7,35.5,50.0,33.4,12.0,33.6,19.6,4.4
granite3.2,2.0B,1_Классификаторы_KNN_и_наивный_байес,"Вычисли P(да | пасмурно, холодно, влажно, да).",prompt13,dialog1274,analytics_granite3.2_2b_prompt13_dialog1274,analytics,33.2,32.1,46.7,35.5,50.0,33.4,12.0,33.6,19.6,4.4
granite3.2,2.0B,1_Классификаторы_KNN_и_наивный_байес,"В спам-примере, вычисли P(win|спам) с Laplace.",prompt13,dialog1275,analytics_granite3.2_2b_prompt13_dialog1275,analytics,33.2,32.1,46.7,35.5,50.0,33.4,12.0,33.6,19.6,4.4
granite3.2,2.0B,3. Инструменты обучения НС,Что такое autograd?,prompt13,dialog1276,analytics_granite3.2_2b_prompt13_dialog1276,analytics,33.2,32.1,46.7,35.5,50.0,33.4,12.0,33.6,19.6,4.4
granite3.2,2.0B,3. Инструменты обучения НС,Что такое TensorFlow?,prompt13,dialog1277,analytics_granite3.2_2b_prompt13_dialog1277,analytics,33.2,32.1,46.7,35.5,50.0,33.4,12.0,33.6,19.6,4.4
granite3.2,2.0B,3. Инструменты обучения НС,Что такое Keras?,prompt13,dialog1278,analytics_granite3.2_2b_prompt13_dialog1278,analytics,33.2,32.1,46.7,35.5,50.0,33.4,12.0,33.6,19.6,4.4
granite3.2,2.0B,3. Инструменты обучения НС,Что такое over-fitting?,prompt13,dialog1279,analytics_granite3.2_2b_prompt13_dialog1279,analytics,33.2,32.1,46.7,35.5,50.0,33.4,12.0,33.6,19.6,4.4
granite3.2,2.0B,3. Инструменты обучения НС,Что такое SGD?,prompt13,dialog1280,analytics_granite3.2_2b_prompt13_dialog1280,analytics,33.2,32.1,46.7,35.5,50.0,33.4,12.0,33.6,19.6,4.4
granite3.2,2.0B,3. Инструменты обучения НС,Что такое Momentum в оптимизации?,prompt13,dialog1281,analytics_granite3.2_2b_prompt13_dialog1281,analytics,33.2,32.1,46.7,35.5,50.0,33.4,12.0,33.6,19.6,4.4
granite3.2,2.0B,3. Инструменты обучения НС,Что такое Adam?,prompt13,dialog1282,analytics_granite3.2_2b_prompt13_dialog1282,analytics,33.2,32.1,46.7,35.5,50.0,33.4,12.0,33.6,19.6,4.4
granite3.2,2.0B,3. Инструменты обучения НС,Что такое learning rate?,prompt13,dialog1283,analytics_granite3.2_2b_prompt13_dialog1283,analytics,33.2,32.1,46.7,35.5,50.0,33.4,12.0,33.6,19.6,4.4
granite3.2,2.0B,3. Инструменты обучения НС,Что такое метод Ньютона?,prompt13,dialog1284,analytics_granite3.2_2b_prompt13_dialog1284,analytics,33.2,32.1,46.7,35.5,50.0,33.4,12.0,33.6,19.6,4.4
granite3.2,2.0B,3. Инструменты обучения НС,Что такое RMSProp?,prompt13,dialog1285,analytics_granite3.2_2b_prompt13_dialog1285,analytics,33.2,32.1,46.7,35.5,50.0,33.4,12.0,33.6,19.6,4.4
granite3.2,2.0B,3. Инструменты обучения НС,"Вычисли шаг в SGD для L(w)=w^2, w=3, η=0.1.",prompt13,dialog1286,analytics_granite3.2_2b_prompt13_dialog1286,analytics,33.2,32.1,46.7,35.5,50.0,33.4,12.0,33.6,19.6,4.4
granite3.2,2.0B,3. Инструменты обучения НС,"Вычисли v_t в Momentum: γ=0.9, v_{t-1}=1, ∇L=2, η=0.1.",prompt13,dialog1287,analytics_granite3.2_2b_prompt13_dialog1287,analytics,33.2,32.1,46.7,35.5,50.0,33.4,12.0,33.6,19.6,4.4
granite3.2,2.0B,3. Инструменты обучения НС,"В Adagrad, G_{t-1,ii}=4, g_t=2, η=0.1, ε=1e-8.",prompt13,dialog1288,analytics_granite3.2_2b_prompt13_dialog1288,analytics,33.2,32.1,46.7,35.5,50.0,33.4,12.0,33.6,19.6,4.4
granite3.2,2.0B,3. Инструменты обучения НС,"Вычисли learning rate decay: η0=0.1, t=5, T=10, linear.",prompt13,dialog1289,analytics_granite3.2_2b_prompt13_dialog1289,analytics,33.2,32.1,46.7,35.5,50.0,33.4,12.0,33.6,19.6,4.4
granite3.2,2.0B,3. Инструменты обучения НС,"В Nesterov, вычисли ∇ в ω - γ v_{t-1}: γ=0.9, v=1, ∇=2.",prompt13,dialog1290,analytics_granite3.2_2b_prompt13_dialog1290,analytics,33.2,32.1,46.7,35.5,50.0,33.4,12.0,33.6,19.6,4.4
granite3.2,2.0B,1_Классификаторы_KNN_и_наивный_байес,Что такое метод k-ближайших соседей?,prompt4,dialog0991,analytics_granite3.2_2b_prompt4_dialog0991,analytics,32.5,30.1,51.2,35.5,50.0,31.2,10.7,34.5,22.1,4.7
granite3.2,2.0B,1_Классификаторы_KNN_и_наивный_байес,Как выбрать количество соседей k в k-NN?,prompt4,dialog0992,analytics_granite3.2_2b_prompt4_dialog0992,analytics,32.5,30.1,51.2,35.5,50.0,31.2,10.7,34.5,22.1,4.7
granite3.2,2.0B,1_Классификаторы_KNN_и_наивный_байес,Что такое евклидова метрика?,prompt4,dialog0993,analytics_granite3.2_2b_prompt4_dialog0993,analytics,32.5,30.1,51.2,35.5,50.0,31.2,10.7,34.5,22.1,4.7
granite3.2,2.0B,1_Классификаторы_KNN_и_наивный_байес,В чем суть наивного байесовского классификатора?,prompt4,dialog0994,analytics_granite3.2_2b_prompt4_dialog0994,analytics,32.5,30.1,51.2,35.5,50.0,31.2,10.7,34.5,22.1,4.7
granite3.2,2.0B,1_Классификаторы_KNN_и_наивный_байес,Как работает сглаживание по Лапласу?,prompt4,dialog0995,analytics_granite3.2_2b_prompt4_dialog0995,analytics,32.5,30.1,51.2,35.5,50.0,31.2,10.7,34.5,22.1,4.7
granite3.2,2.0B,1_Классификаторы_KNN_и_наивный_байес,Что такое манхэттенское расстояние?,prompt4,dialog0996,analytics_granite3.2_2b_prompt4_dialog0996,analytics,32.5,30.1,51.2,35.5,50.0,31.2,10.7,34.5,22.1,4.7
granite3.2,2.0B,1_Классификаторы_KNN_и_наивный_байес,Как вычислить вероятность класса в Naive Bayes?,prompt4,dialog0997,analytics_granite3.2_2b_prompt4_dialog0997,analytics,32.5,30.1,51.2,35.5,50.0,31.2,10.7,34.5,22.1,4.7
granite3.2,2.0B,1_Классификаторы_KNN_и_наивный_байес,Что такое расстояние Чебышёва?,prompt4,dialog0998,analytics_granite3.2_2b_prompt4_dialog0998,analytics,32.5,30.1,51.2,35.5,50.0,31.2,10.7,34.5,22.1,4.7
granite3.2,2.0B,1_Классификаторы_KNN_и_наивный_байес,Как классифицировать письмо как спам в Naive Bayes?,prompt4,dialog0999,analytics_granite3.2_2b_prompt4_dialog0999,analytics,32.5,30.1,51.2,35.5,50.0,31.2,10.7,34.5,22.1,4.7
granite3.2,2.0B,1_Классификаторы_KNN_и_наивный_байес,В чем разница между k-NN и взвешенным k-NN?,prompt4,dialog1000,analytics_granite3.2_2b_prompt4_dialog1000,analytics,32.5,30.1,51.2,35.5,50.0,31.2,10.7,34.5,22.1,4.7
granite3.2,2.0B,1_Классификаторы_KNN_и_наивный_байес,Вычисли вероятность спама для слова 'приз' из примера.,prompt4,dialog1001,analytics_granite3.2_2b_prompt4_dialog1001,analytics,32.5,30.1,51.2,35.5,50.0,31.2,10.7,34.5,22.1,4.7
granite3.2,2.0B,1_Классификаторы_KNN_и_наивный_байес,"Вычисли расстояние Евклида между (1,2) и (3,4).",prompt4,dialog1002,analytics_granite3.2_2b_prompt4_dialog1002,analytics,32.5,30.1,51.2,35.5,50.0,31.2,10.7,34.5,22.1,4.7
granite3.2,2.0B,1_Классификаторы_KNN_и_наивный_байес,"В примере с погодой, вычисли F(да) для теста.",prompt4,dialog1003,analytics_granite3.2_2b_prompt4_dialog1003,analytics,32.5,30.1,51.2,35.5,50.0,31.2,10.7,34.5,22.1,4.7
granite3.2,2.0B,1_Классификаторы_KNN_и_наивный_байес,"Вычисли P(да | пасмурно, холодно, влажно, да).",prompt4,dialog1004,analytics_granite3.2_2b_prompt4_dialog1004,analytics,32.5,30.1,51.2,35.5,50.0,31.2,10.7,34.5,22.1,4.7
granite3.2,2.0B,1_Классификаторы_KNN_и_наивный_байес,"В спам-примере, вычисли P(win|спам) с Laplace.",prompt4,dialog1005,analytics_granite3.2_2b_prompt4_dialog1005,analytics,32.5,30.1,51.2,35.5,50.0,31.2,10.7,34.5,22.1,4.7
granite3.2,2.0B,3. Инструменты обучения НС,Что такое autograd?,prompt4,dialog1006,analytics_granite3.2_2b_prompt4_dialog1006,analytics,32.5,30.1,51.2,35.5,50.0,31.2,10.7,34.5,22.1,4.7
granite3.2,2.0B,3. Инструменты обучения НС,Что такое TensorFlow?,prompt4,dialog1007,analytics_granite3.2_2b_prompt4_dialog1007,analytics,32.5,30.1,51.2,35.5,50.0,31.2,10.7,34.5,22.1,4.7
granite3.2,2.0B,3. Инструменты обучения НС,Что такое Keras?,prompt4,dialog1008,analytics_granite3.2_2b_prompt4_dialog1008,analytics,32.5,30.1,51.2,35.5,50.0,31.2,10.7,34.5,22.1,4.7
granite3.2,2.0B,3. Инструменты обучения НС,Что такое over-fitting?,prompt4,dialog1009,analytics_granite3.2_2b_prompt4_dialog1009,analytics,32.5,30.1,51.2,35.5,50.0,31.2,10.7,34.5,22.1,4.7
granite3.2,2.0B,3. Инструменты обучения НС,Что такое SGD?,prompt4,dialog1010,analytics_granite3.2_2b_prompt4_dialog1010,analytics,32.5,30.1,51.2,35.5,50.0,31.2,10.7,34.5,22.1,4.7
granite3.2,2.0B,3. Инструменты обучения НС,Что такое Momentum в оптимизации?,prompt4,dialog1011,analytics_granite3.2_2b_prompt4_dialog1011,analytics,32.5,30.1,51.2,35.5,50.0,31.2,10.7,34.5,22.1,4.7
granite3.2,2.0B,3. Инструменты обучения НС,Что такое Adam?,prompt4,dialog1012,analytics_granite3.2_2b_prompt4_dialog1012,analytics,32.5,30.1,51.2,35.5,50.0,31.2,10.7,34.5,22.1,4.7
granite3.2,2.0B,3. Инструменты обучения НС,Что такое learning rate?,prompt4,dialog1013,analytics_granite3.2_2b_prompt4_dialog1013,analytics,32.5,30.1,51.2,35.5,50.0,31.2,10.7,34.5,22.1,4.7
granite3.2,2.0B,3. Инструменты обучения НС,Что такое метод Ньютона?,prompt4,dialog1014,analytics_granite3.2_2b_prompt4_dialog1014,analytics,32.5,30.1,51.2,35.5,50.0,31.2,10.7,34.5,22.1,4.7
granite3.2,2.0B,3. Инструменты обучения НС,Что такое RMSProp?,prompt4,dialog1015,analytics_granite3.2_2b_prompt4_dialog1015,analytics,32.5,30.1,51.2,35.5,50.0,31.2,10.7,34.5,22.1,4.7
granite3.2,2.0B,3. Инструменты обучения НС,"Вычисли шаг в SGD для L(w)=w^2, w=3, η=0.1.",prompt4,dialog1016,analytics_granite3.2_2b_prompt4_dialog1016,analytics,32.5,30.1,51.2,35.5,50.0,31.2,10.7,34.5,22.1,4.7
granite3.2,2.0B,3. Инструменты обучения НС,"Вычисли v_t в Momentum: γ=0.9, v_{t-1}=1, ∇L=2, η=0.1.",prompt4,dialog1017,analytics_granite3.2_2b_prompt4_dialog1017,analytics,32.5,30.1,51.2,35.5,50.0,31.2,10.7,34.5,22.1,4.7
granite3.2,2.0B,3. Инструменты обучения НС,"В Adagrad, G_{t-1,ii}=4, g_t=2, η=0.1, ε=1e-8.",prompt4,dialog1018,analytics_granite3.2_2b_prompt4_dialog1018,analytics,32.5,30.1,51.2,35.5,50.0,31.2,10.7,34.5,22.1,4.7
granite3.2,2.0B,3. Инструменты обучения НС,"Вычисли learning rate decay: η0=0.1, t=5, T=10, linear.",prompt4,dialog1019,analytics_granite3.2_2b_prompt4_dialog1019,analytics,32.5,30.1,51.2,35.5,50.0,31.2,10.7,34.5,22.1,4.7
granite3.2,2.0B,3. Инструменты обучения НС,"В Nesterov, вычисли ∇ в ω - γ v_{t-1}: γ=0.9, v=1, ∇=2.",prompt4,dialog1020,analytics_granite3.2_2b_prompt4_dialog1020,analytics,32.5,30.1,51.2,35.5,50.0,31.2,10.7,34.5,22.1,4.7
granite3.2,2.0B,1_Классификаторы_KNN_и_наивный_байес,Что такое метод k-ближайших соседей?,prompt3,dialog0961,analytics_granite3.2_2b_prompt3_dialog0961,analytics,31.5,29.0,46.2,35.5,50.0,31.6,11.7,32.5,20.2,5.8
granite3.2,2.0B,1_Классификаторы_KNN_и_наивный_байес,Как выбрать количество соседей k в k-NN?,prompt3,dialog0962,analytics_granite3.2_2b_prompt3_dialog0962,analytics,31.5,29.0,46.2,35.5,50.0,31.6,11.7,32.5,20.2,5.8
granite3.2,2.0B,1_Классификаторы_KNN_и_наивный_байес,Что такое евклидова метрика?,prompt3,dialog0963,analytics_granite3.2_2b_prompt3_dialog0963,analytics,31.5,29.0,46.2,35.5,50.0,31.6,11.7,32.5,20.2,5.8
granite3.2,2.0B,1_Классификаторы_KNN_и_наивный_байес,В чем суть наивного байесовского классификатора?,prompt3,dialog0964,analytics_granite3.2_2b_prompt3_dialog0964,analytics,31.5,29.0,46.2,35.5,50.0,31.6,11.7,32.5,20.2,5.8
granite3.2,2.0B,1_Классификаторы_KNN_и_наивный_байес,Как работает сглаживание по Лапласу?,prompt3,dialog0965,analytics_granite3.2_2b_prompt3_dialog0965,analytics,31.5,29.0,46.2,35.5,50.0,31.6,11.7,32.5,20.2,5.8
granite3.2,2.0B,1_Классификаторы_KNN_и_наивный_байес,Что такое манхэттенское расстояние?,prompt3,dialog0966,analytics_granite3.2_2b_prompt3_dialog0966,analytics,31.5,29.0,46.2,35.5,50.0,31.6,11.7,32.5,20.2,5.8
granite3.2,2.0B,1_Классификаторы_KNN_и_наивный_байес,Как вычислить вероятность класса в Naive Bayes?,prompt3,dialog0967,analytics_granite3.2_2b_prompt3_dialog0967,analytics,31.5,29.0,46.2,35.5,50.0,31.6,11.7,32.5,20.2,5.8
granite3.2,2.0B,1_Классификаторы_KNN_и_наивный_байес,Что такое расстояние Чебышёва?,prompt3,dialog0968,analytics_granite3.2_2b_prompt3_dialog0968,analytics,31.5,29.0,46.2,35.5,50.0,31.6,11.7,32.5,20.2,5.8
granite3.2,2.0B,1_Классификаторы_KNN_и_наивный_байес,Как классифицировать письмо как спам в Naive Bayes?,prompt3,dialog0969,analytics_granite3.2_2b_prompt3_dialog0969,analytics,31.5,29.0,46.2,35.5,50.0,31.6,11.7,32.5,20.2,5.8
granite3.2,2.0B,1_Классификаторы_KNN_и_наивный_байес,В чем разница между k-NN и взвешенным k-NN?,prompt3,dialog0970,analytics_granite3.2_2b_prompt3_dialog0970,analytics,31.5,29.0,46.2,35.5,50.0,31.6,11.7,32.5,20.2,5.8
granite3.2,2.0B,1_Классификаторы_KNN_и_наивный_байес,Вычисли вероятность спама для слова 'приз' из примера.,prompt3,dialog0971,analytics_granite3.2_2b_prompt3_dialog0971,analytics,31.5,29.0,46.2,35.5,50.0,31.6,11.7,32.5,20.2,5.8
granite3.2,2.0B,1_Классификаторы_KNN_и_наивный_байес,"Вычисли расстояние Евклида между (1,2) и (3,4).",prompt3,dialog0972,analytics_granite3.2_2b_prompt3_dialog0972,analytics,31.5,29.0,46.2,35.5,50.0,31.6,11.7,32.5,20.2,5.8
granite3.2,2.0B,1_Классификаторы_KNN_и_наивный_байес,"В примере с погодой, вычисли F(да) для теста.",prompt3,dialog0973,analytics_granite3.2_2b_prompt3_dialog0973,analytics,31.5,29.0,46.2,35.5,50.0,31.6,11.7,32.5,20.2,5.8
granite3.2,2.0B,1_Классификаторы_KNN_и_наивный_байес,"Вычисли P(да | пасмурно, холодно, влажно, да).",prompt3,dialog0974,analytics_granite3.2_2b_prompt3_dialog0974,analytics,31.5,29.0,46.2,35.5,50.0,31.6,11.7,32.5,20.2,5.8
granite3.2,2.0B,1_Классификаторы_KNN_и_наивный_байес,"В спам-примере, вычисли P(win|спам) с Laplace.",prompt3,dialog0975,analytics_granite3.2_2b_prompt3_dialog0975,analytics,31.5,29.0,46.2,35.5,50.0,31.6,11.7,32.5,20.2,5.8
granite3.2,2.0B,3. Инструменты обучения НС,Что такое autograd?,prompt3,dialog0976,analytics_granite3.2_2b_prompt3_dialog0976,analytics,31.5,29.0,46.2,35.5,50.0,31.6,11.7,32.5,20.2,5.8
granite3.2,2.0B,3. Инструменты обучения НС,Что такое TensorFlow?,prompt3,dialog0977,analytics_granite3.2_2b_prompt3_dialog0977,analytics,31.5,29.0,46.2,35.5,50.0,31.6,11.7,32.5,20.2,5.8
granite3.2,2.0B,3. Инструменты обучения НС,Что такое Keras?,prompt3,dialog0978,analytics_granite3.2_2b_prompt3_dialog0978,analytics,31.5,29.0,46.2,35.5,50.0,31.6,11.7,32.5,20.2,5.8
granite3.2,2.0B,3. Инструменты обучения НС,Что такое over-fitting?,prompt3,dialog0979,analytics_granite3.2_2b_prompt3_dialog0979,analytics,31.5,29.0,46.2,35.5,50.0,31.6,11.7,32.5,20.2,5.8
granite3.2,2.0B,3. Инструменты обучения НС,Что такое SGD?,prompt3,dialog0980,analytics_granite3.2_2b_prompt3_dialog0980,analytics,31.5,29.0,46.2,35.5,50.0,31.6,11.7,32.5,20.2,5.8
granite3.2,2.0B,3. Инструменты обучения НС,Что такое Momentum в оптимизации?,prompt3,dialog0981,analytics_granite3.2_2b_prompt3_dialog0981,analytics,31.5,29.0,46.2,35.5,50.0,31.6,11.7,32.5,20.2,5.8
granite3.2,2.0B,3. Инструменты обучения НС,Что такое Adam?,prompt3,dialog0982,analytics_granite3.2_2b_prompt3_dialog0982,analytics,31.5,29.0,46.2,35.5,50.0,31.6,11.7,32.5,20.2,5.8
granite3.2,2.0B,3. Инструменты обучения НС,Что такое learning rate?,prompt3,dialog0983,analytics_granite3.2_2b_prompt3_dialog0983,analytics,31.5,29.0,46.2,35.5,50.0,31.6,11.7,32.5,20.2,5.8
granite3.2,2.0B,3. Инструменты обучения НС,Что такое метод Ньютона?,prompt3,dialog0984,analytics_granite3.2_2b_prompt3_dialog0984,analytics,31.5,29.0,46.2,35.5,50.0,31.6,11.7,32.5,20.2,5.8
granite3.2,2.0B,3. Инструменты обучения НС,Что такое RMSProp?,prompt3,dialog0985,analytics_granite3.2_2b_prompt3_dialog0985,analytics,31.5,29.0,46.2,35.5,50.0,31.6,11.7,32.5,20.2,5.8
granite3.2,2.0B,3. Инструменты обучения НС,"Вычисли шаг в SGD для L(w)=w^2, w=3, η=0.1.",prompt3,dialog0986,analytics_granite3.2_2b_prompt3_dialog0986,analytics,31.5,29.0,46.2,35.5,50.0,31.6,11.7,32.5,20.2,5.8
granite3.2,2.0B,3. Инструменты обучения НС,"Вычисли v_t в Momentum: γ=0.9, v_{t-1}=1, ∇L=2, η=0.1.",prompt3,dialog0987,analytics_granite3.2_2b_prompt3_dialog0987,analytics,31.5,29.0,46.2,35.5,50.0,31.6,11.7,32.5,20.2,5.8
granite3.2,2.0B,3. Инструменты обучения НС,"В Adagrad, G_{t-1,ii}=4, g_t=2, η=0.1, ε=1e-8.",prompt3,dialog0988,analytics_granite3.2_2b_prompt3_dialog0988,analytics,31.5,29.0,46.2,35.5,50.0,31.6,11.7,32.5,20.2,5.8
granite3.2,2.0B,3. Инструменты обучения НС,"Вычисли learning rate decay: η0=0.1, t=5, T=10, linear.",prompt3,dialog0989,analytics_granite3.2_2b_prompt3_dialog0989,analytics,31.5,29.0,46.2,35.5,50.0,31.6,11.7,32.5,20.2,5.8
granite3.2,2.0B,3. Инструменты обучения НС,"В Nesterov, вычисли ∇ в ω - γ v_{t-1}: γ=0.9, v=1, ∇=2.",prompt3,dialog0990,analytics_granite3.2_2b_prompt3_dialog0990,analytics,31.5,29.0,46.2,35.5,50.0,31.6,11.7,32.5,20.2,5.8
granite3.2,2.0B,1_Классификаторы_KNN_и_наивный_байес,Что такое метод k-ближайших соседей?,prompt2,dialog0931,analytics_granite3.2_2b_prompt2_dialog0931,analytics,32.5,30.4,52.2,35.5,50.0,34.5,13.1,31.0,20.7,5.8
granite3.2,2.0B,1_Классификаторы_KNN_и_наивный_байес,Как выбрать количество соседей k в k-NN?,prompt2,dialog0932,analytics_granite3.2_2b_prompt2_dialog0932,analytics,32.5,30.4,52.2,35.5,50.0,34.5,13.1,31.0,20.7,5.8
granite3.2,2.0B,1_Классификаторы_KNN_и_наивный_байес,Что такое евклидова метрика?,prompt2,dialog0933,analytics_granite3.2_2b_prompt2_dialog0933,analytics,32.5,30.4,52.2,35.5,50.0,34.5,13.1,31.0,20.7,5.8
granite3.2,2.0B,1_Классификаторы_KNN_и_наивный_байес,В чем суть наивного байесовского классификатора?,prompt2,dialog0934,analytics_granite3.2_2b_prompt2_dialog0934,analytics,32.5,30.4,52.2,35.5,50.0,34.5,13.1,31.0,20.7,5.8
granite3.2,2.0B,1_Классификаторы_KNN_и_наивный_байес,Как работает сглаживание по Лапласу?,prompt2,dialog0935,analytics_granite3.2_2b_prompt2_dialog0935,analytics,32.5,30.4,52.2,35.5,50.0,34.5,13.1,31.0,20.7,5.8
granite3.2,2.0B,1_Классификаторы_KNN_и_наивный_байес,Что такое манхэттенское расстояние?,prompt2,dialog0936,analytics_granite3.2_2b_prompt2_dialog0936,analytics,32.5,30.4,52.2,35.5,50.0,34.5,13.1,31.0,20.7,5.8
granite3.2,2.0B,1_Классификаторы_KNN_и_наивный_байес,Как вычислить вероятность класса в Naive Bayes?,prompt2,dialog0937,analytics_granite3.2_2b_prompt2_dialog0937,analytics,32.5,30.4,52.2,35.5,50.0,34.5,13.1,31.0,20.7,5.8
granite3.2,2.0B,1_Классификаторы_KNN_и_наивный_байес,Что такое расстояние Чебышёва?,prompt2,dialog0938,analytics_granite3.2_2b_prompt2_dialog0938,analytics,32.5,30.4,52.2,35.5,50.0,34.5,13.1,31.0,20.7,5.8
granite3.2,2.0B,1_Классификаторы_KNN_и_наивный_байес,Как классифицировать письмо как спам в Naive Bayes?,prompt2,dialog0939,analytics_granite3.2_2b_prompt2_dialog0939,analytics,32.5,30.4,52.2,35.5,50.0,34.5,13.1,31.0,20.7,5.8
granite3.2,2.0B,1_Классификаторы_KNN_и_наивный_байес,В чем разница между k-NN и взвешенным k-NN?,prompt2,dialog0940,analytics_granite3.2_2b_prompt2_dialog0940,analytics,32.5,30.4,52.2,35.5,50.0,34.5,13.1,31.0,20.7,5.8
granite3.2,2.0B,1_Классификаторы_KNN_и_наивный_байес,Вычисли вероятность спама для слова 'приз' из примера.,prompt2,dialog0941,analytics_granite3.2_2b_prompt2_dialog0941,analytics,32.5,30.4,52.2,35.5,50.0,34.5,13.1,31.0,20.7,5.8
granite3.2,2.0B,1_Классификаторы_KNN_и_наивный_байес,"Вычисли расстояние Евклида между (1,2) и (3,4).",prompt2,dialog0942,analytics_granite3.2_2b_prompt2_dialog0942,analytics,32.5,30.4,52.2,35.5,50.0,34.5,13.1,31.0,20.7,5.8
granite3.2,2.0B,1_Классификаторы_KNN_и_наивный_байес,"В примере с погодой, вычисли F(да) для теста.",prompt2,dialog0943,analytics_granite3.2_2b_prompt2_dialog0943,analytics,32.5,30.4,52.2,35.5,50.0,34.5,13.1,31.0,20.7,5.8
granite3.2,2.0B,1_Классификаторы_KNN_и_наивный_байес,"Вычисли P(да | пасмурно, холодно, влажно, да).",prompt2,dialog0944,analytics_granite3.2_2b_prompt2_dialog0944,analytics,32.5,30.4,52.2,35.5,50.0,34.5,13.1,31.0,20.7,5.8
granite3.2,2.0B,1_Классификаторы_KNN_и_наивный_байес,"В спам-примере, вычисли P(win|спам) с Laplace.",prompt2,dialog0945,analytics_granite3.2_2b_prompt2_dialog0945,analytics,32.5,30.4,52.2,35.5,50.0,34.5,13.1,31.0,20.7,5.8
granite3.2,2.0B,3. Инструменты обучения НС,Что такое autograd?,prompt2,dialog0946,analytics_granite3.2_2b_prompt2_dialog0946,analytics,32.5,30.4,52.2,35.5,50.0,34.5,13.1,31.0,20.7,5.8
granite3.2,2.0B,3. Инструменты обучения НС,Что такое TensorFlow?,prompt2,dialog0947,analytics_granite3.2_2b_prompt2_dialog0947,analytics,32.5,30.4,52.2,35.5,50.0,34.5,13.1,31.0,20.7,5.8
granite3.2,2.0B,3. Инструменты обучения НС,Что такое Keras?,prompt2,dialog0948,analytics_granite3.2_2b_prompt2_dialog0948,analytics,32.5,30.4,52.2,35.5,50.0,34.5,13.1,31.0,20.7,5.8
granite3.2,2.0B,3. Инструменты обучения НС,Что такое over-fitting?,prompt2,dialog0949,analytics_granite3.2_2b_prompt2_dialog0949,analytics,32.5,30.4,52.2,35.5,50.0,34.5,13.1,31.0,20.7,5.8
granite3.2,2.0B,3. Инструменты обучения НС,Что такое SGD?,prompt2,dialog0950,analytics_granite3.2_2b_prompt2_dialog0950,analytics,32.5,30.4,52.2,35.5,50.0,34.5,13.1,31.0,20.7,5.8
granite3.2,2.0B,3. Инструменты обучения НС,Что такое Momentum в оптимизации?,prompt2,dialog0951,analytics_granite3.2_2b_prompt2_dialog0951,analytics,32.5,30.4,52.2,35.5,50.0,34.5,13.1,31.0,20.7,5.8
granite3.2,2.0B,3. Инструменты обучения НС,Что такое Adam?,prompt2,dialog0952,analytics_granite3.2_2b_prompt2_dialog0952,analytics,32.5,30.4,52.2,35.5,50.0,34.5,13.1,31.0,20.7,5.8
granite3.2,2.0B,3. Инструменты обучения НС,Что такое learning rate?,prompt2,dialog0953,analytics_granite3.2_2b_prompt2_dialog0953,analytics,32.5,30.4,52.2,35.5,50.0,34.5,13.1,31.0,20.7,5.8
granite3.2,2.0B,3. Инструменты обучения НС,Что такое метод Ньютона?,prompt2,dialog0954,analytics_granite3.2_2b_prompt2_dialog0954,analytics,32.5,30.4,52.2,35.5,50.0,34.5,13.1,31.0,20.7,5.8
granite3.2,2.0B,3. Инструменты обучения НС,Что такое RMSProp?,prompt2,dialog0955,analytics_granite3.2_2b_prompt2_dialog0955,analytics,32.5,30.4,52.2,35.5,50.0,34.5,13.1,31.0,20.7,5.8
granite3.2,2.0B,3. Инструменты обучения НС,"Вычисли шаг в SGD для L(w)=w^2, w=3, η=0.1.",prompt2,dialog0956,analytics_granite3.2_2b_prompt2_dialog0956,analytics,32.5,30.4,52.2,35.5,50.0,34.5,13.1,31.0,20.7,5.8
granite3.2,2.0B,3. Инструменты обучения НС,"Вычисли v_t в Momentum: γ=0.9, v_{t-1}=1, ∇L=2, η=0.1.",prompt2,dialog0957,analytics_granite3.2_2b_prompt2_dialog0957,analytics,32.5,30.4,52.2,35.5,50.0,34.5,13.1,31.0,20.7,5.8
granite3.2,2.0B,3. Инструменты обучения НС,"В Adagrad, G_{t-1,ii}=4, g_t=2, η=0.1, ε=1e-8.",prompt2,dialog0958,analytics_granite3.2_2b_prompt2_dialog0958,analytics,32.5,30.4,52.2,35.5,50.0,34.5,13.1,31.0,20.7,5.8
granite3.2,2.0B,3. Инструменты обучения НС,"Вычисли learning rate decay: η0=0.1, t=5, T=10, linear.",prompt2,dialog0959,analytics_granite3.2_2b_prompt2_dialog0959,analytics,32.5,30.4,52.2,35.5,50.0,34.5,13.1,31.0,20.7,5.8
granite3.2,2.0B,3. Инструменты обучения НС,"В Nesterov, вычисли ∇ в ω - γ v_{t-1}: γ=0.9, v=1, ∇=2.",prompt2,dialog0960,analytics_granite3.2_2b_prompt2_dialog0960,analytics,32.5,30.4,52.2,35.5,50.0,34.5,13.1,31.0,20.7,5.8
granite3.2,2.0B,1_Классификаторы_KNN_и_наивный_байес,Что такое метод k-ближайших соседей?,prompt5,dialog1021,analytics_granite3.2_2b_prompt5_dialog1021,analytics,32.9,31.3,50.4,35.5,50.0,27.9,13.4,31.0,20.7,5.6
granite3.2,2.0B,1_Классификаторы_KNN_и_наивный_байес,Как выбрать количество соседей k в k-NN?,prompt5,dialog1022,analytics_granite3.2_2b_prompt5_dialog1022,analytics,32.9,31.3,50.4,35.5,50.0,27.9,13.4,31.0,20.7,5.6
granite3.2,2.0B,1_Классификаторы_KNN_и_наивный_байес,Что такое евклидова метрика?,prompt5,dialog1023,analytics_granite3.2_2b_prompt5_dialog1023,analytics,32.9,31.3,50.4,35.5,50.0,27.9,13.4,31.0,20.7,5.6
granite3.2,2.0B,1_Классификаторы_KNN_и_наивный_байес,В чем суть наивного байесовского классификатора?,prompt5,dialog1024,analytics_granite3.2_2b_prompt5_dialog1024,analytics,32.9,31.3,50.4,35.5,50.0,27.9,13.4,31.0,20.7,5.6
granite3.2,2.0B,1_Классификаторы_KNN_и_наивный_байес,Как работает сглаживание по Лапласу?,prompt5,dialog1025,analytics_granite3.2_2b_prompt5_dialog1025,analytics,32.9,31.3,50.4,35.5,50.0,27.9,13.4,31.0,20.7,5.6
granite3.2,2.0B,1_Классификаторы_KNN_и_наивный_байес,Что такое манхэттенское расстояние?,prompt5,dialog1026,analytics_granite3.2_2b_prompt5_dialog1026,analytics,32.9,31.3,50.4,35.5,50.0,27.9,13.4,31.0,20.7,5.6
granite3.2,2.0B,1_Классификаторы_KNN_и_наивный_байес,Как вычислить вероятность класса в Naive Bayes?,prompt5,dialog1027,analytics_granite3.2_2b_prompt5_dialog1027,analytics,32.9,31.3,50.4,35.5,50.0,27.9,13.4,31.0,20.7,5.6
granite3.2,2.0B,1_Классификаторы_KNN_и_наивный_байес,Что такое расстояние Чебышёва?,prompt5,dialog1028,analytics_granite3.2_2b_prompt5_dialog1028,analytics,32.9,31.3,50.4,35.5,50.0,27.9,13.4,31.0,20.7,5.6
granite3.2,2.0B,1_Классификаторы_KNN_и_наивный_байес,Как классифицировать письмо как спам в Naive Bayes?,prompt5,dialog1029,analytics_granite3.2_2b_prompt5_dialog1029,analytics,32.9,31.3,50.4,35.5,50.0,27.9,13.4,31.0,20.7,5.6
granite3.2,2.0B,1_Классификаторы_KNN_и_наивный_байес,В чем разница между k-NN и взвешенным k-NN?,prompt5,dialog1030,analytics_granite3.2_2b_prompt5_dialog1030,analytics,32.9,31.3,50.4,35.5,50.0,27.9,13.4,31.0,20.7,5.6
granite3.2,2.0B,1_Классификаторы_KNN_и_наивный_байес,Вычисли вероятность спама для слова 'приз' из примера.,prompt5,dialog1031,analytics_granite3.2_2b_prompt5_dialog1031,analytics,32.9,31.3,50.4,35.5,50.0,27.9,13.4,31.0,20.7,5.6
granite3.2,2.0B,1_Классификаторы_KNN_и_наивный_байес,"Вычисли расстояние Евклида между (1,2) и (3,4).",prompt5,dialog1032,analytics_granite3.2_2b_prompt5_dialog1032,analytics,32.9,31.3,50.4,35.5,50.0,27.9,13.4,31.0,20.7,5.6
granite3.2,2.0B,1_Классификаторы_KNN_и_наивный_байес,"В примере с погодой, вычисли F(да) для теста.",prompt5,dialog1033,analytics_granite3.2_2b_prompt5_dialog1033,analytics,32.9,31.3,50.4,35.5,50.0,27.9,13.4,31.0,20.7,5.6
granite3.2,2.0B,1_Классификаторы_KNN_и_наивный_байес,"Вычисли P(да | пасмурно, холодно, влажно, да).",prompt5,dialog1034,analytics_granite3.2_2b_prompt5_dialog1034,analytics,32.9,31.3,50.4,35.5,50.0,27.9,13.4,31.0,20.7,5.6
granite3.2,2.0B,1_Классификаторы_KNN_и_наивный_байес,"В спам-примере, вычисли P(win|спам) с Laplace.",prompt5,dialog1035,analytics_granite3.2_2b_prompt5_dialog1035,analytics,32.9,31.3,50.4,35.5,50.0,27.9,13.4,31.0,20.7,5.6
granite3.2,2.0B,3. Инструменты обучения НС,Что такое autograd?,prompt5,dialog1036,analytics_granite3.2_2b_prompt5_dialog1036,analytics,32.9,31.3,50.4,35.5,50.0,27.9,13.4,31.0,20.7,5.6
granite3.2,2.0B,3. Инструменты обучения НС,Что такое TensorFlow?,prompt5,dialog1037,analytics_granite3.2_2b_prompt5_dialog1037,analytics,32.9,31.3,50.4,35.5,50.0,27.9,13.4,31.0,20.7,5.6
granite3.2,2.0B,3. Инструменты обучения НС,Что такое Keras?,prompt5,dialog1038,analytics_granite3.2_2b_prompt5_dialog1038,analytics,32.9,31.3,50.4,35.5,50.0,27.9,13.4,31.0,20.7,5.6
granite3.2,2.0B,3. Инструменты обучения НС,Что такое over-fitting?,prompt5,dialog1039,analytics_granite3.2_2b_prompt5_dialog1039,analytics,32.9,31.3,50.4,35.5,50.0,27.9,13.4,31.0,20.7,5.6
granite3.2,2.0B,3. Инструменты обучения НС,Что такое SGD?,prompt5,dialog1040,analytics_granite3.2_2b_prompt5_dialog1040,analytics,32.9,31.3,50.4,35.5,50.0,27.9,13.4,31.0,20.7,5.6
granite3.2,2.0B,3. Инструменты обучения НС,Что такое Momentum в оптимизации?,prompt5,dialog1041,analytics_granite3.2_2b_prompt5_dialog1041,analytics,32.9,31.3,50.4,35.5,50.0,27.9,13.4,31.0,20.7,5.6
granite3.2,2.0B,3. Инструменты обучения НС,Что такое Adam?,prompt5,dialog1042,analytics_granite3.2_2b_prompt5_dialog1042,analytics,32.9,31.3,50.4,35.5,50.0,27.9,13.4,31.0,20.7,5.6
granite3.2,2.0B,3. Инструменты обучения НС,Что такое learning rate?,prompt5,dialog1043,analytics_granite3.2_2b_prompt5_dialog1043,analytics,32.9,31.3,50.4,35.5,50.0,27.9,13.4,31.0,20.7,5.6
granite3.2,2.0B,3. Инструменты обучения НС,Что такое метод Ньютона?,prompt5,dialog1044,analytics_granite3.2_2b_prompt5_dialog1044,analytics,32.9,31.3,50.4,35.5,50.0,27.9,13.4,31.0,20.7,5.6
granite3.2,2.0B,3. Инструменты обучения НС,Что такое RMSProp?,prompt5,dialog1045,analytics_granite3.2_2b_prompt5_dialog1045,analytics,32.9,31.3,50.4,35.5,50.0,27.9,13.4,31.0,20.7,5.6
granite3.2,2.0B,3. Инструменты обучения НС,"Вычисли шаг в SGD для L(w)=w^2, w=3, η=0.1.",prompt5,dialog1046,analytics_granite3.2_2b_prompt5_dialog1046,analytics,32.9,31.3,50.4,35.5,50.0,27.9,13.4,31.0,20.7,5.6
granite3.2,2.0B,3. Инструменты обучения НС,"Вычисли v_t в Momentum: γ=0.9, v_{t-1}=1, ∇L=2, η=0.1.",prompt5,dialog1047,analytics_granite3.2_2b_prompt5_dialog1047,analytics,32.9,31.3,50.4,35.5,50.0,27.9,13.4,31.0,20.7,5.6
granite3.2,2.0B,3. Инструменты обучения НС,"В Adagrad, G_{t-1,ii}=4, g_t=2, η=0.1, ε=1e-8.",prompt5,dialog1048,analytics_granite3.2_2b_prompt5_dialog1048,analytics,32.9,31.3,50.4,35.5,50.0,27.9,13.4,31.0,20.7,5.6
granite3.2,2.0B,3. Инструменты обучения НС,"Вычисли learning rate decay: η0=0.1, t=5, T=10, linear.",prompt5,dialog1049,analytics_granite3.2_2b_prompt5_dialog1049,analytics,32.9,31.3,50.4,35.5,50.0,27.9,13.4,31.0,20.7,5.6
granite3.2,2.0B,3. Инструменты обучения НС,"В Nesterov, вычисли ∇ в ω - γ v_{t-1}: γ=0.9, v=1, ∇=2.",prompt5,dialog1050,analytics_granite3.2_2b_prompt5_dialog1050,analytics,32.9,31.3,50.4,35.5,50.0,27.9,13.4,31.0,20.7,5.6
granite3.2,2.0B,1_Классификаторы_KNN_и_наивный_байес,Что такое метод k-ближайших соседей?,prompt12,dialog1231,analytics_granite3.2_2b_prompt12_dialog1231,analytics,33.4,31.6,53.7,35.5,50.0,36.0,11.7,32.7,21.1,5.7
granite3.2,2.0B,1_Классификаторы_KNN_и_наивный_байес,Как выбрать количество соседей k в k-NN?,prompt12,dialog1232,analytics_granite3.2_2b_prompt12_dialog1232,analytics,33.4,31.6,53.7,35.5,50.0,36.0,11.7,32.7,21.1,5.7
granite3.2,2.0B,1_Классификаторы_KNN_и_наивный_байес,Что такое евклидова метрика?,prompt12,dialog1233,analytics_granite3.2_2b_prompt12_dialog1233,analytics,33.4,31.6,53.7,35.5,50.0,36.0,11.7,32.7,21.1,5.7
granite3.2,2.0B,1_Классификаторы_KNN_и_наивный_байес,В чем суть наивного байесовского классификатора?,prompt12,dialog1234,analytics_granite3.2_2b_prompt12_dialog1234,analytics,33.4,31.6,53.7,35.5,50.0,36.0,11.7,32.7,21.1,5.7
granite3.2,2.0B,1_Классификаторы_KNN_и_наивный_байес,Как работает сглаживание по Лапласу?,prompt12,dialog1235,analytics_granite3.2_2b_prompt12_dialog1235,analytics,33.4,31.6,53.7,35.5,50.0,36.0,11.7,32.7,21.1,5.7
granite3.2,2.0B,1_Классификаторы_KNN_и_наивный_байес,Что такое манхэттенское расстояние?,prompt12,dialog1236,analytics_granite3.2_2b_prompt12_dialog1236,analytics,33.4,31.6,53.7,35.5,50.0,36.0,11.7,32.7,21.1,5.7
granite3.2,2.0B,1_Классификаторы_KNN_и_наивный_байес,Как вычислить вероятность класса в Naive Bayes?,prompt12,dialog1237,analytics_granite3.2_2b_prompt12_dialog1237,analytics,33.4,31.6,53.7,35.5,50.0,36.0,11.7,32.7,21.1,5.7
granite3.2,2.0B,1_Классификаторы_KNN_и_наивный_байес,Что такое расстояние Чебышёва?,prompt12,dialog1238,analytics_granite3.2_2b_prompt12_dialog1238,analytics,33.4,31.6,53.7,35.5,50.0,36.0,11.7,32.7,21.1,5.7
granite3.2,2.0B,1_Классификаторы_KNN_и_наивный_байес,Как классифицировать письмо как спам в Naive Bayes?,prompt12,dialog1239,analytics_granite3.2_2b_prompt12_dialog1239,analytics,33.4,31.6,53.7,35.5,50.0,36.0,11.7,32.7,21.1,5.7
granite3.2,2.0B,1_Классификаторы_KNN_и_наивный_байес,В чем разница между k-NN и взвешенным k-NN?,prompt12,dialog1240,analytics_granite3.2_2b_prompt12_dialog1240,analytics,33.4,31.6,53.7,35.5,50.0,36.0,11.7,32.7,21.1,5.7
granite3.2,2.0B,1_Классификаторы_KNN_и_наивный_байес,Вычисли вероятность спама для слова 'приз' из примера.,prompt12,dialog1241,analytics_granite3.2_2b_prompt12_dialog1241,analytics,33.4,31.6,53.7,35.5,50.0,36.0,11.7,32.7,21.1,5.7
granite3.2,2.0B,1_Классификаторы_KNN_и_наивный_байес,"Вычисли расстояние Евклида между (1,2) и (3,4).",prompt12,dialog1242,analytics_granite3.2_2b_prompt12_dialog1242,analytics,33.4,31.6,53.7,35.5,50.0,36.0,11.7,32.7,21.1,5.7
granite3.2,2.0B,1_Классификаторы_KNN_и_наивный_байес,"В примере с погодой, вычисли F(да) для теста.",prompt12,dialog1243,analytics_granite3.2_2b_prompt12_dialog1243,analytics,33.4,31.6,53.7,35.5,50.0,36.0,11.7,32.7,21.1,5.7
granite3.2,2.0B,1_Классификаторы_KNN_и_наивный_байес,"Вычисли P(да | пасмурно, холодно, влажно, да).",prompt12,dialog1244,analytics_granite3.2_2b_prompt12_dialog1244,analytics,33.4,31.6,53.7,35.5,50.0,36.0,11.7,32.7,21.1,5.7
granite3.2,2.0B,1_Классификаторы_KNN_и_наивный_байес,"В спам-примере, вычисли P(win|спам) с Laplace.",prompt12,dialog1245,analytics_granite3.2_2b_prompt12_dialog1245,analytics,33.4,31.6,53.7,35.5,50.0,36.0,11.7,32.7,21.1,5.7
granite3.2,2.0B,3. Инструменты обучения НС,Что такое autograd?,prompt12,dialog1246,analytics_granite3.2_2b_prompt12_dialog1246,analytics,33.4,31.6,53.7,35.5,50.0,36.0,11.7,32.7,21.1,5.7
granite3.2,2.0B,3. Инструменты обучения НС,Что такое TensorFlow?,prompt12,dialog1247,analytics_granite3.2_2b_prompt12_dialog1247,analytics,33.4,31.6,53.7,35.5,50.0,36.0,11.7,32.7,21.1,5.7
granite3.2,2.0B,3. Инструменты обучения НС,Что такое Keras?,prompt12,dialog1248,analytics_granite3.2_2b_prompt12_dialog1248,analytics,33.4,31.6,53.7,35.5,50.0,36.0,11.7,32.7,21.1,5.7
granite3.2,2.0B,3. Инструменты обучения НС,Что такое over-fitting?,prompt12,dialog1249,analytics_granite3.2_2b_prompt12_dialog1249,analytics,33.4,31.6,53.7,35.5,50.0,36.0,11.7,32.7,21.1,5.7
granite3.2,2.0B,3. Инструменты обучения НС,Что такое SGD?,prompt12,dialog1250,analytics_granite3.2_2b_prompt12_dialog1250,analytics,33.4,31.6,53.7,35.5,50.0,36.0,11.7,32.7,21.1,5.7
granite3.2,2.0B,3. Инструменты обучения НС,Что такое Momentum в оптимизации?,prompt12,dialog1251,analytics_granite3.2_2b_prompt12_dialog1251,analytics,33.4,31.6,53.7,35.5,50.0,36.0,11.7,32.7,21.1,5.7
granite3.2,2.0B,3. Инструменты обучения НС,Что такое Adam?,prompt12,dialog1252,analytics_granite3.2_2b_prompt12_dialog1252,analytics,33.4,31.6,53.7,35.5,50.0,36.0,11.7,32.7,21.1,5.7
granite3.2,2.0B,3. Инструменты обучения НС,Что такое learning rate?,prompt12,dialog1253,analytics_granite3.2_2b_prompt12_dialog1253,analytics,33.4,31.6,53.7,35.5,50.0,36.0,11.7,32.7,21.1,5.7
granite3.2,2.0B,3. Инструменты обучения НС,Что такое метод Ньютона?,prompt12,dialog1254,analytics_granite3.2_2b_prompt12_dialog1254,analytics,33.4,31.6,53.7,35.5,50.0,36.0,11.7,32.7,21.1,5.7
granite3.2,2.0B,3. Инструменты обучения НС,Что такое RMSProp?,prompt12,dialog1255,analytics_granite3.2_2b_prompt12_dialog1255,analytics,33.4,31.6,53.7,35.5,50.0,36.0,11.7,32.7,21.1,5.7
granite3.2,2.0B,3. Инструменты обучения НС,"Вычисли шаг в SGD для L(w)=w^2, w=3, η=0.1.",prompt12,dialog1256,analytics_granite3.2_2b_prompt12_dialog1256,analytics,33.4,31.6,53.7,35.5,50.0,36.0,11.7,32.7,21.1,5.7
granite3.2,2.0B,3. Инструменты обучения НС,"Вычисли v_t в Momentum: γ=0.9, v_{t-1}=1, ∇L=2, η=0.1.",prompt12,dialog1257,analytics_granite3.2_2b_prompt12_dialog1257,analytics,33.4,31.6,53.7,35.5,50.0,36.0,11.7,32.7,21.1,5.7
granite3.2,2.0B,3. Инструменты обучения НС,"В Adagrad, G_{t-1,ii}=4, g_t=2, η=0.1, ε=1e-8.",prompt12,dialog1258,analytics_granite3.2_2b_prompt12_dialog1258,analytics,33.4,31.6,53.7,35.5,50.0,36.0,11.7,32.7,21.1,5.7
granite3.2,2.0B,3. Инструменты обучения НС,"Вычисли learning rate decay: η0=0.1, t=5, T=10, linear.",prompt12,dialog1259,analytics_granite3.2_2b_prompt12_dialog1259,analytics,33.4,31.6,53.7,35.5,50.0,36.0,11.7,32.7,21.1,5.7
granite3.2,2.0B,3. Инструменты обучения НС,"В Nesterov, вычисли ∇ в ω - γ v_{t-1}: γ=0.9, v=1, ∇=2.",prompt12,dialog1260,analytics_granite3.2_2b_prompt12_dialog1260,analytics,33.4,31.6,53.7,35.5,50.0,36.0,11.7,32.7,21.1,5.7
granite3.2,2.0B,1_Классификаторы_KNN_и_наивный_байес,Что такое метод k-ближайших соседей?,prompt15,dialog1321,analytics_granite3.2_2b_prompt15_dialog1321,analytics,30.6,29.8,47.4,35.5,50.0,34.8,13.5,31.2,19.0,5.4
granite3.2,2.0B,1_Классификаторы_KNN_и_наивный_байес,Как выбрать количество соседей k в k-NN?,prompt15,dialog1322,analytics_granite3.2_2b_prompt15_dialog1322,analytics,30.6,29.8,47.4,35.5,50.0,34.8,13.5,31.2,19.0,5.4
granite3.2,2.0B,1_Классификаторы_KNN_и_наивный_байес,Что такое евклидова метрика?,prompt15,dialog1323,analytics_granite3.2_2b_prompt15_dialog1323,analytics,30.6,29.8,47.4,35.5,50.0,34.8,13.5,31.2,19.0,5.4
granite3.2,2.0B,1_Классификаторы_KNN_и_наивный_байес,В чем суть наивного байесовского классификатора?,prompt15,dialog1324,analytics_granite3.2_2b_prompt15_dialog1324,analytics,30.6,29.8,47.4,35.5,50.0,34.8,13.5,31.2,19.0,5.4
granite3.2,2.0B,1_Классификаторы_KNN_и_наивный_байес,Как работает сглаживание по Лапласу?,prompt15,dialog1325,analytics_granite3.2_2b_prompt15_dialog1325,analytics,30.6,29.8,47.4,35.5,50.0,34.8,13.5,31.2,19.0,5.4
granite3.2,2.0B,1_Классификаторы_KNN_и_наивный_байес,Что такое манхэттенское расстояние?,prompt15,dialog1326,analytics_granite3.2_2b_prompt15_dialog1326,analytics,30.6,29.8,47.4,35.5,50.0,34.8,13.5,31.2,19.0,5.4
granite3.2,2.0B,1_Классификаторы_KNN_и_наивный_байес,Как вычислить вероятность класса в Naive Bayes?,prompt15,dialog1327,analytics_granite3.2_2b_prompt15_dialog1327,analytics,30.6,29.8,47.4,35.5,50.0,34.8,13.5,31.2,19.0,5.4
granite3.2,2.0B,1_Классификаторы_KNN_и_наивный_байес,Что такое расстояние Чебышёва?,prompt15,dialog1328,analytics_granite3.2_2b_prompt15_dialog1328,analytics,30.6,29.8,47.4,35.5,50.0,34.8,13.5,31.2,19.0,5.4
granite3.2,2.0B,1_Классификаторы_KNN_и_наивный_байес,Как классифицировать письмо как спам в Naive Bayes?,prompt15,dialog1329,analytics_granite3.2_2b_prompt15_dialog1329,analytics,30.6,29.8,47.4,35.5,50.0,34.8,13.5,31.2,19.0,5.4
granite3.2,2.0B,1_Классификаторы_KNN_и_наивный_байес,В чем разница между k-NN и взвешенным k-NN?,prompt15,dialog1330,analytics_granite3.2_2b_prompt15_dialog1330,analytics,30.6,29.8,47.4,35.5,50.0,34.8,13.5,31.2,19.0,5.4
granite3.2,2.0B,1_Классификаторы_KNN_и_наивный_байес,Вычисли вероятность спама для слова 'приз' из примера.,prompt15,dialog1331,analytics_granite3.2_2b_prompt15_dialog1331,analytics,30.6,29.8,47.4,35.5,50.0,34.8,13.5,31.2,19.0,5.4
granite3.2,2.0B,1_Классификаторы_KNN_и_наивный_байес,"Вычисли расстояние Евклида между (1,2) и (3,4).",prompt15,dialog1332,analytics_granite3.2_2b_prompt15_dialog1332,analytics,30.6,29.8,47.4,35.5,50.0,34.8,13.5,31.2,19.0,5.4
granite3.2,2.0B,1_Классификаторы_KNN_и_наивный_байес,"В примере с погодой, вычисли F(да) для теста.",prompt15,dialog1333,analytics_granite3.2_2b_prompt15_dialog1333,analytics,30.6,29.8,47.4,35.5,50.0,34.8,13.5,31.2,19.0,5.4
granite3.2,2.0B,1_Классификаторы_KNN_и_наивный_байес,"Вычисли P(да | пасмурно, холодно, влажно, да).",prompt15,dialog1334,analytics_granite3.2_2b_prompt15_dialog1334,analytics,30.6,29.8,47.4,35.5,50.0,34.8,13.5,31.2,19.0,5.4
granite3.2,2.0B,1_Классификаторы_KNN_и_наивный_байес,"В спам-примере, вычисли P(win|спам) с Laplace.",prompt15,dialog1335,analytics_granite3.2_2b_prompt15_dialog1335,analytics,30.6,29.8,47.4,35.5,50.0,34.8,13.5,31.2,19.0,5.4
granite3.2,2.0B,3. Инструменты обучения НС,Что такое autograd?,prompt15,dialog1336,analytics_granite3.2_2b_prompt15_dialog1336,analytics,30.6,29.8,47.4,35.5,50.0,34.8,13.5,31.2,19.0,5.4
granite3.2,2.0B,3. Инструменты обучения НС,Что такое TensorFlow?,prompt15,dialog1337,analytics_granite3.2_2b_prompt15_dialog1337,analytics,30.6,29.8,47.4,35.5,50.0,34.8,13.5,31.2,19.0,5.4
granite3.2,2.0B,3. Инструменты обучения НС,Что такое Keras?,prompt15,dialog1338,analytics_granite3.2_2b_prompt15_dialog1338,analytics,30.6,29.8,47.4,35.5,50.0,34.8,13.5,31.2,19.0,5.4
granite3.2,2.0B,3. Инструменты обучения НС,Что такое over-fitting?,prompt15,dialog1339,analytics_granite3.2_2b_prompt15_dialog1339,analytics,30.6,29.8,47.4,35.5,50.0,34.8,13.5,31.2,19.0,5.4
granite3.2,2.0B,3. Инструменты обучения НС,Что такое SGD?,prompt15,dialog1340,analytics_granite3.2_2b_prompt15_dialog1340,analytics,30.6,29.8,47.4,35.5,50.0,34.8,13.5,31.2,19.0,5.4
granite3.2,2.0B,3. Инструменты обучения НС,Что такое Momentum в оптимизации?,prompt15,dialog1341,analytics_granite3.2_2b_prompt15_dialog1341,analytics,30.6,29.8,47.4,35.5,50.0,34.8,13.5,31.2,19.0,5.4
granite3.2,2.0B,3. Инструменты обучения НС,Что такое Adam?,prompt15,dialog1342,analytics_granite3.2_2b_prompt15_dialog1342,analytics,30.6,29.8,47.4,35.5,50.0,34.8,13.5,31.2,19.0,5.4
granite3.2,2.0B,3. Инструменты обучения НС,Что такое learning rate?,prompt15,dialog1343,analytics_granite3.2_2b_prompt15_dialog1343,analytics,30.6,29.8,47.4,35.5,50.0,34.8,13.5,31.2,19.0,5.4
granite3.2,2.0B,3. Инструменты обучения НС,Что такое метод Ньютона?,prompt15,dialog1344,analytics_granite3.2_2b_prompt15_dialog1344,analytics,30.6,29.8,47.4,35.5,50.0,34.8,13.5,31.2,19.0,5.4
granite3.2,2.0B,3. Инструменты обучения НС,Что такое RMSProp?,prompt15,dialog1345,analytics_granite3.2_2b_prompt15_dialog1345,analytics,30.6,29.8,47.4,35.5,50.0,34.8,13.5,31.2,19.0,5.4
granite3.2,2.0B,3. Инструменты обучения НС,"Вычисли шаг в SGD для L(w)=w^2, w=3, η=0.1.",prompt15,dialog1346,analytics_granite3.2_2b_prompt15_dialog1346,analytics,30.6,29.8,47.4,35.5,50.0,34.8,13.5,31.2,19.0,5.4
granite3.2,2.0B,3. Инструменты обучения НС,"Вычисли v_t в Momentum: γ=0.9, v_{t-1}=1, ∇L=2, η=0.1.",prompt15,dialog1347,analytics_granite3.2_2b_prompt15_dialog1347,analytics,30.6,29.8,47.4,35.5,50.0,34.8,13.5,31.2,19.0,5.4
granite3.2,2.0B,3. Инструменты обучения НС,"В Adagrad, G_{t-1,ii}=4, g_t=2, η=0.1, ε=1e-8.",prompt15,dialog1348,analytics_granite3.2_2b_prompt15_dialog1348,analytics,30.6,29.8,47.4,35.5,50.0,34.8,13.5,31.2,19.0,5.4
granite3.2,2.0B,3. Инструменты обучения НС,"Вычисли learning rate decay: η0=0.1, t=5, T=10, linear.",prompt15,dialog1349,analytics_granite3.2_2b_prompt15_dialog1349,analytics,30.6,29.8,47.4,35.5,50.0,34.8,13.5,31.2,19.0,5.4
granite3.2,2.0B,3. Инструменты обучения НС,"В Nesterov, вычисли ∇ в ω - γ v_{t-1}: γ=0.9, v=1, ∇=2.",prompt15,dialog1350,analytics_granite3.2_2b_prompt15_dialog1350,analytics,30.6,29.8,47.4,35.5,50.0,34.8,13.5,31.2,19.0,5.4
granite3.2,2.0B,1_Классификаторы_KNN_и_наивный_байес,Что такое метод k-ближайших соседей?,prompt10,dialog1171,analytics_granite3.2_2b_prompt10_dialog1171,analytics,35.1,31.7,54.7,35.5,50.0,36.4,10.5,34.8,21.2,4.7
granite3.2,2.0B,1_Классификаторы_KNN_и_наивный_байес,Как выбрать количество соседей k в k-NN?,prompt10,dialog1172,analytics_granite3.2_2b_prompt10_dialog1172,analytics,35.1,31.7,54.7,35.5,50.0,36.4,10.5,34.8,21.2,4.7
granite3.2,2.0B,1_Классификаторы_KNN_и_наивный_байес,Что такое евклидова метрика?,prompt10,dialog1173,analytics_granite3.2_2b_prompt10_dialog1173,analytics,35.1,31.7,54.7,35.5,50.0,36.4,10.5,34.8,21.2,4.7
granite3.2,2.0B,1_Классификаторы_KNN_и_наивный_байес,В чем суть наивного байесовского классификатора?,prompt10,dialog1174,analytics_granite3.2_2b_prompt10_dialog1174,analytics,35.1,31.7,54.7,35.5,50.0,36.4,10.5,34.8,21.2,4.7
granite3.2,2.0B,1_Классификаторы_KNN_и_наивный_байес,Как работает сглаживание по Лапласу?,prompt10,dialog1175,analytics_granite3.2_2b_prompt10_dialog1175,analytics,35.1,31.7,54.7,35.5,50.0,36.4,10.5,34.8,21.2,4.7
granite3.2,2.0B,1_Классификаторы_KNN_и_наивный_байес,Что такое манхэттенское расстояние?,prompt10,dialog1176,analytics_granite3.2_2b_prompt10_dialog1176,analytics,35.1,31.7,54.7,35.5,50.0,36.4,10.5,34.8,21.2,4.7
granite3.2,2.0B,1_Классификаторы_KNN_и_наивный_байес,Как вычислить вероятность класса в Naive Bayes?,prompt10,dialog1177,analytics_granite3.2_2b_prompt10_dialog1177,analytics,35.1,31.7,54.7,35.5,50.0,36.4,10.5,34.8,21.2,4.7
granite3.2,2.0B,1_Классификаторы_KNN_и_наивный_байес,Что такое расстояние Чебышёва?,prompt10,dialog1178,analytics_granite3.2_2b_prompt10_dialog1178,analytics,35.1,31.7,54.7,35.5,50.0,36.4,10.5,34.8,21.2,4.7
granite3.2,2.0B,1_Классификаторы_KNN_и_наивный_байес,Как классифицировать письмо как спам в Naive Bayes?,prompt10,dialog1179,analytics_granite3.2_2b_prompt10_dialog1179,analytics,35.1,31.7,54.7,35.5,50.0,36.4,10.5,34.8,21.2,4.7
granite3.2,2.0B,1_Классификаторы_KNN_и_наивный_байес,В чем разница между k-NN и взвешенным k-NN?,prompt10,dialog1180,analytics_granite3.2_2b_prompt10_dialog1180,analytics,35.1,31.7,54.7,35.5,50.0,36.4,10.5,34.8,21.2,4.7
granite3.2,2.0B,1_Классификаторы_KNN_и_наивный_байес,Вычисли вероятность спама для слова 'приз' из примера.,prompt10,dialog1181,analytics_granite3.2_2b_prompt10_dialog1181,analytics,35.1,31.7,54.7,35.5,50.0,36.4,10.5,34.8,21.2,4.7
granite3.2,2.0B,1_Классификаторы_KNN_и_наивный_байес,"Вычисли расстояние Евклида между (1,2) и (3,4).",prompt10,dialog1182,analytics_granite3.2_2b_prompt10_dialog1182,analytics,35.1,31.7,54.7,35.5,50.0,36.4,10.5,34.8,21.2,4.7
granite3.2,2.0B,1_Классификаторы_KNN_и_наивный_байес,"В примере с погодой, вычисли F(да) для теста.",prompt10,dialog1183,analytics_granite3.2_2b_prompt10_dialog1183,analytics,35.1,31.7,54.7,35.5,50.0,36.4,10.5,34.8,21.2,4.7
granite3.2,2.0B,1_Классификаторы_KNN_и_наивный_байес,"Вычисли P(да | пасмурно, холодно, влажно, да).",prompt10,dialog1184,analytics_granite3.2_2b_prompt10_dialog1184,analytics,35.1,31.7,54.7,35.5,50.0,36.4,10.5,34.8,21.2,4.7
granite3.2,2.0B,1_Классификаторы_KNN_и_наивный_байес,"В спам-примере, вычисли P(win|спам) с Laplace.",prompt10,dialog1185,analytics_granite3.2_2b_prompt10_dialog1185,analytics,35.1,31.7,54.7,35.5,50.0,36.4,10.5,34.8,21.2,4.7
granite3.2,2.0B,3. Инструменты обучения НС,Что такое autograd?,prompt10,dialog1186,analytics_granite3.2_2b_prompt10_dialog1186,analytics,35.1,31.7,54.7,35.5,50.0,36.4,10.5,34.8,21.2,4.7
granite3.2,2.0B,3. Инструменты обучения НС,Что такое TensorFlow?,prompt10,dialog1187,analytics_granite3.2_2b_prompt10_dialog1187,analytics,35.1,31.7,54.7,35.5,50.0,36.4,10.5,34.8,21.2,4.7
granite3.2,2.0B,3. Инструменты обучения НС,Что такое Keras?,prompt10,dialog1188,analytics_granite3.2_2b_prompt10_dialog1188,analytics,35.1,31.7,54.7,35.5,50.0,36.4,10.5,34.8,21.2,4.7
granite3.2,2.0B,3. Инструменты обучения НС,Что такое over-fitting?,prompt10,dialog1189,analytics_granite3.2_2b_prompt10_dialog1189,analytics,35.1,31.7,54.7,35.5,50.0,36.4,10.5,34.8,21.2,4.7
granite3.2,2.0B,3. Инструменты обучения НС,Что такое SGD?,prompt10,dialog1190,analytics_granite3.2_2b_prompt10_dialog1190,analytics,35.1,31.7,54.7,35.5,50.0,36.4,10.5,34.8,21.2,4.7
granite3.2,2.0B,3. Инструменты обучения НС,Что такое Momentum в оптимизации?,prompt10,dialog1191,analytics_granite3.2_2b_prompt10_dialog1191,analytics,35.1,31.7,54.7,35.5,50.0,36.4,10.5,34.8,21.2,4.7
granite3.2,2.0B,3. Инструменты обучения НС,Что такое Adam?,prompt10,dialog1192,analytics_granite3.2_2b_prompt10_dialog1192,analytics,35.1,31.7,54.7,35.5,50.0,36.4,10.5,34.8,21.2,4.7
granite3.2,2.0B,3. Инструменты обучения НС,Что такое learning rate?,prompt10,dialog1193,analytics_granite3.2_2b_prompt10_dialog1193,analytics,35.1,31.7,54.7,35.5,50.0,36.4,10.5,34.8,21.2,4.7
granite3.2,2.0B,3. Инструменты обучения НС,Что такое метод Ньютона?,prompt10,dialog1194,analytics_granite3.2_2b_prompt10_dialog1194,analytics,35.1,31.7,54.7,35.5,50.0,36.4,10.5,34.8,21.2,4.7
granite3.2,2.0B,3. Инструменты обучения НС,Что такое RMSProp?,prompt10,dialog1195,analytics_granite3.2_2b_prompt10_dialog1195,analytics,35.1,31.7,54.7,35.5,50.0,36.4,10.5,34.8,21.2,4.7
granite3.2,2.0B,3. Инструменты обучения НС,"Вычисли шаг в SGD для L(w)=w^2, w=3, η=0.1.",prompt10,dialog1196,analytics_granite3.2_2b_prompt10_dialog1196,analytics,35.1,31.7,54.7,35.5,50.0,36.4,10.5,34.8,21.2,4.7
granite3.2,2.0B,3. Инструменты обучения НС,"Вычисли v_t в Momentum: γ=0.9, v_{t-1}=1, ∇L=2, η=0.1.",prompt10,dialog1197,analytics_granite3.2_2b_prompt10_dialog1197,analytics,35.1,31.7,54.7,35.5,50.0,36.4,10.5,34.8,21.2,4.7
granite3.2,2.0B,3. Инструменты обучения НС,"В Adagrad, G_{t-1,ii}=4, g_t=2, η=0.1, ε=1e-8.",prompt10,dialog1198,analytics_granite3.2_2b_prompt10_dialog1198,analytics,35.1,31.7,54.7,35.5,50.0,36.4,10.5,34.8,21.2,4.7
granite3.2,2.0B,3. Инструменты обучения НС,"Вычисли learning rate decay: η0=0.1, t=5, T=10, linear.",prompt10,dialog1199,analytics_granite3.2_2b_prompt10_dialog1199,analytics,35.1,31.7,54.7,35.5,50.0,36.4,10.5,34.8,21.2,4.7
granite3.2,2.0B,3. Инструменты обучения НС,"В Nesterov, вычисли ∇ в ω - γ v_{t-1}: γ=0.9, v=1, ∇=2.",prompt10,dialog1200,analytics_granite3.2_2b_prompt10_dialog1200,analytics,35.1,31.7,54.7,35.5,50.0,36.4,10.5,34.8,21.2,4.7
granite3.2,2.0B,1_Классификаторы_KNN_и_наивный_байес,Что такое метод k-ближайших соседей?,prompt9,dialog1141,analytics_granite3.2_2b_prompt9_dialog1141,analytics,31.0,26.4,52.5,35.5,50.0,31.4,11.5,34.0,23.7,4.5
granite3.2,2.0B,1_Классификаторы_KNN_и_наивный_байес,Как выбрать количество соседей k в k-NN?,prompt9,dialog1142,analytics_granite3.2_2b_prompt9_dialog1142,analytics,31.0,26.4,52.5,35.5,50.0,31.4,11.5,34.0,23.7,4.5
granite3.2,2.0B,1_Классификаторы_KNN_и_наивный_байес,Что такое евклидова метрика?,prompt9,dialog1143,analytics_granite3.2_2b_prompt9_dialog1143,analytics,31.0,26.4,52.5,35.5,50.0,31.4,11.5,34.0,23.7,4.5
granite3.2,2.0B,1_Классификаторы_KNN_и_наивный_байес,В чем суть наивного байесовского классификатора?,prompt9,dialog1144,analytics_granite3.2_2b_prompt9_dialog1144,analytics,31.0,26.4,52.5,35.5,50.0,31.4,11.5,34.0,23.7,4.5
granite3.2,2.0B,1_Классификаторы_KNN_и_наивный_байес,Как работает сглаживание по Лапласу?,prompt9,dialog1145,analytics_granite3.2_2b_prompt9_dialog1145,analytics,31.0,26.4,52.5,35.5,50.0,31.4,11.5,34.0,23.7,4.5
granite3.2,2.0B,1_Классификаторы_KNN_и_наивный_байес,Что такое манхэттенское расстояние?,prompt9,dialog1146,analytics_granite3.2_2b_prompt9_dialog1146,analytics,31.0,26.4,52.5,35.5,50.0,31.4,11.5,34.0,23.7,4.5
granite3.2,2.0B,1_Классификаторы_KNN_и_наивный_байес,Как вычислить вероятность класса в Naive Bayes?,prompt9,dialog1147,analytics_granite3.2_2b_prompt9_dialog1147,analytics,31.0,26.4,52.5,35.5,50.0,31.4,11.5,34.0,23.7,4.5
granite3.2,2.0B,1_Классификаторы_KNN_и_наивный_байес,Что такое расстояние Чебышёва?,prompt9,dialog1148,analytics_granite3.2_2b_prompt9_dialog1148,analytics,31.0,26.4,52.5,35.5,50.0,31.4,11.5,34.0,23.7,4.5
granite3.2,2.0B,1_Классификаторы_KNN_и_наивный_байес,Как классифицировать письмо как спам в Naive Bayes?,prompt9,dialog1149,analytics_granite3.2_2b_prompt9_dialog1149,analytics,31.0,26.4,52.5,35.5,50.0,31.4,11.5,34.0,23.7,4.5
granite3.2,2.0B,1_Классификаторы_KNN_и_наивный_байес,В чем разница между k-NN и взвешенным k-NN?,prompt9,dialog1150,analytics_granite3.2_2b_prompt9_dialog1150,analytics,31.0,26.4,52.5,35.5,50.0,31.4,11.5,34.0,23.7,4.5
granite3.2,2.0B,1_Классификаторы_KNN_и_наивный_байес,Вычисли вероятность спама для слова 'приз' из примера.,prompt9,dialog1151,analytics_granite3.2_2b_prompt9_dialog1151,analytics,31.0,26.4,52.5,35.5,50.0,31.4,11.5,34.0,23.7,4.5
granite3.2,2.0B,1_Классификаторы_KNN_и_наивный_байес,"Вычисли расстояние Евклида между (1,2) и (3,4).",prompt9,dialog1152,analytics_granite3.2_2b_prompt9_dialog1152,analytics,31.0,26.4,52.5,35.5,50.0,31.4,11.5,34.0,23.7,4.5
granite3.2,2.0B,1_Классификаторы_KNN_и_наивный_байес,"В примере с погодой, вычисли F(да) для теста.",prompt9,dialog1153,analytics_granite3.2_2b_prompt9_dialog1153,analytics,31.0,26.4,52.5,35.5,50.0,31.4,11.5,34.0,23.7,4.5
granite3.2,2.0B,1_Классификаторы_KNN_и_наивный_байес,"Вычисли P(да | пасмурно, холодно, влажно, да).",prompt9,dialog1154,analytics_granite3.2_2b_prompt9_dialog1154,analytics,31.0,26.4,52.5,35.5,50.0,31.4,11.5,34.0,23.7,4.5
granite3.2,2.0B,1_Классификаторы_KNN_и_наивный_байес,"В спам-примере, вычисли P(win|спам) с Laplace.",prompt9,dialog1155,analytics_granite3.2_2b_prompt9_dialog1155,analytics,31.0,26.4,52.5,35.5,50.0,31.4,11.5,34.0,23.7,4.5
granite3.2,2.0B,3. Инструменты обучения НС,Что такое autograd?,prompt9,dialog1156,analytics_granite3.2_2b_prompt9_dialog1156,analytics,31.0,26.4,52.5,35.5,50.0,31.4,11.5,34.0,23.7,4.5
granite3.2,2.0B,3. Инструменты обучения НС,Что такое TensorFlow?,prompt9,dialog1157,analytics_granite3.2_2b_prompt9_dialog1157,analytics,31.0,26.4,52.5,35.5,50.0,31.4,11.5,34.0,23.7,4.5
granite3.2,2.0B,3. Инструменты обучения НС,Что такое Keras?,prompt9,dialog1158,analytics_granite3.2_2b_prompt9_dialog1158,analytics,31.0,26.4,52.5,35.5,50.0,31.4,11.5,34.0,23.7,4.5
granite3.2,2.0B,3. Инструменты обучения НС,Что такое over-fitting?,prompt9,dialog1159,analytics_granite3.2_2b_prompt9_dialog1159,analytics,31.0,26.4,52.5,35.5,50.0,31.4,11.5,34.0,23.7,4.5
granite3.2,2.0B,3. Инструменты обучения НС,Что такое SGD?,prompt9,dialog1160,analytics_granite3.2_2b_prompt9_dialog1160,analytics,31.0,26.4,52.5,35.5,50.0,31.4,11.5,34.0,23.7,4.5
granite3.2,2.0B,3. Инструменты обучения НС,Что такое Momentum в оптимизации?,prompt9,dialog1161,analytics_granite3.2_2b_prompt9_dialog1161,analytics,31.0,26.4,52.5,35.5,50.0,31.4,11.5,34.0,23.7,4.5
granite3.2,2.0B,3. Инструменты обучения НС,Что такое Adam?,prompt9,dialog1162,analytics_granite3.2_2b_prompt9_dialog1162,analytics,31.0,26.4,52.5,35.5,50.0,31.4,11.5,34.0,23.7,4.5
granite3.2,2.0B,3. Инструменты обучения НС,Что такое learning rate?,prompt9,dialog1163,analytics_granite3.2_2b_prompt9_dialog1163,analytics,31.0,26.4,52.5,35.5,50.0,31.4,11.5,34.0,23.7,4.5
granite3.2,2.0B,3. Инструменты обучения НС,Что такое метод Ньютона?,prompt9,dialog1164,analytics_granite3.2_2b_prompt9_dialog1164,analytics,31.0,26.4,52.5,35.5,50.0,31.4,11.5,34.0,23.7,4.5
granite3.2,2.0B,3. Инструменты обучения НС,Что такое RMSProp?,prompt9,dialog1165,analytics_granite3.2_2b_prompt9_dialog1165,analytics,31.0,26.4,52.5,35.5,50.0,31.4,11.5,34.0,23.7,4.5
granite3.2,2.0B,3. Инструменты обучения НС,"Вычисли шаг в SGD для L(w)=w^2, w=3, η=0.1.",prompt9,dialog1166,analytics_granite3.2_2b_prompt9_dialog1166,analytics,31.0,26.4,52.5,35.5,50.0,31.4,11.5,34.0,23.7,4.5
granite3.2,2.0B,3. Инструменты обучения НС,"Вычисли v_t в Momentum: γ=0.9, v_{t-1}=1, ∇L=2, η=0.1.",prompt9,dialog1167,analytics_granite3.2_2b_prompt9_dialog1167,analytics,31.0,26.4,52.5,35.5,50.0,31.4,11.5,34.0,23.7,4.5
granite3.2,2.0B,3. Инструменты обучения НС,"В Adagrad, G_{t-1,ii}=4, g_t=2, η=0.1, ε=1e-8.",prompt9,dialog1168,analytics_granite3.2_2b_prompt9_dialog1168,analytics,31.0,26.4,52.5,35.5,50.0,31.4,11.5,34.0,23.7,4.5
granite3.2,2.0B,3. Инструменты обучения НС,"Вычисли learning rate decay: η0=0.1, t=5, T=10, linear.",prompt9,dialog1169,analytics_granite3.2_2b_prompt9_dialog1169,analytics,31.0,26.4,52.5,35.5,50.0,31.4,11.5,34.0,23.7,4.5
granite3.2,2.0B,3. Инструменты обучения НС,"В Nesterov, вычисли ∇ в ω - γ v_{t-1}: γ=0.9, v=1, ∇=2.",prompt9,dialog1170,analytics_granite3.2_2b_prompt9_dialog1170,analytics,31.0,26.4,52.5,35.5,50.0,31.4,11.5,34.0,23.7,4.5
granite3.2,2.0B,1_Классификаторы_KNN_и_наивный_байес,Что такое метод k-ближайших соседей?,prompt7,dialog1081,analytics_granite3.2_2b_prompt7_dialog1081,analytics,30.0,30.8,43.4,35.5,50.0,30.7,11.4,34.1,20.6,4.5
granite3.2,2.0B,1_Классификаторы_KNN_и_наивный_байес,Как выбрать количество соседей k в k-NN?,prompt7,dialog1082,analytics_granite3.2_2b_prompt7_dialog1082,analytics,30.0,30.8,43.4,35.5,50.0,30.7,11.4,34.1,20.6,4.5
granite3.2,2.0B,1_Классификаторы_KNN_и_наивный_байес,Что такое евклидова метрика?,prompt7,dialog1083,analytics_granite3.2_2b_prompt7_dialog1083,analytics,30.0,30.8,43.4,35.5,50.0,30.7,11.4,34.1,20.6,4.5
granite3.2,2.0B,1_Классификаторы_KNN_и_наивный_байес,В чем суть наивного байесовского классификатора?,prompt7,dialog1084,analytics_granite3.2_2b_prompt7_dialog1084,analytics,30.0,30.8,43.4,35.5,50.0,30.7,11.4,34.1,20.6,4.5
granite3.2,2.0B,1_Классификаторы_KNN_и_наивный_байес,Как работает сглаживание по Лапласу?,prompt7,dialog1085,analytics_granite3.2_2b_prompt7_dialog1085,analytics,30.0,30.8,43.4,35.5,50.0,30.7,11.4,34.1,20.6,4.5
granite3.2,2.0B,1_Классификаторы_KNN_и_наивный_байес,Что такое манхэттенское расстояние?,prompt7,dialog1086,analytics_granite3.2_2b_prompt7_dialog1086,analytics,30.0,30.8,43.4,35.5,50.0,30.7,11.4,34.1,20.6,4.5
granite3.2,2.0B,1_Классификаторы_KNN_и_наивный_байес,Как вычислить вероятность класса в Naive Bayes?,prompt7,dialog1087,analytics_granite3.2_2b_prompt7_dialog1087,analytics,30.0,30.8,43.4,35.5,50.0,30.7,11.4,34.1,20.6,4.5
granite3.2,2.0B,1_Классификаторы_KNN_и_наивный_байес,Что такое расстояние Чебышёва?,prompt7,dialog1088,analytics_granite3.2_2b_prompt7_dialog1088,analytics,30.0,30.8,43.4,35.5,50.0,30.7,11.4,34.1,20.6,4.5
granite3.2,2.0B,1_Классификаторы_KNN_и_наивный_байес,Как классифицировать письмо как спам в Naive Bayes?,prompt7,dialog1089,analytics_granite3.2_2b_prompt7_dialog1089,analytics,30.0,30.8,43.4,35.5,50.0,30.7,11.4,34.1,20.6,4.5
granite3.2,2.0B,1_Классификаторы_KNN_и_наивный_байес,В чем разница между k-NN и взвешенным k-NN?,prompt7,dialog1090,analytics_granite3.2_2b_prompt7_dialog1090,analytics,30.0,30.8,43.4,35.5,50.0,30.7,11.4,34.1,20.6,4.5
granite3.2,2.0B,1_Классификаторы_KNN_и_наивный_байес,Вычисли вероятность спама для слова 'приз' из примера.,prompt7,dialog1091,analytics_granite3.2_2b_prompt7_dialog1091,analytics,30.0,30.8,43.4,35.5,50.0,30.7,11.4,34.1,20.6,4.5
granite3.2,2.0B,1_Классификаторы_KNN_и_наивный_байес,"Вычисли расстояние Евклида между (1,2) и (3,4).",prompt7,dialog1092,analytics_granite3.2_2b_prompt7_dialog1092,analytics,30.0,30.8,43.4,35.5,50.0,30.7,11.4,34.1,20.6,4.5
granite3.2,2.0B,1_Классификаторы_KNN_и_наивный_байес,"В примере с погодой, вычисли F(да) для теста.",prompt7,dialog1093,analytics_granite3.2_2b_prompt7_dialog1093,analytics,30.0,30.8,43.4,35.5,50.0,30.7,11.4,34.1,20.6,4.5
granite3.2,2.0B,1_Классификаторы_KNN_и_наивный_байес,"Вычисли P(да | пасмурно, холодно, влажно, да).",prompt7,dialog1094,analytics_granite3.2_2b_prompt7_dialog1094,analytics,30.0,30.8,43.4,35.5,50.0,30.7,11.4,34.1,20.6,4.5
granite3.2,2.0B,1_Классификаторы_KNN_и_наивный_байес,"В спам-примере, вычисли P(win|спам) с Laplace.",prompt7,dialog1095,analytics_granite3.2_2b_prompt7_dialog1095,analytics,30.0,30.8,43.4,35.5,50.0,30.7,11.4,34.1,20.6,4.5
granite3.2,2.0B,3. Инструменты обучения НС,Что такое autograd?,prompt7,dialog1096,analytics_granite3.2_2b_prompt7_dialog1096,analytics,30.0,30.8,43.4,35.5,50.0,30.7,11.4,34.1,20.6,4.5
granite3.2,2.0B,3. Инструменты обучения НС,Что такое TensorFlow?,prompt7,dialog1097,analytics_granite3.2_2b_prompt7_dialog1097,analytics,30.0,30.8,43.4,35.5,50.0,30.7,11.4,34.1,20.6,4.5
granite3.2,2.0B,3. Инструменты обучения НС,Что такое Keras?,prompt7,dialog1098,analytics_granite3.2_2b_prompt7_dialog1098,analytics,30.0,30.8,43.4,35.5,50.0,30.7,11.4,34.1,20.6,4.5
granite3.2,2.0B,3. Инструменты обучения НС,Что такое over-fitting?,prompt7,dialog1099,analytics_granite3.2_2b_prompt7_dialog1099,analytics,30.0,30.8,43.4,35.5,50.0,30.7,11.4,34.1,20.6,4.5
granite3.2,2.0B,3. Инструменты обучения НС,Что такое SGD?,prompt7,dialog1100,analytics_granite3.2_2b_prompt7_dialog1100,analytics,30.0,30.8,43.4,35.5,50.0,30.7,11.4,34.1,20.6,4.5
granite3.2,2.0B,3. Инструменты обучения НС,Что такое Momentum в оптимизации?,prompt7,dialog1101,analytics_granite3.2_2b_prompt7_dialog1101,analytics,30.0,30.8,43.4,35.5,50.0,30.7,11.4,34.1,20.6,4.5
granite3.2,2.0B,3. Инструменты обучения НС,Что такое Adam?,prompt7,dialog1102,analytics_granite3.2_2b_prompt7_dialog1102,analytics,30.0,30.8,43.4,35.5,50.0,30.7,11.4,34.1,20.6,4.5
granite3.2,2.0B,3. Инструменты обучения НС,Что такое learning rate?,prompt7,dialog1103,analytics_granite3.2_2b_prompt7_dialog1103,analytics,30.0,30.8,43.4,35.5,50.0,30.7,11.4,34.1,20.6,4.5
granite3.2,2.0B,3. Инструменты обучения НС,Что такое метод Ньютона?,prompt7,dialog1104,analytics_granite3.2_2b_prompt7_dialog1104,analytics,30.0,30.8,43.4,35.5,50.0,30.7,11.4,34.1,20.6,4.5
granite3.2,2.0B,3. Инструменты обучения НС,Что такое RMSProp?,prompt7,dialog1105,analytics_granite3.2_2b_prompt7_dialog1105,analytics,30.0,30.8,43.4,35.5,50.0,30.7,11.4,34.1,20.6,4.5
granite3.2,2.0B,3. Инструменты обучения НС,"Вычисли шаг в SGD для L(w)=w^2, w=3, η=0.1.",prompt7,dialog1106,analytics_granite3.2_2b_prompt7_dialog1106,analytics,30.0,30.8,43.4,35.5,50.0,30.7,11.4,34.1,20.6,4.5
granite3.2,2.0B,3. Инструменты обучения НС,"Вычисли v_t в Momentum: γ=0.9, v_{t-1}=1, ∇L=2, η=0.1.",prompt7,dialog1107,analytics_granite3.2_2b_prompt7_dialog1107,analytics,30.0,30.8,43.4,35.5,50.0,30.7,11.4,34.1,20.6,4.5
granite3.2,2.0B,3. Инструменты обучения НС,"В Adagrad, G_{t-1,ii}=4, g_t=2, η=0.1, ε=1e-8.",prompt7,dialog1108,analytics_granite3.2_2b_prompt7_dialog1108,analytics,30.0,30.8,43.4,35.5,50.0,30.7,11.4,34.1,20.6,4.5
granite3.2,2.0B,3. Инструменты обучения НС,"Вычисли learning rate decay: η0=0.1, t=5, T=10, linear.",prompt7,dialog1109,analytics_granite3.2_2b_prompt7_dialog1109,analytics,30.0,30.8,43.4,35.5,50.0,30.7,11.4,34.1,20.6,4.5
granite3.2,2.0B,3. Инструменты обучения НС,"В Nesterov, вычисли ∇ в ω - γ v_{t-1}: γ=0.9, v=1, ∇=2.",prompt7,dialog1110,analytics_granite3.2_2b_prompt7_dialog1110,analytics,30.0,30.8,43.4,35.5,50.0,30.7,11.4,34.1,20.6,4.5
granite3.2,2.0B,1_Классификаторы_KNN_и_наивный_байес,Что такое метод k-ближайших соседей?,prompt6,dialog1051,analytics_granite3.2_2b_prompt6_dialog1051,analytics,36.6,32.6,56.3,35.5,50.0,36.3,11.7,34.0,20.1,4.3
granite3.2,2.0B,1_Классификаторы_KNN_и_наивный_байес,Как выбрать количество соседей k в k-NN?,prompt6,dialog1052,analytics_granite3.2_2b_prompt6_dialog1052,analytics,36.6,32.6,56.3,35.5,50.0,36.3,11.7,34.0,20.1,4.3
granite3.2,2.0B,1_Классификаторы_KNN_и_наивный_байес,Что такое евклидова метрика?,prompt6,dialog1053,analytics_granite3.2_2b_prompt6_dialog1053,analytics,36.6,32.6,56.3,35.5,50.0,36.3,11.7,34.0,20.1,4.3
granite3.2,2.0B,1_Классификаторы_KNN_и_наивный_байес,В чем суть наивного байесовского классификатора?,prompt6,dialog1054,analytics_granite3.2_2b_prompt6_dialog1054,analytics,36.6,32.6,56.3,35.5,50.0,36.3,11.7,34.0,20.1,4.3
granite3.2,2.0B,1_Классификаторы_KNN_и_наивный_байес,Как работает сглаживание по Лапласу?,prompt6,dialog1055,analytics_granite3.2_2b_prompt6_dialog1055,analytics,36.6,32.6,56.3,35.5,50.0,36.3,11.7,34.0,20.1,4.3
granite3.2,2.0B,1_Классификаторы_KNN_и_наивный_байес,Что такое манхэттенское расстояние?,prompt6,dialog1056,analytics_granite3.2_2b_prompt6_dialog1056,analytics,36.6,32.6,56.3,35.5,50.0,36.3,11.7,34.0,20.1,4.3
granite3.2,2.0B,1_Классификаторы_KNN_и_наивный_байес,Как вычислить вероятность класса в Naive Bayes?,prompt6,dialog1057,analytics_granite3.2_2b_prompt6_dialog1057,analytics,36.6,32.6,56.3,35.5,50.0,36.3,11.7,34.0,20.1,4.3
granite3.2,2.0B,1_Классификаторы_KNN_и_наивный_байес,Что такое расстояние Чебышёва?,prompt6,dialog1058,analytics_granite3.2_2b_prompt6_dialog1058,analytics,36.6,32.6,56.3,35.5,50.0,36.3,11.7,34.0,20.1,4.3
granite3.2,2.0B,1_Классификаторы_KNN_и_наивный_байес,Как классифицировать письмо как спам в Naive Bayes?,prompt6,dialog1059,analytics_granite3.2_2b_prompt6_dialog1059,analytics,36.6,32.6,56.3,35.5,50.0,36.3,11.7,34.0,20.1,4.3
granite3.2,2.0B,1_Классификаторы_KNN_и_наивный_байес,В чем разница между k-NN и взвешенным k-NN?,prompt6,dialog1060,analytics_granite3.2_2b_prompt6_dialog1060,analytics,36.6,32.6,56.3,35.5,50.0,36.3,11.7,34.0,20.1,4.3
granite3.2,2.0B,1_Классификаторы_KNN_и_наивный_байес,Вычисли вероятность спама для слова 'приз' из примера.,prompt6,dialog1061,analytics_granite3.2_2b_prompt6_dialog1061,analytics,36.6,32.6,56.3,35.5,50.0,36.3,11.7,34.0,20.1,4.3
granite3.2,2.0B,1_Классификаторы_KNN_и_наивный_байес,"Вычисли расстояние Евклида между (1,2) и (3,4).",prompt6,dialog1062,analytics_granite3.2_2b_prompt6_dialog1062,analytics,36.6,32.6,56.3,35.5,50.0,36.3,11.7,34.0,20.1,4.3
granite3.2,2.0B,1_Классификаторы_KNN_и_наивный_байес,"В примере с погодой, вычисли F(да) для теста.",prompt6,dialog1063,analytics_granite3.2_2b_prompt6_dialog1063,analytics,36.6,32.6,56.3,35.5,50.0,36.3,11.7,34.0,20.1,4.3
granite3.2,2.0B,1_Классификаторы_KNN_и_наивный_байес,"Вычисли P(да | пасмурно, холодно, влажно, да).",prompt6,dialog1064,analytics_granite3.2_2b_prompt6_dialog1064,analytics,36.6,32.6,56.3,35.5,50.0,36.3,11.7,34.0,20.1,4.3
granite3.2,2.0B,1_Классификаторы_KNN_и_наивный_байес,"В спам-примере, вычисли P(win|спам) с Laplace.",prompt6,dialog1065,analytics_granite3.2_2b_prompt6_dialog1065,analytics,36.6,32.6,56.3,35.5,50.0,36.3,11.7,34.0,20.1,4.3
granite3.2,2.0B,3. Инструменты обучения НС,Что такое autograd?,prompt6,dialog1066,analytics_granite3.2_2b_prompt6_dialog1066,analytics,36.6,32.6,56.3,35.5,50.0,36.3,11.7,34.0,20.1,4.3
granite3.2,2.0B,3. Инструменты обучения НС,Что такое TensorFlow?,prompt6,dialog1067,analytics_granite3.2_2b_prompt6_dialog1067,analytics,36.6,32.6,56.3,35.5,50.0,36.3,11.7,34.0,20.1,4.3
granite3.2,2.0B,3. Инструменты обучения НС,Что такое Keras?,prompt6,dialog1068,analytics_granite3.2_2b_prompt6_dialog1068,analytics,36.6,32.6,56.3,35.5,50.0,36.3,11.7,34.0,20.1,4.3
granite3.2,2.0B,3. Инструменты обучения НС,Что такое over-fitting?,prompt6,dialog1069,analytics_granite3.2_2b_prompt6_dialog1069,analytics,36.6,32.6,56.3,35.5,50.0,36.3,11.7,34.0,20.1,4.3
granite3.2,2.0B,3. Инструменты обучения НС,Что такое SGD?,prompt6,dialog1070,analytics_granite3.2_2b_prompt6_dialog1070,analytics,36.6,32.6,56.3,35.5,50.0,36.3,11.7,34.0,20.1,4.3
granite3.2,2.0B,3. Инструменты обучения НС,Что такое Momentum в оптимизации?,prompt6,dialog1071,analytics_granite3.2_2b_prompt6_dialog1071,analytics,36.6,32.6,56.3,35.5,50.0,36.3,11.7,34.0,20.1,4.3
granite3.2,2.0B,3. Инструменты обучения НС,Что такое Adam?,prompt6,dialog1072,analytics_granite3.2_2b_prompt6_dialog1072,analytics,36.6,32.6,56.3,35.5,50.0,36.3,11.7,34.0,20.1,4.3
granite3.2,2.0B,3. Инструменты обучения НС,Что такое learning rate?,prompt6,dialog1073,analytics_granite3.2_2b_prompt6_dialog1073,analytics,36.6,32.6,56.3,35.5,50.0,36.3,11.7,34.0,20.1,4.3
granite3.2,2.0B,3. Инструменты обучения НС,Что такое метод Ньютона?,prompt6,dialog1074,analytics_granite3.2_2b_prompt6_dialog1074,analytics,36.6,32.6,56.3,35.5,50.0,36.3,11.7,34.0,20.1,4.3
granite3.2,2.0B,3. Инструменты обучения НС,Что такое RMSProp?,prompt6,dialog1075,analytics_granite3.2_2b_prompt6_dialog1075,analytics,36.6,32.6,56.3,35.5,50.0,36.3,11.7,34.0,20.1,4.3
granite3.2,2.0B,3. Инструменты обучения НС,"Вычисли шаг в SGD для L(w)=w^2, w=3, η=0.1.",prompt6,dialog1076,analytics_granite3.2_2b_prompt6_dialog1076,analytics,36.6,32.6,56.3,35.5,50.0,36.3,11.7,34.0,20.1,4.3
granite3.2,2.0B,3. Инструменты обучения НС,"Вычисли v_t в Momentum: γ=0.9, v_{t-1}=1, ∇L=2, η=0.1.",prompt6,dialog1077,analytics_granite3.2_2b_prompt6_dialog1077,analytics,36.6,32.6,56.3,35.5,50.0,36.3,11.7,34.0,20.1,4.3
granite3.2,2.0B,3. Инструменты обучения НС,"В Adagrad, G_{t-1,ii}=4, g_t=2, η=0.1, ε=1e-8.",prompt6,dialog1078,analytics_granite3.2_2b_prompt6_dialog1078,analytics,36.6,32.6,56.3,35.5,50.0,36.3,11.7,34.0,20.1,4.3
granite3.2,2.0B,3. Инструменты обучения НС,"Вычисли learning rate decay: η0=0.1, t=5, T=10, linear.",prompt6,dialog1079,analytics_granite3.2_2b_prompt6_dialog1079,analytics,36.6,32.6,56.3,35.5,50.0,36.3,11.7,34.0,20.1,4.3
granite3.2,2.0B,3. Инструменты обучения НС,"В Nesterov, вычисли ∇ в ω - γ v_{t-1}: γ=0.9, v=1, ∇=2.",prompt6,dialog1080,analytics_granite3.2_2b_prompt6_dialog1080,analytics,36.6,32.6,56.3,35.5,50.0,36.3,11.7,34.0,20.1,4.3
granite3.2,2.0B,1_Классификаторы_KNN_и_наивный_байес,Что такое метод k-ближайших соседей?,prompt1,dialog0901,analytics_granite3.2_2b_prompt1_dialog0901,analytics,31.8,30.4,47.1,35.5,50.0,30.3,13.4,32.4,19.5,4.2
granite3.2,2.0B,1_Классификаторы_KNN_и_наивный_байес,Как выбрать количество соседей k в k-NN?,prompt1,dialog0902,analytics_granite3.2_2b_prompt1_dialog0902,analytics,31.8,30.4,47.1,35.5,50.0,30.3,13.4,32.4,19.5,4.2
granite3.2,2.0B,1_Классификаторы_KNN_и_наивный_байес,Что такое евклидова метрика?,prompt1,dialog0903,analytics_granite3.2_2b_prompt1_dialog0903,analytics,31.8,30.4,47.1,35.5,50.0,30.3,13.4,32.4,19.5,4.2
granite3.2,2.0B,1_Классификаторы_KNN_и_наивный_байес,В чем суть наивного байесовского классификатора?,prompt1,dialog0904,analytics_granite3.2_2b_prompt1_dialog0904,analytics,31.8,30.4,47.1,35.5,50.0,30.3,13.4,32.4,19.5,4.2
granite3.2,2.0B,1_Классификаторы_KNN_и_наивный_байес,Как работает сглаживание по Лапласу?,prompt1,dialog0905,analytics_granite3.2_2b_prompt1_dialog0905,analytics,31.8,30.4,47.1,35.5,50.0,30.3,13.4,32.4,19.5,4.2
granite3.2,2.0B,1_Классификаторы_KNN_и_наивный_байес,Что такое манхэттенское расстояние?,prompt1,dialog0906,analytics_granite3.2_2b_prompt1_dialog0906,analytics,31.8,30.4,47.1,35.5,50.0,30.3,13.4,32.4,19.5,4.2
granite3.2,2.0B,1_Классификаторы_KNN_и_наивный_байес,Как вычислить вероятность класса в Naive Bayes?,prompt1,dialog0907,analytics_granite3.2_2b_prompt1_dialog0907,analytics,31.8,30.4,47.1,35.5,50.0,30.3,13.4,32.4,19.5,4.2
granite3.2,2.0B,1_Классификаторы_KNN_и_наивный_байес,Что такое расстояние Чебышёва?,prompt1,dialog0908,analytics_granite3.2_2b_prompt1_dialog0908,analytics,31.8,30.4,47.1,35.5,50.0,30.3,13.4,32.4,19.5,4.2
granite3.2,2.0B,1_Классификаторы_KNN_и_наивный_байес,Как классифицировать письмо как спам в Naive Bayes?,prompt1,dialog0909,analytics_granite3.2_2b_prompt1_dialog0909,analytics,31.8,30.4,47.1,35.5,50.0,30.3,13.4,32.4,19.5,4.2
granite3.2,2.0B,1_Классификаторы_KNN_и_наивный_байес,В чем разница между k-NN и взвешенным k-NN?,prompt1,dialog0910,analytics_granite3.2_2b_prompt1_dialog0910,analytics,31.8,30.4,47.1,35.5,50.0,30.3,13.4,32.4,19.5,4.2
granite3.2,2.0B,1_Классификаторы_KNN_и_наивный_байес,Вычисли вероятность спама для слова 'приз' из примера.,prompt1,dialog0911,analytics_granite3.2_2b_prompt1_dialog0911,analytics,31.8,30.4,47.1,35.5,50.0,30.3,13.4,32.4,19.5,4.2
granite3.2,2.0B,1_Классификаторы_KNN_и_наивный_байес,"Вычисли расстояние Евклида между (1,2) и (3,4).",prompt1,dialog0912,analytics_granite3.2_2b_prompt1_dialog0912,analytics,31.8,30.4,47.1,35.5,50.0,30.3,13.4,32.4,19.5,4.2
granite3.2,2.0B,1_Классификаторы_KNN_и_наивный_байес,"В примере с погодой, вычисли F(да) для теста.",prompt1,dialog0913,analytics_granite3.2_2b_prompt1_dialog0913,analytics,31.8,30.4,47.1,35.5,50.0,30.3,13.4,32.4,19.5,4.2
granite3.2,2.0B,1_Классификаторы_KNN_и_наивный_байес,"Вычисли P(да | пасмурно, холодно, влажно, да).",prompt1,dialog0914,analytics_granite3.2_2b_prompt1_dialog0914,analytics,31.8,30.4,47.1,35.5,50.0,30.3,13.4,32.4,19.5,4.2
granite3.2,2.0B,1_Классификаторы_KNN_и_наивный_байес,"В спам-примере, вычисли P(win|спам) с Laplace.",prompt1,dialog0915,analytics_granite3.2_2b_prompt1_dialog0915,analytics,31.8,30.4,47.1,35.5,50.0,30.3,13.4,32.4,19.5,4.2
granite3.2,2.0B,3. Инструменты обучения НС,Что такое autograd?,prompt1,dialog0916,analytics_granite3.2_2b_prompt1_dialog0916,analytics,31.8,30.4,47.1,35.5,50.0,30.3,13.4,32.4,19.5,4.2
granite3.2,2.0B,3. Инструменты обучения НС,Что такое TensorFlow?,prompt1,dialog0917,analytics_granite3.2_2b_prompt1_dialog0917,analytics,31.8,30.4,47.1,35.5,50.0,30.3,13.4,32.4,19.5,4.2
granite3.2,2.0B,3. Инструменты обучения НС,Что такое Keras?,prompt1,dialog0918,analytics_granite3.2_2b_prompt1_dialog0918,analytics,31.8,30.4,47.1,35.5,50.0,30.3,13.4,32.4,19.5,4.2
granite3.2,2.0B,3. Инструменты обучения НС,Что такое over-fitting?,prompt1,dialog0919,analytics_granite3.2_2b_prompt1_dialog0919,analytics,31.8,30.4,47.1,35.5,50.0,30.3,13.4,32.4,19.5,4.2
granite3.2,2.0B,3. Инструменты обучения НС,Что такое SGD?,prompt1,dialog0920,analytics_granite3.2_2b_prompt1_dialog0920,analytics,31.8,30.4,47.1,35.5,50.0,30.3,13.4,32.4,19.5,4.2
granite3.2,2.0B,3. Инструменты обучения НС,Что такое Momentum в оптимизации?,prompt1,dialog0921,analytics_granite3.2_2b_prompt1_dialog0921,analytics,31.8,30.4,47.1,35.5,50.0,30.3,13.4,32.4,19.5,4.2
granite3.2,2.0B,3. Инструменты обучения НС,Что такое Adam?,prompt1,dialog0922,analytics_granite3.2_2b_prompt1_dialog0922,analytics,31.8,30.4,47.1,35.5,50.0,30.3,13.4,32.4,19.5,4.2
granite3.2,2.0B,3. Инструменты обучения НС,Что такое learning rate?,prompt1,dialog0923,analytics_granite3.2_2b_prompt1_dialog0923,analytics,31.8,30.4,47.1,35.5,50.0,30.3,13.4,32.4,19.5,4.2
granite3.2,2.0B,3. Инструменты обучения НС,Что такое метод Ньютона?,prompt1,dialog0924,analytics_granite3.2_2b_prompt1_dialog0924,analytics,31.8,30.4,47.1,35.5,50.0,30.3,13.4,32.4,19.5,4.2
granite3.2,2.0B,3. Инструменты обучения НС,Что такое RMSProp?,prompt1,dialog0925,analytics_granite3.2_2b_prompt1_dialog0925,analytics,31.8,30.4,47.1,35.5,50.0,30.3,13.4,32.4,19.5,4.2
granite3.2,2.0B,3. Инструменты обучения НС,"Вычисли шаг в SGD для L(w)=w^2, w=3, η=0.1.",prompt1,dialog0926,analytics_granite3.2_2b_prompt1_dialog0926,analytics,31.8,30.4,47.1,35.5,50.0,30.3,13.4,32.4,19.5,4.2
granite3.2,2.0B,3. Инструменты обучения НС,"Вычисли v_t в Momentum: γ=0.9, v_{t-1}=1, ∇L=2, η=0.1.",prompt1,dialog0927,analytics_granite3.2_2b_prompt1_dialog0927,analytics,31.8,30.4,47.1,35.5,50.0,30.3,13.4,32.4,19.5,4.2
granite3.2,2.0B,3. Инструменты обучения НС,"В Adagrad, G_{t-1,ii}=4, g_t=2, η=0.1, ε=1e-8.",prompt1,dialog0928,analytics_granite3.2_2b_prompt1_dialog0928,analytics,31.8,30.4,47.1,35.5,50.0,30.3,13.4,32.4,19.5,4.2
granite3.2,2.0B,3. Инструменты обучения НС,"Вычисли learning rate decay: η0=0.1, t=5, T=10, linear.",prompt1,dialog0929,analytics_granite3.2_2b_prompt1_dialog0929,analytics,31.8,30.4,47.1,35.5,50.0,30.3,13.4,32.4,19.5,4.2
granite3.2,2.0B,3. Инструменты обучения НС,"В Nesterov, вычисли ∇ в ω - γ v_{t-1}: γ=0.9, v=1, ∇=2.",prompt1,dialog0930,analytics_granite3.2_2b_prompt1_dialog0930,analytics,31.8,30.4,47.1,35.5,50.0,30.3,13.4,32.4,19.5,4.2
granite3.2,2.0B,1_Классификаторы_KNN_и_наивный_байес,Что такое метод k-ближайших соседей?,prompt8,dialog1111,analytics_granite3.2_2b_prompt8_dialog1111,analytics,33.9,29.7,51.7,35.5,50.0,34.1,12.4,32.2,20.1,5.3
granite3.2,2.0B,1_Классификаторы_KNN_и_наивный_байес,Как выбрать количество соседей k в k-NN?,prompt8,dialog1112,analytics_granite3.2_2b_prompt8_dialog1112,analytics,33.9,29.7,51.7,35.5,50.0,34.1,12.4,32.2,20.1,5.3
granite3.2,2.0B,1_Классификаторы_KNN_и_наивный_байес,Что такое евклидова метрика?,prompt8,dialog1113,analytics_granite3.2_2b_prompt8_dialog1113,analytics,33.9,29.7,51.7,35.5,50.0,34.1,12.4,32.2,20.1,5.3
granite3.2,2.0B,1_Классификаторы_KNN_и_наивный_байес,В чем суть наивного байесовского классификатора?,prompt8,dialog1114,analytics_granite3.2_2b_prompt8_dialog1114,analytics,33.9,29.7,51.7,35.5,50.0,34.1,12.4,32.2,20.1,5.3
granite3.2,2.0B,1_Классификаторы_KNN_и_наивный_байес,Как работает сглаживание по Лапласу?,prompt8,dialog1115,analytics_granite3.2_2b_prompt8_dialog1115,analytics,33.9,29.7,51.7,35.5,50.0,34.1,12.4,32.2,20.1,5.3
granite3.2,2.0B,1_Классификаторы_KNN_и_наивный_байес,Что такое манхэттенское расстояние?,prompt8,dialog1116,analytics_granite3.2_2b_prompt8_dialog1116,analytics,33.9,29.7,51.7,35.5,50.0,34.1,12.4,32.2,20.1,5.3
granite3.2,2.0B,1_Классификаторы_KNN_и_наивный_байес,Как вычислить вероятность класса в Naive Bayes?,prompt8,dialog1117,analytics_granite3.2_2b_prompt8_dialog1117,analytics,33.9,29.7,51.7,35.5,50.0,34.1,12.4,32.2,20.1,5.3
granite3.2,2.0B,1_Классификаторы_KNN_и_наивный_байес,Что такое расстояние Чебышёва?,prompt8,dialog1118,analytics_granite3.2_2b_prompt8_dialog1118,analytics,33.9,29.7,51.7,35.5,50.0,34.1,12.4,32.2,20.1,5.3
granite3.2,2.0B,1_Классификаторы_KNN_и_наивный_байес,Как классифицировать письмо как спам в Naive Bayes?,prompt8,dialog1119,analytics_granite3.2_2b_prompt8_dialog1119,analytics,33.9,29.7,51.7,35.5,50.0,34.1,12.4,32.2,20.1,5.3
granite3.2,2.0B,1_Классификаторы_KNN_и_наивный_байес,В чем разница между k-NN и взвешенным k-NN?,prompt8,dialog1120,analytics_granite3.2_2b_prompt8_dialog1120,analytics,33.9,29.7,51.7,35.5,50.0,34.1,12.4,32.2,20.1,5.3
granite3.2,2.0B,1_Классификаторы_KNN_и_наивный_байес,Вычисли вероятность спама для слова 'приз' из примера.,prompt8,dialog1121,analytics_granite3.2_2b_prompt8_dialog1121,analytics,33.9,29.7,51.7,35.5,50.0,34.1,12.4,32.2,20.1,5.3
granite3.2,2.0B,1_Классификаторы_KNN_и_наивный_байес,"Вычисли расстояние Евклида между (1,2) и (3,4).",prompt8,dialog1122,analytics_granite3.2_2b_prompt8_dialog1122,analytics,33.9,29.7,51.7,35.5,50.0,34.1,12.4,32.2,20.1,5.3
granite3.2,2.0B,1_Классификаторы_KNN_и_наивный_байес,"В примере с погодой, вычисли F(да) для теста.",prompt8,dialog1123,analytics_granite3.2_2b_prompt8_dialog1123,analytics,33.9,29.7,51.7,35.5,50.0,34.1,12.4,32.2,20.1,5.3
granite3.2,2.0B,1_Классификаторы_KNN_и_наивный_байес,"Вычисли P(да | пасмурно, холодно, влажно, да).",prompt8,dialog1124,analytics_granite3.2_2b_prompt8_dialog1124,analytics,33.9,29.7,51.7,35.5,50.0,34.1,12.4,32.2,20.1,5.3
granite3.2,2.0B,1_Классификаторы_KNN_и_наивный_байес,"В спам-примере, вычисли P(win|спам) с Laplace.",prompt8,dialog1125,analytics_granite3.2_2b_prompt8_dialog1125,analytics,33.9,29.7,51.7,35.5,50.0,34.1,12.4,32.2,20.1,5.3
granite3.2,2.0B,3. Инструменты обучения НС,Что такое autograd?,prompt8,dialog1126,analytics_granite3.2_2b_prompt8_dialog1126,analytics,33.9,29.7,51.7,35.5,50.0,34.1,12.4,32.2,20.1,5.3
granite3.2,2.0B,3. Инструменты обучения НС,Что такое TensorFlow?,prompt8,dialog1127,analytics_granite3.2_2b_prompt8_dialog1127,analytics,33.9,29.7,51.7,35.5,50.0,34.1,12.4,32.2,20.1,5.3
granite3.2,2.0B,3. Инструменты обучения НС,Что такое Keras?,prompt8,dialog1128,analytics_granite3.2_2b_prompt8_dialog1128,analytics,33.9,29.7,51.7,35.5,50.0,34.1,12.4,32.2,20.1,5.3
granite3.2,2.0B,3. Инструменты обучения НС,Что такое over-fitting?,prompt8,dialog1129,analytics_granite3.2_2b_prompt8_dialog1129,analytics,33.9,29.7,51.7,35.5,50.0,34.1,12.4,32.2,20.1,5.3
granite3.2,2.0B,3. Инструменты обучения НС,Что такое SGD?,prompt8,dialog1130,analytics_granite3.2_2b_prompt8_dialog1130,analytics,33.9,29.7,51.7,35.5,50.0,34.1,12.4,32.2,20.1,5.3
granite3.2,2.0B,3. Инструменты обучения НС,Что такое Momentum в оптимизации?,prompt8,dialog1131,analytics_granite3.2_2b_prompt8_dialog1131,analytics,33.9,29.7,51.7,35.5,50.0,34.1,12.4,32.2,20.1,5.3
granite3.2,2.0B,3. Инструменты обучения НС,Что такое Adam?,prompt8,dialog1132,analytics_granite3.2_2b_prompt8_dialog1132,analytics,33.9,29.7,51.7,35.5,50.0,34.1,12.4,32.2,20.1,5.3
granite3.2,2.0B,3. Инструменты обучения НС,Что такое learning rate?,prompt8,dialog1133,analytics_granite3.2_2b_prompt8_dialog1133,analytics,33.9,29.7,51.7,35.5,50.0,34.1,12.4,32.2,20.1,5.3
granite3.2,2.0B,3. Инструменты обучения НС,Что такое метод Ньютона?,prompt8,dialog1134,analytics_granite3.2_2b_prompt8_dialog1134,analytics,33.9,29.7,51.7,35.5,50.0,34.1,12.4,32.2,20.1,5.3
granite3.2,2.0B,3. Инструменты обучения НС,Что такое RMSProp?,prompt8,dialog1135,analytics_granite3.2_2b_prompt8_dialog1135,analytics,33.9,29.7,51.7,35.5,50.0,34.1,12.4,32.2,20.1,5.3
granite3.2,2.0B,3. Инструменты обучения НС,"Вычисли шаг в SGD для L(w)=w^2, w=3, η=0.1.",prompt8,dialog1136,analytics_granite3.2_2b_prompt8_dialog1136,analytics,33.9,29.7,51.7,35.5,50.0,34.1,12.4,32.2,20.1,5.3
granite3.2,2.0B,3. Инструменты обучения НС,"Вычисли v_t в Momentum: γ=0.9, v_{t-1}=1, ∇L=2, η=0.1.",prompt8,dialog1137,analytics_granite3.2_2b_prompt8_dialog1137,analytics,33.9,29.7,51.7,35.5,50.0,34.1,12.4,32.2,20.1,5.3
granite3.2,2.0B,3. Инструменты обучения НС,"В Adagrad, G_{t-1,ii}=4, g_t=2, η=0.1, ε=1e-8.",prompt8,dialog1138,analytics_granite3.2_2b_prompt8_dialog1138,analytics,33.9,29.7,51.7,35.5,50.0,34.1,12.4,32.2,20.1,5.3
granite3.2,2.0B,3. Инструменты обучения НС,"Вычисли learning rate decay: η0=0.1, t=5, T=10, linear.",prompt8,dialog1139,analytics_granite3.2_2b_prompt8_dialog1139,analytics,33.9,29.7,51.7,35.5,50.0,34.1,12.4,32.2,20.1,5.3
granite3.2,2.0B,3. Инструменты обучения НС,"В Nesterov, вычисли ∇ в ω - γ v_{t-1}: γ=0.9, v=1, ∇=2.",prompt8,dialog1140,analytics_granite3.2_2b_prompt8_dialog1140,analytics,33.9,29.7,51.7,35.5,50.0,34.1,12.4,32.2,20.1,5.3
granite3.2,2.0B,1_Классификаторы_KNN_и_наивный_байес,Что такое метод k-ближайших соседей?,prompt11,dialog1201,analytics_granite3.2_2b_prompt11_dialog1201,analytics,28.9,27.3,46.9,35.5,50.0,33.3,13.9,31.9,21.4,4.2
granite3.2,2.0B,1_Классификаторы_KNN_и_наивный_байес,Как выбрать количество соседей k в k-NN?,prompt11,dialog1202,analytics_granite3.2_2b_prompt11_dialog1202,analytics,28.9,27.3,46.9,35.5,50.0,33.3,13.9,31.9,21.4,4.2
granite3.2,2.0B,1_Классификаторы_KNN_и_наивный_байес,Что такое евклидова метрика?,prompt11,dialog1203,analytics_granite3.2_2b_prompt11_dialog1203,analytics,28.9,27.3,46.9,35.5,50.0,33.3,13.9,31.9,21.4,4.2
granite3.2,2.0B,1_Классификаторы_KNN_и_наивный_байес,В чем суть наивного байесовского классификатора?,prompt11,dialog1204,analytics_granite3.2_2b_prompt11_dialog1204,analytics,28.9,27.3,46.9,35.5,50.0,33.3,13.9,31.9,21.4,4.2
granite3.2,2.0B,1_Классификаторы_KNN_и_наивный_байес,Как работает сглаживание по Лапласу?,prompt11,dialog1205,analytics_granite3.2_2b_prompt11_dialog1205,analytics,28.9,27.3,46.9,35.5,50.0,33.3,13.9,31.9,21.4,4.2
granite3.2,2.0B,1_Классификаторы_KNN_и_наивный_байес,Что такое манхэттенское расстояние?,prompt11,dialog1206,analytics_granite3.2_2b_prompt11_dialog1206,analytics,28.9,27.3,46.9,35.5,50.0,33.3,13.9,31.9,21.4,4.2
granite3.2,2.0B,1_Классификаторы_KNN_и_наивный_байес,Как вычислить вероятность класса в Naive Bayes?,prompt11,dialog1207,analytics_granite3.2_2b_prompt11_dialog1207,analytics,28.9,27.3,46.9,35.5,50.0,33.3,13.9,31.9,21.4,4.2
granite3.2,2.0B,1_Классификаторы_KNN_и_наивный_байес,Что такое расстояние Чебышёва?,prompt11,dialog1208,analytics_granite3.2_2b_prompt11_dialog1208,analytics,28.9,27.3,46.9,35.5,50.0,33.3,13.9,31.9,21.4,4.2
granite3.2,2.0B,1_Классификаторы_KNN_и_наивный_байес,Как классифицировать письмо как спам в Naive Bayes?,prompt11,dialog1209,analytics_granite3.2_2b_prompt11_dialog1209,analytics,28.9,27.3,46.9,35.5,50.0,33.3,13.9,31.9,21.4,4.2
granite3.2,2.0B,1_Классификаторы_KNN_и_наивный_байес,В чем разница между k-NN и взвешенным k-NN?,prompt11,dialog1210,analytics_granite3.2_2b_prompt11_dialog1210,analytics,28.9,27.3,46.9,35.5,50.0,33.3,13.9,31.9,21.4,4.2
granite3.2,2.0B,1_Классификаторы_KNN_и_наивный_байес,Вычисли вероятность спама для слова 'приз' из примера.,prompt11,dialog1211,analytics_granite3.2_2b_prompt11_dialog1211,analytics,28.9,27.3,46.9,35.5,50.0,33.3,13.9,31.9,21.4,4.2
granite3.2,2.0B,1_Классификаторы_KNN_и_наивный_байес,"Вычисли расстояние Евклида между (1,2) и (3,4).",prompt11,dialog1212,analytics_granite3.2_2b_prompt11_dialog1212,analytics,28.9,27.3,46.9,35.5,50.0,33.3,13.9,31.9,21.4,4.2
granite3.2,2.0B,1_Классификаторы_KNN_и_наивный_байес,"В примере с погодой, вычисли F(да) для теста.",prompt11,dialog1213,analytics_granite3.2_2b_prompt11_dialog1213,analytics,28.9,27.3,46.9,35.5,50.0,33.3,13.9,31.9,21.4,4.2
granite3.2,2.0B,1_Классификаторы_KNN_и_наивный_байес,"Вычисли P(да | пасмурно, холодно, влажно, да).",prompt11,dialog1214,analytics_granite3.2_2b_prompt11_dialog1214,analytics,28.9,27.3,46.9,35.5,50.0,33.3,13.9,31.9,21.4,4.2
granite3.2,2.0B,1_Классификаторы_KNN_и_наивный_байес,"В спам-примере, вычисли P(win|спам) с Laplace.",prompt11,dialog1215,analytics_granite3.2_2b_prompt11_dialog1215,analytics,28.9,27.3,46.9,35.5,50.0,33.3,13.9,31.9,21.4,4.2
granite3.2,2.0B,3. Инструменты обучения НС,Что такое autograd?,prompt11,dialog1216,analytics_granite3.2_2b_prompt11_dialog1216,analytics,28.9,27.3,46.9,35.5,50.0,33.3,13.9,31.9,21.4,4.2
granite3.2,2.0B,3. Инструменты обучения НС,Что такое TensorFlow?,prompt11,dialog1217,analytics_granite3.2_2b_prompt11_dialog1217,analytics,28.9,27.3,46.9,35.5,50.0,33.3,13.9,31.9,21.4,4.2
granite3.2,2.0B,3. Инструменты обучения НС,Что такое Keras?,prompt11,dialog1218,analytics_granite3.2_2b_prompt11_dialog1218,analytics,28.9,27.3,46.9,35.5,50.0,33.3,13.9,31.9,21.4,4.2
granite3.2,2.0B,3. Инструменты обучения НС,Что такое over-fitting?,prompt11,dialog1219,analytics_granite3.2_2b_prompt11_dialog1219,analytics,28.9,27.3,46.9,35.5,50.0,33.3,13.9,31.9,21.4,4.2
granite3.2,2.0B,3. Инструменты обучения НС,Что такое SGD?,prompt11,dialog1220,analytics_granite3.2_2b_prompt11_dialog1220,analytics,28.9,27.3,46.9,35.5,50.0,33.3,13.9,31.9,21.4,4.2
granite3.2,2.0B,3. Инструменты обучения НС,Что такое Momentum в оптимизации?,prompt11,dialog1221,analytics_granite3.2_2b_prompt11_dialog1221,analytics,28.9,27.3,46.9,35.5,50.0,33.3,13.9,31.9,21.4,4.2
granite3.2,2.0B,3. Инструменты обучения НС,Что такое Adam?,prompt11,dialog1222,analytics_granite3.2_2b_prompt11_dialog1222,analytics,28.9,27.3,46.9,35.5,50.0,33.3,13.9,31.9,21.4,4.2
granite3.2,2.0B,3. Инструменты обучения НС,Что такое learning rate?,prompt11,dialog1223,analytics_granite3.2_2b_prompt11_dialog1223,analytics,28.9,27.3,46.9,35.5,50.0,33.3,13.9,31.9,21.4,4.2
granite3.2,2.0B,3. Инструменты обучения НС,Что такое метод Ньютона?,prompt11,dialog1224,analytics_granite3.2_2b_prompt11_dialog1224,analytics,28.9,27.3,46.9,35.5,50.0,33.3,13.9,31.9,21.4,4.2
granite3.2,2.0B,3. Инструменты обучения НС,Что такое RMSProp?,prompt11,dialog1225,analytics_granite3.2_2b_prompt11_dialog1225,analytics,28.9,27.3,46.9,35.5,50.0,33.3,13.9,31.9,21.4,4.2
granite3.2,2.0B,3. Инструменты обучения НС,"Вычисли шаг в SGD для L(w)=w^2, w=3, η=0.1.",prompt11,dialog1226,analytics_granite3.2_2b_prompt11_dialog1226,analytics,28.9,27.3,46.9,35.5,50.0,33.3,13.9,31.9,21.4,4.2
granite3.2,2.0B,3. Инструменты обучения НС,"Вычисли v_t в Momentum: γ=0.9, v_{t-1}=1, ∇L=2, η=0.1.",prompt11,dialog1227,analytics_granite3.2_2b_prompt11_dialog1227,analytics,28.9,27.3,46.9,35.5,50.0,33.3,13.9,31.9,21.4,4.2
granite3.2,2.0B,3. Инструменты обучения НС,"В Adagrad, G_{t-1,ii}=4, g_t=2, η=0.1, ε=1e-8.",prompt11,dialog1228,analytics_granite3.2_2b_prompt11_dialog1228,analytics,28.9,27.3,46.9,35.5,50.0,33.3,13.9,31.9,21.4,4.2
granite3.2,2.0B,3. Инструменты обучения НС,"Вычисли learning rate decay: η0=0.1, t=5, T=10, linear.",prompt11,dialog1229,analytics_granite3.2_2b_prompt11_dialog1229,analytics,28.9,27.3,46.9,35.5,50.0,33.3,13.9,31.9,21.4,4.2
granite3.2,2.0B,3. Инструменты обучения НС,"В Nesterov, вычисли ∇ в ω - γ v_{t-1}: γ=0.9, v=1, ∇=2.",prompt11,dialog1230,analytics_granite3.2_2b_prompt11_dialog1230,analytics,28.9,27.3,46.9,35.5,50.0,33.3,13.9,31.9,21.4,4.2
mistral,7.0B,1_Классификаторы_KNN_и_наивный_байес,Что такое метод k-ближайших соседей?,prompt14,dialog0841,analytics_mistral_7b_prompt14_dialog0841,analytics,38.5,36.2,49.9,35.5,50.0,31.9,10.8,34.2,20.2,5.0
mistral,7.0B,1_Классификаторы_KNN_и_наивный_байес,Как выбрать количество соседей k в k-NN?,prompt14,dialog0842,analytics_mistral_7b_prompt14_dialog0842,analytics,38.5,36.2,49.9,35.5,50.0,31.9,10.8,34.2,20.2,5.0
mistral,7.0B,1_Классификаторы_KNN_и_наивный_байес,Что такое евклидова метрика?,prompt14,dialog0843,analytics_mistral_7b_prompt14_dialog0843,analytics,38.5,36.2,49.9,35.5,50.0,31.9,10.8,34.2,20.2,5.0
mistral,7.0B,1_Классификаторы_KNN_и_наивный_байес,В чем суть наивного байесовского классификатора?,prompt14,dialog0844,analytics_mistral_7b_prompt14_dialog0844,analytics,38.5,36.2,49.9,35.5,50.0,31.9,10.8,34.2,20.2,5.0
mistral,7.0B,1_Классификаторы_KNN_и_наивный_байес,Как работает сглаживание по Лапласу?,prompt14,dialog0845,analytics_mistral_7b_prompt14_dialog0845,analytics,38.5,36.2,49.9,35.5,50.0,31.9,10.8,34.2,20.2,5.0
mistral,7.0B,1_Классификаторы_KNN_и_наивный_байес,Что такое манхэттенское расстояние?,prompt14,dialog0846,analytics_mistral_7b_prompt14_dialog0846,analytics,38.5,36.2,49.9,35.5,50.0,31.9,10.8,34.2,20.2,5.0
mistral,7.0B,1_Классификаторы_KNN_и_наивный_байес,Как вычислить вероятность класса в Naive Bayes?,prompt14,dialog0847,analytics_mistral_7b_prompt14_dialog0847,analytics,38.5,36.2,49.9,35.5,50.0,31.9,10.8,34.2,20.2,5.0
mistral,7.0B,1_Классификаторы_KNN_и_наивный_байес,Что такое расстояние Чебышёва?,prompt14,dialog0848,analytics_mistral_7b_prompt14_dialog0848,analytics,38.5,36.2,49.9,35.5,50.0,31.9,10.8,34.2,20.2,5.0
mistral,7.0B,1_Классификаторы_KNN_и_наивный_байес,Как классифицировать письмо как спам в Naive Bayes?,prompt14,dialog0849,analytics_mistral_7b_prompt14_dialog0849,analytics,38.5,36.2,49.9,35.5,50.0,31.9,10.8,34.2,20.2,5.0
mistral,7.0B,1_Классификаторы_KNN_и_наивный_байес,В чем разница между k-NN и взвешенным k-NN?,prompt14,dialog0850,analytics_mistral_7b_prompt14_dialog0850,analytics,38.5,36.2,49.9,35.5,50.0,31.9,10.8,34.2,20.2,5.0
mistral,7.0B,1_Классификаторы_KNN_и_наивный_байес,Вычисли вероятность спама для слова 'приз' из примера.,prompt14,dialog0851,analytics_mistral_7b_prompt14_dialog0851,analytics,38.5,36.2,49.9,35.5,50.0,31.9,10.8,34.2,20.2,5.0
mistral,7.0B,1_Классификаторы_KNN_и_наивный_байес,"Вычисли расстояние Евклида между (1,2) и (3,4).",prompt14,dialog0852,analytics_mistral_7b_prompt14_dialog0852,analytics,38.5,36.2,49.9,35.5,50.0,31.9,10.8,34.2,20.2,5.0
mistral,7.0B,1_Классификаторы_KNN_и_наивный_байес,"В примере с погодой, вычисли F(да) для теста.",prompt14,dialog0853,analytics_mistral_7b_prompt14_dialog0853,analytics,38.5,36.2,49.9,35.5,50.0,31.9,10.8,34.2,20.2,5.0
mistral,7.0B,1_Классификаторы_KNN_и_наивный_байес,"Вычисли P(да | пасмурно, холодно, влажно, да).",prompt14,dialog0854,analytics_mistral_7b_prompt14_dialog0854,analytics,38.5,36.2,49.9,35.5,50.0,31.9,10.8,34.2,20.2,5.0
mistral,7.0B,1_Классификаторы_KNN_и_наивный_байес,"В спам-примере, вычисли P(win|спам) с Laplace.",prompt14,dialog0855,analytics_mistral_7b_prompt14_dialog0855,analytics,38.5,36.2,49.9,35.5,50.0,31.9,10.8,34.2,20.2,5.0
mistral,7.0B,3. Инструменты обучения НС,Что такое autograd?,prompt14,dialog0856,analytics_mistral_7b_prompt14_dialog0856,analytics,38.5,36.2,49.9,35.5,50.0,31.9,10.8,34.2,20.2,5.0
mistral,7.0B,3. Инструменты обучения НС,Что такое TensorFlow?,prompt14,dialog0857,analytics_mistral_7b_prompt14_dialog0857,analytics,38.5,36.2,49.9,35.5,50.0,31.9,10.8,34.2,20.2,5.0
mistral,7.0B,3. Инструменты обучения НС,Что такое Keras?,prompt14,dialog0858,analytics_mistral_7b_prompt14_dialog0858,analytics,38.5,36.2,49.9,35.5,50.0,31.9,10.8,34.2,20.2,5.0
mistral,7.0B,3. Инструменты обучения НС,Что такое over-fitting?,prompt14,dialog0859,analytics_mistral_7b_prompt14_dialog0859,analytics,38.5,36.2,49.9,35.5,50.0,31.9,10.8,34.2,20.2,5.0
mistral,7.0B,3. Инструменты обучения НС,Что такое SGD?,prompt14,dialog0860,analytics_mistral_7b_prompt14_dialog0860,analytics,38.5,36.2,49.9,35.5,50.0,31.9,10.8,34.2,20.2,5.0
mistral,7.0B,3. Инструменты обучения НС,Что такое Momentum в оптимизации?,prompt14,dialog0861,analytics_mistral_7b_prompt14_dialog0861,analytics,38.5,36.2,49.9,35.5,50.0,31.9,10.8,34.2,20.2,5.0
mistral,7.0B,3. Инструменты обучения НС,Что такое Adam?,prompt14,dialog0862,analytics_mistral_7b_prompt14_dialog0862,analytics,38.5,36.2,49.9,35.5,50.0,31.9,10.8,34.2,20.2,5.0
mistral,7.0B,3. Инструменты обучения НС,Что такое learning rate?,prompt14,dialog0863,analytics_mistral_7b_prompt14_dialog0863,analytics,38.5,36.2,49.9,35.5,50.0,31.9,10.8,34.2,20.2,5.0
mistral,7.0B,3. Инструменты обучения НС,Что такое метод Ньютона?,prompt14,dialog0864,analytics_mistral_7b_prompt14_dialog0864,analytics,38.5,36.2,49.9,35.5,50.0,31.9,10.8,34.2,20.2,5.0
mistral,7.0B,3. Инструменты обучения НС,Что такое RMSProp?,prompt14,dialog0865,analytics_mistral_7b_prompt14_dialog0865,analytics,38.5,36.2,49.9,35.5,50.0,31.9,10.8,34.2,20.2,5.0
mistral,7.0B,3. Инструменты обучения НС,"Вычисли шаг в SGD для L(w)=w^2, w=3, η=0.1.",prompt14,dialog0866,analytics_mistral_7b_prompt14_dialog0866,analytics,38.5,36.2,49.9,35.5,50.0,31.9,10.8,34.2,20.2,5.0
mistral,7.0B,3. Инструменты обучения НС,"Вычисли v_t в Momentum: γ=0.9, v_{t-1}=1, ∇L=2, η=0.1.",prompt14,dialog0867,analytics_mistral_7b_prompt14_dialog0867,analytics,38.5,36.2,49.9,35.5,50.0,31.9,10.8,34.2,20.2,5.0
mistral,7.0B,3. Инструменты обучения НС,"В Adagrad, G_{t-1,ii}=4, g_t=2, η=0.1, ε=1e-8.",prompt14,dialog0868,analytics_mistral_7b_prompt14_dialog0868,analytics,38.5,36.2,49.9,35.5,50.0,31.9,10.8,34.2,20.2,5.0
mistral,7.0B,3. Инструменты обучения НС,"Вычисли learning rate decay: η0=0.1, t=5, T=10, linear.",prompt14,dialog0869,analytics_mistral_7b_prompt14_dialog0869,analytics,38.5,36.2,49.9,35.5,50.0,31.9,10.8,34.2,20.2,5.0
mistral,7.0B,3. Инструменты обучения НС,"В Nesterov, вычисли ∇ в ω - γ v_{t-1}: γ=0.9, v=1, ∇=2.",prompt14,dialog0870,analytics_mistral_7b_prompt14_dialog0870,analytics,38.5,36.2,49.9,35.5,50.0,31.9,10.8,34.2,20.2,5.0
mistral,7.0B,1_Классификаторы_KNN_и_наивный_байес,Что такое метод k-ближайших соседей?,prompt13,dialog0811,analytics_mistral_7b_prompt13_dialog0811,analytics,39.7,36.6,54.7,35.5,50.0,34.3,11.4,32.5,19.3,6.1
mistral,7.0B,1_Классификаторы_KNN_и_наивный_байес,Как выбрать количество соседей k в k-NN?,prompt13,dialog0812,analytics_mistral_7b_prompt13_dialog0812,analytics,39.7,36.6,54.7,35.5,50.0,34.3,11.4,32.5,19.3,6.1
mistral,7.0B,1_Классификаторы_KNN_и_наивный_байес,Что такое евклидова метрика?,prompt13,dialog0813,analytics_mistral_7b_prompt13_dialog0813,analytics,39.7,36.6,54.7,35.5,50.0,34.3,11.4,32.5,19.3,6.1
mistral,7.0B,1_Классификаторы_KNN_и_наивный_байес,В чем суть наивного байесовского классификатора?,prompt13,dialog0814,analytics_mistral_7b_prompt13_dialog0814,analytics,39.7,36.6,54.7,35.5,50.0,34.3,11.4,32.5,19.3,6.1
mistral,7.0B,1_Классификаторы_KNN_и_наивный_байес,Как работает сглаживание по Лапласу?,prompt13,dialog0815,analytics_mistral_7b_prompt13_dialog0815,analytics,39.7,36.6,54.7,35.5,50.0,34.3,11.4,32.5,19.3,6.1
mistral,7.0B,1_Классификаторы_KNN_и_наивный_байес,Что такое манхэттенское расстояние?,prompt13,dialog0816,analytics_mistral_7b_prompt13_dialog0816,analytics,39.7,36.6,54.7,35.5,50.0,34.3,11.4,32.5,19.3,6.1
mistral,7.0B,1_Классификаторы_KNN_и_наивный_байес,Как вычислить вероятность класса в Naive Bayes?,prompt13,dialog0817,analytics_mistral_7b_prompt13_dialog0817,analytics,39.7,36.6,54.7,35.5,50.0,34.3,11.4,32.5,19.3,6.1
mistral,7.0B,1_Классификаторы_KNN_и_наивный_байес,Что такое расстояние Чебышёва?,prompt13,dialog0818,analytics_mistral_7b_prompt13_dialog0818,analytics,39.7,36.6,54.7,35.5,50.0,34.3,11.4,32.5,19.3,6.1
mistral,7.0B,1_Классификаторы_KNN_и_наивный_байес,Как классифицировать письмо как спам в Naive Bayes?,prompt13,dialog0819,analytics_mistral_7b_prompt13_dialog0819,analytics,39.7,36.6,54.7,35.5,50.0,34.3,11.4,32.5,19.3,6.1
mistral,7.0B,1_Классификаторы_KNN_и_наивный_байес,В чем разница между k-NN и взвешенным k-NN?,prompt13,dialog0820,analytics_mistral_7b_prompt13_dialog0820,analytics,39.7,36.6,54.7,35.5,50.0,34.3,11.4,32.5,19.3,6.1
mistral,7.0B,1_Классификаторы_KNN_и_наивный_байес,Вычисли вероятность спама для слова 'приз' из примера.,prompt13,dialog0821,analytics_mistral_7b_prompt13_dialog0821,analytics,39.7,36.6,54.7,35.5,50.0,34.3,11.4,32.5,19.3,6.1
mistral,7.0B,1_Классификаторы_KNN_и_наивный_байес,"Вычисли расстояние Евклида между (1,2) и (3,4).",prompt13,dialog0822,analytics_mistral_7b_prompt13_dialog0822,analytics,39.7,36.6,54.7,35.5,50.0,34.3,11.4,32.5,19.3,6.1
mistral,7.0B,1_Классификаторы_KNN_и_наивный_байес,"В примере с погодой, вычисли F(да) для теста.",prompt13,dialog0823,analytics_mistral_7b_prompt13_dialog0823,analytics,39.7,36.6,54.7,35.5,50.0,34.3,11.4,32.5,19.3,6.1
mistral,7.0B,1_Классификаторы_KNN_и_наивный_байес,"Вычисли P(да | пасмурно, холодно, влажно, да).",prompt13,dialog0824,analytics_mistral_7b_prompt13_dialog0824,analytics,39.7,36.6,54.7,35.5,50.0,34.3,11.4,32.5,19.3,6.1
mistral,7.0B,1_Классификаторы_KNN_и_наивный_байес,"В спам-примере, вычисли P(win|спам) с Laplace.",prompt13,dialog0825,analytics_mistral_7b_prompt13_dialog0825,analytics,39.7,36.6,54.7,35.5,50.0,34.3,11.4,32.5,19.3,6.1
mistral,7.0B,3. Инструменты обучения НС,Что такое autograd?,prompt13,dialog0826,analytics_mistral_7b_prompt13_dialog0826,analytics,39.7,36.6,54.7,35.5,50.0,34.3,11.4,32.5,19.3,6.1
mistral,7.0B,3. Инструменты обучения НС,Что такое TensorFlow?,prompt13,dialog0827,analytics_mistral_7b_prompt13_dialog0827,analytics,39.7,36.6,54.7,35.5,50.0,34.3,11.4,32.5,19.3,6.1
mistral,7.0B,3. Инструменты обучения НС,Что такое Keras?,prompt13,dialog0828,analytics_mistral_7b_prompt13_dialog0828,analytics,39.7,36.6,54.7,35.5,50.0,34.3,11.4,32.5,19.3,6.1
mistral,7.0B,3. Инструменты обучения НС,Что такое over-fitting?,prompt13,dialog0829,analytics_mistral_7b_prompt13_dialog0829,analytics,39.7,36.6,54.7,35.5,50.0,34.3,11.4,32.5,19.3,6.1
mistral,7.0B,3. Инструменты обучения НС,Что такое SGD?,prompt13,dialog0830,analytics_mistral_7b_prompt13_dialog0830,analytics,39.7,36.6,54.7,35.5,50.0,34.3,11.4,32.5,19.3,6.1
mistral,7.0B,3. Инструменты обучения НС,Что такое Momentum в оптимизации?,prompt13,dialog0831,analytics_mistral_7b_prompt13_dialog0831,analytics,39.7,36.6,54.7,35.5,50.0,34.3,11.4,32.5,19.3,6.1
mistral,7.0B,3. Инструменты обучения НС,Что такое Adam?,prompt13,dialog0832,analytics_mistral_7b_prompt13_dialog0832,analytics,39.7,36.6,54.7,35.5,50.0,34.3,11.4,32.5,19.3,6.1
mistral,7.0B,3. Инструменты обучения НС,Что такое learning rate?,prompt13,dialog0833,analytics_mistral_7b_prompt13_dialog0833,analytics,39.7,36.6,54.7,35.5,50.0,34.3,11.4,32.5,19.3,6.1
mistral,7.0B,3. Инструменты обучения НС,Что такое метод Ньютона?,prompt13,dialog0834,analytics_mistral_7b_prompt13_dialog0834,analytics,39.7,36.6,54.7,35.5,50.0,34.3,11.4,32.5,19.3,6.1
mistral,7.0B,3. Инструменты обучения НС,Что такое RMSProp?,prompt13,dialog0835,analytics_mistral_7b_prompt13_dialog0835,analytics,39.7,36.6,54.7,35.5,50.0,34.3,11.4,32.5,19.3,6.1
mistral,7.0B,3. Инструменты обучения НС,"Вычисли шаг в SGD для L(w)=w^2, w=3, η=0.1.",prompt13,dialog0836,analytics_mistral_7b_prompt13_dialog0836,analytics,39.7,36.6,54.7,35.5,50.0,34.3,11.4,32.5,19.3,6.1
mistral,7.0B,3. Инструменты обучения НС,"Вычисли v_t в Momentum: γ=0.9, v_{t-1}=1, ∇L=2, η=0.1.",prompt13,dialog0837,analytics_mistral_7b_prompt13_dialog0837,analytics,39.7,36.6,54.7,35.5,50.0,34.3,11.4,32.5,19.3,6.1
mistral,7.0B,3. Инструменты обучения НС,"В Adagrad, G_{t-1,ii}=4, g_t=2, η=0.1, ε=1e-8.",prompt13,dialog0838,analytics_mistral_7b_prompt13_dialog0838,analytics,39.7,36.6,54.7,35.5,50.0,34.3,11.4,32.5,19.3,6.1
mistral,7.0B,3. Инструменты обучения НС,"Вычисли learning rate decay: η0=0.1, t=5, T=10, linear.",prompt13,dialog0839,analytics_mistral_7b_prompt13_dialog0839,analytics,39.7,36.6,54.7,35.5,50.0,34.3,11.4,32.5,19.3,6.1
mistral,7.0B,3. Инструменты обучения НС,"В Nesterov, вычисли ∇ в ω - γ v_{t-1}: γ=0.9, v=1, ∇=2.",prompt13,dialog0840,analytics_mistral_7b_prompt13_dialog0840,analytics,39.7,36.6,54.7,35.5,50.0,34.3,11.4,32.5,19.3,6.1
mistral,7.0B,1_Классификаторы_KNN_и_наивный_байес,Что такое метод k-ближайших соседей?,prompt4,dialog0541,analytics_mistral_7b_prompt4_dialog0541,analytics,37.0,33.8,49.6,35.5,50.0,32.3,14.1,30.8,16.2,5.2
mistral,7.0B,1_Классификаторы_KNN_и_наивный_байес,Как выбрать количество соседей k в k-NN?,prompt4,dialog0542,analytics_mistral_7b_prompt4_dialog0542,analytics,37.0,33.8,49.6,35.5,50.0,32.3,14.1,30.8,16.2,5.2
mistral,7.0B,1_Классификаторы_KNN_и_наивный_байес,Что такое евклидова метрика?,prompt4,dialog0543,analytics_mistral_7b_prompt4_dialog0543,analytics,37.0,33.8,49.6,35.5,50.0,32.3,14.1,30.8,16.2,5.2
mistral,7.0B,1_Классификаторы_KNN_и_наивный_байес,В чем суть наивного байесовского классификатора?,prompt4,dialog0544,analytics_mistral_7b_prompt4_dialog0544,analytics,37.0,33.8,49.6,35.5,50.0,32.3,14.1,30.8,16.2,5.2
mistral,7.0B,1_Классификаторы_KNN_и_наивный_байес,Как работает сглаживание по Лапласу?,prompt4,dialog0545,analytics_mistral_7b_prompt4_dialog0545,analytics,37.0,33.8,49.6,35.5,50.0,32.3,14.1,30.8,16.2,5.2
mistral,7.0B,1_Классификаторы_KNN_и_наивный_байес,Что такое манхэттенское расстояние?,prompt4,dialog0546,analytics_mistral_7b_prompt4_dialog0546,analytics,37.0,33.8,49.6,35.5,50.0,32.3,14.1,30.8,16.2,5.2
mistral,7.0B,1_Классификаторы_KNN_и_наивный_байес,Как вычислить вероятность класса в Naive Bayes?,prompt4,dialog0547,analytics_mistral_7b_prompt4_dialog0547,analytics,37.0,33.8,49.6,35.5,50.0,32.3,14.1,30.8,16.2,5.2
mistral,7.0B,1_Классификаторы_KNN_и_наивный_байес,Что такое расстояние Чебышёва?,prompt4,dialog0548,analytics_mistral_7b_prompt4_dialog0548,analytics,37.0,33.8,49.6,35.5,50.0,32.3,14.1,30.8,16.2,5.2
mistral,7.0B,1_Классификаторы_KNN_и_наивный_байес,Как классифицировать письмо как спам в Naive Bayes?,prompt4,dialog0549,analytics_mistral_7b_prompt4_dialog0549,analytics,37.0,33.8,49.6,35.5,50.0,32.3,14.1,30.8,16.2,5.2
mistral,7.0B,1_Классификаторы_KNN_и_наивный_байес,В чем разница между k-NN и взвешенным k-NN?,prompt4,dialog0550,analytics_mistral_7b_prompt4_dialog0550,analytics,37.0,33.8,49.6,35.5,50.0,32.3,14.1,30.8,16.2,5.2
mistral,7.0B,1_Классификаторы_KNN_и_наивный_байес,Вычисли вероятность спама для слова 'приз' из примера.,prompt4,dialog0551,analytics_mistral_7b_prompt4_dialog0551,analytics,37.0,33.8,49.6,35.5,50.0,32.3,14.1,30.8,16.2,5.2
mistral,7.0B,1_Классификаторы_KNN_и_наивный_байес,"Вычисли расстояние Евклида между (1,2) и (3,4).",prompt4,dialog0552,analytics_mistral_7b_prompt4_dialog0552,analytics,37.0,33.8,49.6,35.5,50.0,32.3,14.1,30.8,16.2,5.2
mistral,7.0B,1_Классификаторы_KNN_и_наивный_байес,"В примере с погодой, вычисли F(да) для теста.",prompt4,dialog0553,analytics_mistral_7b_prompt4_dialog0553,analytics,37.0,33.8,49.6,35.5,50.0,32.3,14.1,30.8,16.2,5.2
mistral,7.0B,1_Классификаторы_KNN_и_наивный_байес,"Вычисли P(да | пасмурно, холодно, влажно, да).",prompt4,dialog0554,analytics_mistral_7b_prompt4_dialog0554,analytics,37.0,33.8,49.6,35.5,50.0,32.3,14.1,30.8,16.2,5.2
mistral,7.0B,1_Классификаторы_KNN_и_наивный_байес,"В спам-примере, вычисли P(win|спам) с Laplace.",prompt4,dialog0555,analytics_mistral_7b_prompt4_dialog0555,analytics,37.0,33.8,49.6,35.5,50.0,32.3,14.1,30.8,16.2,5.2
mistral,7.0B,3. Инструменты обучения НС,Что такое autograd?,prompt4,dialog0556,analytics_mistral_7b_prompt4_dialog0556,analytics,37.0,33.8,49.6,35.5,50.0,32.3,14.1,30.8,16.2,5.2
mistral,7.0B,3. Инструменты обучения НС,Что такое TensorFlow?,prompt4,dialog0557,analytics_mistral_7b_prompt4_dialog0557,analytics,37.0,33.8,49.6,35.5,50.0,32.3,14.1,30.8,16.2,5.2
mistral,7.0B,3. Инструменты обучения НС,Что такое Keras?,prompt4,dialog0558,analytics_mistral_7b_prompt4_dialog0558,analytics,37.0,33.8,49.6,35.5,50.0,32.3,14.1,30.8,16.2,5.2
mistral,7.0B,3. Инструменты обучения НС,Что такое over-fitting?,prompt4,dialog0559,analytics_mistral_7b_prompt4_dialog0559,analytics,37.0,33.8,49.6,35.5,50.0,32.3,14.1,30.8,16.2,5.2
mistral,7.0B,3. Инструменты обучения НС,Что такое SGD?,prompt4,dialog0560,analytics_mistral_7b_prompt4_dialog0560,analytics,37.0,33.8,49.6,35.5,50.0,32.3,14.1,30.8,16.2,5.2
mistral,7.0B,3. Инструменты обучения НС,Что такое Momentum в оптимизации?,prompt4,dialog0561,analytics_mistral_7b_prompt4_dialog0561,analytics,37.0,33.8,49.6,35.5,50.0,32.3,14.1,30.8,16.2,5.2
mistral,7.0B,3. Инструменты обучения НС,Что такое Adam?,prompt4,dialog0562,analytics_mistral_7b_prompt4_dialog0562,analytics,37.0,33.8,49.6,35.5,50.0,32.3,14.1,30.8,16.2,5.2
mistral,7.0B,3. Инструменты обучения НС,Что такое learning rate?,prompt4,dialog0563,analytics_mistral_7b_prompt4_dialog0563,analytics,37.0,33.8,49.6,35.5,50.0,32.3,14.1,30.8,16.2,5.2
mistral,7.0B,3. Инструменты обучения НС,Что такое метод Ньютона?,prompt4,dialog0564,analytics_mistral_7b_prompt4_dialog0564,analytics,37.0,33.8,49.6,35.5,50.0,32.3,14.1,30.8,16.2,5.2
mistral,7.0B,3. Инструменты обучения НС,Что такое RMSProp?,prompt4,dialog0565,analytics_mistral_7b_prompt4_dialog0565,analytics,37.0,33.8,49.6,35.5,50.0,32.3,14.1,30.8,16.2,5.2
mistral,7.0B,3. Инструменты обучения НС,"Вычисли шаг в SGD для L(w)=w^2, w=3, η=0.1.",prompt4,dialog0566,analytics_mistral_7b_prompt4_dialog0566,analytics,37.0,33.8,49.6,35.5,50.0,32.3,14.1,30.8,16.2,5.2
mistral,7.0B,3. Инструменты обучения НС,"Вычисли v_t в Momentum: γ=0.9, v_{t-1}=1, ∇L=2, η=0.1.",prompt4,dialog0567,analytics_mistral_7b_prompt4_dialog0567,analytics,37.0,33.8,49.6,35.5,50.0,32.3,14.1,30.8,16.2,5.2
mistral,7.0B,3. Инструменты обучения НС,"В Adagrad, G_{t-1,ii}=4, g_t=2, η=0.1, ε=1e-8.",prompt4,dialog0568,analytics_mistral_7b_prompt4_dialog0568,analytics,37.0,33.8,49.6,35.5,50.0,32.3,14.1,30.8,16.2,5.2
mistral,7.0B,3. Инструменты обучения НС,"Вычисли learning rate decay: η0=0.1, t=5, T=10, linear.",prompt4,dialog0569,analytics_mistral_7b_prompt4_dialog0569,analytics,37.0,33.8,49.6,35.5,50.0,32.3,14.1,30.8,16.2,5.2
mistral,7.0B,3. Инструменты обучения НС,"В Nesterov, вычисли ∇ в ω - γ v_{t-1}: γ=0.9, v=1, ∇=2.",prompt4,dialog0570,analytics_mistral_7b_prompt4_dialog0570,analytics,37.0,33.8,49.6,35.5,50.0,32.3,14.1,30.8,16.2,5.2
mistral,7.0B,1_Классификаторы_KNN_и_наивный_байес,Что такое метод k-ближайших соседей?,prompt3,dialog0511,analytics_mistral_7b_prompt3_dialog0511,analytics,38.0,34.7,52.3,35.5,50.0,34.0,12.3,33.0,20.2,4.7
mistral,7.0B,1_Классификаторы_KNN_и_наивный_байес,Как выбрать количество соседей k в k-NN?,prompt3,dialog0512,analytics_mistral_7b_prompt3_dialog0512,analytics,38.0,34.7,52.3,35.5,50.0,34.0,12.3,33.0,20.2,4.7
mistral,7.0B,1_Классификаторы_KNN_и_наивный_байес,Что такое евклидова метрика?,prompt3,dialog0513,analytics_mistral_7b_prompt3_dialog0513,analytics,38.0,34.7,52.3,35.5,50.0,34.0,12.3,33.0,20.2,4.7
mistral,7.0B,1_Классификаторы_KNN_и_наивный_байес,В чем суть наивного байесовского классификатора?,prompt3,dialog0514,analytics_mistral_7b_prompt3_dialog0514,analytics,38.0,34.7,52.3,35.5,50.0,34.0,12.3,33.0,20.2,4.7
mistral,7.0B,1_Классификаторы_KNN_и_наивный_байес,Как работает сглаживание по Лапласу?,prompt3,dialog0515,analytics_mistral_7b_prompt3_dialog0515,analytics,38.0,34.7,52.3,35.5,50.0,34.0,12.3,33.0,20.2,4.7
mistral,7.0B,1_Классификаторы_KNN_и_наивный_байес,Что такое манхэттенское расстояние?,prompt3,dialog0516,analytics_mistral_7b_prompt3_dialog0516,analytics,38.0,34.7,52.3,35.5,50.0,34.0,12.3,33.0,20.2,4.7
mistral,7.0B,1_Классификаторы_KNN_и_наивный_байес,Как вычислить вероятность класса в Naive Bayes?,prompt3,dialog0517,analytics_mistral_7b_prompt3_dialog0517,analytics,38.0,34.7,52.3,35.5,50.0,34.0,12.3,33.0,20.2,4.7
mistral,7.0B,1_Классификаторы_KNN_и_наивный_байес,Что такое расстояние Чебышёва?,prompt3,dialog0518,analytics_mistral_7b_prompt3_dialog0518,analytics,38.0,34.7,52.3,35.5,50.0,34.0,12.3,33.0,20.2,4.7
mistral,7.0B,1_Классификаторы_KNN_и_наивный_байес,Как классифицировать письмо как спам в Naive Bayes?,prompt3,dialog0519,analytics_mistral_7b_prompt3_dialog0519,analytics,38.0,34.7,52.3,35.5,50.0,34.0,12.3,33.0,20.2,4.7
mistral,7.0B,1_Классификаторы_KNN_и_наивный_байес,В чем разница между k-NN и взвешенным k-NN?,prompt3,dialog0520,analytics_mistral_7b_prompt3_dialog0520,analytics,38.0,34.7,52.3,35.5,50.0,34.0,12.3,33.0,20.2,4.7
mistral,7.0B,1_Классификаторы_KNN_и_наивный_байес,Вычисли вероятность спама для слова 'приз' из примера.,prompt3,dialog0521,analytics_mistral_7b_prompt3_dialog0521,analytics,38.0,34.7,52.3,35.5,50.0,34.0,12.3,33.0,20.2,4.7
mistral,7.0B,1_Классификаторы_KNN_и_наивный_байес,"Вычисли расстояние Евклида между (1,2) и (3,4).",prompt3,dialog0522,analytics_mistral_7b_prompt3_dialog0522,analytics,38.0,34.7,52.3,35.5,50.0,34.0,12.3,33.0,20.2,4.7
mistral,7.0B,1_Классификаторы_KNN_и_наивный_байес,"В примере с погодой, вычисли F(да) для теста.",prompt3,dialog0523,analytics_mistral_7b_prompt3_dialog0523,analytics,38.0,34.7,52.3,35.5,50.0,34.0,12.3,33.0,20.2,4.7
mistral,7.0B,1_Классификаторы_KNN_и_наивный_байес,"Вычисли P(да | пасмурно, холодно, влажно, да).",prompt3,dialog0524,analytics_mistral_7b_prompt3_dialog0524,analytics,38.0,34.7,52.3,35.5,50.0,34.0,12.3,33.0,20.2,4.7
mistral,7.0B,1_Классификаторы_KNN_и_наивный_байес,"В спам-примере, вычисли P(win|спам) с Laplace.",prompt3,dialog0525,analytics_mistral_7b_prompt3_dialog0525,analytics,38.0,34.7,52.3,35.5,50.0,34.0,12.3,33.0,20.2,4.7
mistral,7.0B,3. Инструменты обучения НС,Что такое autograd?,prompt3,dialog0526,analytics_mistral_7b_prompt3_dialog0526,analytics,38.0,34.7,52.3,35.5,50.0,34.0,12.3,33.0,20.2,4.7
mistral,7.0B,3. Инструменты обучения НС,Что такое TensorFlow?,prompt3,dialog0527,analytics_mistral_7b_prompt3_dialog0527,analytics,38.0,34.7,52.3,35.5,50.0,34.0,12.3,33.0,20.2,4.7
mistral,7.0B,3. Инструменты обучения НС,Что такое Keras?,prompt3,dialog0528,analytics_mistral_7b_prompt3_dialog0528,analytics,38.0,34.7,52.3,35.5,50.0,34.0,12.3,33.0,20.2,4.7
mistral,7.0B,3. Инструменты обучения НС,Что такое over-fitting?,prompt3,dialog0529,analytics_mistral_7b_prompt3_dialog0529,analytics,38.0,34.7,52.3,35.5,50.0,34.0,12.3,33.0,20.2,4.7
mistral,7.0B,3. Инструменты обучения НС,Что такое SGD?,prompt3,dialog0530,analytics_mistral_7b_prompt3_dialog0530,analytics,38.0,34.7,52.3,35.5,50.0,34.0,12.3,33.0,20.2,4.7
mistral,7.0B,3. Инструменты обучения НС,Что такое Momentum в оптимизации?,prompt3,dialog0531,analytics_mistral_7b_prompt3_dialog0531,analytics,38.0,34.7,52.3,35.5,50.0,34.0,12.3,33.0,20.2,4.7
mistral,7.0B,3. Инструменты обучения НС,Что такое Adam?,prompt3,dialog0532,analytics_mistral_7b_prompt3_dialog0532,analytics,38.0,34.7,52.3,35.5,50.0,34.0,12.3,33.0,20.2,4.7
mistral,7.0B,3. Инструменты обучения НС,Что такое learning rate?,prompt3,dialog0533,analytics_mistral_7b_prompt3_dialog0533,analytics,38.0,34.7,52.3,35.5,50.0,34.0,12.3,33.0,20.2,4.7
mistral,7.0B,3. Инструменты обучения НС,Что такое метод Ньютона?,prompt3,dialog0534,analytics_mistral_7b_prompt3_dialog0534,analytics,38.0,34.7,52.3,35.5,50.0,34.0,12.3,33.0,20.2,4.7
mistral,7.0B,3. Инструменты обучения НС,Что такое RMSProp?,prompt3,dialog0535,analytics_mistral_7b_prompt3_dialog0535,analytics,38.0,34.7,52.3,35.5,50.0,34.0,12.3,33.0,20.2,4.7
mistral,7.0B,3. Инструменты обучения НС,"Вычисли шаг в SGD для L(w)=w^2, w=3, η=0.1.",prompt3,dialog0536,analytics_mistral_7b_prompt3_dialog0536,analytics,38.0,34.7,52.3,35.5,50.0,34.0,12.3,33.0,20.2,4.7
mistral,7.0B,3. Инструменты обучения НС,"Вычисли v_t в Momentum: γ=0.9, v_{t-1}=1, ∇L=2, η=0.1.",prompt3,dialog0537,analytics_mistral_7b_prompt3_dialog0537,analytics,38.0,34.7,52.3,35.5,50.0,34.0,12.3,33.0,20.2,4.7
mistral,7.0B,3. Инструменты обучения НС,"В Adagrad, G_{t-1,ii}=4, g_t=2, η=0.1, ε=1e-8.",prompt3,dialog0538,analytics_mistral_7b_prompt3_dialog0538,analytics,38.0,34.7,52.3,35.5,50.0,34.0,12.3,33.0,20.2,4.7
mistral,7.0B,3. Инструменты обучения НС,"Вычисли learning rate decay: η0=0.1, t=5, T=10, linear.",prompt3,dialog0539,analytics_mistral_7b_prompt3_dialog0539,analytics,38.0,34.7,52.3,35.5,50.0,34.0,12.3,33.0,20.2,4.7
mistral,7.0B,3. Инструменты обучения НС,"В Nesterov, вычисли ∇ в ω - γ v_{t-1}: γ=0.9, v=1, ∇=2.",prompt3,dialog0540,analytics_mistral_7b_prompt3_dialog0540,analytics,38.0,34.7,52.3,35.5,50.0,34.0,12.3,33.0,20.2,4.7
mistral,7.0B,1_Классификаторы_KNN_и_наивный_байес,Что такое метод k-ближайших соседей?,prompt2,dialog0481,analytics_mistral_7b_prompt2_dialog0481,analytics,37.7,36.0,51.5,35.5,50.0,32.5,10.0,34.4,21.1,5.7
mistral,7.0B,1_Классификаторы_KNN_и_наивный_байес,Как выбрать количество соседей k в k-NN?,prompt2,dialog0482,analytics_mistral_7b_prompt2_dialog0482,analytics,37.7,36.0,51.5,35.5,50.0,32.5,10.0,34.4,21.1,5.7
mistral,7.0B,1_Классификаторы_KNN_и_наивный_байес,Что такое евклидова метрика?,prompt2,dialog0483,analytics_mistral_7b_prompt2_dialog0483,analytics,37.7,36.0,51.5,35.5,50.0,32.5,10.0,34.4,21.1,5.7
mistral,7.0B,1_Классификаторы_KNN_и_наивный_байес,В чем суть наивного байесовского классификатора?,prompt2,dialog0484,analytics_mistral_7b_prompt2_dialog0484,analytics,37.7,36.0,51.5,35.5,50.0,32.5,10.0,34.4,21.1,5.7
mistral,7.0B,1_Классификаторы_KNN_и_наивный_байес,Как работает сглаживание по Лапласу?,prompt2,dialog0485,analytics_mistral_7b_prompt2_dialog0485,analytics,37.7,36.0,51.5,35.5,50.0,32.5,10.0,34.4,21.1,5.7
mistral,7.0B,1_Классификаторы_KNN_и_наивный_байес,Что такое манхэттенское расстояние?,prompt2,dialog0486,analytics_mistral_7b_prompt2_dialog0486,analytics,37.7,36.0,51.5,35.5,50.0,32.5,10.0,34.4,21.1,5.7
mistral,7.0B,1_Классификаторы_KNN_и_наивный_байес,Как вычислить вероятность класса в Naive Bayes?,prompt2,dialog0487,analytics_mistral_7b_prompt2_dialog0487,analytics,37.7,36.0,51.5,35.5,50.0,32.5,10.0,34.4,21.1,5.7
mistral,7.0B,1_Классификаторы_KNN_и_наивный_байес,Что такое расстояние Чебышёва?,prompt2,dialog0488,analytics_mistral_7b_prompt2_dialog0488,analytics,37.7,36.0,51.5,35.5,50.0,32.5,10.0,34.4,21.1,5.7
mistral,7.0B,1_Классификаторы_KNN_и_наивный_байес,Как классифицировать письмо как спам в Naive Bayes?,prompt2,dialog0489,analytics_mistral_7b_prompt2_dialog0489,analytics,37.7,36.0,51.5,35.5,50.0,32.5,10.0,34.4,21.1,5.7
mistral,7.0B,1_Классификаторы_KNN_и_наивный_байес,В чем разница между k-NN и взвешенным k-NN?,prompt2,dialog0490,analytics_mistral_7b_prompt2_dialog0490,analytics,37.7,36.0,51.5,35.5,50.0,32.5,10.0,34.4,21.1,5.7
mistral,7.0B,1_Классификаторы_KNN_и_наивный_байес,Вычисли вероятность спама для слова 'приз' из примера.,prompt2,dialog0491,analytics_mistral_7b_prompt2_dialog0491,analytics,37.7,36.0,51.5,35.5,50.0,32.5,10.0,34.4,21.1,5.7
mistral,7.0B,1_Классификаторы_KNN_и_наивный_байес,"Вычисли расстояние Евклида между (1,2) и (3,4).",prompt2,dialog0492,analytics_mistral_7b_prompt2_dialog0492,analytics,37.7,36.0,51.5,35.5,50.0,32.5,10.0,34.4,21.1,5.7
mistral,7.0B,1_Классификаторы_KNN_и_наивный_байес,"В примере с погодой, вычисли F(да) для теста.",prompt2,dialog0493,analytics_mistral_7b_prompt2_dialog0493,analytics,37.7,36.0,51.5,35.5,50.0,32.5,10.0,34.4,21.1,5.7
mistral,7.0B,1_Классификаторы_KNN_и_наивный_байес,"Вычисли P(да | пасмурно, холодно, влажно, да).",prompt2,dialog0494,analytics_mistral_7b_prompt2_dialog0494,analytics,37.7,36.0,51.5,35.5,50.0,32.5,10.0,34.4,21.1,5.7
mistral,7.0B,1_Классификаторы_KNN_и_наивный_байес,"В спам-примере, вычисли P(win|спам) с Laplace.",prompt2,dialog0495,analytics_mistral_7b_prompt2_dialog0495,analytics,37.7,36.0,51.5,35.5,50.0,32.5,10.0,34.4,21.1,5.7
mistral,7.0B,3. Инструменты обучения НС,Что такое autograd?,prompt2,dialog0496,analytics_mistral_7b_prompt2_dialog0496,analytics,37.7,36.0,51.5,35.5,50.0,32.5,10.0,34.4,21.1,5.7
mistral,7.0B,3. Инструменты обучения НС,Что такое TensorFlow?,prompt2,dialog0497,analytics_mistral_7b_prompt2_dialog0497,analytics,37.7,36.0,51.5,35.5,50.0,32.5,10.0,34.4,21.1,5.7
mistral,7.0B,3. Инструменты обучения НС,Что такое Keras?,prompt2,dialog0498,analytics_mistral_7b_prompt2_dialog0498,analytics,37.7,36.0,51.5,35.5,50.0,32.5,10.0,34.4,21.1,5.7
mistral,7.0B,3. Инструменты обучения НС,Что такое over-fitting?,prompt2,dialog0499,analytics_mistral_7b_prompt2_dialog0499,analytics,37.7,36.0,51.5,35.5,50.0,32.5,10.0,34.4,21.1,5.7
mistral,7.0B,3. Инструменты обучения НС,Что такое SGD?,prompt2,dialog0500,analytics_mistral_7b_prompt2_dialog0500,analytics,37.7,36.0,51.5,35.5,50.0,32.5,10.0,34.4,21.1,5.7
mistral,7.0B,3. Инструменты обучения НС,Что такое Momentum в оптимизации?,prompt2,dialog0501,analytics_mistral_7b_prompt2_dialog0501,analytics,37.7,36.0,51.5,35.5,50.0,32.5,10.0,34.4,21.1,5.7
mistral,7.0B,3. Инструменты обучения НС,Что такое Adam?,prompt2,dialog0502,analytics_mistral_7b_prompt2_dialog0502,analytics,37.7,36.0,51.5,35.5,50.0,32.5,10.0,34.4,21.1,5.7
mistral,7.0B,3. Инструменты обучения НС,Что такое learning rate?,prompt2,dialog0503,analytics_mistral_7b_prompt2_dialog0503,analytics,37.7,36.0,51.5,35.5,50.0,32.5,10.0,34.4,21.1,5.7
mistral,7.0B,3. Инструменты обучения НС,Что такое метод Ньютона?,prompt2,dialog0504,analytics_mistral_7b_prompt2_dialog0504,analytics,37.7,36.0,51.5,35.5,50.0,32.5,10.0,34.4,21.1,5.7
mistral,7.0B,3. Инструменты обучения НС,Что такое RMSProp?,prompt2,dialog0505,analytics_mistral_7b_prompt2_dialog0505,analytics,37.7,36.0,51.5,35.5,50.0,32.5,10.0,34.4,21.1,5.7
mistral,7.0B,3. Инструменты обучения НС,"Вычисли шаг в SGD для L(w)=w^2, w=3, η=0.1.",prompt2,dialog0506,analytics_mistral_7b_prompt2_dialog0506,analytics,37.7,36.0,51.5,35.5,50.0,32.5,10.0,34.4,21.1,5.7
mistral,7.0B,3. Инструменты обучения НС,"Вычисли v_t в Momentum: γ=0.9, v_{t-1}=1, ∇L=2, η=0.1.",prompt2,dialog0507,analytics_mistral_7b_prompt2_dialog0507,analytics,37.7,36.0,51.5,35.5,50.0,32.5,10.0,34.4,21.1,5.7
mistral,7.0B,3. Инструменты обучения НС,"В Adagrad, G_{t-1,ii}=4, g_t=2, η=0.1, ε=1e-8.",prompt2,dialog0508,analytics_mistral_7b_prompt2_dialog0508,analytics,37.7,36.0,51.5,35.5,50.0,32.5,10.0,34.4,21.1,5.7
mistral,7.0B,3. Инструменты обучения НС,"Вычисли learning rate decay: η0=0.1, t=5, T=10, linear.",prompt2,dialog0509,analytics_mistral_7b_prompt2_dialog0509,analytics,37.7,36.0,51.5,35.5,50.0,32.5,10.0,34.4,21.1,5.7
mistral,7.0B,3. Инструменты обучения НС,"В Nesterov, вычисли ∇ в ω - γ v_{t-1}: γ=0.9, v=1, ∇=2.",prompt2,dialog0510,analytics_mistral_7b_prompt2_dialog0510,analytics,37.7,36.0,51.5,35.5,50.0,32.5,10.0,34.4,21.1,5.7
mistral,7.0B,1_Классификаторы_KNN_и_наивный_байес,Что такое метод k-ближайших соседей?,prompt5,dialog0571,analytics_mistral_7b_prompt5_dialog0571,analytics,42.2,39.5,52.2,35.2,50.0,33.0,10.3,33.8,18.5,5.9
mistral,7.0B,1_Классификаторы_KNN_и_наивный_байес,Как выбрать количество соседей k в k-NN?,prompt5,dialog0572,analytics_mistral_7b_prompt5_dialog0572,analytics,42.2,39.5,52.2,35.2,50.0,33.0,10.3,33.8,18.5,5.9
mistral,7.0B,1_Классификаторы_KNN_и_наивный_байес,Что такое евклидова метрика?,prompt5,dialog0573,analytics_mistral_7b_prompt5_dialog0573,analytics,42.2,39.5,52.2,35.2,50.0,33.0,10.3,33.8,18.5,5.9
mistral,7.0B,1_Классификаторы_KNN_и_наивный_байес,В чем суть наивного байесовского классификатора?,prompt5,dialog0574,analytics_mistral_7b_prompt5_dialog0574,analytics,42.2,39.5,52.2,35.2,50.0,33.0,10.3,33.8,18.5,5.9
mistral,7.0B,1_Классификаторы_KNN_и_наивный_байес,Как работает сглаживание по Лапласу?,prompt5,dialog0575,analytics_mistral_7b_prompt5_dialog0575,analytics,42.2,39.5,52.2,35.2,50.0,33.0,10.3,33.8,18.5,5.9
mistral,7.0B,1_Классификаторы_KNN_и_наивный_байес,Что такое манхэттенское расстояние?,prompt5,dialog0576,analytics_mistral_7b_prompt5_dialog0576,analytics,42.2,39.5,52.2,35.2,50.0,33.0,10.3,33.8,18.5,5.9
mistral,7.0B,1_Классификаторы_KNN_и_наивный_байес,Как вычислить вероятность класса в Naive Bayes?,prompt5,dialog0577,analytics_mistral_7b_prompt5_dialog0577,analytics,42.2,39.5,52.2,35.2,50.0,33.0,10.3,33.8,18.5,5.9
mistral,7.0B,1_Классификаторы_KNN_и_наивный_байес,Что такое расстояние Чебышёва?,prompt5,dialog0578,analytics_mistral_7b_prompt5_dialog0578,analytics,42.2,39.5,52.2,35.2,50.0,33.0,10.3,33.8,18.5,5.9
mistral,7.0B,1_Классификаторы_KNN_и_наивный_байес,Как классифицировать письмо как спам в Naive Bayes?,prompt5,dialog0579,analytics_mistral_7b_prompt5_dialog0579,analytics,42.2,39.5,52.2,35.2,50.0,33.0,10.3,33.8,18.5,5.9
mistral,7.0B,1_Классификаторы_KNN_и_наивный_байес,В чем разница между k-NN и взвешенным k-NN?,prompt5,dialog0580,analytics_mistral_7b_prompt5_dialog0580,analytics,42.2,39.5,52.2,35.2,50.0,33.0,10.3,33.8,18.5,5.9
mistral,7.0B,1_Классификаторы_KNN_и_наивный_байес,Вычисли вероятность спама для слова 'приз' из примера.,prompt5,dialog0581,analytics_mistral_7b_prompt5_dialog0581,analytics,42.2,39.5,52.2,35.2,50.0,33.0,10.3,33.8,18.5,5.9
mistral,7.0B,1_Классификаторы_KNN_и_наивный_байес,"Вычисли расстояние Евклида между (1,2) и (3,4).",prompt5,dialog0582,analytics_mistral_7b_prompt5_dialog0582,analytics,42.2,39.5,52.2,35.2,50.0,33.0,10.3,33.8,18.5,5.9
mistral,7.0B,1_Классификаторы_KNN_и_наивный_байес,"В примере с погодой, вычисли F(да) для теста.",prompt5,dialog0583,analytics_mistral_7b_prompt5_dialog0583,analytics,42.2,39.5,52.2,35.2,50.0,33.0,10.3,33.8,18.5,5.9
mistral,7.0B,1_Классификаторы_KNN_и_наивный_байес,"Вычисли P(да | пасмурно, холодно, влажно, да).",prompt5,dialog0584,analytics_mistral_7b_prompt5_dialog0584,analytics,42.2,39.5,52.2,35.2,50.0,33.0,10.3,33.8,18.5,5.9
mistral,7.0B,1_Классификаторы_KNN_и_наивный_байес,"В спам-примере, вычисли P(win|спам) с Laplace.",prompt5,dialog0585,analytics_mistral_7b_prompt5_dialog0585,analytics,42.2,39.5,52.2,35.2,50.0,33.0,10.3,33.8,18.5,5.9
mistral,7.0B,3. Инструменты обучения НС,Что такое autograd?,prompt5,dialog0586,analytics_mistral_7b_prompt5_dialog0586,analytics,42.2,39.5,52.2,35.2,50.0,33.0,10.3,33.8,18.5,5.9
mistral,7.0B,3. Инструменты обучения НС,Что такое TensorFlow?,prompt5,dialog0587,analytics_mistral_7b_prompt5_dialog0587,analytics,42.2,39.5,52.2,35.2,50.0,33.0,10.3,33.8,18.5,5.9
mistral,7.0B,3. Инструменты обучения НС,Что такое Keras?,prompt5,dialog0588,analytics_mistral_7b_prompt5_dialog0588,analytics,42.2,39.5,52.2,35.2,50.0,33.0,10.3,33.8,18.5,5.9
mistral,7.0B,3. Инструменты обучения НС,Что такое over-fitting?,prompt5,dialog0589,analytics_mistral_7b_prompt5_dialog0589,analytics,42.2,39.5,52.2,35.2,50.0,33.0,10.3,33.8,18.5,5.9
mistral,7.0B,3. Инструменты обучения НС,Что такое SGD?,prompt5,dialog0590,analytics_mistral_7b_prompt5_dialog0590,analytics,42.2,39.5,52.2,35.2,50.0,33.0,10.3,33.8,18.5,5.9
mistral,7.0B,3. Инструменты обучения НС,Что такое Momentum в оптимизации?,prompt5,dialog0591,analytics_mistral_7b_prompt5_dialog0591,analytics,42.2,39.5,52.2,35.2,50.0,33.0,10.3,33.8,18.5,5.9
mistral,7.0B,3. Инструменты обучения НС,Что такое Adam?,prompt5,dialog0592,analytics_mistral_7b_prompt5_dialog0592,analytics,42.2,39.5,52.2,35.2,50.0,33.0,10.3,33.8,18.5,5.9
mistral,7.0B,3. Инструменты обучения НС,Что такое learning rate?,prompt5,dialog0593,analytics_mistral_7b_prompt5_dialog0593,analytics,42.2,39.5,52.2,35.2,50.0,33.0,10.3,33.8,18.5,5.9
mistral,7.0B,3. Инструменты обучения НС,Что такое метод Ньютона?,prompt5,dialog0594,analytics_mistral_7b_prompt5_dialog0594,analytics,42.2,39.5,52.2,35.2,50.0,33.0,10.3,33.8,18.5,5.9
mistral,7.0B,3. Инструменты обучения НС,Что такое RMSProp?,prompt5,dialog0595,analytics_mistral_7b_prompt5_dialog0595,analytics,42.2,39.5,52.2,35.2,50.0,33.0,10.3,33.8,18.5,5.9
mistral,7.0B,3. Инструменты обучения НС,"Вычисли шаг в SGD для L(w)=w^2, w=3, η=0.1.",prompt5,dialog0596,analytics_mistral_7b_prompt5_dialog0596,analytics,42.2,39.5,52.2,35.2,50.0,33.0,10.3,33.8,18.5,5.9
mistral,7.0B,3. Инструменты обучения НС,"Вычисли v_t в Momentum: γ=0.9, v_{t-1}=1, ∇L=2, η=0.1.",prompt5,dialog0597,analytics_mistral_7b_prompt5_dialog0597,analytics,42.2,39.5,52.2,35.2,50.0,33.0,10.3,33.8,18.5,5.9
mistral,7.0B,3. Инструменты обучения НС,"В Adagrad, G_{t-1,ii}=4, g_t=2, η=0.1, ε=1e-8.",prompt5,dialog0598,analytics_mistral_7b_prompt5_dialog0598,analytics,42.2,39.5,52.2,35.2,50.0,33.0,10.3,33.8,18.5,5.9
mistral,7.0B,3. Инструменты обучения НС,"Вычисли learning rate decay: η0=0.1, t=5, T=10, linear.",prompt5,dialog0599,analytics_mistral_7b_prompt5_dialog0599,analytics,42.2,39.5,52.2,35.2,50.0,33.0,10.3,33.8,18.5,5.9
mistral,7.0B,3. Инструменты обучения НС,"В Nesterov, вычисли ∇ в ω - γ v_{t-1}: γ=0.9, v=1, ∇=2.",prompt5,dialog0600,analytics_mistral_7b_prompt5_dialog0600,analytics,42.2,39.5,52.2,35.2,50.0,33.0,10.3,33.8,18.5,5.9
mistral,7.0B,1_Классификаторы_KNN_и_наивный_байес,Что такое метод k-ближайших соседей?,prompt12,dialog0781,analytics_mistral_7b_prompt12_dialog0781,analytics,41.3,39.4,52.4,35.5,50.0,34.2,7.4,35.2,20.1,7.4
mistral,7.0B,1_Классификаторы_KNN_и_наивный_байес,Как выбрать количество соседей k в k-NN?,prompt12,dialog0782,analytics_mistral_7b_prompt12_dialog0782,analytics,41.3,39.4,52.4,35.5,50.0,34.2,7.4,35.2,20.1,7.4
mistral,7.0B,1_Классификаторы_KNN_и_наивный_байес,Что такое евклидова метрика?,prompt12,dialog0783,analytics_mistral_7b_prompt12_dialog0783,analytics,41.3,39.4,52.4,35.5,50.0,34.2,7.4,35.2,20.1,7.4
mistral,7.0B,1_Классификаторы_KNN_и_наивный_байес,В чем суть наивного байесовского классификатора?,prompt12,dialog0784,analytics_mistral_7b_prompt12_dialog0784,analytics,41.3,39.4,52.4,35.5,50.0,34.2,7.4,35.2,20.1,7.4
mistral,7.0B,1_Классификаторы_KNN_и_наивный_байес,Как работает сглаживание по Лапласу?,prompt12,dialog0785,analytics_mistral_7b_prompt12_dialog0785,analytics,41.3,39.4,52.4,35.5,50.0,34.2,7.4,35.2,20.1,7.4
mistral,7.0B,1_Классификаторы_KNN_и_наивный_байес,Что такое манхэттенское расстояние?,prompt12,dialog0786,analytics_mistral_7b_prompt12_dialog0786,analytics,41.3,39.4,52.4,35.5,50.0,34.2,7.4,35.2,20.1,7.4
mistral,7.0B,1_Классификаторы_KNN_и_наивный_байес,Как вычислить вероятность класса в Naive Bayes?,prompt12,dialog0787,analytics_mistral_7b_prompt12_dialog0787,analytics,41.3,39.4,52.4,35.5,50.0,34.2,7.4,35.2,20.1,7.4
mistral,7.0B,1_Классификаторы_KNN_и_наивный_байес,Что такое расстояние Чебышёва?,prompt12,dialog0788,analytics_mistral_7b_prompt12_dialog0788,analytics,41.3,39.4,52.4,35.5,50.0,34.2,7.4,35.2,20.1,7.4
mistral,7.0B,1_Классификаторы_KNN_и_наивный_байес,Как классифицировать письмо как спам в Naive Bayes?,prompt12,dialog0789,analytics_mistral_7b_prompt12_dialog0789,analytics,41.3,39.4,52.4,35.5,50.0,34.2,7.4,35.2,20.1,7.4
mistral,7.0B,1_Классификаторы_KNN_и_наивный_байес,В чем разница между k-NN и взвешенным k-NN?,prompt12,dialog0790,analytics_mistral_7b_prompt12_dialog0790,analytics,41.3,39.4,52.4,35.5,50.0,34.2,7.4,35.2,20.1,7.4
mistral,7.0B,1_Классификаторы_KNN_и_наивный_байес,Вычисли вероятность спама для слова 'приз' из примера.,prompt12,dialog0791,analytics_mistral_7b_prompt12_dialog0791,analytics,41.3,39.4,52.4,35.5,50.0,34.2,7.4,35.2,20.1,7.4
mistral,7.0B,1_Классификаторы_KNN_и_наивный_байес,"Вычисли расстояние Евклида между (1,2) и (3,4).",prompt12,dialog0792,analytics_mistral_7b_prompt12_dialog0792,analytics,41.3,39.4,52.4,35.5,50.0,34.2,7.4,35.2,20.1,7.4
mistral,7.0B,1_Классификаторы_KNN_и_наивный_байес,"В примере с погодой, вычисли F(да) для теста.",prompt12,dialog0793,analytics_mistral_7b_prompt12_dialog0793,analytics,41.3,39.4,52.4,35.5,50.0,34.2,7.4,35.2,20.1,7.4
mistral,7.0B,1_Классификаторы_KNN_и_наивный_байес,"Вычисли P(да | пасмурно, холодно, влажно, да).",prompt12,dialog0794,analytics_mistral_7b_prompt12_dialog0794,analytics,41.3,39.4,52.4,35.5,50.0,34.2,7.4,35.2,20.1,7.4
mistral,7.0B,1_Классификаторы_KNN_и_наивный_байес,"В спам-примере, вычисли P(win|спам) с Laplace.",prompt12,dialog0795,analytics_mistral_7b_prompt12_dialog0795,analytics,41.3,39.4,52.4,35.5,50.0,34.2,7.4,35.2,20.1,7.4
mistral,7.0B,3. Инструменты обучения НС,Что такое autograd?,prompt12,dialog0796,analytics_mistral_7b_prompt12_dialog0796,analytics,41.3,39.4,52.4,35.5,50.0,34.2,7.4,35.2,20.1,7.4
mistral,7.0B,3. Инструменты обучения НС,Что такое TensorFlow?,prompt12,dialog0797,analytics_mistral_7b_prompt12_dialog0797,analytics,41.3,39.4,52.4,35.5,50.0,34.2,7.4,35.2,20.1,7.4
mistral,7.0B,3. Инструменты обучения НС,Что такое Keras?,prompt12,dialog0798,analytics_mistral_7b_prompt12_dialog0798,analytics,41.3,39.4,52.4,35.5,50.0,34.2,7.4,35.2,20.1,7.4
mistral,7.0B,3. Инструменты обучения НС,Что такое over-fitting?,prompt12,dialog0799,analytics_mistral_7b_prompt12_dialog0799,analytics,41.3,39.4,52.4,35.5,50.0,34.2,7.4,35.2,20.1,7.4
mistral,7.0B,3. Инструменты обучения НС,Что такое SGD?,prompt12,dialog0800,analytics_mistral_7b_prompt12_dialog0800,analytics,41.3,39.4,52.4,35.5,50.0,34.2,7.4,35.2,20.1,7.4
mistral,7.0B,3. Инструменты обучения НС,Что такое Momentum в оптимизации?,prompt12,dialog0801,analytics_mistral_7b_prompt12_dialog0801,analytics,41.3,39.4,52.4,35.5,50.0,34.2,7.4,35.2,20.1,7.4
mistral,7.0B,3. Инструменты обучения НС,Что такое Adam?,prompt12,dialog0802,analytics_mistral_7b_prompt12_dialog0802,analytics,41.3,39.4,52.4,35.5,50.0,34.2,7.4,35.2,20.1,7.4
mistral,7.0B,3. Инструменты обучения НС,Что такое learning rate?,prompt12,dialog0803,analytics_mistral_7b_prompt12_dialog0803,analytics,41.3,39.4,52.4,35.5,50.0,34.2,7.4,35.2,20.1,7.4
mistral,7.0B,3. Инструменты обучения НС,Что такое метод Ньютона?,prompt12,dialog0804,analytics_mistral_7b_prompt12_dialog0804,analytics,41.3,39.4,52.4,35.5,50.0,34.2,7.4,35.2,20.1,7.4
mistral,7.0B,3. Инструменты обучения НС,Что такое RMSProp?,prompt12,dialog0805,analytics_mistral_7b_prompt12_dialog0805,analytics,41.3,39.4,52.4,35.5,50.0,34.2,7.4,35.2,20.1,7.4
mistral,7.0B,3. Инструменты обучения НС,"Вычисли шаг в SGD для L(w)=w^2, w=3, η=0.1.",prompt12,dialog0806,analytics_mistral_7b_prompt12_dialog0806,analytics,41.3,39.4,52.4,35.5,50.0,34.2,7.4,35.2,20.1,7.4
mistral,7.0B,3. Инструменты обучения НС,"Вычисли v_t в Momentum: γ=0.9, v_{t-1}=1, ∇L=2, η=0.1.",prompt12,dialog0807,analytics_mistral_7b_prompt12_dialog0807,analytics,41.3,39.4,52.4,35.5,50.0,34.2,7.4,35.2,20.1,7.4
mistral,7.0B,3. Инструменты обучения НС,"В Adagrad, G_{t-1,ii}=4, g_t=2, η=0.1, ε=1e-8.",prompt12,dialog0808,analytics_mistral_7b_prompt12_dialog0808,analytics,41.3,39.4,52.4,35.5,50.0,34.2,7.4,35.2,20.1,7.4
mistral,7.0B,3. Инструменты обучения НС,"Вычисли learning rate decay: η0=0.1, t=5, T=10, linear.",prompt12,dialog0809,analytics_mistral_7b_prompt12_dialog0809,analytics,41.3,39.4,52.4,35.5,50.0,34.2,7.4,35.2,20.1,7.4
mistral,7.0B,3. Инструменты обучения НС,"В Nesterov, вычисли ∇ в ω - γ v_{t-1}: γ=0.9, v=1, ∇=2.",prompt12,dialog0810,analytics_mistral_7b_prompt12_dialog0810,analytics,41.3,39.4,52.4,35.5,50.0,34.2,7.4,35.2,20.1,7.4
mistral,7.0B,1_Классификаторы_KNN_и_наивный_байес,Что такое метод k-ближайших соседей?,prompt15,dialog0871,analytics_mistral_7b_prompt15_dialog0871,analytics,41.4,36.6,58.2,35.5,50.0,35.8,10.7,33.0,19.2,6.4
mistral,7.0B,1_Классификаторы_KNN_и_наивный_байес,Как выбрать количество соседей k в k-NN?,prompt15,dialog0872,analytics_mistral_7b_prompt15_dialog0872,analytics,41.4,36.6,58.2,35.5,50.0,35.8,10.7,33.0,19.2,6.4
mistral,7.0B,1_Классификаторы_KNN_и_наивный_байес,Что такое евклидова метрика?,prompt15,dialog0873,analytics_mistral_7b_prompt15_dialog0873,analytics,41.4,36.6,58.2,35.5,50.0,35.8,10.7,33.0,19.2,6.4
mistral,7.0B,1_Классификаторы_KNN_и_наивный_байес,В чем суть наивного байесовского классификатора?,prompt15,dialog0874,analytics_mistral_7b_prompt15_dialog0874,analytics,41.4,36.6,58.2,35.5,50.0,35.8,10.7,33.0,19.2,6.4
mistral,7.0B,1_Классификаторы_KNN_и_наивный_байес,Как работает сглаживание по Лапласу?,prompt15,dialog0875,analytics_mistral_7b_prompt15_dialog0875,analytics,41.4,36.6,58.2,35.5,50.0,35.8,10.7,33.0,19.2,6.4
mistral,7.0B,1_Классификаторы_KNN_и_наивный_байес,Что такое манхэттенское расстояние?,prompt15,dialog0876,analytics_mistral_7b_prompt15_dialog0876,analytics,41.4,36.6,58.2,35.5,50.0,35.8,10.7,33.0,19.2,6.4
mistral,7.0B,1_Классификаторы_KNN_и_наивный_байес,Как вычислить вероятность класса в Naive Bayes?,prompt15,dialog0877,analytics_mistral_7b_prompt15_dialog0877,analytics,41.4,36.6,58.2,35.5,50.0,35.8,10.7,33.0,19.2,6.4
mistral,7.0B,1_Классификаторы_KNN_и_наивный_байес,Что такое расстояние Чебышёва?,prompt15,dialog0878,analytics_mistral_7b_prompt15_dialog0878,analytics,41.4,36.6,58.2,35.5,50.0,35.8,10.7,33.0,19.2,6.4
mistral,7.0B,1_Классификаторы_KNN_и_наивный_байес,Как классифицировать письмо как спам в Naive Bayes?,prompt15,dialog0879,analytics_mistral_7b_prompt15_dialog0879,analytics,41.4,36.6,58.2,35.5,50.0,35.8,10.7,33.0,19.2,6.4
mistral,7.0B,1_Классификаторы_KNN_и_наивный_байес,В чем разница между k-NN и взвешенным k-NN?,prompt15,dialog0880,analytics_mistral_7b_prompt15_dialog0880,analytics,41.4,36.6,58.2,35.5,50.0,35.8,10.7,33.0,19.2,6.4
mistral,7.0B,1_Классификаторы_KNN_и_наивный_байес,Вычисли вероятность спама для слова 'приз' из примера.,prompt15,dialog0881,analytics_mistral_7b_prompt15_dialog0881,analytics,41.4,36.6,58.2,35.5,50.0,35.8,10.7,33.0,19.2,6.4
mistral,7.0B,1_Классификаторы_KNN_и_наивный_байес,"Вычисли расстояние Евклида между (1,2) и (3,4).",prompt15,dialog0882,analytics_mistral_7b_prompt15_dialog0882,analytics,41.4,36.6,58.2,35.5,50.0,35.8,10.7,33.0,19.2,6.4
mistral,7.0B,1_Классификаторы_KNN_и_наивный_байес,"В примере с погодой, вычисли F(да) для теста.",prompt15,dialog0883,analytics_mistral_7b_prompt15_dialog0883,analytics,41.4,36.6,58.2,35.5,50.0,35.8,10.7,33.0,19.2,6.4
mistral,7.0B,1_Классификаторы_KNN_и_наивный_байес,"Вычисли P(да | пасмурно, холодно, влажно, да).",prompt15,dialog0884,analytics_mistral_7b_prompt15_dialog0884,analytics,41.4,36.6,58.2,35.5,50.0,35.8,10.7,33.0,19.2,6.4
mistral,7.0B,1_Классификаторы_KNN_и_наивный_байес,"В спам-примере, вычисли P(win|спам) с Laplace.",prompt15,dialog0885,analytics_mistral_7b_prompt15_dialog0885,analytics,41.4,36.6,58.2,35.5,50.0,35.8,10.7,33.0,19.2,6.4
mistral,7.0B,3. Инструменты обучения НС,Что такое autograd?,prompt15,dialog0886,analytics_mistral_7b_prompt15_dialog0886,analytics,41.4,36.6,58.2,35.5,50.0,35.8,10.7,33.0,19.2,6.4
mistral,7.0B,3. Инструменты обучения НС,Что такое TensorFlow?,prompt15,dialog0887,analytics_mistral_7b_prompt15_dialog0887,analytics,41.4,36.6,58.2,35.5,50.0,35.8,10.7,33.0,19.2,6.4
mistral,7.0B,3. Инструменты обучения НС,Что такое Keras?,prompt15,dialog0888,analytics_mistral_7b_prompt15_dialog0888,analytics,41.4,36.6,58.2,35.5,50.0,35.8,10.7,33.0,19.2,6.4
mistral,7.0B,3. Инструменты обучения НС,Что такое over-fitting?,prompt15,dialog0889,analytics_mistral_7b_prompt15_dialog0889,analytics,41.4,36.6,58.2,35.5,50.0,35.8,10.7,33.0,19.2,6.4
mistral,7.0B,3. Инструменты обучения НС,Что такое SGD?,prompt15,dialog0890,analytics_mistral_7b_prompt15_dialog0890,analytics,41.4,36.6,58.2,35.5,50.0,35.8,10.7,33.0,19.2,6.4
mistral,7.0B,3. Инструменты обучения НС,Что такое Momentum в оптимизации?,prompt15,dialog0891,analytics_mistral_7b_prompt15_dialog0891,analytics,41.4,36.6,58.2,35.5,50.0,35.8,10.7,33.0,19.2,6.4
mistral,7.0B,3. Инструменты обучения НС,Что такое Adam?,prompt15,dialog0892,analytics_mistral_7b_prompt15_dialog0892,analytics,41.4,36.6,58.2,35.5,50.0,35.8,10.7,33.0,19.2,6.4
mistral,7.0B,3. Инструменты обучения НС,Что такое learning rate?,prompt15,dialog0893,analytics_mistral_7b_prompt15_dialog0893,analytics,41.4,36.6,58.2,35.5,50.0,35.8,10.7,33.0,19.2,6.4
mistral,7.0B,3. Инструменты обучения НС,Что такое метод Ньютона?,prompt15,dialog0894,analytics_mistral_7b_prompt15_dialog0894,analytics,41.4,36.6,58.2,35.5,50.0,35.8,10.7,33.0,19.2,6.4
mistral,7.0B,3. Инструменты обучения НС,Что такое RMSProp?,prompt15,dialog0895,analytics_mistral_7b_prompt15_dialog0895,analytics,41.4,36.6,58.2,35.5,50.0,35.8,10.7,33.0,19.2,6.4
mistral,7.0B,3. Инструменты обучения НС,"Вычисли шаг в SGD для L(w)=w^2, w=3, η=0.1.",prompt15,dialog0896,analytics_mistral_7b_prompt15_dialog0896,analytics,41.4,36.6,58.2,35.5,50.0,35.8,10.7,33.0,19.2,6.4
mistral,7.0B,3. Инструменты обучения НС,"Вычисли v_t в Momentum: γ=0.9, v_{t-1}=1, ∇L=2, η=0.1.",prompt15,dialog0897,analytics_mistral_7b_prompt15_dialog0897,analytics,41.4,36.6,58.2,35.5,50.0,35.8,10.7,33.0,19.2,6.4
mistral,7.0B,3. Инструменты обучения НС,"В Adagrad, G_{t-1,ii}=4, g_t=2, η=0.1, ε=1e-8.",prompt15,dialog0898,analytics_mistral_7b_prompt15_dialog0898,analytics,41.4,36.6,58.2,35.5,50.0,35.8,10.7,33.0,19.2,6.4
mistral,7.0B,3. Инструменты обучения НС,"Вычисли learning rate decay: η0=0.1, t=5, T=10, linear.",prompt15,dialog0899,analytics_mistral_7b_prompt15_dialog0899,analytics,41.4,36.6,58.2,35.5,50.0,35.8,10.7,33.0,19.2,6.4
mistral,7.0B,3. Инструменты обучения НС,"В Nesterov, вычисли ∇ в ω - γ v_{t-1}: γ=0.9, v=1, ∇=2.",prompt15,dialog0900,analytics_mistral_7b_prompt15_dialog0900,analytics,41.4,36.6,58.2,35.5,50.0,35.8,10.7,33.0,19.2,6.4
mistral,7.0B,1_Классификаторы_KNN_и_наивный_байес,Что такое метод k-ближайших соседей?,prompt10,dialog0721,analytics_mistral_7b_prompt10_dialog0721,analytics,40.0,38.2,50.5,35.5,50.0,29.9,10.8,31.4,17.7,7.8
mistral,7.0B,1_Классификаторы_KNN_и_наивный_байес,Как выбрать количество соседей k в k-NN?,prompt10,dialog0722,analytics_mistral_7b_prompt10_dialog0722,analytics,40.0,38.2,50.5,35.5,50.0,29.9,10.8,31.4,17.7,7.8
mistral,7.0B,1_Классификаторы_KNN_и_наивный_байес,Что такое евклидова метрика?,prompt10,dialog0723,analytics_mistral_7b_prompt10_dialog0723,analytics,40.0,38.2,50.5,35.5,50.0,29.9,10.8,31.4,17.7,7.8
mistral,7.0B,1_Классификаторы_KNN_и_наивный_байес,В чем суть наивного байесовского классификатора?,prompt10,dialog0724,analytics_mistral_7b_prompt10_dialog0724,analytics,40.0,38.2,50.5,35.5,50.0,29.9,10.8,31.4,17.7,7.8
mistral,7.0B,1_Классификаторы_KNN_и_наивный_байес,Как работает сглаживание по Лапласу?,prompt10,dialog0725,analytics_mistral_7b_prompt10_dialog0725,analytics,40.0,38.2,50.5,35.5,50.0,29.9,10.8,31.4,17.7,7.8
mistral,7.0B,1_Классификаторы_KNN_и_наивный_байес,Что такое манхэттенское расстояние?,prompt10,dialog0726,analytics_mistral_7b_prompt10_dialog0726,analytics,40.0,38.2,50.5,35.5,50.0,29.9,10.8,31.4,17.7,7.8
mistral,7.0B,1_Классификаторы_KNN_и_наивный_байес,Как вычислить вероятность класса в Naive Bayes?,prompt10,dialog0727,analytics_mistral_7b_prompt10_dialog0727,analytics,40.0,38.2,50.5,35.5,50.0,29.9,10.8,31.4,17.7,7.8
mistral,7.0B,1_Классификаторы_KNN_и_наивный_байес,Что такое расстояние Чебышёва?,prompt10,dialog0728,analytics_mistral_7b_prompt10_dialog0728,analytics,40.0,38.2,50.5,35.5,50.0,29.9,10.8,31.4,17.7,7.8
mistral,7.0B,1_Классификаторы_KNN_и_наивный_байес,Как классифицировать письмо как спам в Naive Bayes?,prompt10,dialog0729,analytics_mistral_7b_prompt10_dialog0729,analytics,40.0,38.2,50.5,35.5,50.0,29.9,10.8,31.4,17.7,7.8
mistral,7.0B,1_Классификаторы_KNN_и_наивный_байес,В чем разница между k-NN и взвешенным k-NN?,prompt10,dialog0730,analytics_mistral_7b_prompt10_dialog0730,analytics,40.0,38.2,50.5,35.5,50.0,29.9,10.8,31.4,17.7,7.8
mistral,7.0B,1_Классификаторы_KNN_и_наивный_байес,Вычисли вероятность спама для слова 'приз' из примера.,prompt10,dialog0731,analytics_mistral_7b_prompt10_dialog0731,analytics,40.0,38.2,50.5,35.5,50.0,29.9,10.8,31.4,17.7,7.8
mistral,7.0B,1_Классификаторы_KNN_и_наивный_байес,"Вычисли расстояние Евклида между (1,2) и (3,4).",prompt10,dialog0732,analytics_mistral_7b_prompt10_dialog0732,analytics,40.0,38.2,50.5,35.5,50.0,29.9,10.8,31.4,17.7,7.8
mistral,7.0B,1_Классификаторы_KNN_и_наивный_байес,"В примере с погодой, вычисли F(да) для теста.",prompt10,dialog0733,analytics_mistral_7b_prompt10_dialog0733,analytics,40.0,38.2,50.5,35.5,50.0,29.9,10.8,31.4,17.7,7.8
mistral,7.0B,1_Классификаторы_KNN_и_наивный_байес,"Вычисли P(да | пасмурно, холодно, влажно, да).",prompt10,dialog0734,analytics_mistral_7b_prompt10_dialog0734,analytics,40.0,38.2,50.5,35.5,50.0,29.9,10.8,31.4,17.7,7.8
mistral,7.0B,1_Классификаторы_KNN_и_наивный_байес,"В спам-примере, вычисли P(win|спам) с Laplace.",prompt10,dialog0735,analytics_mistral_7b_prompt10_dialog0735,analytics,40.0,38.2,50.5,35.5,50.0,29.9,10.8,31.4,17.7,7.8
mistral,7.0B,3. Инструменты обучения НС,Что такое autograd?,prompt10,dialog0736,analytics_mistral_7b_prompt10_dialog0736,analytics,40.0,38.2,50.5,35.5,50.0,29.9,10.8,31.4,17.7,7.8
mistral,7.0B,3. Инструменты обучения НС,Что такое TensorFlow?,prompt10,dialog0737,analytics_mistral_7b_prompt10_dialog0737,analytics,40.0,38.2,50.5,35.5,50.0,29.9,10.8,31.4,17.7,7.8
mistral,7.0B,3. Инструменты обучения НС,Что такое Keras?,prompt10,dialog0738,analytics_mistral_7b_prompt10_dialog0738,analytics,40.0,38.2,50.5,35.5,50.0,29.9,10.8,31.4,17.7,7.8
mistral,7.0B,3. Инструменты обучения НС,Что такое over-fitting?,prompt10,dialog0739,analytics_mistral_7b_prompt10_dialog0739,analytics,40.0,38.2,50.5,35.5,50.0,29.9,10.8,31.4,17.7,7.8
mistral,7.0B,3. Инструменты обучения НС,Что такое SGD?,prompt10,dialog0740,analytics_mistral_7b_prompt10_dialog0740,analytics,40.0,38.2,50.5,35.5,50.0,29.9,10.8,31.4,17.7,7.8
mistral,7.0B,3. Инструменты обучения НС,Что такое Momentum в оптимизации?,prompt10,dialog0741,analytics_mistral_7b_prompt10_dialog0741,analytics,40.0,38.2,50.5,35.5,50.0,29.9,10.8,31.4,17.7,7.8
mistral,7.0B,3. Инструменты обучения НС,Что такое Adam?,prompt10,dialog0742,analytics_mistral_7b_prompt10_dialog0742,analytics,40.0,38.2,50.5,35.5,50.0,29.9,10.8,31.4,17.7,7.8
mistral,7.0B,3. Инструменты обучения НС,Что такое learning rate?,prompt10,dialog0743,analytics_mistral_7b_prompt10_dialog0743,analytics,40.0,38.2,50.5,35.5,50.0,29.9,10.8,31.4,17.7,7.8
mistral,7.0B,3. Инструменты обучения НС,Что такое метод Ньютона?,prompt10,dialog0744,analytics_mistral_7b_prompt10_dialog0744,analytics,40.0,38.2,50.5,35.5,50.0,29.9,10.8,31.4,17.7,7.8
mistral,7.0B,3. Инструменты обучения НС,Что такое RMSProp?,prompt10,dialog0745,analytics_mistral_7b_prompt10_dialog0745,analytics,40.0,38.2,50.5,35.5,50.0,29.9,10.8,31.4,17.7,7.8
mistral,7.0B,3. Инструменты обучения НС,"Вычисли шаг в SGD для L(w)=w^2, w=3, η=0.1.",prompt10,dialog0746,analytics_mistral_7b_prompt10_dialog0746,analytics,40.0,38.2,50.5,35.5,50.0,29.9,10.8,31.4,17.7,7.8
mistral,7.0B,3. Инструменты обучения НС,"Вычисли v_t в Momentum: γ=0.9, v_{t-1}=1, ∇L=2, η=0.1.",prompt10,dialog0747,analytics_mistral_7b_prompt10_dialog0747,analytics,40.0,38.2,50.5,35.5,50.0,29.9,10.8,31.4,17.7,7.8
mistral,7.0B,3. Инструменты обучения НС,"В Adagrad, G_{t-1,ii}=4, g_t=2, η=0.1, ε=1e-8.",prompt10,dialog0748,analytics_mistral_7b_prompt10_dialog0748,analytics,40.0,38.2,50.5,35.5,50.0,29.9,10.8,31.4,17.7,7.8
mistral,7.0B,3. Инструменты обучения НС,"Вычисли learning rate decay: η0=0.1, t=5, T=10, linear.",prompt10,dialog0749,analytics_mistral_7b_prompt10_dialog0749,analytics,40.0,38.2,50.5,35.5,50.0,29.9,10.8,31.4,17.7,7.8
mistral,7.0B,3. Инструменты обучения НС,"В Nesterov, вычисли ∇ в ω - γ v_{t-1}: γ=0.9, v=1, ∇=2.",prompt10,dialog0750,analytics_mistral_7b_prompt10_dialog0750,analytics,40.0,38.2,50.5,35.5,50.0,29.9,10.8,31.4,17.7,7.8
mistral,7.0B,1_Классификаторы_KNN_и_наивный_байес,Что такое метод k-ближайших соседей?,prompt9,dialog0691,analytics_mistral_7b_prompt9_dialog0691,analytics,39.5,40.8,48.9,35.5,50.0,30.1,9.4,34.6,16.8,6.0
mistral,7.0B,1_Классификаторы_KNN_и_наивный_байес,Как выбрать количество соседей k в k-NN?,prompt9,dialog0692,analytics_mistral_7b_prompt9_dialog0692,analytics,39.5,40.8,48.9,35.5,50.0,30.1,9.4,34.6,16.8,6.0
mistral,7.0B,1_Классификаторы_KNN_и_наивный_байес,Что такое евклидова метрика?,prompt9,dialog0693,analytics_mistral_7b_prompt9_dialog0693,analytics,39.5,40.8,48.9,35.5,50.0,30.1,9.4,34.6,16.8,6.0
mistral,7.0B,1_Классификаторы_KNN_и_наивный_байес,В чем суть наивного байесовского классификатора?,prompt9,dialog0694,analytics_mistral_7b_prompt9_dialog0694,analytics,39.5,40.8,48.9,35.5,50.0,30.1,9.4,34.6,16.8,6.0
mistral,7.0B,1_Классификаторы_KNN_и_наивный_байес,Как работает сглаживание по Лапласу?,prompt9,dialog0695,analytics_mistral_7b_prompt9_dialog0695,analytics,39.5,40.8,48.9,35.5,50.0,30.1,9.4,34.6,16.8,6.0
mistral,7.0B,1_Классификаторы_KNN_и_наивный_байес,Что такое манхэттенское расстояние?,prompt9,dialog0696,analytics_mistral_7b_prompt9_dialog0696,analytics,39.5,40.8,48.9,35.5,50.0,30.1,9.4,34.6,16.8,6.0
mistral,7.0B,1_Классификаторы_KNN_и_наивный_байес,Как вычислить вероятность класса в Naive Bayes?,prompt9,dialog0697,analytics_mistral_7b_prompt9_dialog0697,analytics,39.5,40.8,48.9,35.5,50.0,30.1,9.4,34.6,16.8,6.0
mistral,7.0B,1_Классификаторы_KNN_и_наивный_байес,Что такое расстояние Чебышёва?,prompt9,dialog0698,analytics_mistral_7b_prompt9_dialog0698,analytics,39.5,40.8,48.9,35.5,50.0,30.1,9.4,34.6,16.8,6.0
mistral,7.0B,1_Классификаторы_KNN_и_наивный_байес,Как классифицировать письмо как спам в Naive Bayes?,prompt9,dialog0699,analytics_mistral_7b_prompt9_dialog0699,analytics,39.5,40.8,48.9,35.5,50.0,30.1,9.4,34.6,16.8,6.0
mistral,7.0B,1_Классификаторы_KNN_и_наивный_байес,В чем разница между k-NN и взвешенным k-NN?,prompt9,dialog0700,analytics_mistral_7b_prompt9_dialog0700,analytics,39.5,40.8,48.9,35.5,50.0,30.1,9.4,34.6,16.8,6.0
mistral,7.0B,1_Классификаторы_KNN_и_наивный_байес,Вычисли вероятность спама для слова 'приз' из примера.,prompt9,dialog0701,analytics_mistral_7b_prompt9_dialog0701,analytics,39.5,40.8,48.9,35.5,50.0,30.1,9.4,34.6,16.8,6.0
mistral,7.0B,1_Классификаторы_KNN_и_наивный_байес,"Вычисли расстояние Евклида между (1,2) и (3,4).",prompt9,dialog0702,analytics_mistral_7b_prompt9_dialog0702,analytics,39.5,40.8,48.9,35.5,50.0,30.1,9.4,34.6,16.8,6.0
mistral,7.0B,1_Классификаторы_KNN_и_наивный_байес,"В примере с погодой, вычисли F(да) для теста.",prompt9,dialog0703,analytics_mistral_7b_prompt9_dialog0703,analytics,39.5,40.8,48.9,35.5,50.0,30.1,9.4,34.6,16.8,6.0
mistral,7.0B,1_Классификаторы_KNN_и_наивный_байес,"Вычисли P(да | пасмурно, холодно, влажно, да).",prompt9,dialog0704,analytics_mistral_7b_prompt9_dialog0704,analytics,39.5,40.8,48.9,35.5,50.0,30.1,9.4,34.6,16.8,6.0
mistral,7.0B,1_Классификаторы_KNN_и_наивный_байес,"В спам-примере, вычисли P(win|спам) с Laplace.",prompt9,dialog0705,analytics_mistral_7b_prompt9_dialog0705,analytics,39.5,40.8,48.9,35.5,50.0,30.1,9.4,34.6,16.8,6.0
mistral,7.0B,3. Инструменты обучения НС,Что такое autograd?,prompt9,dialog0706,analytics_mistral_7b_prompt9_dialog0706,analytics,39.5,40.8,48.9,35.5,50.0,30.1,9.4,34.6,16.8,6.0
mistral,7.0B,3. Инструменты обучения НС,Что такое TensorFlow?,prompt9,dialog0707,analytics_mistral_7b_prompt9_dialog0707,analytics,39.5,40.8,48.9,35.5,50.0,30.1,9.4,34.6,16.8,6.0
mistral,7.0B,3. Инструменты обучения НС,Что такое Keras?,prompt9,dialog0708,analytics_mistral_7b_prompt9_dialog0708,analytics,39.5,40.8,48.9,35.5,50.0,30.1,9.4,34.6,16.8,6.0
mistral,7.0B,3. Инструменты обучения НС,Что такое over-fitting?,prompt9,dialog0709,analytics_mistral_7b_prompt9_dialog0709,analytics,39.5,40.8,48.9,35.5,50.0,30.1,9.4,34.6,16.8,6.0
mistral,7.0B,3. Инструменты обучения НС,Что такое SGD?,prompt9,dialog0710,analytics_mistral_7b_prompt9_dialog0710,analytics,39.5,40.8,48.9,35.5,50.0,30.1,9.4,34.6,16.8,6.0
mistral,7.0B,3. Инструменты обучения НС,Что такое Momentum в оптимизации?,prompt9,dialog0711,analytics_mistral_7b_prompt9_dialog0711,analytics,39.5,40.8,48.9,35.5,50.0,30.1,9.4,34.6,16.8,6.0
mistral,7.0B,3. Инструменты обучения НС,Что такое Adam?,prompt9,dialog0712,analytics_mistral_7b_prompt9_dialog0712,analytics,39.5,40.8,48.9,35.5,50.0,30.1,9.4,34.6,16.8,6.0
mistral,7.0B,3. Инструменты обучения НС,Что такое learning rate?,prompt9,dialog0713,analytics_mistral_7b_prompt9_dialog0713,analytics,39.5,40.8,48.9,35.5,50.0,30.1,9.4,34.6,16.8,6.0
mistral,7.0B,3. Инструменты обучения НС,Что такое метод Ньютона?,prompt9,dialog0714,analytics_mistral_7b_prompt9_dialog0714,analytics,39.5,40.8,48.9,35.5,50.0,30.1,9.4,34.6,16.8,6.0
mistral,7.0B,3. Инструменты обучения НС,Что такое RMSProp?,prompt9,dialog0715,analytics_mistral_7b_prompt9_dialog0715,analytics,39.5,40.8,48.9,35.5,50.0,30.1,9.4,34.6,16.8,6.0
mistral,7.0B,3. Инструменты обучения НС,"Вычисли шаг в SGD для L(w)=w^2, w=3, η=0.1.",prompt9,dialog0716,analytics_mistral_7b_prompt9_dialog0716,analytics,39.5,40.8,48.9,35.5,50.0,30.1,9.4,34.6,16.8,6.0
mistral,7.0B,3. Инструменты обучения НС,"Вычисли v_t в Momentum: γ=0.9, v_{t-1}=1, ∇L=2, η=0.1.",prompt9,dialog0717,analytics_mistral_7b_prompt9_dialog0717,analytics,39.5,40.8,48.9,35.5,50.0,30.1,9.4,34.6,16.8,6.0
mistral,7.0B,3. Инструменты обучения НС,"В Adagrad, G_{t-1,ii}=4, g_t=2, η=0.1, ε=1e-8.",prompt9,dialog0718,analytics_mistral_7b_prompt9_dialog0718,analytics,39.5,40.8,48.9,35.5,50.0,30.1,9.4,34.6,16.8,6.0
mistral,7.0B,3. Инструменты обучения НС,"Вычисли learning rate decay: η0=0.1, t=5, T=10, linear.",prompt9,dialog0719,analytics_mistral_7b_prompt9_dialog0719,analytics,39.5,40.8,48.9,35.5,50.0,30.1,9.4,34.6,16.8,6.0
mistral,7.0B,3. Инструменты обучения НС,"В Nesterov, вычисли ∇ в ω - γ v_{t-1}: γ=0.9, v=1, ∇=2.",prompt9,dialog0720,analytics_mistral_7b_prompt9_dialog0720,analytics,39.5,40.8,48.9,35.5,50.0,30.1,9.4,34.6,16.8,6.0
mistral,7.0B,1_Классификаторы_KNN_и_наивный_байес,Что такое метод k-ближайших соседей?,prompt7,dialog0631,analytics_mistral_7b_prompt7_dialog0631,analytics,40.1,36.9,52.2,35.5,50.0,31.6,10.1,35.4,19.9,4.5
mistral,7.0B,1_Классификаторы_KNN_и_наивный_байес,Как выбрать количество соседей k в k-NN?,prompt7,dialog0632,analytics_mistral_7b_prompt7_dialog0632,analytics,40.1,36.9,52.2,35.5,50.0,31.6,10.1,35.4,19.9,4.5
mistral,7.0B,1_Классификаторы_KNN_и_наивный_байес,Что такое евклидова метрика?,prompt7,dialog0633,analytics_mistral_7b_prompt7_dialog0633,analytics,40.1,36.9,52.2,35.5,50.0,31.6,10.1,35.4,19.9,4.5
mistral,7.0B,1_Классификаторы_KNN_и_наивный_байес,В чем суть наивного байесовского классификатора?,prompt7,dialog0634,analytics_mistral_7b_prompt7_dialog0634,analytics,40.1,36.9,52.2,35.5,50.0,31.6,10.1,35.4,19.9,4.5
mistral,7.0B,1_Классификаторы_KNN_и_наивный_байес,Как работает сглаживание по Лапласу?,prompt7,dialog0635,analytics_mistral_7b_prompt7_dialog0635,analytics,40.1,36.9,52.2,35.5,50.0,31.6,10.1,35.4,19.9,4.5
mistral,7.0B,1_Классификаторы_KNN_и_наивный_байес,Что такое манхэттенское расстояние?,prompt7,dialog0636,analytics_mistral_7b_prompt7_dialog0636,analytics,40.1,36.9,52.2,35.5,50.0,31.6,10.1,35.4,19.9,4.5
mistral,7.0B,1_Классификаторы_KNN_и_наивный_байес,Как вычислить вероятность класса в Naive Bayes?,prompt7,dialog0637,analytics_mistral_7b_prompt7_dialog0637,analytics,40.1,36.9,52.2,35.5,50.0,31.6,10.1,35.4,19.9,4.5
mistral,7.0B,1_Классификаторы_KNN_и_наивный_байес,Что такое расстояние Чебышёва?,prompt7,dialog0638,analytics_mistral_7b_prompt7_dialog0638,analytics,40.1,36.9,52.2,35.5,50.0,31.6,10.1,35.4,19.9,4.5
mistral,7.0B,1_Классификаторы_KNN_и_наивный_байес,Как классифицировать письмо как спам в Naive Bayes?,prompt7,dialog0639,analytics_mistral_7b_prompt7_dialog0639,analytics,40.1,36.9,52.2,35.5,50.0,31.6,10.1,35.4,19.9,4.5
mistral,7.0B,1_Классификаторы_KNN_и_наивный_байес,В чем разница между k-NN и взвешенным k-NN?,prompt7,dialog0640,analytics_mistral_7b_prompt7_dialog0640,analytics,40.1,36.9,52.2,35.5,50.0,31.6,10.1,35.4,19.9,4.5
mistral,7.0B,1_Классификаторы_KNN_и_наивный_байес,Вычисли вероятность спама для слова 'приз' из примера.,prompt7,dialog0641,analytics_mistral_7b_prompt7_dialog0641,analytics,40.1,36.9,52.2,35.5,50.0,31.6,10.1,35.4,19.9,4.5
mistral,7.0B,1_Классификаторы_KNN_и_наивный_байес,"Вычисли расстояние Евклида между (1,2) и (3,4).",prompt7,dialog0642,analytics_mistral_7b_prompt7_dialog0642,analytics,40.1,36.9,52.2,35.5,50.0,31.6,10.1,35.4,19.9,4.5
mistral,7.0B,1_Классификаторы_KNN_и_наивный_байес,"В примере с погодой, вычисли F(да) для теста.",prompt7,dialog0643,analytics_mistral_7b_prompt7_dialog0643,analytics,40.1,36.9,52.2,35.5,50.0,31.6,10.1,35.4,19.9,4.5
mistral,7.0B,1_Классификаторы_KNN_и_наивный_байес,"Вычисли P(да | пасмурно, холодно, влажно, да).",prompt7,dialog0644,analytics_mistral_7b_prompt7_dialog0644,analytics,40.1,36.9,52.2,35.5,50.0,31.6,10.1,35.4,19.9,4.5
mistral,7.0B,1_Классификаторы_KNN_и_наивный_байес,"В спам-примере, вычисли P(win|спам) с Laplace.",prompt7,dialog0645,analytics_mistral_7b_prompt7_dialog0645,analytics,40.1,36.9,52.2,35.5,50.0,31.6,10.1,35.4,19.9,4.5
mistral,7.0B,3. Инструменты обучения НС,Что такое autograd?,prompt7,dialog0646,analytics_mistral_7b_prompt7_dialog0646,analytics,40.1,36.9,52.2,35.5,50.0,31.6,10.1,35.4,19.9,4.5
mistral,7.0B,3. Инструменты обучения НС,Что такое TensorFlow?,prompt7,dialog0647,analytics_mistral_7b_prompt7_dialog0647,analytics,40.1,36.9,52.2,35.5,50.0,31.6,10.1,35.4,19.9,4.5
mistral,7.0B,3. Инструменты обучения НС,Что такое Keras?,prompt7,dialog0648,analytics_mistral_7b_prompt7_dialog0648,analytics,40.1,36.9,52.2,35.5,50.0,31.6,10.1,35.4,19.9,4.5
mistral,7.0B,3. Инструменты обучения НС,Что такое over-fitting?,prompt7,dialog0649,analytics_mistral_7b_prompt7_dialog0649,analytics,40.1,36.9,52.2,35.5,50.0,31.6,10.1,35.4,19.9,4.5
mistral,7.0B,3. Инструменты обучения НС,Что такое SGD?,prompt7,dialog0650,analytics_mistral_7b_prompt7_dialog0650,analytics,40.1,36.9,52.2,35.5,50.0,31.6,10.1,35.4,19.9,4.5
mistral,7.0B,3. Инструменты обучения НС,Что такое Momentum в оптимизации?,prompt7,dialog0651,analytics_mistral_7b_prompt7_dialog0651,analytics,40.1,36.9,52.2,35.5,50.0,31.6,10.1,35.4,19.9,4.5
mistral,7.0B,3. Инструменты обучения НС,Что такое Adam?,prompt7,dialog0652,analytics_mistral_7b_prompt7_dialog0652,analytics,40.1,36.9,52.2,35.5,50.0,31.6,10.1,35.4,19.9,4.5
mistral,7.0B,3. Инструменты обучения НС,Что такое learning rate?,prompt7,dialog0653,analytics_mistral_7b_prompt7_dialog0653,analytics,40.1,36.9,52.2,35.5,50.0,31.6,10.1,35.4,19.9,4.5
mistral,7.0B,3. Инструменты обучения НС,Что такое метод Ньютона?,prompt7,dialog0654,analytics_mistral_7b_prompt7_dialog0654,analytics,40.1,36.9,52.2,35.5,50.0,31.6,10.1,35.4,19.9,4.5
mistral,7.0B,3. Инструменты обучения НС,Что такое RMSProp?,prompt7,dialog0655,analytics_mistral_7b_prompt7_dialog0655,analytics,40.1,36.9,52.2,35.5,50.0,31.6,10.1,35.4,19.9,4.5
mistral,7.0B,3. Инструменты обучения НС,"Вычисли шаг в SGD для L(w)=w^2, w=3, η=0.1.",prompt7,dialog0656,analytics_mistral_7b_prompt7_dialog0656,analytics,40.1,36.9,52.2,35.5,50.0,31.6,10.1,35.4,19.9,4.5
mistral,7.0B,3. Инструменты обучения НС,"Вычисли v_t в Momentum: γ=0.9, v_{t-1}=1, ∇L=2, η=0.1.",prompt7,dialog0657,analytics_mistral_7b_prompt7_dialog0657,analytics,40.1,36.9,52.2,35.5,50.0,31.6,10.1,35.4,19.9,4.5
mistral,7.0B,3. Инструменты обучения НС,"В Adagrad, G_{t-1,ii}=4, g_t=2, η=0.1, ε=1e-8.",prompt7,dialog0658,analytics_mistral_7b_prompt7_dialog0658,analytics,40.1,36.9,52.2,35.5,50.0,31.6,10.1,35.4,19.9,4.5
mistral,7.0B,3. Инструменты обучения НС,"Вычисли learning rate decay: η0=0.1, t=5, T=10, linear.",prompt7,dialog0659,analytics_mistral_7b_prompt7_dialog0659,analytics,40.1,36.9,52.2,35.5,50.0,31.6,10.1,35.4,19.9,4.5
mistral,7.0B,3. Инструменты обучения НС,"В Nesterov, вычисли ∇ в ω - γ v_{t-1}: γ=0.9, v=1, ∇=2.",prompt7,dialog0660,analytics_mistral_7b_prompt7_dialog0660,analytics,40.1,36.9,52.2,35.5,50.0,31.6,10.1,35.4,19.9,4.5
mistral,7.0B,1_Классификаторы_KNN_и_наивный_байес,Что такое метод k-ближайших соседей?,prompt6,dialog0601,analytics_mistral_7b_prompt6_dialog0601,analytics,41.9,37.6,55.8,35.5,50.0,33.4,9.7,35.2,18.2,5.1
mistral,7.0B,1_Классификаторы_KNN_и_наивный_байес,Как выбрать количество соседей k в k-NN?,prompt6,dialog0602,analytics_mistral_7b_prompt6_dialog0602,analytics,41.9,37.6,55.8,35.5,50.0,33.4,9.7,35.2,18.2,5.1
mistral,7.0B,1_Классификаторы_KNN_и_наивный_байес,Что такое евклидова метрика?,prompt6,dialog0603,analytics_mistral_7b_prompt6_dialog0603,analytics,41.9,37.6,55.8,35.5,50.0,33.4,9.7,35.2,18.2,5.1
mistral,7.0B,1_Классификаторы_KNN_и_наивный_байес,В чем суть наивного байесовского классификатора?,prompt6,dialog0604,analytics_mistral_7b_prompt6_dialog0604,analytics,41.9,37.6,55.8,35.5,50.0,33.4,9.7,35.2,18.2,5.1
mistral,7.0B,1_Классификаторы_KNN_и_наивный_байес,Как работает сглаживание по Лапласу?,prompt6,dialog0605,analytics_mistral_7b_prompt6_dialog0605,analytics,41.9,37.6,55.8,35.5,50.0,33.4,9.7,35.2,18.2,5.1
mistral,7.0B,1_Классификаторы_KNN_и_наивный_байес,Что такое манхэттенское расстояние?,prompt6,dialog0606,analytics_mistral_7b_prompt6_dialog0606,analytics,41.9,37.6,55.8,35.5,50.0,33.4,9.7,35.2,18.2,5.1
mistral,7.0B,1_Классификаторы_KNN_и_наивный_байес,Как вычислить вероятность класса в Naive Bayes?,prompt6,dialog0607,analytics_mistral_7b_prompt6_dialog0607,analytics,41.9,37.6,55.8,35.5,50.0,33.4,9.7,35.2,18.2,5.1
mistral,7.0B,1_Классификаторы_KNN_и_наивный_байес,Что такое расстояние Чебышёва?,prompt6,dialog0608,analytics_mistral_7b_prompt6_dialog0608,analytics,41.9,37.6,55.8,35.5,50.0,33.4,9.7,35.2,18.2,5.1
mistral,7.0B,1_Классификаторы_KNN_и_наивный_байес,Как классифицировать письмо как спам в Naive Bayes?,prompt6,dialog0609,analytics_mistral_7b_prompt6_dialog0609,analytics,41.9,37.6,55.8,35.5,50.0,33.4,9.7,35.2,18.2,5.1
mistral,7.0B,1_Классификаторы_KNN_и_наивный_байес,В чем разница между k-NN и взвешенным k-NN?,prompt6,dialog0610,analytics_mistral_7b_prompt6_dialog0610,analytics,41.9,37.6,55.8,35.5,50.0,33.4,9.7,35.2,18.2,5.1
mistral,7.0B,1_Классификаторы_KNN_и_наивный_байес,Вычисли вероятность спама для слова 'приз' из примера.,prompt6,dialog0611,analytics_mistral_7b_prompt6_dialog0611,analytics,41.9,37.6,55.8,35.5,50.0,33.4,9.7,35.2,18.2,5.1
mistral,7.0B,1_Классификаторы_KNN_и_наивный_байес,"Вычисли расстояние Евклида между (1,2) и (3,4).",prompt6,dialog0612,analytics_mistral_7b_prompt6_dialog0612,analytics,41.9,37.6,55.8,35.5,50.0,33.4,9.7,35.2,18.2,5.1
mistral,7.0B,1_Классификаторы_KNN_и_наивный_байес,"В примере с погодой, вычисли F(да) для теста.",prompt6,dialog0613,analytics_mistral_7b_prompt6_dialog0613,analytics,41.9,37.6,55.8,35.5,50.0,33.4,9.7,35.2,18.2,5.1
mistral,7.0B,1_Классификаторы_KNN_и_наивный_байес,"Вычисли P(да | пасмурно, холодно, влажно, да).",prompt6,dialog0614,analytics_mistral_7b_prompt6_dialog0614,analytics,41.9,37.6,55.8,35.5,50.0,33.4,9.7,35.2,18.2,5.1
mistral,7.0B,1_Классификаторы_KNN_и_наивный_байес,"В спам-примере, вычисли P(win|спам) с Laplace.",prompt6,dialog0615,analytics_mistral_7b_prompt6_dialog0615,analytics,41.9,37.6,55.8,35.5,50.0,33.4,9.7,35.2,18.2,5.1
mistral,7.0B,3. Инструменты обучения НС,Что такое autograd?,prompt6,dialog0616,analytics_mistral_7b_prompt6_dialog0616,analytics,41.9,37.6,55.8,35.5,50.0,33.4,9.7,35.2,18.2,5.1
mistral,7.0B,3. Инструменты обучения НС,Что такое TensorFlow?,prompt6,dialog0617,analytics_mistral_7b_prompt6_dialog0617,analytics,41.9,37.6,55.8,35.5,50.0,33.4,9.7,35.2,18.2,5.1
mistral,7.0B,3. Инструменты обучения НС,Что такое Keras?,prompt6,dialog0618,analytics_mistral_7b_prompt6_dialog0618,analytics,41.9,37.6,55.8,35.5,50.0,33.4,9.7,35.2,18.2,5.1
mistral,7.0B,3. Инструменты обучения НС,Что такое over-fitting?,prompt6,dialog0619,analytics_mistral_7b_prompt6_dialog0619,analytics,41.9,37.6,55.8,35.5,50.0,33.4,9.7,35.2,18.2,5.1
mistral,7.0B,3. Инструменты обучения НС,Что такое SGD?,prompt6,dialog0620,analytics_mistral_7b_prompt6_dialog0620,analytics,41.9,37.6,55.8,35.5,50.0,33.4,9.7,35.2,18.2,5.1
mistral,7.0B,3. Инструменты обучения НС,Что такое Momentum в оптимизации?,prompt6,dialog0621,analytics_mistral_7b_prompt6_dialog0621,analytics,41.9,37.6,55.8,35.5,50.0,33.4,9.7,35.2,18.2,5.1
mistral,7.0B,3. Инструменты обучения НС,Что такое Adam?,prompt6,dialog0622,analytics_mistral_7b_prompt6_dialog0622,analytics,41.9,37.6,55.8,35.5,50.0,33.4,9.7,35.2,18.2,5.1
mistral,7.0B,3. Инструменты обучения НС,Что такое learning rate?,prompt6,dialog0623,analytics_mistral_7b_prompt6_dialog0623,analytics,41.9,37.6,55.8,35.5,50.0,33.4,9.7,35.2,18.2,5.1
mistral,7.0B,3. Инструменты обучения НС,Что такое метод Ньютона?,prompt6,dialog0624,analytics_mistral_7b_prompt6_dialog0624,analytics,41.9,37.6,55.8,35.5,50.0,33.4,9.7,35.2,18.2,5.1
mistral,7.0B,3. Инструменты обучения НС,Что такое RMSProp?,prompt6,dialog0625,analytics_mistral_7b_prompt6_dialog0625,analytics,41.9,37.6,55.8,35.5,50.0,33.4,9.7,35.2,18.2,5.1
mistral,7.0B,3. Инструменты обучения НС,"Вычисли шаг в SGD для L(w)=w^2, w=3, η=0.1.",prompt6,dialog0626,analytics_mistral_7b_prompt6_dialog0626,analytics,41.9,37.6,55.8,35.5,50.0,33.4,9.7,35.2,18.2,5.1
mistral,7.0B,3. Инструменты обучения НС,"Вычисли v_t в Momentum: γ=0.9, v_{t-1}=1, ∇L=2, η=0.1.",prompt6,dialog0627,analytics_mistral_7b_prompt6_dialog0627,analytics,41.9,37.6,55.8,35.5,50.0,33.4,9.7,35.2,18.2,5.1
mistral,7.0B,3. Инструменты обучения НС,"В Adagrad, G_{t-1,ii}=4, g_t=2, η=0.1, ε=1e-8.",prompt6,dialog0628,analytics_mistral_7b_prompt6_dialog0628,analytics,41.9,37.6,55.8,35.5,50.0,33.4,9.7,35.2,18.2,5.1
mistral,7.0B,3. Инструменты обучения НС,"Вычисли learning rate decay: η0=0.1, t=5, T=10, linear.",prompt6,dialog0629,analytics_mistral_7b_prompt6_dialog0629,analytics,41.9,37.6,55.8,35.5,50.0,33.4,9.7,35.2,18.2,5.1
mistral,7.0B,3. Инструменты обучения НС,"В Nesterov, вычисли ∇ в ω - γ v_{t-1}: γ=0.9, v=1, ∇=2.",prompt6,dialog0630,analytics_mistral_7b_prompt6_dialog0630,analytics,41.9,37.6,55.8,35.5,50.0,33.4,9.7,35.2,18.2,5.1
mistral,7.0B,1_Классификаторы_KNN_и_наивный_байес,Что такое метод k-ближайших соседей?,prompt1,dialog0451,analytics_mistral_7b_prompt1_dialog0451,analytics,40.7,36.8,52.2,35.5,50.0,33.1,10.4,35.7,19.4,3.9
mistral,7.0B,1_Классификаторы_KNN_и_наивный_байес,Как выбрать количество соседей k в k-NN?,prompt1,dialog0452,analytics_mistral_7b_prompt1_dialog0452,analytics,40.7,36.8,52.2,35.5,50.0,33.1,10.4,35.7,19.4,3.9
mistral,7.0B,1_Классификаторы_KNN_и_наивный_байес,Что такое евклидова метрика?,prompt1,dialog0453,analytics_mistral_7b_prompt1_dialog0453,analytics,40.7,36.8,52.2,35.5,50.0,33.1,10.4,35.7,19.4,3.9
mistral,7.0B,1_Классификаторы_KNN_и_наивный_байес,В чем суть наивного байесовского классификатора?,prompt1,dialog0454,analytics_mistral_7b_prompt1_dialog0454,analytics,40.7,36.8,52.2,35.5,50.0,33.1,10.4,35.7,19.4,3.9
mistral,7.0B,1_Классификаторы_KNN_и_наивный_байес,Как работает сглаживание по Лапласу?,prompt1,dialog0455,analytics_mistral_7b_prompt1_dialog0455,analytics,40.7,36.8,52.2,35.5,50.0,33.1,10.4,35.7,19.4,3.9
mistral,7.0B,1_Классификаторы_KNN_и_наивный_байес,Что такое манхэттенское расстояние?,prompt1,dialog0456,analytics_mistral_7b_prompt1_dialog0456,analytics,40.7,36.8,52.2,35.5,50.0,33.1,10.4,35.7,19.4,3.9
mistral,7.0B,1_Классификаторы_KNN_и_наивный_байес,Как вычислить вероятность класса в Naive Bayes?,prompt1,dialog0457,analytics_mistral_7b_prompt1_dialog0457,analytics,40.7,36.8,52.2,35.5,50.0,33.1,10.4,35.7,19.4,3.9
mistral,7.0B,1_Классификаторы_KNN_и_наивный_байес,Что такое расстояние Чебышёва?,prompt1,dialog0458,analytics_mistral_7b_prompt1_dialog0458,analytics,40.7,36.8,52.2,35.5,50.0,33.1,10.4,35.7,19.4,3.9
mistral,7.0B,1_Классификаторы_KNN_и_наивный_байес,Как классифицировать письмо как спам в Naive Bayes?,prompt1,dialog0459,analytics_mistral_7b_prompt1_dialog0459,analytics,40.7,36.8,52.2,35.5,50.0,33.1,10.4,35.7,19.4,3.9
mistral,7.0B,1_Классификаторы_KNN_и_наивный_байес,В чем разница между k-NN и взвешенным k-NN?,prompt1,dialog0460,analytics_mistral_7b_prompt1_dialog0460,analytics,40.7,36.8,52.2,35.5,50.0,33.1,10.4,35.7,19.4,3.9
mistral,7.0B,1_Классификаторы_KNN_и_наивный_байес,Вычисли вероятность спама для слова 'приз' из примера.,prompt1,dialog0461,analytics_mistral_7b_prompt1_dialog0461,analytics,40.7,36.8,52.2,35.5,50.0,33.1,10.4,35.7,19.4,3.9
mistral,7.0B,1_Классификаторы_KNN_и_наивный_байес,"Вычисли расстояние Евклида между (1,2) и (3,4).",prompt1,dialog0462,analytics_mistral_7b_prompt1_dialog0462,analytics,40.7,36.8,52.2,35.5,50.0,33.1,10.4,35.7,19.4,3.9
mistral,7.0B,1_Классификаторы_KNN_и_наивный_байес,"В примере с погодой, вычисли F(да) для теста.",prompt1,dialog0463,analytics_mistral_7b_prompt1_dialog0463,analytics,40.7,36.8,52.2,35.5,50.0,33.1,10.4,35.7,19.4,3.9
mistral,7.0B,1_Классификаторы_KNN_и_наивный_байес,"Вычисли P(да | пасмурно, холодно, влажно, да).",prompt1,dialog0464,analytics_mistral_7b_prompt1_dialog0464,analytics,40.7,36.8,52.2,35.5,50.0,33.1,10.4,35.7,19.4,3.9
mistral,7.0B,1_Классификаторы_KNN_и_наивный_байес,"В спам-примере, вычисли P(win|спам) с Laplace.",prompt1,dialog0465,analytics_mistral_7b_prompt1_dialog0465,analytics,40.7,36.8,52.2,35.5,50.0,33.1,10.4,35.7,19.4,3.9
mistral,7.0B,3. Инструменты обучения НС,Что такое autograd?,prompt1,dialog0466,analytics_mistral_7b_prompt1_dialog0466,analytics,40.7,36.8,52.2,35.5,50.0,33.1,10.4,35.7,19.4,3.9
mistral,7.0B,3. Инструменты обучения НС,Что такое TensorFlow?,prompt1,dialog0467,analytics_mistral_7b_prompt1_dialog0467,analytics,40.7,36.8,52.2,35.5,50.0,33.1,10.4,35.7,19.4,3.9
mistral,7.0B,3. Инструменты обучения НС,Что такое Keras?,prompt1,dialog0468,analytics_mistral_7b_prompt1_dialog0468,analytics,40.7,36.8,52.2,35.5,50.0,33.1,10.4,35.7,19.4,3.9
mistral,7.0B,3. Инструменты обучения НС,Что такое over-fitting?,prompt1,dialog0469,analytics_mistral_7b_prompt1_dialog0469,analytics,40.7,36.8,52.2,35.5,50.0,33.1,10.4,35.7,19.4,3.9
mistral,7.0B,3. Инструменты обучения НС,Что такое SGD?,prompt1,dialog0470,analytics_mistral_7b_prompt1_dialog0470,analytics,40.7,36.8,52.2,35.5,50.0,33.1,10.4,35.7,19.4,3.9
mistral,7.0B,3. Инструменты обучения НС,Что такое Momentum в оптимизации?,prompt1,dialog0471,analytics_mistral_7b_prompt1_dialog0471,analytics,40.7,36.8,52.2,35.5,50.0,33.1,10.4,35.7,19.4,3.9
mistral,7.0B,3. Инструменты обучения НС,Что такое Adam?,prompt1,dialog0472,analytics_mistral_7b_prompt1_dialog0472,analytics,40.7,36.8,52.2,35.5,50.0,33.1,10.4,35.7,19.4,3.9
mistral,7.0B,3. Инструменты обучения НС,Что такое learning rate?,prompt1,dialog0473,analytics_mistral_7b_prompt1_dialog0473,analytics,40.7,36.8,52.2,35.5,50.0,33.1,10.4,35.7,19.4,3.9
mistral,7.0B,3. Инструменты обучения НС,Что такое метод Ньютона?,prompt1,dialog0474,analytics_mistral_7b_prompt1_dialog0474,analytics,40.7,36.8,52.2,35.5,50.0,33.1,10.4,35.7,19.4,3.9
mistral,7.0B,3. Инструменты обучения НС,Что такое RMSProp?,prompt1,dialog0475,analytics_mistral_7b_prompt1_dialog0475,analytics,40.7,36.8,52.2,35.5,50.0,33.1,10.4,35.7,19.4,3.9
mistral,7.0B,3. Инструменты обучения НС,"Вычисли шаг в SGD для L(w)=w^2, w=3, η=0.1.",prompt1,dialog0476,analytics_mistral_7b_prompt1_dialog0476,analytics,40.7,36.8,52.2,35.5,50.0,33.1,10.4,35.7,19.4,3.9
mistral,7.0B,3. Инструменты обучения НС,"Вычисли v_t в Momentum: γ=0.9, v_{t-1}=1, ∇L=2, η=0.1.",prompt1,dialog0477,analytics_mistral_7b_prompt1_dialog0477,analytics,40.7,36.8,52.2,35.5,50.0,33.1,10.4,35.7,19.4,3.9
mistral,7.0B,3. Инструменты обучения НС,"В Adagrad, G_{t-1,ii}=4, g_t=2, η=0.1, ε=1e-8.",prompt1,dialog0478,analytics_mistral_7b_prompt1_dialog0478,analytics,40.7,36.8,52.2,35.5,50.0,33.1,10.4,35.7,19.4,3.9
mistral,7.0B,3. Инструменты обучения НС,"Вычисли learning rate decay: η0=0.1, t=5, T=10, linear.",prompt1,dialog0479,analytics_mistral_7b_prompt1_dialog0479,analytics,40.7,36.8,52.2,35.5,50.0,33.1,10.4,35.7,19.4,3.9
mistral,7.0B,3. Инструменты обучения НС,"В Nesterov, вычисли ∇ в ω - γ v_{t-1}: γ=0.9, v=1, ∇=2.",prompt1,dialog0480,analytics_mistral_7b_prompt1_dialog0480,analytics,40.7,36.8,52.2,35.5,50.0,33.1,10.4,35.7,19.4,3.9
mistral,7.0B,1_Классификаторы_KNN_и_наивный_байес,Что такое метод k-ближайших соседей?,prompt8,dialog0661,analytics_mistral_7b_prompt8_dialog0661,analytics,40.7,39.1,51.5,35.5,50.0,32.5,10.7,34.2,18.4,5.1
mistral,7.0B,1_Классификаторы_KNN_и_наивный_байес,Как выбрать количество соседей k в k-NN?,prompt8,dialog0662,analytics_mistral_7b_prompt8_dialog0662,analytics,40.7,39.1,51.5,35.5,50.0,32.5,10.7,34.2,18.4,5.1
mistral,7.0B,1_Классификаторы_KNN_и_наивный_байес,Что такое евклидова метрика?,prompt8,dialog0663,analytics_mistral_7b_prompt8_dialog0663,analytics,40.7,39.1,51.5,35.5,50.0,32.5,10.7,34.2,18.4,5.1
mistral,7.0B,1_Классификаторы_KNN_и_наивный_байес,В чем суть наивного байесовского классификатора?,prompt8,dialog0664,analytics_mistral_7b_prompt8_dialog0664,analytics,40.7,39.1,51.5,35.5,50.0,32.5,10.7,34.2,18.4,5.1
mistral,7.0B,1_Классификаторы_KNN_и_наивный_байес,Как работает сглаживание по Лапласу?,prompt8,dialog0665,analytics_mistral_7b_prompt8_dialog0665,analytics,40.7,39.1,51.5,35.5,50.0,32.5,10.7,34.2,18.4,5.1
mistral,7.0B,1_Классификаторы_KNN_и_наивный_байес,Что такое манхэттенское расстояние?,prompt8,dialog0666,analytics_mistral_7b_prompt8_dialog0666,analytics,40.7,39.1,51.5,35.5,50.0,32.5,10.7,34.2,18.4,5.1
mistral,7.0B,1_Классификаторы_KNN_и_наивный_байес,Как вычислить вероятность класса в Naive Bayes?,prompt8,dialog0667,analytics_mistral_7b_prompt8_dialog0667,analytics,40.7,39.1,51.5,35.5,50.0,32.5,10.7,34.2,18.4,5.1
mistral,7.0B,1_Классификаторы_KNN_и_наивный_байес,Что такое расстояние Чебышёва?,prompt8,dialog0668,analytics_mistral_7b_prompt8_dialog0668,analytics,40.7,39.1,51.5,35.5,50.0,32.5,10.7,34.2,18.4,5.1
mistral,7.0B,1_Классификаторы_KNN_и_наивный_байес,Как классифицировать письмо как спам в Naive Bayes?,prompt8,dialog0669,analytics_mistral_7b_prompt8_dialog0669,analytics,40.7,39.1,51.5,35.5,50.0,32.5,10.7,34.2,18.4,5.1
mistral,7.0B,1_Классификаторы_KNN_и_наивный_байес,В чем разница между k-NN и взвешенным k-NN?,prompt8,dialog0670,analytics_mistral_7b_prompt8_dialog0670,analytics,40.7,39.1,51.5,35.5,50.0,32.5,10.7,34.2,18.4,5.1
mistral,7.0B,1_Классификаторы_KNN_и_наивный_байес,Вычисли вероятность спама для слова 'приз' из примера.,prompt8,dialog0671,analytics_mistral_7b_prompt8_dialog0671,analytics,40.7,39.1,51.5,35.5,50.0,32.5,10.7,34.2,18.4,5.1
mistral,7.0B,1_Классификаторы_KNN_и_наивный_байес,"Вычисли расстояние Евклида между (1,2) и (3,4).",prompt8,dialog0672,analytics_mistral_7b_prompt8_dialog0672,analytics,40.7,39.1,51.5,35.5,50.0,32.5,10.7,34.2,18.4,5.1
mistral,7.0B,1_Классификаторы_KNN_и_наивный_байес,"В примере с погодой, вычисли F(да) для теста.",prompt8,dialog0673,analytics_mistral_7b_prompt8_dialog0673,analytics,40.7,39.1,51.5,35.5,50.0,32.5,10.7,34.2,18.4,5.1
mistral,7.0B,1_Классификаторы_KNN_и_наивный_байес,"Вычисли P(да | пасмурно, холодно, влажно, да).",prompt8,dialog0674,analytics_mistral_7b_prompt8_dialog0674,analytics,40.7,39.1,51.5,35.5,50.0,32.5,10.7,34.2,18.4,5.1
mistral,7.0B,1_Классификаторы_KNN_и_наивный_байес,"В спам-примере, вычисли P(win|спам) с Laplace.",prompt8,dialog0675,analytics_mistral_7b_prompt8_dialog0675,analytics,40.7,39.1,51.5,35.5,50.0,32.5,10.7,34.2,18.4,5.1
mistral,7.0B,3. Инструменты обучения НС,Что такое autograd?,prompt8,dialog0676,analytics_mistral_7b_prompt8_dialog0676,analytics,40.7,39.1,51.5,35.5,50.0,32.5,10.7,34.2,18.4,5.1
mistral,7.0B,3. Инструменты обучения НС,Что такое TensorFlow?,prompt8,dialog0677,analytics_mistral_7b_prompt8_dialog0677,analytics,40.7,39.1,51.5,35.5,50.0,32.5,10.7,34.2,18.4,5.1
mistral,7.0B,3. Инструменты обучения НС,Что такое Keras?,prompt8,dialog0678,analytics_mistral_7b_prompt8_dialog0678,analytics,40.7,39.1,51.5,35.5,50.0,32.5,10.7,34.2,18.4,5.1
mistral,7.0B,3. Инструменты обучения НС,Что такое over-fitting?,prompt8,dialog0679,analytics_mistral_7b_prompt8_dialog0679,analytics,40.7,39.1,51.5,35.5,50.0,32.5,10.7,34.2,18.4,5.1
mistral,7.0B,3. Инструменты обучения НС,Что такое SGD?,prompt8,dialog0680,analytics_mistral_7b_prompt8_dialog0680,analytics,40.7,39.1,51.5,35.5,50.0,32.5,10.7,34.2,18.4,5.1
mistral,7.0B,3. Инструменты обучения НС,Что такое Momentum в оптимизации?,prompt8,dialog0681,analytics_mistral_7b_prompt8_dialog0681,analytics,40.7,39.1,51.5,35.5,50.0,32.5,10.7,34.2,18.4,5.1
mistral,7.0B,3. Инструменты обучения НС,Что такое Adam?,prompt8,dialog0682,analytics_mistral_7b_prompt8_dialog0682,analytics,40.7,39.1,51.5,35.5,50.0,32.5,10.7,34.2,18.4,5.1
mistral,7.0B,3. Инструменты обучения НС,Что такое learning rate?,prompt8,dialog0683,analytics_mistral_7b_prompt8_dialog0683,analytics,40.7,39.1,51.5,35.5,50.0,32.5,10.7,34.2,18.4,5.1
mistral,7.0B,3. Инструменты обучения НС,Что такое метод Ньютона?,prompt8,dialog0684,analytics_mistral_7b_prompt8_dialog0684,analytics,40.7,39.1,51.5,35.5,50.0,32.5,10.7,34.2,18.4,5.1
mistral,7.0B,3. Инструменты обучения НС,Что такое RMSProp?,prompt8,dialog0685,analytics_mistral_7b_prompt8_dialog0685,analytics,40.7,39.1,51.5,35.5,50.0,32.5,10.7,34.2,18.4,5.1
mistral,7.0B,3. Инструменты обучения НС,"Вычисли шаг в SGD для L(w)=w^2, w=3, η=0.1.",prompt8,dialog0686,analytics_mistral_7b_prompt8_dialog0686,analytics,40.7,39.1,51.5,35.5,50.0,32.5,10.7,34.2,18.4,5.1
mistral,7.0B,3. Инструменты обучения НС,"Вычисли v_t в Momentum: γ=0.9, v_{t-1}=1, ∇L=2, η=0.1.",prompt8,dialog0687,analytics_mistral_7b_prompt8_dialog0687,analytics,40.7,39.1,51.5,35.5,50.0,32.5,10.7,34.2,18.4,5.1
mistral,7.0B,3. Инструменты обучения НС,"В Adagrad, G_{t-1,ii}=4, g_t=2, η=0.1, ε=1e-8.",prompt8,dialog0688,analytics_mistral_7b_prompt8_dialog0688,analytics,40.7,39.1,51.5,35.5,50.0,32.5,10.7,34.2,18.4,5.1
mistral,7.0B,3. Инструменты обучения НС,"Вычисли learning rate decay: η0=0.1, t=5, T=10, linear.",prompt8,dialog0689,analytics_mistral_7b_prompt8_dialog0689,analytics,40.7,39.1,51.5,35.5,50.0,32.5,10.7,34.2,18.4,5.1
mistral,7.0B,3. Инструменты обучения НС,"В Nesterov, вычисли ∇ в ω - γ v_{t-1}: γ=0.9, v=1, ∇=2.",prompt8,dialog0690,analytics_mistral_7b_prompt8_dialog0690,analytics,40.7,39.1,51.5,35.5,50.0,32.5,10.7,34.2,18.4,5.1
mistral,7.0B,1_Классификаторы_KNN_и_наивный_байес,Что такое метод k-ближайших соседей?,prompt11,dialog0751,analytics_mistral_7b_prompt11_dialog0751,analytics,36.3,37.2,47.8,35.5,50.0,29.3,10.5,35.3,18.8,4.2
mistral,7.0B,1_Классификаторы_KNN_и_наивный_байес,Как выбрать количество соседей k в k-NN?,prompt11,dialog0752,analytics_mistral_7b_prompt11_dialog0752,analytics,36.3,37.2,47.8,35.5,50.0,29.3,10.5,35.3,18.8,4.2
mistral,7.0B,1_Классификаторы_KNN_и_наивный_байес,Что такое евклидова метрика?,prompt11,dialog0753,analytics_mistral_7b_prompt11_dialog0753,analytics,36.3,37.2,47.8,35.5,50.0,29.3,10.5,35.3,18.8,4.2
mistral,7.0B,1_Классификаторы_KNN_и_наивный_байес,В чем суть наивного байесовского классификатора?,prompt11,dialog0754,analytics_mistral_7b_prompt11_dialog0754,analytics,36.3,37.2,47.8,35.5,50.0,29.3,10.5,35.3,18.8,4.2
mistral,7.0B,1_Классификаторы_KNN_и_наивный_байес,Как работает сглаживание по Лапласу?,prompt11,dialog0755,analytics_mistral_7b_prompt11_dialog0755,analytics,36.3,37.2,47.8,35.5,50.0,29.3,10.5,35.3,18.8,4.2
mistral,7.0B,1_Классификаторы_KNN_и_наивный_байес,Что такое манхэттенское расстояние?,prompt11,dialog0756,analytics_mistral_7b_prompt11_dialog0756,analytics,36.3,37.2,47.8,35.5,50.0,29.3,10.5,35.3,18.8,4.2
mistral,7.0B,1_Классификаторы_KNN_и_наивный_байес,Как вычислить вероятность класса в Naive Bayes?,prompt11,dialog0757,analytics_mistral_7b_prompt11_dialog0757,analytics,36.3,37.2,47.8,35.5,50.0,29.3,10.5,35.3,18.8,4.2
mistral,7.0B,1_Классификаторы_KNN_и_наивный_байес,Что такое расстояние Чебышёва?,prompt11,dialog0758,analytics_mistral_7b_prompt11_dialog0758,analytics,36.3,37.2,47.8,35.5,50.0,29.3,10.5,35.3,18.8,4.2
mistral,7.0B,1_Классификаторы_KNN_и_наивный_байес,Как классифицировать письмо как спам в Naive Bayes?,prompt11,dialog0759,analytics_mistral_7b_prompt11_dialog0759,analytics,36.3,37.2,47.8,35.5,50.0,29.3,10.5,35.3,18.8,4.2
mistral,7.0B,1_Классификаторы_KNN_и_наивный_байес,В чем разница между k-NN и взвешенным k-NN?,prompt11,dialog0760,analytics_mistral_7b_prompt11_dialog0760,analytics,36.3,37.2,47.8,35.5,50.0,29.3,10.5,35.3,18.8,4.2
mistral,7.0B,1_Классификаторы_KNN_и_наивный_байес,Вычисли вероятность спама для слова 'приз' из примера.,prompt11,dialog0761,analytics_mistral_7b_prompt11_dialog0761,analytics,36.3,37.2,47.8,35.5,50.0,29.3,10.5,35.3,18.8,4.2
mistral,7.0B,1_Классификаторы_KNN_и_наивный_байес,"Вычисли расстояние Евклида между (1,2) и (3,4).",prompt11,dialog0762,analytics_mistral_7b_prompt11_dialog0762,analytics,36.3,37.2,47.8,35.5,50.0,29.3,10.5,35.3,18.8,4.2
mistral,7.0B,1_Классификаторы_KNN_и_наивный_байес,"В примере с погодой, вычисли F(да) для теста.",prompt11,dialog0763,analytics_mistral_7b_prompt11_dialog0763,analytics,36.3,37.2,47.8,35.5,50.0,29.3,10.5,35.3,18.8,4.2
mistral,7.0B,1_Классификаторы_KNN_и_наивный_байес,"Вычисли P(да | пасмурно, холодно, влажно, да).",prompt11,dialog0764,analytics_mistral_7b_prompt11_dialog0764,analytics,36.3,37.2,47.8,35.5,50.0,29.3,10.5,35.3,18.8,4.2
mistral,7.0B,1_Классификаторы_KNN_и_наивный_байес,"В спам-примере, вычисли P(win|спам) с Laplace.",prompt11,dialog0765,analytics_mistral_7b_prompt11_dialog0765,analytics,36.3,37.2,47.8,35.5,50.0,29.3,10.5,35.3,18.8,4.2
mistral,7.0B,3. Инструменты обучения НС,Что такое autograd?,prompt11,dialog0766,analytics_mistral_7b_prompt11_dialog0766,analytics,36.3,37.2,47.8,35.5,50.0,29.3,10.5,35.3,18.8,4.2
mistral,7.0B,3. Инструменты обучения НС,Что такое TensorFlow?,prompt11,dialog0767,analytics_mistral_7b_prompt11_dialog0767,analytics,36.3,37.2,47.8,35.5,50.0,29.3,10.5,35.3,18.8,4.2
mistral,7.0B,3. Инструменты обучения НС,Что такое Keras?,prompt11,dialog0768,analytics_mistral_7b_prompt11_dialog0768,analytics,36.3,37.2,47.8,35.5,50.0,29.3,10.5,35.3,18.8,4.2
mistral,7.0B,3. Инструменты обучения НС,Что такое over-fitting?,prompt11,dialog0769,analytics_mistral_7b_prompt11_dialog0769,analytics,36.3,37.2,47.8,35.5,50.0,29.3,10.5,35.3,18.8,4.2
mistral,7.0B,3. Инструменты обучения НС,Что такое SGD?,prompt11,dialog0770,analytics_mistral_7b_prompt11_dialog0770,analytics,36.3,37.2,47.8,35.5,50.0,29.3,10.5,35.3,18.8,4.2
mistral,7.0B,3. Инструменты обучения НС,Что такое Momentum в оптимизации?,prompt11,dialog0771,analytics_mistral_7b_prompt11_dialog0771,analytics,36.3,37.2,47.8,35.5,50.0,29.3,10.5,35.3,18.8,4.2
mistral,7.0B,3. Инструменты обучения НС,Что такое Adam?,prompt11,dialog0772,analytics_mistral_7b_prompt11_dialog0772,analytics,36.3,37.2,47.8,35.5,50.0,29.3,10.5,35.3,18.8,4.2
mistral,7.0B,3. Инструменты обучения НС,Что такое learning rate?,prompt11,dialog0773,analytics_mistral_7b_prompt11_dialog0773,analytics,36.3,37.2,47.8,35.5,50.0,29.3,10.5,35.3,18.8,4.2
mistral,7.0B,3. Инструменты обучения НС,Что такое метод Ньютона?,prompt11,dialog0774,analytics_mistral_7b_prompt11_dialog0774,analytics,36.3,37.2,47.8,35.5,50.0,29.3,10.5,35.3,18.8,4.2
mistral,7.0B,3. Инструменты обучения НС,Что такое RMSProp?,prompt11,dialog0775,analytics_mistral_7b_prompt11_dialog0775,analytics,36.3,37.2,47.8,35.5,50.0,29.3,10.5,35.3,18.8,4.2
mistral,7.0B,3. Инструменты обучения НС,"Вычисли шаг в SGD для L(w)=w^2, w=3, η=0.1.",prompt11,dialog0776,analytics_mistral_7b_prompt11_dialog0776,analytics,36.3,37.2,47.8,35.5,50.0,29.3,10.5,35.3,18.8,4.2
mistral,7.0B,3. Инструменты обучения НС,"Вычисли v_t в Momentum: γ=0.9, v_{t-1}=1, ∇L=2, η=0.1.",prompt11,dialog0777,analytics_mistral_7b_prompt11_dialog0777,analytics,36.3,37.2,47.8,35.5,50.0,29.3,10.5,35.3,18.8,4.2
mistral,7.0B,3. Инструменты обучения НС,"В Adagrad, G_{t-1,ii}=4, g_t=2, η=0.1, ε=1e-8.",prompt11,dialog0778,analytics_mistral_7b_prompt11_dialog0778,analytics,36.3,37.2,47.8,35.5,50.0,29.3,10.5,35.3,18.8,4.2
mistral,7.0B,3. Инструменты обучения НС,"Вычисли learning rate decay: η0=0.1, t=5, T=10, linear.",prompt11,dialog0779,analytics_mistral_7b_prompt11_dialog0779,analytics,36.3,37.2,47.8,35.5,50.0,29.3,10.5,35.3,18.8,4.2
mistral,7.0B,3. Инструменты обучения НС,"В Nesterov, вычисли ∇ в ω - γ v_{t-1}: γ=0.9, v=1, ∇=2.",prompt11,dialog0780,analytics_mistral_7b_prompt11_dialog0780,analytics,36.3,37.2,47.8,35.5,50.0,29.3,10.5,35.3,18.8,4.2
gemma3,4.3B,5._Рекуррентные_НС,"Зачем нужны рекуррентные нейронные сети, если существуют полносвязные и сверточные?",prompt14,dialog0421,2-file_gemma3_4b_prompt14_dialog0421,2-file,46.3,45.0,52.5,67.6,100.0,56.7,19.8,65.1,35.3,15.2
gemma3,4.3B,5._Рекуррентные_НС,Что такое скрытое состояние в RNN?,prompt14,dialog0422,2-file_gemma3_4b_prompt14_dialog0422,2-file,46.3,45.0,52.5,67.6,100.0,56.7,19.8,65.1,35.3,15.2
gemma3,4.3B,5._Рекуррентные_НС,Какие типы входов и выходов встречаются в задачах RNN?,prompt14,dialog0423,2-file_gemma3_4b_prompt14_dialog0423,2-file,46.3,45.0,52.5,67.6,100.0,56.7,19.8,65.1,35.3,15.2
gemma3,4.3B,5._Рекуррентные_НС,В чем отличие Simple RNN от глубоких RNN?,prompt14,dialog0424,2-file_gemma3_4b_prompt14_dialog0424,2-file,46.3,45.0,52.5,67.6,100.0,56.7,19.8,65.1,35.3,15.2
gemma3,4.3B,5._Рекуррентные_НС,Что такое двунаправленные RNN и зачем они нужны?,prompt14,dialog0425,2-file_gemma3_4b_prompt14_dialog0425,2-file,46.3,45.0,52.5,67.6,100.0,56.7,19.8,65.1,35.3,15.2
gemma3,4.3B,5._Рекуррентные_НС,Как LSTM решает проблему затухающих градиентов?,prompt14,dialog0426,2-file_gemma3_4b_prompt14_dialog0426,2-file,46.3,45.0,52.5,67.6,100.0,56.7,19.8,65.1,35.3,15.2
gemma3,4.3B,5._Рекуррентные_НС,Какие компоненты включает стандартная LSTM ячейка?,prompt14,dialog0427,2-file_gemma3_4b_prompt14_dialog0427,2-file,46.3,45.0,52.5,67.6,100.0,56.7,19.8,65.1,35.3,15.2
gemma3,4.3B,5._Рекуррентные_НС,Чем GRU отличается от LSTM?,prompt14,dialog0428,2-file_gemma3_4b_prompt14_dialog0428,2-file,46.3,45.0,52.5,67.6,100.0,56.7,19.8,65.1,35.3,15.2
gemma3,4.3B,5._Рекуррентные_НС,Зачем нужны замочные скважины (peepholes) в LSTM?,prompt14,dialog0429,2-file_gemma3_4b_prompt14_dialog0429,2-file,46.3,45.0,52.5,67.6,100.0,56.7,19.8,65.1,35.3,15.2
gemma3,4.3B,5._Рекуррентные_НС,Почему нормализация по мини-батчам важна для обучения RNN?,prompt14,dialog0430,2-file_gemma3_4b_prompt14_dialog0430,2-file,46.3,45.0,52.5,67.6,100.0,56.7,19.8,65.1,35.3,15.2
gemma3,4.3B,5._Рекуррентные_НС,В чем трудность применения обычной batch normalization к RNN?,prompt14,dialog0431,2-file_gemma3_4b_prompt14_dialog0431,2-file,46.3,45.0,52.5,67.6,100.0,56.7,19.8,65.1,35.3,15.2
gemma3,4.3B,5._Рекуррентные_НС,Как работает механизм внимания (Attention)?,prompt14,dialog0432,2-file_gemma3_4b_prompt14_dialog0432,2-file,46.3,45.0,52.5,67.6,100.0,56.7,19.8,65.1,35.3,15.2
gemma3,4.3B,5._Рекуррентные_НС,Почему внимание важно в задачах машинного перевода?,prompt14,dialog0433,2-file_gemma3_4b_prompt14_dialog0433,2-file,46.3,45.0,52.5,67.6,100.0,56.7,19.8,65.1,35.3,15.2
gemma3,4.3B,5._Рекуррентные_НС,"Чем Show, Attend and Tell отличается от обычного RNN для обработки изображений?",prompt14,dialog0434,2-file_gemma3_4b_prompt14_dialog0434,2-file,46.3,45.0,52.5,67.6,100.0,56.7,19.8,65.1,35.3,15.2
gemma3,4.3B,5._Рекуррентные_НС,Можно ли автоматически подбирать архитектуру рекуррентной ячейки?,prompt14,dialog0435,2-file_gemma3_4b_prompt14_dialog0435,2-file,46.3,45.0,52.5,67.6,100.0,56.7,19.8,65.1,35.3,15.2
gemma3,4.3B,5._Рекуррентные_НС,"Зачем нужны рекуррентные нейронные сети, если существуют полносвязные и сверточные?",prompt13,dialog0406,2-file_gemma3_4b_prompt13_dialog0406,2-file,46.0,42.0,57.0,67.6,100.0,59.8,26.8,64.9,31.2,8.3
gemma3,4.3B,5._Рекуррентные_НС,Что такое скрытое состояние в RNN?,prompt13,dialog0407,2-file_gemma3_4b_prompt13_dialog0407,2-file,46.0,42.0,57.0,67.6,100.0,59.8,26.8,64.9,31.2,8.3
gemma3,4.3B,5._Рекуррентные_НС,Какие типы входов и выходов встречаются в задачах RNN?,prompt13,dialog0408,2-file_gemma3_4b_prompt13_dialog0408,2-file,46.0,42.0,57.0,67.6,100.0,59.8,26.8,64.9,31.2,8.3
gemma3,4.3B,5._Рекуррентные_НС,В чем отличие Simple RNN от глубоких RNN?,prompt13,dialog0409,2-file_gemma3_4b_prompt13_dialog0409,2-file,46.0,42.0,57.0,67.6,100.0,59.8,26.8,64.9,31.2,8.3
gemma3,4.3B,5._Рекуррентные_НС,Что такое двунаправленные RNN и зачем они нужны?,prompt13,dialog0410,2-file_gemma3_4b_prompt13_dialog0410,2-file,46.0,42.0,57.0,67.6,100.0,59.8,26.8,64.9,31.2,8.3
gemma3,4.3B,5._Рекуррентные_НС,Как LSTM решает проблему затухающих градиентов?,prompt13,dialog0411,2-file_gemma3_4b_prompt13_dialog0411,2-file,46.0,42.0,57.0,67.6,100.0,59.8,26.8,64.9,31.2,8.3
gemma3,4.3B,5._Рекуррентные_НС,Какие компоненты включает стандартная LSTM ячейка?,prompt13,dialog0412,2-file_gemma3_4b_prompt13_dialog0412,2-file,46.0,42.0,57.0,67.6,100.0,59.8,26.8,64.9,31.2,8.3
gemma3,4.3B,5._Рекуррентные_НС,Чем GRU отличается от LSTM?,prompt13,dialog0413,2-file_gemma3_4b_prompt13_dialog0413,2-file,46.0,42.0,57.0,67.6,100.0,59.8,26.8,64.9,31.2,8.3
gemma3,4.3B,5._Рекуррентные_НС,Зачем нужны замочные скважины (peepholes) в LSTM?,prompt13,dialog0414,2-file_gemma3_4b_prompt13_dialog0414,2-file,46.0,42.0,57.0,67.6,100.0,59.8,26.8,64.9,31.2,8.3
gemma3,4.3B,5._Рекуррентные_НС,Почему нормализация по мини-батчам важна для обучения RNN?,prompt13,dialog0415,2-file_gemma3_4b_prompt13_dialog0415,2-file,46.0,42.0,57.0,67.6,100.0,59.8,26.8,64.9,31.2,8.3
gemma3,4.3B,5._Рекуррентные_НС,В чем трудность применения обычной batch normalization к RNN?,prompt13,dialog0416,2-file_gemma3_4b_prompt13_dialog0416,2-file,46.0,42.0,57.0,67.6,100.0,59.8,26.8,64.9,31.2,8.3
gemma3,4.3B,5._Рекуррентные_НС,Как работает механизм внимания (Attention)?,prompt13,dialog0417,2-file_gemma3_4b_prompt13_dialog0417,2-file,46.0,42.0,57.0,67.6,100.0,59.8,26.8,64.9,31.2,8.3
gemma3,4.3B,5._Рекуррентные_НС,Почему внимание важно в задачах машинного перевода?,prompt13,dialog0418,2-file_gemma3_4b_prompt13_dialog0418,2-file,46.0,42.0,57.0,67.6,100.0,59.8,26.8,64.9,31.2,8.3
gemma3,4.3B,5._Рекуррентные_НС,"Чем Show, Attend and Tell отличается от обычного RNN для обработки изображений?",prompt13,dialog0419,2-file_gemma3_4b_prompt13_dialog0419,2-file,46.0,42.0,57.0,67.6,100.0,59.8,26.8,64.9,31.2,8.3
gemma3,4.3B,5._Рекуррентные_НС,Можно ли автоматически подбирать архитектуру рекуррентной ячейки?,prompt13,dialog0420,2-file_gemma3_4b_prompt13_dialog0420,2-file,46.0,42.0,57.0,67.6,100.0,59.8,26.8,64.9,31.2,8.3
gemma3,4.3B,5._Рекуррентные_НС,"Зачем нужны рекуррентные нейронные сети, если существуют полносвязные и сверточные?",prompt4,dialog0271,2-file_gemma3_4b_prompt4_dialog0271,2-file,44.7,45.4,52.7,67.6,100.0,56.3,21.4,67.6,33.2,11.0
gemma3,4.3B,5._Рекуррентные_НС,Что такое скрытое состояние в RNN?,prompt4,dialog0272,2-file_gemma3_4b_prompt4_dialog0272,2-file,44.7,45.4,52.7,67.6,100.0,56.3,21.4,67.6,33.2,11.0
gemma3,4.3B,5._Рекуррентные_НС,Какие типы входов и выходов встречаются в задачах RNN?,prompt4,dialog0273,2-file_gemma3_4b_prompt4_dialog0273,2-file,44.7,45.4,52.7,67.6,100.0,56.3,21.4,67.6,33.2,11.0
gemma3,4.3B,5._Рекуррентные_НС,В чем отличие Simple RNN от глубоких RNN?,prompt4,dialog0274,2-file_gemma3_4b_prompt4_dialog0274,2-file,44.7,45.4,52.7,67.6,100.0,56.3,21.4,67.6,33.2,11.0
gemma3,4.3B,5._Рекуррентные_НС,Что такое двунаправленные RNN и зачем они нужны?,prompt4,dialog0275,2-file_gemma3_4b_prompt4_dialog0275,2-file,44.7,45.4,52.7,67.6,100.0,56.3,21.4,67.6,33.2,11.0
gemma3,4.3B,5._Рекуррентные_НС,Как LSTM решает проблему затухающих градиентов?,prompt4,dialog0276,2-file_gemma3_4b_prompt4_dialog0276,2-file,44.7,45.4,52.7,67.6,100.0,56.3,21.4,67.6,33.2,11.0
gemma3,4.3B,5._Рекуррентные_НС,Какие компоненты включает стандартная LSTM ячейка?,prompt4,dialog0277,2-file_gemma3_4b_prompt4_dialog0277,2-file,44.7,45.4,52.7,67.6,100.0,56.3,21.4,67.6,33.2,11.0
gemma3,4.3B,5._Рекуррентные_НС,Чем GRU отличается от LSTM?,prompt4,dialog0278,2-file_gemma3_4b_prompt4_dialog0278,2-file,44.7,45.4,52.7,67.6,100.0,56.3,21.4,67.6,33.2,11.0
gemma3,4.3B,5._Рекуррентные_НС,Зачем нужны замочные скважины (peepholes) в LSTM?,prompt4,dialog0279,2-file_gemma3_4b_prompt4_dialog0279,2-file,44.7,45.4,52.7,67.6,100.0,56.3,21.4,67.6,33.2,11.0
gemma3,4.3B,5._Рекуррентные_НС,Почему нормализация по мини-батчам важна для обучения RNN?,prompt4,dialog0280,2-file_gemma3_4b_prompt4_dialog0280,2-file,44.7,45.4,52.7,67.6,100.0,56.3,21.4,67.6,33.2,11.0
gemma3,4.3B,5._Рекуррентные_НС,В чем трудность применения обычной batch normalization к RNN?,prompt4,dialog0281,2-file_gemma3_4b_prompt4_dialog0281,2-file,44.7,45.4,52.7,67.6,100.0,56.3,21.4,67.6,33.2,11.0
gemma3,4.3B,5._Рекуррентные_НС,Как работает механизм внимания (Attention)?,prompt4,dialog0282,2-file_gemma3_4b_prompt4_dialog0282,2-file,44.7,45.4,52.7,67.6,100.0,56.3,21.4,67.6,33.2,11.0
gemma3,4.3B,5._Рекуррентные_НС,Почему внимание важно в задачах машинного перевода?,prompt4,dialog0283,2-file_gemma3_4b_prompt4_dialog0283,2-file,44.7,45.4,52.7,67.6,100.0,56.3,21.4,67.6,33.2,11.0
gemma3,4.3B,5._Рекуррентные_НС,"Чем Show, Attend and Tell отличается от обычного RNN для обработки изображений?",prompt4,dialog0284,2-file_gemma3_4b_prompt4_dialog0284,2-file,44.7,45.4,52.7,67.6,100.0,56.3,21.4,67.6,33.2,11.0
gemma3,4.3B,5._Рекуррентные_НС,Можно ли автоматически подбирать архитектуру рекуррентной ячейки?,prompt4,dialog0285,2-file_gemma3_4b_prompt4_dialog0285,2-file,44.7,45.4,52.7,67.6,100.0,56.3,21.4,67.6,33.2,11.0
gemma3,4.3B,5._Рекуррентные_НС,"Зачем нужны рекуррентные нейронные сети, если существуют полносвязные и сверточные?",prompt3,dialog0256,2-file_gemma3_4b_prompt3_dialog0256,2-file,45.3,41.8,56.7,67.6,100.0,60.8,22.9,64.5,35.3,12.6
gemma3,4.3B,5._Рекуррентные_НС,Что такое скрытое состояние в RNN?,prompt3,dialog0257,2-file_gemma3_4b_prompt3_dialog0257,2-file,45.3,41.8,56.7,67.6,100.0,60.8,22.9,64.5,35.3,12.6
gemma3,4.3B,5._Рекуррентные_НС,Какие типы входов и выходов встречаются в задачах RNN?,prompt3,dialog0258,2-file_gemma3_4b_prompt3_dialog0258,2-file,45.3,41.8,56.7,67.6,100.0,60.8,22.9,64.5,35.3,12.6
gemma3,4.3B,5._Рекуррентные_НС,В чем отличие Simple RNN от глубоких RNN?,prompt3,dialog0259,2-file_gemma3_4b_prompt3_dialog0259,2-file,45.3,41.8,56.7,67.6,100.0,60.8,22.9,64.5,35.3,12.6
gemma3,4.3B,5._Рекуррентные_НС,Что такое двунаправленные RNN и зачем они нужны?,prompt3,dialog0260,2-file_gemma3_4b_prompt3_dialog0260,2-file,45.3,41.8,56.7,67.6,100.0,60.8,22.9,64.5,35.3,12.6
gemma3,4.3B,5._Рекуррентные_НС,Как LSTM решает проблему затухающих градиентов?,prompt3,dialog0261,2-file_gemma3_4b_prompt3_dialog0261,2-file,45.3,41.8,56.7,67.6,100.0,60.8,22.9,64.5,35.3,12.6
gemma3,4.3B,5._Рекуррентные_НС,Какие компоненты включает стандартная LSTM ячейка?,prompt3,dialog0262,2-file_gemma3_4b_prompt3_dialog0262,2-file,45.3,41.8,56.7,67.6,100.0,60.8,22.9,64.5,35.3,12.6
gemma3,4.3B,5._Рекуррентные_НС,Чем GRU отличается от LSTM?,prompt3,dialog0263,2-file_gemma3_4b_prompt3_dialog0263,2-file,45.3,41.8,56.7,67.6,100.0,60.8,22.9,64.5,35.3,12.6
gemma3,4.3B,5._Рекуррентные_НС,Зачем нужны замочные скважины (peepholes) в LSTM?,prompt3,dialog0264,2-file_gemma3_4b_prompt3_dialog0264,2-file,45.3,41.8,56.7,67.6,100.0,60.8,22.9,64.5,35.3,12.6
gemma3,4.3B,5._Рекуррентные_НС,Почему нормализация по мини-батчам важна для обучения RNN?,prompt3,dialog0265,2-file_gemma3_4b_prompt3_dialog0265,2-file,45.3,41.8,56.7,67.6,100.0,60.8,22.9,64.5,35.3,12.6
gemma3,4.3B,5._Рекуррентные_НС,В чем трудность применения обычной batch normalization к RNN?,prompt3,dialog0266,2-file_gemma3_4b_prompt3_dialog0266,2-file,45.3,41.8,56.7,67.6,100.0,60.8,22.9,64.5,35.3,12.6
gemma3,4.3B,5._Рекуррентные_НС,Как работает механизм внимания (Attention)?,prompt3,dialog0267,2-file_gemma3_4b_prompt3_dialog0267,2-file,45.3,41.8,56.7,67.6,100.0,60.8,22.9,64.5,35.3,12.6
gemma3,4.3B,5._Рекуррентные_НС,Почему внимание важно в задачах машинного перевода?,prompt3,dialog0268,2-file_gemma3_4b_prompt3_dialog0268,2-file,45.3,41.8,56.7,67.6,100.0,60.8,22.9,64.5,35.3,12.6
gemma3,4.3B,5._Рекуррентные_НС,"Чем Show, Attend and Tell отличается от обычного RNN для обработки изображений?",prompt3,dialog0269,2-file_gemma3_4b_prompt3_dialog0269,2-file,45.3,41.8,56.7,67.6,100.0,60.8,22.9,64.5,35.3,12.6
gemma3,4.3B,5._Рекуррентные_НС,Можно ли автоматически подбирать архитектуру рекуррентной ячейки?,prompt3,dialog0270,2-file_gemma3_4b_prompt3_dialog0270,2-file,45.3,41.8,56.7,67.6,100.0,60.8,22.9,64.5,35.3,12.6
gemma3,4.3B,5._Рекуррентные_НС,"Зачем нужны рекуррентные нейронные сети, если существуют полносвязные и сверточные?",prompt2,dialog0241,2-file_gemma3_4b_prompt2_dialog0241,2-file,43.1,38.6,60.1,67.6,100.0,68.1,23.4,67.4,38.0,9.1
gemma3,4.3B,5._Рекуррентные_НС,Что такое скрытое состояние в RNN?,prompt2,dialog0242,2-file_gemma3_4b_prompt2_dialog0242,2-file,43.1,38.6,60.1,67.6,100.0,68.1,23.4,67.4,38.0,9.1
gemma3,4.3B,5._Рекуррентные_НС,Какие типы входов и выходов встречаются в задачах RNN?,prompt2,dialog0243,2-file_gemma3_4b_prompt2_dialog0243,2-file,43.1,38.6,60.1,67.6,100.0,68.1,23.4,67.4,38.0,9.1
gemma3,4.3B,5._Рекуррентные_НС,В чем отличие Simple RNN от глубоких RNN?,prompt2,dialog0244,2-file_gemma3_4b_prompt2_dialog0244,2-file,43.1,38.6,60.1,67.6,100.0,68.1,23.4,67.4,38.0,9.1
gemma3,4.3B,5._Рекуррентные_НС,Что такое двунаправленные RNN и зачем они нужны?,prompt2,dialog0245,2-file_gemma3_4b_prompt2_dialog0245,2-file,43.1,38.6,60.1,67.6,100.0,68.1,23.4,67.4,38.0,9.1
gemma3,4.3B,5._Рекуррентные_НС,Как LSTM решает проблему затухающих градиентов?,prompt2,dialog0246,2-file_gemma3_4b_prompt2_dialog0246,2-file,43.1,38.6,60.1,67.6,100.0,68.1,23.4,67.4,38.0,9.1
gemma3,4.3B,5._Рекуррентные_НС,Какие компоненты включает стандартная LSTM ячейка?,prompt2,dialog0247,2-file_gemma3_4b_prompt2_dialog0247,2-file,43.1,38.6,60.1,67.6,100.0,68.1,23.4,67.4,38.0,9.1
gemma3,4.3B,5._Рекуррентные_НС,Чем GRU отличается от LSTM?,prompt2,dialog0248,2-file_gemma3_4b_prompt2_dialog0248,2-file,43.1,38.6,60.1,67.6,100.0,68.1,23.4,67.4,38.0,9.1
gemma3,4.3B,5._Рекуррентные_НС,Зачем нужны замочные скважины (peepholes) в LSTM?,prompt2,dialog0249,2-file_gemma3_4b_prompt2_dialog0249,2-file,43.1,38.6,60.1,67.6,100.0,68.1,23.4,67.4,38.0,9.1
gemma3,4.3B,5._Рекуррентные_НС,Почему нормализация по мини-батчам важна для обучения RNN?,prompt2,dialog0250,2-file_gemma3_4b_prompt2_dialog0250,2-file,43.1,38.6,60.1,67.6,100.0,68.1,23.4,67.4,38.0,9.1
gemma3,4.3B,5._Рекуррентные_НС,В чем трудность применения обычной batch normalization к RNN?,prompt2,dialog0251,2-file_gemma3_4b_prompt2_dialog0251,2-file,43.1,38.6,60.1,67.6,100.0,68.1,23.4,67.4,38.0,9.1
gemma3,4.3B,5._Рекуррентные_НС,Как работает механизм внимания (Attention)?,prompt2,dialog0252,2-file_gemma3_4b_prompt2_dialog0252,2-file,43.1,38.6,60.1,67.6,100.0,68.1,23.4,67.4,38.0,9.1
gemma3,4.3B,5._Рекуррентные_НС,Почему внимание важно в задачах машинного перевода?,prompt2,dialog0253,2-file_gemma3_4b_prompt2_dialog0253,2-file,43.1,38.6,60.1,67.6,100.0,68.1,23.4,67.4,38.0,9.1
gemma3,4.3B,5._Рекуррентные_НС,"Чем Show, Attend and Tell отличается от обычного RNN для обработки изображений?",prompt2,dialog0254,2-file_gemma3_4b_prompt2_dialog0254,2-file,43.1,38.6,60.1,67.6,100.0,68.1,23.4,67.4,38.0,9.1
gemma3,4.3B,5._Рекуррентные_НС,Можно ли автоматически подбирать архитектуру рекуррентной ячейки?,prompt2,dialog0255,2-file_gemma3_4b_prompt2_dialog0255,2-file,43.1,38.6,60.1,67.6,100.0,68.1,23.4,67.4,38.0,9.1
gemma3,4.3B,5._Рекуррентные_НС,"Зачем нужны рекуррентные нейронные сети, если существуют полносвязные и сверточные?",prompt5,dialog0286,2-file_gemma3_4b_prompt5_dialog0286,2-file,51.7,49.5,60.7,67.6,100.0,66.0,21.9,69.2,28.6,8.9
gemma3,4.3B,5._Рекуррентные_НС,Что такое скрытое состояние в RNN?,prompt5,dialog0287,2-file_gemma3_4b_prompt5_dialog0287,2-file,51.7,49.5,60.7,67.6,100.0,66.0,21.9,69.2,28.6,8.9
gemma3,4.3B,5._Рекуррентные_НС,Какие типы входов и выходов встречаются в задачах RNN?,prompt5,dialog0288,2-file_gemma3_4b_prompt5_dialog0288,2-file,51.7,49.5,60.7,67.6,100.0,66.0,21.9,69.2,28.6,8.9
gemma3,4.3B,5._Рекуррентные_НС,В чем отличие Simple RNN от глубоких RNN?,prompt5,dialog0289,2-file_gemma3_4b_prompt5_dialog0289,2-file,51.7,49.5,60.7,67.6,100.0,66.0,21.9,69.2,28.6,8.9
gemma3,4.3B,5._Рекуррентные_НС,Что такое двунаправленные RNN и зачем они нужны?,prompt5,dialog0290,2-file_gemma3_4b_prompt5_dialog0290,2-file,51.7,49.5,60.7,67.6,100.0,66.0,21.9,69.2,28.6,8.9
gemma3,4.3B,5._Рекуррентные_НС,Как LSTM решает проблему затухающих градиентов?,prompt5,dialog0291,2-file_gemma3_4b_prompt5_dialog0291,2-file,51.7,49.5,60.7,67.6,100.0,66.0,21.9,69.2,28.6,8.9
gemma3,4.3B,5._Рекуррентные_НС,Какие компоненты включает стандартная LSTM ячейка?,prompt5,dialog0292,2-file_gemma3_4b_prompt5_dialog0292,2-file,51.7,49.5,60.7,67.6,100.0,66.0,21.9,69.2,28.6,8.9
gemma3,4.3B,5._Рекуррентные_НС,Чем GRU отличается от LSTM?,prompt5,dialog0293,2-file_gemma3_4b_prompt5_dialog0293,2-file,51.7,49.5,60.7,67.6,100.0,66.0,21.9,69.2,28.6,8.9
gemma3,4.3B,5._Рекуррентные_НС,Зачем нужны замочные скважины (peepholes) в LSTM?,prompt5,dialog0294,2-file_gemma3_4b_prompt5_dialog0294,2-file,51.7,49.5,60.7,67.6,100.0,66.0,21.9,69.2,28.6,8.9
gemma3,4.3B,5._Рекуррентные_НС,Почему нормализация по мини-батчам важна для обучения RNN?,prompt5,dialog0295,2-file_gemma3_4b_prompt5_dialog0295,2-file,51.7,49.5,60.7,67.6,100.0,66.0,21.9,69.2,28.6,8.9
gemma3,4.3B,5._Рекуррентные_НС,В чем трудность применения обычной batch normalization к RNN?,prompt5,dialog0296,2-file_gemma3_4b_prompt5_dialog0296,2-file,51.7,49.5,60.7,67.6,100.0,66.0,21.9,69.2,28.6,8.9
gemma3,4.3B,5._Рекуррентные_НС,Как работает механизм внимания (Attention)?,prompt5,dialog0297,2-file_gemma3_4b_prompt5_dialog0297,2-file,51.7,49.5,60.7,67.6,100.0,66.0,21.9,69.2,28.6,8.9
gemma3,4.3B,5._Рекуррентные_НС,Почему внимание важно в задачах машинного перевода?,prompt5,dialog0298,2-file_gemma3_4b_prompt5_dialog0298,2-file,51.7,49.5,60.7,67.6,100.0,66.0,21.9,69.2,28.6,8.9
gemma3,4.3B,5._Рекуррентные_НС,"Чем Show, Attend and Tell отличается от обычного RNN для обработки изображений?",prompt5,dialog0299,2-file_gemma3_4b_prompt5_dialog0299,2-file,51.7,49.5,60.7,67.6,100.0,66.0,21.9,69.2,28.6,8.9
gemma3,4.3B,5._Рекуррентные_НС,Можно ли автоматически подбирать архитектуру рекуррентной ячейки?,prompt5,dialog0300,2-file_gemma3_4b_prompt5_dialog0300,2-file,51.7,49.5,60.7,67.6,100.0,66.0,21.9,69.2,28.6,8.9
gemma3,4.3B,5._Рекуррентные_НС,"Зачем нужны рекуррентные нейронные сети, если существуют полносвязные и сверточные?",prompt12,dialog0391,2-file_gemma3_4b_prompt12_dialog0391,2-file,48.8,45.9,59.6,67.6,100.0,65.1,24.5,62.3,29.6,13.2
gemma3,4.3B,5._Рекуррентные_НС,Что такое скрытое состояние в RNN?,prompt12,dialog0392,2-file_gemma3_4b_prompt12_dialog0392,2-file,48.8,45.9,59.6,67.6,100.0,65.1,24.5,62.3,29.6,13.2
gemma3,4.3B,5._Рекуррентные_НС,Какие типы входов и выходов встречаются в задачах RNN?,prompt12,dialog0393,2-file_gemma3_4b_prompt12_dialog0393,2-file,48.8,45.9,59.6,67.6,100.0,65.1,24.5,62.3,29.6,13.2
gemma3,4.3B,5._Рекуррентные_НС,В чем отличие Simple RNN от глубоких RNN?,prompt12,dialog0394,2-file_gemma3_4b_prompt12_dialog0394,2-file,48.8,45.9,59.6,67.6,100.0,65.1,24.5,62.3,29.6,13.2
gemma3,4.3B,5._Рекуррентные_НС,Что такое двунаправленные RNN и зачем они нужны?,prompt12,dialog0395,2-file_gemma3_4b_prompt12_dialog0395,2-file,48.8,45.9,59.6,67.6,100.0,65.1,24.5,62.3,29.6,13.2
gemma3,4.3B,5._Рекуррентные_НС,Как LSTM решает проблему затухающих градиентов?,prompt12,dialog0396,2-file_gemma3_4b_prompt12_dialog0396,2-file,48.8,45.9,59.6,67.6,100.0,65.1,24.5,62.3,29.6,13.2
gemma3,4.3B,5._Рекуррентные_НС,Какие компоненты включает стандартная LSTM ячейка?,prompt12,dialog0397,2-file_gemma3_4b_prompt12_dialog0397,2-file,48.8,45.9,59.6,67.6,100.0,65.1,24.5,62.3,29.6,13.2
gemma3,4.3B,5._Рекуррентные_НС,Чем GRU отличается от LSTM?,prompt12,dialog0398,2-file_gemma3_4b_prompt12_dialog0398,2-file,48.8,45.9,59.6,67.6,100.0,65.1,24.5,62.3,29.6,13.2
gemma3,4.3B,5._Рекуррентные_НС,Зачем нужны замочные скважины (peepholes) в LSTM?,prompt12,dialog0399,2-file_gemma3_4b_prompt12_dialog0399,2-file,48.8,45.9,59.6,67.6,100.0,65.1,24.5,62.3,29.6,13.2
gemma3,4.3B,5._Рекуррентные_НС,Почему нормализация по мини-батчам важна для обучения RNN?,prompt12,dialog0400,2-file_gemma3_4b_prompt12_dialog0400,2-file,48.8,45.9,59.6,67.6,100.0,65.1,24.5,62.3,29.6,13.2
gemma3,4.3B,5._Рекуррентные_НС,В чем трудность применения обычной batch normalization к RNN?,prompt12,dialog0401,2-file_gemma3_4b_prompt12_dialog0401,2-file,48.8,45.9,59.6,67.6,100.0,65.1,24.5,62.3,29.6,13.2
gemma3,4.3B,5._Рекуррентные_НС,Как работает механизм внимания (Attention)?,prompt12,dialog0402,2-file_gemma3_4b_prompt12_dialog0402,2-file,48.8,45.9,59.6,67.6,100.0,65.1,24.5,62.3,29.6,13.2
gemma3,4.3B,5._Рекуррентные_НС,Почему внимание важно в задачах машинного перевода?,prompt12,dialog0403,2-file_gemma3_4b_prompt12_dialog0403,2-file,48.8,45.9,59.6,67.6,100.0,65.1,24.5,62.3,29.6,13.2
gemma3,4.3B,5._Рекуррентные_НС,"Чем Show, Attend and Tell отличается от обычного RNN для обработки изображений?",prompt12,dialog0404,2-file_gemma3_4b_prompt12_dialog0404,2-file,48.8,45.9,59.6,67.6,100.0,65.1,24.5,62.3,29.6,13.2
gemma3,4.3B,5._Рекуррентные_НС,Можно ли автоматически подбирать архитектуру рекуррентной ячейки?,prompt12,dialog0405,2-file_gemma3_4b_prompt12_dialog0405,2-file,48.8,45.9,59.6,67.6,100.0,65.1,24.5,62.3,29.6,13.2
gemma3,4.3B,5._Рекуррентные_НС,"Зачем нужны рекуррентные нейронные сети, если существуют полносвязные и сверточные?",prompt15,dialog0436,2-file_gemma3_4b_prompt15_dialog0436,2-file,45.5,42.2,55.8,67.6,100.0,59.3,24.1,65.8,33.7,10.1
gemma3,4.3B,5._Рекуррентные_НС,Что такое скрытое состояние в RNN?,prompt15,dialog0437,2-file_gemma3_4b_prompt15_dialog0437,2-file,45.5,42.2,55.8,67.6,100.0,59.3,24.1,65.8,33.7,10.1
gemma3,4.3B,5._Рекуррентные_НС,Какие типы входов и выходов встречаются в задачах RNN?,prompt15,dialog0438,2-file_gemma3_4b_prompt15_dialog0438,2-file,45.5,42.2,55.8,67.6,100.0,59.3,24.1,65.8,33.7,10.1
gemma3,4.3B,5._Рекуррентные_НС,В чем отличие Simple RNN от глубоких RNN?,prompt15,dialog0439,2-file_gemma3_4b_prompt15_dialog0439,2-file,45.5,42.2,55.8,67.6,100.0,59.3,24.1,65.8,33.7,10.1
gemma3,4.3B,5._Рекуррентные_НС,Что такое двунаправленные RNN и зачем они нужны?,prompt15,dialog0440,2-file_gemma3_4b_prompt15_dialog0440,2-file,45.5,42.2,55.8,67.6,100.0,59.3,24.1,65.8,33.7,10.1
gemma3,4.3B,5._Рекуррентные_НС,Как LSTM решает проблему затухающих градиентов?,prompt15,dialog0441,2-file_gemma3_4b_prompt15_dialog0441,2-file,45.5,42.2,55.8,67.6,100.0,59.3,24.1,65.8,33.7,10.1
gemma3,4.3B,5._Рекуррентные_НС,Какие компоненты включает стандартная LSTM ячейка?,prompt15,dialog0442,2-file_gemma3_4b_prompt15_dialog0442,2-file,45.5,42.2,55.8,67.6,100.0,59.3,24.1,65.8,33.7,10.1
gemma3,4.3B,5._Рекуррентные_НС,Чем GRU отличается от LSTM?,prompt15,dialog0443,2-file_gemma3_4b_prompt15_dialog0443,2-file,45.5,42.2,55.8,67.6,100.0,59.3,24.1,65.8,33.7,10.1
gemma3,4.3B,5._Рекуррентные_НС,Зачем нужны замочные скважины (peepholes) в LSTM?,prompt15,dialog0444,2-file_gemma3_4b_prompt15_dialog0444,2-file,45.5,42.2,55.8,67.6,100.0,59.3,24.1,65.8,33.7,10.1
gemma3,4.3B,5._Рекуррентные_НС,Почему нормализация по мини-батчам важна для обучения RNN?,prompt15,dialog0445,2-file_gemma3_4b_prompt15_dialog0445,2-file,45.5,42.2,55.8,67.6,100.0,59.3,24.1,65.8,33.7,10.1
gemma3,4.3B,5._Рекуррентные_НС,В чем трудность применения обычной batch normalization к RNN?,prompt15,dialog0446,2-file_gemma3_4b_prompt15_dialog0446,2-file,45.5,42.2,55.8,67.6,100.0,59.3,24.1,65.8,33.7,10.1
gemma3,4.3B,5._Рекуррентные_НС,Как работает механизм внимания (Attention)?,prompt15,dialog0447,2-file_gemma3_4b_prompt15_dialog0447,2-file,45.5,42.2,55.8,67.6,100.0,59.3,24.1,65.8,33.7,10.1
gemma3,4.3B,5._Рекуррентные_НС,Почему внимание важно в задачах машинного перевода?,prompt15,dialog0448,2-file_gemma3_4b_prompt15_dialog0448,2-file,45.5,42.2,55.8,67.6,100.0,59.3,24.1,65.8,33.7,10.1
gemma3,4.3B,5._Рекуррентные_НС,"Чем Show, Attend and Tell отличается от обычного RNN для обработки изображений?",prompt15,dialog0449,2-file_gemma3_4b_prompt15_dialog0449,2-file,45.5,42.2,55.8,67.6,100.0,59.3,24.1,65.8,33.7,10.1
gemma3,4.3B,5._Рекуррентные_НС,Можно ли автоматически подбирать архитектуру рекуррентной ячейки?,prompt15,dialog0450,2-file_gemma3_4b_prompt15_dialog0450,2-file,45.5,42.2,55.8,67.6,100.0,59.3,24.1,65.8,33.7,10.1
gemma3,4.3B,5._Рекуррентные_НС,"Зачем нужны рекуррентные нейронные сети, если существуют полносвязные и сверточные?",prompt10,dialog0361,2-file_gemma3_4b_prompt10_dialog0361,2-file,41.2,37.9,56.8,67.6,100.0,62.5,29.2,62.6,32.9,8.2
gemma3,4.3B,5._Рекуррентные_НС,Что такое скрытое состояние в RNN?,prompt10,dialog0362,2-file_gemma3_4b_prompt10_dialog0362,2-file,41.2,37.9,56.8,67.6,100.0,62.5,29.2,62.6,32.9,8.2
gemma3,4.3B,5._Рекуррентные_НС,Какие типы входов и выходов встречаются в задачах RNN?,prompt10,dialog0363,2-file_gemma3_4b_prompt10_dialog0363,2-file,41.2,37.9,56.8,67.6,100.0,62.5,29.2,62.6,32.9,8.2
gemma3,4.3B,5._Рекуррентные_НС,В чем отличие Simple RNN от глубоких RNN?,prompt10,dialog0364,2-file_gemma3_4b_prompt10_dialog0364,2-file,41.2,37.9,56.8,67.6,100.0,62.5,29.2,62.6,32.9,8.2
gemma3,4.3B,5._Рекуррентные_НС,Что такое двунаправленные RNN и зачем они нужны?,prompt10,dialog0365,2-file_gemma3_4b_prompt10_dialog0365,2-file,41.2,37.9,56.8,67.6,100.0,62.5,29.2,62.6,32.9,8.2
gemma3,4.3B,5._Рекуррентные_НС,Как LSTM решает проблему затухающих градиентов?,prompt10,dialog0366,2-file_gemma3_4b_prompt10_dialog0366,2-file,41.2,37.9,56.8,67.6,100.0,62.5,29.2,62.6,32.9,8.2
gemma3,4.3B,5._Рекуррентные_НС,Какие компоненты включает стандартная LSTM ячейка?,prompt10,dialog0367,2-file_gemma3_4b_prompt10_dialog0367,2-file,41.2,37.9,56.8,67.6,100.0,62.5,29.2,62.6,32.9,8.2
gemma3,4.3B,5._Рекуррентные_НС,Чем GRU отличается от LSTM?,prompt10,dialog0368,2-file_gemma3_4b_prompt10_dialog0368,2-file,41.2,37.9,56.8,67.6,100.0,62.5,29.2,62.6,32.9,8.2
gemma3,4.3B,5._Рекуррентные_НС,Зачем нужны замочные скважины (peepholes) в LSTM?,prompt10,dialog0369,2-file_gemma3_4b_prompt10_dialog0369,2-file,41.2,37.9,56.8,67.6,100.0,62.5,29.2,62.6,32.9,8.2
gemma3,4.3B,5._Рекуррентные_НС,Почему нормализация по мини-батчам важна для обучения RNN?,prompt10,dialog0370,2-file_gemma3_4b_prompt10_dialog0370,2-file,41.2,37.9,56.8,67.6,100.0,62.5,29.2,62.6,32.9,8.2
gemma3,4.3B,5._Рекуррентные_НС,В чем трудность применения обычной batch normalization к RNN?,prompt10,dialog0371,2-file_gemma3_4b_prompt10_dialog0371,2-file,41.2,37.9,56.8,67.6,100.0,62.5,29.2,62.6,32.9,8.2
gemma3,4.3B,5._Рекуррентные_НС,Как работает механизм внимания (Attention)?,prompt10,dialog0372,2-file_gemma3_4b_prompt10_dialog0372,2-file,41.2,37.9,56.8,67.6,100.0,62.5,29.2,62.6,32.9,8.2
gemma3,4.3B,5._Рекуррентные_НС,Почему внимание важно в задачах машинного перевода?,prompt10,dialog0373,2-file_gemma3_4b_prompt10_dialog0373,2-file,41.2,37.9,56.8,67.6,100.0,62.5,29.2,62.6,32.9,8.2
gemma3,4.3B,5._Рекуррентные_НС,"Чем Show, Attend and Tell отличается от обычного RNN для обработки изображений?",prompt10,dialog0374,2-file_gemma3_4b_prompt10_dialog0374,2-file,41.2,37.9,56.8,67.6,100.0,62.5,29.2,62.6,32.9,8.2
gemma3,4.3B,5._Рекуррентные_НС,Можно ли автоматически подбирать архитектуру рекуррентной ячейки?,prompt10,dialog0375,2-file_gemma3_4b_prompt10_dialog0375,2-file,41.2,37.9,56.8,67.6,100.0,62.5,29.2,62.6,32.9,8.2
gemma3,4.3B,5._Рекуррентные_НС,"Зачем нужны рекуррентные нейронные сети, если существуют полносвязные и сверточные?",prompt9,dialog0346,2-file_gemma3_4b_prompt9_dialog0346,2-file,50.5,45.5,64.0,67.6,100.0,66.0,23.3,65.3,31.2,11.4
gemma3,4.3B,5._Рекуррентные_НС,Что такое скрытое состояние в RNN?,prompt9,dialog0347,2-file_gemma3_4b_prompt9_dialog0347,2-file,50.5,45.5,64.0,67.6,100.0,66.0,23.3,65.3,31.2,11.4
gemma3,4.3B,5._Рекуррентные_НС,Какие типы входов и выходов встречаются в задачах RNN?,prompt9,dialog0348,2-file_gemma3_4b_prompt9_dialog0348,2-file,50.5,45.5,64.0,67.6,100.0,66.0,23.3,65.3,31.2,11.4
gemma3,4.3B,5._Рекуррентные_НС,В чем отличие Simple RNN от глубоких RNN?,prompt9,dialog0349,2-file_gemma3_4b_prompt9_dialog0349,2-file,50.5,45.5,64.0,67.6,100.0,66.0,23.3,65.3,31.2,11.4
gemma3,4.3B,5._Рекуррентные_НС,Что такое двунаправленные RNN и зачем они нужны?,prompt9,dialog0350,2-file_gemma3_4b_prompt9_dialog0350,2-file,50.5,45.5,64.0,67.6,100.0,66.0,23.3,65.3,31.2,11.4
gemma3,4.3B,5._Рекуррентные_НС,Как LSTM решает проблему затухающих градиентов?,prompt9,dialog0351,2-file_gemma3_4b_prompt9_dialog0351,2-file,50.5,45.5,64.0,67.6,100.0,66.0,23.3,65.3,31.2,11.4
gemma3,4.3B,5._Рекуррентные_НС,Какие компоненты включает стандартная LSTM ячейка?,prompt9,dialog0352,2-file_gemma3_4b_prompt9_dialog0352,2-file,50.5,45.5,64.0,67.6,100.0,66.0,23.3,65.3,31.2,11.4
gemma3,4.3B,5._Рекуррентные_НС,Чем GRU отличается от LSTM?,prompt9,dialog0353,2-file_gemma3_4b_prompt9_dialog0353,2-file,50.5,45.5,64.0,67.6,100.0,66.0,23.3,65.3,31.2,11.4
gemma3,4.3B,5._Рекуррентные_НС,Зачем нужны замочные скважины (peepholes) в LSTM?,prompt9,dialog0354,2-file_gemma3_4b_prompt9_dialog0354,2-file,50.5,45.5,64.0,67.6,100.0,66.0,23.3,65.3,31.2,11.4
gemma3,4.3B,5._Рекуррентные_НС,Почему нормализация по мини-батчам важна для обучения RNN?,prompt9,dialog0355,2-file_gemma3_4b_prompt9_dialog0355,2-file,50.5,45.5,64.0,67.6,100.0,66.0,23.3,65.3,31.2,11.4
gemma3,4.3B,5._Рекуррентные_НС,В чем трудность применения обычной batch normalization к RNN?,prompt9,dialog0356,2-file_gemma3_4b_prompt9_dialog0356,2-file,50.5,45.5,64.0,67.6,100.0,66.0,23.3,65.3,31.2,11.4
gemma3,4.3B,5._Рекуррентные_НС,Как работает механизм внимания (Attention)?,prompt9,dialog0357,2-file_gemma3_4b_prompt9_dialog0357,2-file,50.5,45.5,64.0,67.6,100.0,66.0,23.3,65.3,31.2,11.4
gemma3,4.3B,5._Рекуррентные_НС,Почему внимание важно в задачах машинного перевода?,prompt9,dialog0358,2-file_gemma3_4b_prompt9_dialog0358,2-file,50.5,45.5,64.0,67.6,100.0,66.0,23.3,65.3,31.2,11.4
gemma3,4.3B,5._Рекуррентные_НС,"Чем Show, Attend and Tell отличается от обычного RNN для обработки изображений?",prompt9,dialog0359,2-file_gemma3_4b_prompt9_dialog0359,2-file,50.5,45.5,64.0,67.6,100.0,66.0,23.3,65.3,31.2,11.4
gemma3,4.3B,5._Рекуррентные_НС,Можно ли автоматически подбирать архитектуру рекуррентной ячейки?,prompt9,dialog0360,2-file_gemma3_4b_prompt9_dialog0360,2-file,50.5,45.5,64.0,67.6,100.0,66.0,23.3,65.3,31.2,11.4
gemma3,4.3B,5._Рекуррентные_НС,"Зачем нужны рекуррентные нейронные сети, если существуют полносвязные и сверточные?",prompt7,dialog0316,2-file_gemma3_4b_prompt7_dialog0316,2-file,48.7,43.7,57.8,67.6,100.0,64.0,25.9,64.7,30.4,9.4
gemma3,4.3B,5._Рекуррентные_НС,Что такое скрытое состояние в RNN?,prompt7,dialog0317,2-file_gemma3_4b_prompt7_dialog0317,2-file,48.7,43.7,57.8,67.6,100.0,64.0,25.9,64.7,30.4,9.4
gemma3,4.3B,5._Рекуррентные_НС,Какие типы входов и выходов встречаются в задачах RNN?,prompt7,dialog0318,2-file_gemma3_4b_prompt7_dialog0318,2-file,48.7,43.7,57.8,67.6,100.0,64.0,25.9,64.7,30.4,9.4
gemma3,4.3B,5._Рекуррентные_НС,В чем отличие Simple RNN от глубоких RNN?,prompt7,dialog0319,2-file_gemma3_4b_prompt7_dialog0319,2-file,48.7,43.7,57.8,67.6,100.0,64.0,25.9,64.7,30.4,9.4
gemma3,4.3B,5._Рекуррентные_НС,Что такое двунаправленные RNN и зачем они нужны?,prompt7,dialog0320,2-file_gemma3_4b_prompt7_dialog0320,2-file,48.7,43.7,57.8,67.6,100.0,64.0,25.9,64.7,30.4,9.4
gemma3,4.3B,5._Рекуррентные_НС,Как LSTM решает проблему затухающих градиентов?,prompt7,dialog0321,2-file_gemma3_4b_prompt7_dialog0321,2-file,48.7,43.7,57.8,67.6,100.0,64.0,25.9,64.7,30.4,9.4
gemma3,4.3B,5._Рекуррентные_НС,Какие компоненты включает стандартная LSTM ячейка?,prompt7,dialog0322,2-file_gemma3_4b_prompt7_dialog0322,2-file,48.7,43.7,57.8,67.6,100.0,64.0,25.9,64.7,30.4,9.4
gemma3,4.3B,5._Рекуррентные_НС,Чем GRU отличается от LSTM?,prompt7,dialog0323,2-file_gemma3_4b_prompt7_dialog0323,2-file,48.7,43.7,57.8,67.6,100.0,64.0,25.9,64.7,30.4,9.4
gemma3,4.3B,5._Рекуррентные_НС,Зачем нужны замочные скважины (peepholes) в LSTM?,prompt7,dialog0324,2-file_gemma3_4b_prompt7_dialog0324,2-file,48.7,43.7,57.8,67.6,100.0,64.0,25.9,64.7,30.4,9.4
gemma3,4.3B,5._Рекуррентные_НС,Почему нормализация по мини-батчам важна для обучения RNN?,prompt7,dialog0325,2-file_gemma3_4b_prompt7_dialog0325,2-file,48.7,43.7,57.8,67.6,100.0,64.0,25.9,64.7,30.4,9.4
gemma3,4.3B,5._Рекуррентные_НС,В чем трудность применения обычной batch normalization к RNN?,prompt7,dialog0326,2-file_gemma3_4b_prompt7_dialog0326,2-file,48.7,43.7,57.8,67.6,100.0,64.0,25.9,64.7,30.4,9.4
gemma3,4.3B,5._Рекуррентные_НС,Как работает механизм внимания (Attention)?,prompt7,dialog0327,2-file_gemma3_4b_prompt7_dialog0327,2-file,48.7,43.7,57.8,67.6,100.0,64.0,25.9,64.7,30.4,9.4
gemma3,4.3B,5._Рекуррентные_НС,Почему внимание важно в задачах машинного перевода?,prompt7,dialog0328,2-file_gemma3_4b_prompt7_dialog0328,2-file,48.7,43.7,57.8,67.6,100.0,64.0,25.9,64.7,30.4,9.4
gemma3,4.3B,5._Рекуррентные_НС,"Чем Show, Attend and Tell отличается от обычного RNN для обработки изображений?",prompt7,dialog0329,2-file_gemma3_4b_prompt7_dialog0329,2-file,48.7,43.7,57.8,67.6,100.0,64.0,25.9,64.7,30.4,9.4
gemma3,4.3B,5._Рекуррентные_НС,Можно ли автоматически подбирать архитектуру рекуррентной ячейки?,prompt7,dialog0330,2-file_gemma3_4b_prompt7_dialog0330,2-file,48.7,43.7,57.8,67.6,100.0,64.0,25.9,64.7,30.4,9.4
gemma3,4.3B,5._Рекуррентные_НС,"Зачем нужны рекуррентные нейронные сети, если существуют полносвязные и сверточные?",prompt6,dialog0301,2-file_gemma3_4b_prompt6_dialog0301,2-file,49.4,42.5,64.4,67.6,100.0,65.4,24.8,67.6,32.6,7.5
gemma3,4.3B,5._Рекуррентные_НС,Что такое скрытое состояние в RNN?,prompt6,dialog0302,2-file_gemma3_4b_prompt6_dialog0302,2-file,49.4,42.5,64.4,67.6,100.0,65.4,24.8,67.6,32.6,7.5
gemma3,4.3B,5._Рекуррентные_НС,Какие типы входов и выходов встречаются в задачах RNN?,prompt6,dialog0303,2-file_gemma3_4b_prompt6_dialog0303,2-file,49.4,42.5,64.4,67.6,100.0,65.4,24.8,67.6,32.6,7.5
gemma3,4.3B,5._Рекуррентные_НС,В чем отличие Simple RNN от глубоких RNN?,prompt6,dialog0304,2-file_gemma3_4b_prompt6_dialog0304,2-file,49.4,42.5,64.4,67.6,100.0,65.4,24.8,67.6,32.6,7.5
gemma3,4.3B,5._Рекуррентные_НС,Что такое двунаправленные RNN и зачем они нужны?,prompt6,dialog0305,2-file_gemma3_4b_prompt6_dialog0305,2-file,49.4,42.5,64.4,67.6,100.0,65.4,24.8,67.6,32.6,7.5
gemma3,4.3B,5._Рекуррентные_НС,Как LSTM решает проблему затухающих градиентов?,prompt6,dialog0306,2-file_gemma3_4b_prompt6_dialog0306,2-file,49.4,42.5,64.4,67.6,100.0,65.4,24.8,67.6,32.6,7.5
gemma3,4.3B,5._Рекуррентные_НС,Какие компоненты включает стандартная LSTM ячейка?,prompt6,dialog0307,2-file_gemma3_4b_prompt6_dialog0307,2-file,49.4,42.5,64.4,67.6,100.0,65.4,24.8,67.6,32.6,7.5
gemma3,4.3B,5._Рекуррентные_НС,Чем GRU отличается от LSTM?,prompt6,dialog0308,2-file_gemma3_4b_prompt6_dialog0308,2-file,49.4,42.5,64.4,67.6,100.0,65.4,24.8,67.6,32.6,7.5
gemma3,4.3B,5._Рекуррентные_НС,Зачем нужны замочные скважины (peepholes) в LSTM?,prompt6,dialog0309,2-file_gemma3_4b_prompt6_dialog0309,2-file,49.4,42.5,64.4,67.6,100.0,65.4,24.8,67.6,32.6,7.5
gemma3,4.3B,5._Рекуррентные_НС,Почему нормализация по мини-батчам важна для обучения RNN?,prompt6,dialog0310,2-file_gemma3_4b_prompt6_dialog0310,2-file,49.4,42.5,64.4,67.6,100.0,65.4,24.8,67.6,32.6,7.5
gemma3,4.3B,5._Рекуррентные_НС,В чем трудность применения обычной batch normalization к RNN?,prompt6,dialog0311,2-file_gemma3_4b_prompt6_dialog0311,2-file,49.4,42.5,64.4,67.6,100.0,65.4,24.8,67.6,32.6,7.5
gemma3,4.3B,5._Рекуррентные_НС,Как работает механизм внимания (Attention)?,prompt6,dialog0312,2-file_gemma3_4b_prompt6_dialog0312,2-file,49.4,42.5,64.4,67.6,100.0,65.4,24.8,67.6,32.6,7.5
gemma3,4.3B,5._Рекуррентные_НС,Почему внимание важно в задачах машинного перевода?,prompt6,dialog0313,2-file_gemma3_4b_prompt6_dialog0313,2-file,49.4,42.5,64.4,67.6,100.0,65.4,24.8,67.6,32.6,7.5
gemma3,4.3B,5._Рекуррентные_НС,"Чем Show, Attend and Tell отличается от обычного RNN для обработки изображений?",prompt6,dialog0314,2-file_gemma3_4b_prompt6_dialog0314,2-file,49.4,42.5,64.4,67.6,100.0,65.4,24.8,67.6,32.6,7.5
gemma3,4.3B,5._Рекуррентные_НС,Можно ли автоматически подбирать архитектуру рекуррентной ячейки?,prompt6,dialog0315,2-file_gemma3_4b_prompt6_dialog0315,2-file,49.4,42.5,64.4,67.6,100.0,65.4,24.8,67.6,32.6,7.5
gemma3,4.3B,5._Рекуррентные_НС,"Зачем нужны рекуррентные нейронные сети, если существуют полносвязные и сверточные?",prompt1,dialog0226,2-file_gemma3_4b_prompt1_dialog0226,2-file,46.2,42.9,54.6,67.6,100.0,58.9,23.2,66.2,33.9,10.6
gemma3,4.3B,5._Рекуррентные_НС,Что такое скрытое состояние в RNN?,prompt1,dialog0227,2-file_gemma3_4b_prompt1_dialog0227,2-file,46.2,42.9,54.6,67.6,100.0,58.9,23.2,66.2,33.9,10.6
gemma3,4.3B,5._Рекуррентные_НС,Какие типы входов и выходов встречаются в задачах RNN?,prompt1,dialog0228,2-file_gemma3_4b_prompt1_dialog0228,2-file,46.2,42.9,54.6,67.6,100.0,58.9,23.2,66.2,33.9,10.6
gemma3,4.3B,5._Рекуррентные_НС,В чем отличие Simple RNN от глубоких RNN?,prompt1,dialog0229,2-file_gemma3_4b_prompt1_dialog0229,2-file,46.2,42.9,54.6,67.6,100.0,58.9,23.2,66.2,33.9,10.6
gemma3,4.3B,5._Рекуррентные_НС,Что такое двунаправленные RNN и зачем они нужны?,prompt1,dialog0230,2-file_gemma3_4b_prompt1_dialog0230,2-file,46.2,42.9,54.6,67.6,100.0,58.9,23.2,66.2,33.9,10.6
gemma3,4.3B,5._Рекуррентные_НС,Как LSTM решает проблему затухающих градиентов?,prompt1,dialog0231,2-file_gemma3_4b_prompt1_dialog0231,2-file,46.2,42.9,54.6,67.6,100.0,58.9,23.2,66.2,33.9,10.6
gemma3,4.3B,5._Рекуррентные_НС,Какие компоненты включает стандартная LSTM ячейка?,prompt1,dialog0232,2-file_gemma3_4b_prompt1_dialog0232,2-file,46.2,42.9,54.6,67.6,100.0,58.9,23.2,66.2,33.9,10.6
gemma3,4.3B,5._Рекуррентные_НС,Чем GRU отличается от LSTM?,prompt1,dialog0233,2-file_gemma3_4b_prompt1_dialog0233,2-file,46.2,42.9,54.6,67.6,100.0,58.9,23.2,66.2,33.9,10.6
gemma3,4.3B,5._Рекуррентные_НС,Зачем нужны замочные скважины (peepholes) в LSTM?,prompt1,dialog0234,2-file_gemma3_4b_prompt1_dialog0234,2-file,46.2,42.9,54.6,67.6,100.0,58.9,23.2,66.2,33.9,10.6
gemma3,4.3B,5._Рекуррентные_НС,Почему нормализация по мини-батчам важна для обучения RNN?,prompt1,dialog0235,2-file_gemma3_4b_prompt1_dialog0235,2-file,46.2,42.9,54.6,67.6,100.0,58.9,23.2,66.2,33.9,10.6
gemma3,4.3B,5._Рекуррентные_НС,В чем трудность применения обычной batch normalization к RNN?,prompt1,dialog0236,2-file_gemma3_4b_prompt1_dialog0236,2-file,46.2,42.9,54.6,67.6,100.0,58.9,23.2,66.2,33.9,10.6
gemma3,4.3B,5._Рекуррентные_НС,Как работает механизм внимания (Attention)?,prompt1,dialog0237,2-file_gemma3_4b_prompt1_dialog0237,2-file,46.2,42.9,54.6,67.6,100.0,58.9,23.2,66.2,33.9,10.6
gemma3,4.3B,5._Рекуррентные_НС,Почему внимание важно в задачах машинного перевода?,prompt1,dialog0238,2-file_gemma3_4b_prompt1_dialog0238,2-file,46.2,42.9,54.6,67.6,100.0,58.9,23.2,66.2,33.9,10.6
gemma3,4.3B,5._Рекуррентные_НС,"Чем Show, Attend and Tell отличается от обычного RNN для обработки изображений?",prompt1,dialog0239,2-file_gemma3_4b_prompt1_dialog0239,2-file,46.2,42.9,54.6,67.6,100.0,58.9,23.2,66.2,33.9,10.6
gemma3,4.3B,5._Рекуррентные_НС,Можно ли автоматически подбирать архитектуру рекуррентной ячейки?,prompt1,dialog0240,2-file_gemma3_4b_prompt1_dialog0240,2-file,46.2,42.9,54.6,67.6,100.0,58.9,23.2,66.2,33.9,10.6
gemma3,4.3B,5._Рекуррентные_НС,"Зачем нужны рекуррентные нейронные сети, если существуют полносвязные и сверточные?",prompt8,dialog0331,2-file_gemma3_4b_prompt8_dialog0331,2-file,41.4,37.6,52.5,67.6,100.0,57.1,28.2,65.0,34.3,6.9
gemma3,4.3B,5._Рекуррентные_НС,Что такое скрытое состояние в RNN?,prompt8,dialog0332,2-file_gemma3_4b_prompt8_dialog0332,2-file,41.4,37.6,52.5,67.6,100.0,57.1,28.2,65.0,34.3,6.9
gemma3,4.3B,5._Рекуррентные_НС,Какие типы входов и выходов встречаются в задачах RNN?,prompt8,dialog0333,2-file_gemma3_4b_prompt8_dialog0333,2-file,41.4,37.6,52.5,67.6,100.0,57.1,28.2,65.0,34.3,6.9
gemma3,4.3B,5._Рекуррентные_НС,В чем отличие Simple RNN от глубоких RNN?,prompt8,dialog0334,2-file_gemma3_4b_prompt8_dialog0334,2-file,41.4,37.6,52.5,67.6,100.0,57.1,28.2,65.0,34.3,6.9
gemma3,4.3B,5._Рекуррентные_НС,Что такое двунаправленные RNN и зачем они нужны?,prompt8,dialog0335,2-file_gemma3_4b_prompt8_dialog0335,2-file,41.4,37.6,52.5,67.6,100.0,57.1,28.2,65.0,34.3,6.9
gemma3,4.3B,5._Рекуррентные_НС,Как LSTM решает проблему затухающих градиентов?,prompt8,dialog0336,2-file_gemma3_4b_prompt8_dialog0336,2-file,41.4,37.6,52.5,67.6,100.0,57.1,28.2,65.0,34.3,6.9
gemma3,4.3B,5._Рекуррентные_НС,Какие компоненты включает стандартная LSTM ячейка?,prompt8,dialog0337,2-file_gemma3_4b_prompt8_dialog0337,2-file,41.4,37.6,52.5,67.6,100.0,57.1,28.2,65.0,34.3,6.9
gemma3,4.3B,5._Рекуррентные_НС,Чем GRU отличается от LSTM?,prompt8,dialog0338,2-file_gemma3_4b_prompt8_dialog0338,2-file,41.4,37.6,52.5,67.6,100.0,57.1,28.2,65.0,34.3,6.9
gemma3,4.3B,5._Рекуррентные_НС,Зачем нужны замочные скважины (peepholes) в LSTM?,prompt8,dialog0339,2-file_gemma3_4b_prompt8_dialog0339,2-file,41.4,37.6,52.5,67.6,100.0,57.1,28.2,65.0,34.3,6.9
gemma3,4.3B,5._Рекуррентные_НС,Почему нормализация по мини-батчам важна для обучения RNN?,prompt8,dialog0340,2-file_gemma3_4b_prompt8_dialog0340,2-file,41.4,37.6,52.5,67.6,100.0,57.1,28.2,65.0,34.3,6.9
gemma3,4.3B,5._Рекуррентные_НС,В чем трудность применения обычной batch normalization к RNN?,prompt8,dialog0341,2-file_gemma3_4b_prompt8_dialog0341,2-file,41.4,37.6,52.5,67.6,100.0,57.1,28.2,65.0,34.3,6.9
gemma3,4.3B,5._Рекуррентные_НС,Как работает механизм внимания (Attention)?,prompt8,dialog0342,2-file_gemma3_4b_prompt8_dialog0342,2-file,41.4,37.6,52.5,67.6,100.0,57.1,28.2,65.0,34.3,6.9
gemma3,4.3B,5._Рекуррентные_НС,Почему внимание важно в задачах машинного перевода?,prompt8,dialog0343,2-file_gemma3_4b_prompt8_dialog0343,2-file,41.4,37.6,52.5,67.6,100.0,57.1,28.2,65.0,34.3,6.9
gemma3,4.3B,5._Рекуррентные_НС,"Чем Show, Attend and Tell отличается от обычного RNN для обработки изображений?",prompt8,dialog0344,2-file_gemma3_4b_prompt8_dialog0344,2-file,41.4,37.6,52.5,67.6,100.0,57.1,28.2,65.0,34.3,6.9
gemma3,4.3B,5._Рекуррентные_НС,Можно ли автоматически подбирать архитектуру рекуррентной ячейки?,prompt8,dialog0345,2-file_gemma3_4b_prompt8_dialog0345,2-file,41.4,37.6,52.5,67.6,100.0,57.1,28.2,65.0,34.3,6.9
gemma3,4.3B,5._Рекуррентные_НС,"Зачем нужны рекуррентные нейронные сети, если существуют полносвязные и сверточные?",prompt11,dialog0376,2-file_gemma3_4b_prompt11_dialog0376,2-file,45.4,43.8,53.4,67.6,100.0,59.6,22.6,66.3,33.7,11.1
gemma3,4.3B,5._Рекуррентные_НС,Что такое скрытое состояние в RNN?,prompt11,dialog0377,2-file_gemma3_4b_prompt11_dialog0377,2-file,45.4,43.8,53.4,67.6,100.0,59.6,22.6,66.3,33.7,11.1
gemma3,4.3B,5._Рекуррентные_НС,Какие типы входов и выходов встречаются в задачах RNN?,prompt11,dialog0378,2-file_gemma3_4b_prompt11_dialog0378,2-file,45.4,43.8,53.4,67.6,100.0,59.6,22.6,66.3,33.7,11.1
gemma3,4.3B,5._Рекуррентные_НС,В чем отличие Simple RNN от глубоких RNN?,prompt11,dialog0379,2-file_gemma3_4b_prompt11_dialog0379,2-file,45.4,43.8,53.4,67.6,100.0,59.6,22.6,66.3,33.7,11.1
gemma3,4.3B,5._Рекуррентные_НС,Что такое двунаправленные RNN и зачем они нужны?,prompt11,dialog0380,2-file_gemma3_4b_prompt11_dialog0380,2-file,45.4,43.8,53.4,67.6,100.0,59.6,22.6,66.3,33.7,11.1
gemma3,4.3B,5._Рекуррентные_НС,Как LSTM решает проблему затухающих градиентов?,prompt11,dialog0381,2-file_gemma3_4b_prompt11_dialog0381,2-file,45.4,43.8,53.4,67.6,100.0,59.6,22.6,66.3,33.7,11.1
gemma3,4.3B,5._Рекуррентные_НС,Какие компоненты включает стандартная LSTM ячейка?,prompt11,dialog0382,2-file_gemma3_4b_prompt11_dialog0382,2-file,45.4,43.8,53.4,67.6,100.0,59.6,22.6,66.3,33.7,11.1
gemma3,4.3B,5._Рекуррентные_НС,Чем GRU отличается от LSTM?,prompt11,dialog0383,2-file_gemma3_4b_prompt11_dialog0383,2-file,45.4,43.8,53.4,67.6,100.0,59.6,22.6,66.3,33.7,11.1
gemma3,4.3B,5._Рекуррентные_НС,Зачем нужны замочные скважины (peepholes) в LSTM?,prompt11,dialog0384,2-file_gemma3_4b_prompt11_dialog0384,2-file,45.4,43.8,53.4,67.6,100.0,59.6,22.6,66.3,33.7,11.1
gemma3,4.3B,5._Рекуррентные_НС,Почему нормализация по мини-батчам важна для обучения RNN?,prompt11,dialog0385,2-file_gemma3_4b_prompt11_dialog0385,2-file,45.4,43.8,53.4,67.6,100.0,59.6,22.6,66.3,33.7,11.1
gemma3,4.3B,5._Рекуррентные_НС,В чем трудность применения обычной batch normalization к RNN?,prompt11,dialog0386,2-file_gemma3_4b_prompt11_dialog0386,2-file,45.4,43.8,53.4,67.6,100.0,59.6,22.6,66.3,33.7,11.1
gemma3,4.3B,5._Рекуррентные_НС,Как работает механизм внимания (Attention)?,prompt11,dialog0387,2-file_gemma3_4b_prompt11_dialog0387,2-file,45.4,43.8,53.4,67.6,100.0,59.6,22.6,66.3,33.7,11.1
gemma3,4.3B,5._Рекуррентные_НС,Почему внимание важно в задачах машинного перевода?,prompt11,dialog0388,2-file_gemma3_4b_prompt11_dialog0388,2-file,45.4,43.8,53.4,67.6,100.0,59.6,22.6,66.3,33.7,11.1
gemma3,4.3B,5._Рекуррентные_НС,"Чем Show, Attend and Tell отличается от обычного RNN для обработки изображений?",prompt11,dialog0389,2-file_gemma3_4b_prompt11_dialog0389,2-file,45.4,43.8,53.4,67.6,100.0,59.6,22.6,66.3,33.7,11.1
gemma3,4.3B,5._Рекуррентные_НС,Можно ли автоматически подбирать архитектуру рекуррентной ячейки?,prompt11,dialog0390,2-file_gemma3_4b_prompt11_dialog0390,2-file,45.4,43.8,53.4,67.6,100.0,59.6,22.6,66.3,33.7,11.1
phi4-mini,3.8B,5._Рекуррентные_НС,"Зачем нужны рекуррентные нейронные сети, если существуют полносвязные и сверточные?",prompt14,dialog0646,2-file_phi4-mini_3.8b_prompt14_dialog0646,2-file,26.6,54.2,34.6,66.9,100.0,37.1,9.5,52.9,9.6,11.0
phi4-mini,3.8B,5._Рекуррентные_НС,Что такое скрытое состояние в RNN?,prompt14,dialog0647,2-file_phi4-mini_3.8b_prompt14_dialog0647,2-file,26.6,54.2,34.6,66.9,100.0,37.1,9.5,52.9,9.6,11.0
phi4-mini,3.8B,5._Рекуррентные_НС,Какие типы входов и выходов встречаются в задачах RNN?,prompt14,dialog0648,2-file_phi4-mini_3.8b_prompt14_dialog0648,2-file,26.6,54.2,34.6,66.9,100.0,37.1,9.5,52.9,9.6,11.0
phi4-mini,3.8B,5._Рекуррентные_НС,В чем отличие Simple RNN от глубоких RNN?,prompt14,dialog0649,2-file_phi4-mini_3.8b_prompt14_dialog0649,2-file,26.6,54.2,34.6,66.9,100.0,37.1,9.5,52.9,9.6,11.0
phi4-mini,3.8B,5._Рекуррентные_НС,Что такое двунаправленные RNN и зачем они нужны?,prompt14,dialog0650,2-file_phi4-mini_3.8b_prompt14_dialog0650,2-file,26.6,54.2,34.6,66.9,100.0,37.1,9.5,52.9,9.6,11.0
phi4-mini,3.8B,5._Рекуррентные_НС,Как LSTM решает проблему затухающих градиентов?,prompt14,dialog0651,2-file_phi4-mini_3.8b_prompt14_dialog0651,2-file,26.6,54.2,34.6,66.9,100.0,37.1,9.5,52.9,9.6,11.0
phi4-mini,3.8B,5._Рекуррентные_НС,Какие компоненты включает стандартная LSTM ячейка?,prompt14,dialog0652,2-file_phi4-mini_3.8b_prompt14_dialog0652,2-file,26.6,54.2,34.6,66.9,100.0,37.1,9.5,52.9,9.6,11.0
phi4-mini,3.8B,5._Рекуррентные_НС,Чем GRU отличается от LSTM?,prompt14,dialog0653,2-file_phi4-mini_3.8b_prompt14_dialog0653,2-file,26.6,54.2,34.6,66.9,100.0,37.1,9.5,52.9,9.6,11.0
phi4-mini,3.8B,5._Рекуррентные_НС,Зачем нужны замочные скважины (peepholes) в LSTM?,prompt14,dialog0654,2-file_phi4-mini_3.8b_prompt14_dialog0654,2-file,26.6,54.2,34.6,66.9,100.0,37.1,9.5,52.9,9.6,11.0
phi4-mini,3.8B,5._Рекуррентные_НС,Почему нормализация по мини-батчам важна для обучения RNN?,prompt14,dialog0655,2-file_phi4-mini_3.8b_prompt14_dialog0655,2-file,26.6,54.2,34.6,66.9,100.0,37.1,9.5,52.9,9.6,11.0
phi4-mini,3.8B,5._Рекуррентные_НС,В чем трудность применения обычной batch normalization к RNN?,prompt14,dialog0656,2-file_phi4-mini_3.8b_prompt14_dialog0656,2-file,26.6,54.2,34.6,66.9,100.0,37.1,9.5,52.9,9.6,11.0
phi4-mini,3.8B,5._Рекуррентные_НС,Как работает механизм внимания (Attention)?,prompt14,dialog0657,2-file_phi4-mini_3.8b_prompt14_dialog0657,2-file,26.6,54.2,34.6,66.9,100.0,37.1,9.5,52.9,9.6,11.0
phi4-mini,3.8B,5._Рекуррентные_НС,Почему внимание важно в задачах машинного перевода?,prompt14,dialog0658,2-file_phi4-mini_3.8b_prompt14_dialog0658,2-file,26.6,54.2,34.6,66.9,100.0,37.1,9.5,52.9,9.6,11.0
phi4-mini,3.8B,5._Рекуррентные_НС,"Чем Show, Attend and Tell отличается от обычного RNN для обработки изображений?",prompt14,dialog0659,2-file_phi4-mini_3.8b_prompt14_dialog0659,2-file,26.6,54.2,34.6,66.9,100.0,37.1,9.5,52.9,9.6,11.0
phi4-mini,3.8B,5._Рекуррентные_НС,Можно ли автоматически подбирать архитектуру рекуррентной ячейки?,prompt14,dialog0660,2-file_phi4-mini_3.8b_prompt14_dialog0660,2-file,26.6,54.2,34.6,66.9,100.0,37.1,9.5,52.9,9.6,11.0
phi4-mini,3.8B,5._Рекуррентные_НС,"Зачем нужны рекуррентные нейронные сети, если существуют полносвязные и сверточные?",prompt13,dialog0631,2-file_phi4-mini_3.8b_prompt13_dialog0631,2-file,20.0,54.8,25.7,66.9,100.0,26.1,6.1,52.6,5.7,7.9
phi4-mini,3.8B,5._Рекуррентные_НС,Что такое скрытое состояние в RNN?,prompt13,dialog0632,2-file_phi4-mini_3.8b_prompt13_dialog0632,2-file,20.0,54.8,25.7,66.9,100.0,26.1,6.1,52.6,5.7,7.9
phi4-mini,3.8B,5._Рекуррентные_НС,Какие типы входов и выходов встречаются в задачах RNN?,prompt13,dialog0633,2-file_phi4-mini_3.8b_prompt13_dialog0633,2-file,20.0,54.8,25.7,66.9,100.0,26.1,6.1,52.6,5.7,7.9
phi4-mini,3.8B,5._Рекуррентные_НС,В чем отличие Simple RNN от глубоких RNN?,prompt13,dialog0634,2-file_phi4-mini_3.8b_prompt13_dialog0634,2-file,20.0,54.8,25.7,66.9,100.0,26.1,6.1,52.6,5.7,7.9
phi4-mini,3.8B,5._Рекуррентные_НС,Что такое двунаправленные RNN и зачем они нужны?,prompt13,dialog0635,2-file_phi4-mini_3.8b_prompt13_dialog0635,2-file,20.0,54.8,25.7,66.9,100.0,26.1,6.1,52.6,5.7,7.9
phi4-mini,3.8B,5._Рекуррентные_НС,Как LSTM решает проблему затухающих градиентов?,prompt13,dialog0636,2-file_phi4-mini_3.8b_prompt13_dialog0636,2-file,20.0,54.8,25.7,66.9,100.0,26.1,6.1,52.6,5.7,7.9
phi4-mini,3.8B,5._Рекуррентные_НС,Какие компоненты включает стандартная LSTM ячейка?,prompt13,dialog0637,2-file_phi4-mini_3.8b_prompt13_dialog0637,2-file,20.0,54.8,25.7,66.9,100.0,26.1,6.1,52.6,5.7,7.9
phi4-mini,3.8B,5._Рекуррентные_НС,Чем GRU отличается от LSTM?,prompt13,dialog0638,2-file_phi4-mini_3.8b_prompt13_dialog0638,2-file,20.0,54.8,25.7,66.9,100.0,26.1,6.1,52.6,5.7,7.9
phi4-mini,3.8B,5._Рекуррентные_НС,Зачем нужны замочные скважины (peepholes) в LSTM?,prompt13,dialog0639,2-file_phi4-mini_3.8b_prompt13_dialog0639,2-file,20.0,54.8,25.7,66.9,100.0,26.1,6.1,52.6,5.7,7.9
phi4-mini,3.8B,5._Рекуррентные_НС,Почему нормализация по мини-батчам важна для обучения RNN?,prompt13,dialog0640,2-file_phi4-mini_3.8b_prompt13_dialog0640,2-file,20.0,54.8,25.7,66.9,100.0,26.1,6.1,52.6,5.7,7.9
phi4-mini,3.8B,5._Рекуррентные_НС,В чем трудность применения обычной batch normalization к RNN?,prompt13,dialog0641,2-file_phi4-mini_3.8b_prompt13_dialog0641,2-file,20.0,54.8,25.7,66.9,100.0,26.1,6.1,52.6,5.7,7.9
phi4-mini,3.8B,5._Рекуррентные_НС,Как работает механизм внимания (Attention)?,prompt13,dialog0642,2-file_phi4-mini_3.8b_prompt13_dialog0642,2-file,20.0,54.8,25.7,66.9,100.0,26.1,6.1,52.6,5.7,7.9
phi4-mini,3.8B,5._Рекуррентные_НС,Почему внимание важно в задачах машинного перевода?,prompt13,dialog0643,2-file_phi4-mini_3.8b_prompt13_dialog0643,2-file,20.0,54.8,25.7,66.9,100.0,26.1,6.1,52.6,5.7,7.9
phi4-mini,3.8B,5._Рекуррентные_НС,"Чем Show, Attend and Tell отличается от обычного RNN для обработки изображений?",prompt13,dialog0644,2-file_phi4-mini_3.8b_prompt13_dialog0644,2-file,20.0,54.8,25.7,66.9,100.0,26.1,6.1,52.6,5.7,7.9
phi4-mini,3.8B,5._Рекуррентные_НС,Можно ли автоматически подбирать архитектуру рекуррентной ячейки?,prompt13,dialog0645,2-file_phi4-mini_3.8b_prompt13_dialog0645,2-file,20.0,54.8,25.7,66.9,100.0,26.1,6.1,52.6,5.7,7.9
phi4-mini,3.8B,5._Рекуррентные_НС,"Зачем нужны рекуррентные нейронные сети, если существуют полносвязные и сверточные?",prompt4,dialog0496,2-file_phi4-mini_3.8b_prompt4_dialog0496,2-file,33.1,62.8,38.6,67.6,100.0,38.6,8.7,58.9,8.4,12.4
phi4-mini,3.8B,5._Рекуррентные_НС,Что такое скрытое состояние в RNN?,prompt4,dialog0497,2-file_phi4-mini_3.8b_prompt4_dialog0497,2-file,33.1,62.8,38.6,67.6,100.0,38.6,8.7,58.9,8.4,12.4
phi4-mini,3.8B,5._Рекуррентные_НС,Какие типы входов и выходов встречаются в задачах RNN?,prompt4,dialog0498,2-file_phi4-mini_3.8b_prompt4_dialog0498,2-file,33.1,62.8,38.6,67.6,100.0,38.6,8.7,58.9,8.4,12.4
phi4-mini,3.8B,5._Рекуррентные_НС,В чем отличие Simple RNN от глубоких RNN?,prompt4,dialog0499,2-file_phi4-mini_3.8b_prompt4_dialog0499,2-file,33.1,62.8,38.6,67.6,100.0,38.6,8.7,58.9,8.4,12.4
phi4-mini,3.8B,5._Рекуррентные_НС,Что такое двунаправленные RNN и зачем они нужны?,prompt4,dialog0500,2-file_phi4-mini_3.8b_prompt4_dialog0500,2-file,33.1,62.8,38.6,67.6,100.0,38.6,8.7,58.9,8.4,12.4
phi4-mini,3.8B,5._Рекуррентные_НС,Как LSTM решает проблему затухающих градиентов?,prompt4,dialog0501,2-file_phi4-mini_3.8b_prompt4_dialog0501,2-file,33.1,62.8,38.6,67.6,100.0,38.6,8.7,58.9,8.4,12.4
phi4-mini,3.8B,5._Рекуррентные_НС,Какие компоненты включает стандартная LSTM ячейка?,prompt4,dialog0502,2-file_phi4-mini_3.8b_prompt4_dialog0502,2-file,33.1,62.8,38.6,67.6,100.0,38.6,8.7,58.9,8.4,12.4
phi4-mini,3.8B,5._Рекуррентные_НС,Чем GRU отличается от LSTM?,prompt4,dialog0503,2-file_phi4-mini_3.8b_prompt4_dialog0503,2-file,33.1,62.8,38.6,67.6,100.0,38.6,8.7,58.9,8.4,12.4
phi4-mini,3.8B,5._Рекуррентные_НС,Зачем нужны замочные скважины (peepholes) в LSTM?,prompt4,dialog0504,2-file_phi4-mini_3.8b_prompt4_dialog0504,2-file,33.1,62.8,38.6,67.6,100.0,38.6,8.7,58.9,8.4,12.4
phi4-mini,3.8B,5._Рекуррентные_НС,Почему нормализация по мини-батчам важна для обучения RNN?,prompt4,dialog0505,2-file_phi4-mini_3.8b_prompt4_dialog0505,2-file,33.1,62.8,38.6,67.6,100.0,38.6,8.7,58.9,8.4,12.4
phi4-mini,3.8B,5._Рекуррентные_НС,В чем трудность применения обычной batch normalization к RNN?,prompt4,dialog0506,2-file_phi4-mini_3.8b_prompt4_dialog0506,2-file,33.1,62.8,38.6,67.6,100.0,38.6,8.7,58.9,8.4,12.4
phi4-mini,3.8B,5._Рекуррентные_НС,Как работает механизм внимания (Attention)?,prompt4,dialog0507,2-file_phi4-mini_3.8b_prompt4_dialog0507,2-file,33.1,62.8,38.6,67.6,100.0,38.6,8.7,58.9,8.4,12.4
phi4-mini,3.8B,5._Рекуррентные_НС,Почему внимание важно в задачах машинного перевода?,prompt4,dialog0508,2-file_phi4-mini_3.8b_prompt4_dialog0508,2-file,33.1,62.8,38.6,67.6,100.0,38.6,8.7,58.9,8.4,12.4
phi4-mini,3.8B,5._Рекуррентные_НС,"Чем Show, Attend and Tell отличается от обычного RNN для обработки изображений?",prompt4,dialog0509,2-file_phi4-mini_3.8b_prompt4_dialog0509,2-file,33.1,62.8,38.6,67.6,100.0,38.6,8.7,58.9,8.4,12.4
phi4-mini,3.8B,5._Рекуррентные_НС,Можно ли автоматически подбирать архитектуру рекуррентной ячейки?,prompt4,dialog0510,2-file_phi4-mini_3.8b_prompt4_dialog0510,2-file,33.1,62.8,38.6,67.6,100.0,38.6,8.7,58.9,8.4,12.4
phi4-mini,3.8B,5._Рекуррентные_НС,"Зачем нужны рекуррентные нейронные сети, если существуют полносвязные и сверточные?",prompt3,dialog0481,2-file_phi4-mini_3.8b_prompt3_dialog0481,2-file,34.7,42.8,43.4,67.6,100.0,45.4,13.3,41.5,10.6,11.8
phi4-mini,3.8B,5._Рекуррентные_НС,Что такое скрытое состояние в RNN?,prompt3,dialog0482,2-file_phi4-mini_3.8b_prompt3_dialog0482,2-file,34.7,42.8,43.4,67.6,100.0,45.4,13.3,41.5,10.6,11.8
phi4-mini,3.8B,5._Рекуррентные_НС,Какие типы входов и выходов встречаются в задачах RNN?,prompt3,dialog0483,2-file_phi4-mini_3.8b_prompt3_dialog0483,2-file,34.7,42.8,43.4,67.6,100.0,45.4,13.3,41.5,10.6,11.8
phi4-mini,3.8B,5._Рекуррентные_НС,В чем отличие Simple RNN от глубоких RNN?,prompt3,dialog0484,2-file_phi4-mini_3.8b_prompt3_dialog0484,2-file,34.7,42.8,43.4,67.6,100.0,45.4,13.3,41.5,10.6,11.8
phi4-mini,3.8B,5._Рекуррентные_НС,Что такое двунаправленные RNN и зачем они нужны?,prompt3,dialog0485,2-file_phi4-mini_3.8b_prompt3_dialog0485,2-file,34.7,42.8,43.4,67.6,100.0,45.4,13.3,41.5,10.6,11.8
phi4-mini,3.8B,5._Рекуррентные_НС,Как LSTM решает проблему затухающих градиентов?,prompt3,dialog0486,2-file_phi4-mini_3.8b_prompt3_dialog0486,2-file,34.7,42.8,43.4,67.6,100.0,45.4,13.3,41.5,10.6,11.8
phi4-mini,3.8B,5._Рекуррентные_НС,Какие компоненты включает стандартная LSTM ячейка?,prompt3,dialog0487,2-file_phi4-mini_3.8b_prompt3_dialog0487,2-file,34.7,42.8,43.4,67.6,100.0,45.4,13.3,41.5,10.6,11.8
phi4-mini,3.8B,5._Рекуррентные_НС,Чем GRU отличается от LSTM?,prompt3,dialog0488,2-file_phi4-mini_3.8b_prompt3_dialog0488,2-file,34.7,42.8,43.4,67.6,100.0,45.4,13.3,41.5,10.6,11.8
phi4-mini,3.8B,5._Рекуррентные_НС,Зачем нужны замочные скважины (peepholes) в LSTM?,prompt3,dialog0489,2-file_phi4-mini_3.8b_prompt3_dialog0489,2-file,34.7,42.8,43.4,67.6,100.0,45.4,13.3,41.5,10.6,11.8
phi4-mini,3.8B,5._Рекуррентные_НС,Почему нормализация по мини-батчам важна для обучения RNN?,prompt3,dialog0490,2-file_phi4-mini_3.8b_prompt3_dialog0490,2-file,34.7,42.8,43.4,67.6,100.0,45.4,13.3,41.5,10.6,11.8
phi4-mini,3.8B,5._Рекуррентные_НС,В чем трудность применения обычной batch normalization к RNN?,prompt3,dialog0491,2-file_phi4-mini_3.8b_prompt3_dialog0491,2-file,34.7,42.8,43.4,67.6,100.0,45.4,13.3,41.5,10.6,11.8
phi4-mini,3.8B,5._Рекуррентные_НС,Как работает механизм внимания (Attention)?,prompt3,dialog0492,2-file_phi4-mini_3.8b_prompt3_dialog0492,2-file,34.7,42.8,43.4,67.6,100.0,45.4,13.3,41.5,10.6,11.8
phi4-mini,3.8B,5._Рекуррентные_НС,Почему внимание важно в задачах машинного перевода?,prompt3,dialog0493,2-file_phi4-mini_3.8b_prompt3_dialog0493,2-file,34.7,42.8,43.4,67.6,100.0,45.4,13.3,41.5,10.6,11.8
phi4-mini,3.8B,5._Рекуррентные_НС,"Чем Show, Attend and Tell отличается от обычного RNN для обработки изображений?",prompt3,dialog0494,2-file_phi4-mini_3.8b_prompt3_dialog0494,2-file,34.7,42.8,43.4,67.6,100.0,45.4,13.3,41.5,10.6,11.8
phi4-mini,3.8B,5._Рекуррентные_НС,Можно ли автоматически подбирать архитектуру рекуррентной ячейки?,prompt3,dialog0495,2-file_phi4-mini_3.8b_prompt3_dialog0495,2-file,34.7,42.8,43.4,67.6,100.0,45.4,13.3,41.5,10.6,11.8
phi4-mini,3.8B,5._Рекуррентные_НС,"Зачем нужны рекуррентные нейронные сети, если существуют полносвязные и сверточные?",prompt2,dialog0466,2-file_phi4-mini_3.8b_prompt2_dialog0466,2-file,24.7,58.2,40.5,66.9,100.0,42.2,5.5,57.5,9.6,10.3
phi4-mini,3.8B,5._Рекуррентные_НС,Что такое скрытое состояние в RNN?,prompt2,dialog0467,2-file_phi4-mini_3.8b_prompt2_dialog0467,2-file,24.7,58.2,40.5,66.9,100.0,42.2,5.5,57.5,9.6,10.3
phi4-mini,3.8B,5._Рекуррентные_НС,Какие типы входов и выходов встречаются в задачах RNN?,prompt2,dialog0468,2-file_phi4-mini_3.8b_prompt2_dialog0468,2-file,24.7,58.2,40.5,66.9,100.0,42.2,5.5,57.5,9.6,10.3
phi4-mini,3.8B,5._Рекуррентные_НС,В чем отличие Simple RNN от глубоких RNN?,prompt2,dialog0469,2-file_phi4-mini_3.8b_prompt2_dialog0469,2-file,24.7,58.2,40.5,66.9,100.0,42.2,5.5,57.5,9.6,10.3
phi4-mini,3.8B,5._Рекуррентные_НС,Что такое двунаправленные RNN и зачем они нужны?,prompt2,dialog0470,2-file_phi4-mini_3.8b_prompt2_dialog0470,2-file,24.7,58.2,40.5,66.9,100.0,42.2,5.5,57.5,9.6,10.3
phi4-mini,3.8B,5._Рекуррентные_НС,Как LSTM решает проблему затухающих градиентов?,prompt2,dialog0471,2-file_phi4-mini_3.8b_prompt2_dialog0471,2-file,24.7,58.2,40.5,66.9,100.0,42.2,5.5,57.5,9.6,10.3
phi4-mini,3.8B,5._Рекуррентные_НС,Какие компоненты включает стандартная LSTM ячейка?,prompt2,dialog0472,2-file_phi4-mini_3.8b_prompt2_dialog0472,2-file,24.7,58.2,40.5,66.9,100.0,42.2,5.5,57.5,9.6,10.3
phi4-mini,3.8B,5._Рекуррентные_НС,Чем GRU отличается от LSTM?,prompt2,dialog0473,2-file_phi4-mini_3.8b_prompt2_dialog0473,2-file,24.7,58.2,40.5,66.9,100.0,42.2,5.5,57.5,9.6,10.3
phi4-mini,3.8B,5._Рекуррентные_НС,Зачем нужны замочные скважины (peepholes) в LSTM?,prompt2,dialog0474,2-file_phi4-mini_3.8b_prompt2_dialog0474,2-file,24.7,58.2,40.5,66.9,100.0,42.2,5.5,57.5,9.6,10.3
phi4-mini,3.8B,5._Рекуррентные_НС,Почему нормализация по мини-батчам важна для обучения RNN?,prompt2,dialog0475,2-file_phi4-mini_3.8b_prompt2_dialog0475,2-file,24.7,58.2,40.5,66.9,100.0,42.2,5.5,57.5,9.6,10.3
phi4-mini,3.8B,5._Рекуррентные_НС,В чем трудность применения обычной batch normalization к RNN?,prompt2,dialog0476,2-file_phi4-mini_3.8b_prompt2_dialog0476,2-file,24.7,58.2,40.5,66.9,100.0,42.2,5.5,57.5,9.6,10.3
phi4-mini,3.8B,5._Рекуррентные_НС,Как работает механизм внимания (Attention)?,prompt2,dialog0477,2-file_phi4-mini_3.8b_prompt2_dialog0477,2-file,24.7,58.2,40.5,66.9,100.0,42.2,5.5,57.5,9.6,10.3
phi4-mini,3.8B,5._Рекуррентные_НС,Почему внимание важно в задачах машинного перевода?,prompt2,dialog0478,2-file_phi4-mini_3.8b_prompt2_dialog0478,2-file,24.7,58.2,40.5,66.9,100.0,42.2,5.5,57.5,9.6,10.3
phi4-mini,3.8B,5._Рекуррентные_НС,"Чем Show, Attend and Tell отличается от обычного RNN для обработки изображений?",prompt2,dialog0479,2-file_phi4-mini_3.8b_prompt2_dialog0479,2-file,24.7,58.2,40.5,66.9,100.0,42.2,5.5,57.5,9.6,10.3
phi4-mini,3.8B,5._Рекуррентные_НС,Можно ли автоматически подбирать архитектуру рекуррентной ячейки?,prompt2,dialog0480,2-file_phi4-mini_3.8b_prompt2_dialog0480,2-file,24.7,58.2,40.5,66.9,100.0,42.2,5.5,57.5,9.6,10.3
phi4-mini,3.8B,5._Рекуррентные_НС,"Зачем нужны рекуррентные нейронные сети, если существуют полносвязные и сверточные?",prompt5,dialog0511,2-file_phi4-mini_3.8b_prompt5_dialog0511,2-file,23.3,57.1,30.2,66.9,100.0,31.7,9.5,48.0,6.7,15.8
phi4-mini,3.8B,5._Рекуррентные_НС,Что такое скрытое состояние в RNN?,prompt5,dialog0512,2-file_phi4-mini_3.8b_prompt5_dialog0512,2-file,23.3,57.1,30.2,66.9,100.0,31.7,9.5,48.0,6.7,15.8
phi4-mini,3.8B,5._Рекуррентные_НС,Какие типы входов и выходов встречаются в задачах RNN?,prompt5,dialog0513,2-file_phi4-mini_3.8b_prompt5_dialog0513,2-file,23.3,57.1,30.2,66.9,100.0,31.7,9.5,48.0,6.7,15.8
phi4-mini,3.8B,5._Рекуррентные_НС,В чем отличие Simple RNN от глубоких RNN?,prompt5,dialog0514,2-file_phi4-mini_3.8b_prompt5_dialog0514,2-file,23.3,57.1,30.2,66.9,100.0,31.7,9.5,48.0,6.7,15.8
phi4-mini,3.8B,5._Рекуррентные_НС,Что такое двунаправленные RNN и зачем они нужны?,prompt5,dialog0515,2-file_phi4-mini_3.8b_prompt5_dialog0515,2-file,23.3,57.1,30.2,66.9,100.0,31.7,9.5,48.0,6.7,15.8
phi4-mini,3.8B,5._Рекуррентные_НС,Как LSTM решает проблему затухающих градиентов?,prompt5,dialog0516,2-file_phi4-mini_3.8b_prompt5_dialog0516,2-file,23.3,57.1,30.2,66.9,100.0,31.7,9.5,48.0,6.7,15.8
phi4-mini,3.8B,5._Рекуррентные_НС,Какие компоненты включает стандартная LSTM ячейка?,prompt5,dialog0517,2-file_phi4-mini_3.8b_prompt5_dialog0517,2-file,23.3,57.1,30.2,66.9,100.0,31.7,9.5,48.0,6.7,15.8
phi4-mini,3.8B,5._Рекуррентные_НС,Чем GRU отличается от LSTM?,prompt5,dialog0518,2-file_phi4-mini_3.8b_prompt5_dialog0518,2-file,23.3,57.1,30.2,66.9,100.0,31.7,9.5,48.0,6.7,15.8
phi4-mini,3.8B,5._Рекуррентные_НС,Зачем нужны замочные скважины (peepholes) в LSTM?,prompt5,dialog0519,2-file_phi4-mini_3.8b_prompt5_dialog0519,2-file,23.3,57.1,30.2,66.9,100.0,31.7,9.5,48.0,6.7,15.8
phi4-mini,3.8B,5._Рекуррентные_НС,Почему нормализация по мини-батчам важна для обучения RNN?,prompt5,dialog0520,2-file_phi4-mini_3.8b_prompt5_dialog0520,2-file,23.3,57.1,30.2,66.9,100.0,31.7,9.5,48.0,6.7,15.8
phi4-mini,3.8B,5._Рекуррентные_НС,В чем трудность применения обычной batch normalization к RNN?,prompt5,dialog0521,2-file_phi4-mini_3.8b_prompt5_dialog0521,2-file,23.3,57.1,30.2,66.9,100.0,31.7,9.5,48.0,6.7,15.8
phi4-mini,3.8B,5._Рекуррентные_НС,Как работает механизм внимания (Attention)?,prompt5,dialog0522,2-file_phi4-mini_3.8b_prompt5_dialog0522,2-file,23.3,57.1,30.2,66.9,100.0,31.7,9.5,48.0,6.7,15.8
phi4-mini,3.8B,5._Рекуррентные_НС,Почему внимание важно в задачах машинного перевода?,prompt5,dialog0523,2-file_phi4-mini_3.8b_prompt5_dialog0523,2-file,23.3,57.1,30.2,66.9,100.0,31.7,9.5,48.0,6.7,15.8
phi4-mini,3.8B,5._Рекуррентные_НС,"Чем Show, Attend and Tell отличается от обычного RNN для обработки изображений?",prompt5,dialog0524,2-file_phi4-mini_3.8b_prompt5_dialog0524,2-file,23.3,57.1,30.2,66.9,100.0,31.7,9.5,48.0,6.7,15.8
phi4-mini,3.8B,5._Рекуррентные_НС,Можно ли автоматически подбирать архитектуру рекуррентной ячейки?,prompt5,dialog0525,2-file_phi4-mini_3.8b_prompt5_dialog0525,2-file,23.3,57.1,30.2,66.9,100.0,31.7,9.5,48.0,6.7,15.8
phi4-mini,3.8B,5._Рекуррентные_НС,"Зачем нужны рекуррентные нейронные сети, если существуют полносвязные и сверточные?",prompt12,dialog0616,2-file_phi4-mini_3.8b_prompt12_dialog0616,2-file,19.0,53.6,27.1,67.6,100.0,27.6,20.0,55.7,13.1,11.0
phi4-mini,3.8B,5._Рекуррентные_НС,Что такое скрытое состояние в RNN?,prompt12,dialog0617,2-file_phi4-mini_3.8b_prompt12_dialog0617,2-file,19.0,53.6,27.1,67.6,100.0,27.6,20.0,55.7,13.1,11.0
phi4-mini,3.8B,5._Рекуррентные_НС,Какие типы входов и выходов встречаются в задачах RNN?,prompt12,dialog0618,2-file_phi4-mini_3.8b_prompt12_dialog0618,2-file,19.0,53.6,27.1,67.6,100.0,27.6,20.0,55.7,13.1,11.0
phi4-mini,3.8B,5._Рекуррентные_НС,В чем отличие Simple RNN от глубоких RNN?,prompt12,dialog0619,2-file_phi4-mini_3.8b_prompt12_dialog0619,2-file,19.0,53.6,27.1,67.6,100.0,27.6,20.0,55.7,13.1,11.0
phi4-mini,3.8B,5._Рекуррентные_НС,Что такое двунаправленные RNN и зачем они нужны?,prompt12,dialog0620,2-file_phi4-mini_3.8b_prompt12_dialog0620,2-file,19.0,53.6,27.1,67.6,100.0,27.6,20.0,55.7,13.1,11.0
phi4-mini,3.8B,5._Рекуррентные_НС,Как LSTM решает проблему затухающих градиентов?,prompt12,dialog0621,2-file_phi4-mini_3.8b_prompt12_dialog0621,2-file,19.0,53.6,27.1,67.6,100.0,27.6,20.0,55.7,13.1,11.0
phi4-mini,3.8B,5._Рекуррентные_НС,Какие компоненты включает стандартная LSTM ячейка?,prompt12,dialog0622,2-file_phi4-mini_3.8b_prompt12_dialog0622,2-file,19.0,53.6,27.1,67.6,100.0,27.6,20.0,55.7,13.1,11.0
phi4-mini,3.8B,5._Рекуррентные_НС,Чем GRU отличается от LSTM?,prompt12,dialog0623,2-file_phi4-mini_3.8b_prompt12_dialog0623,2-file,19.0,53.6,27.1,67.6,100.0,27.6,20.0,55.7,13.1,11.0
phi4-mini,3.8B,5._Рекуррентные_НС,Зачем нужны замочные скважины (peepholes) в LSTM?,prompt12,dialog0624,2-file_phi4-mini_3.8b_prompt12_dialog0624,2-file,19.0,53.6,27.1,67.6,100.0,27.6,20.0,55.7,13.1,11.0
phi4-mini,3.8B,5._Рекуррентные_НС,Почему нормализация по мини-батчам важна для обучения RNN?,prompt12,dialog0625,2-file_phi4-mini_3.8b_prompt12_dialog0625,2-file,19.0,53.6,27.1,67.6,100.0,27.6,20.0,55.7,13.1,11.0
phi4-mini,3.8B,5._Рекуррентные_НС,В чем трудность применения обычной batch normalization к RNN?,prompt12,dialog0626,2-file_phi4-mini_3.8b_prompt12_dialog0626,2-file,19.0,53.6,27.1,67.6,100.0,27.6,20.0,55.7,13.1,11.0
phi4-mini,3.8B,5._Рекуррентные_НС,Как работает механизм внимания (Attention)?,prompt12,dialog0627,2-file_phi4-mini_3.8b_prompt12_dialog0627,2-file,19.0,53.6,27.1,67.6,100.0,27.6,20.0,55.7,13.1,11.0
phi4-mini,3.8B,5._Рекуррентные_НС,Почему внимание важно в задачах машинного перевода?,prompt12,dialog0628,2-file_phi4-mini_3.8b_prompt12_dialog0628,2-file,19.0,53.6,27.1,67.6,100.0,27.6,20.0,55.7,13.1,11.0
phi4-mini,3.8B,5._Рекуррентные_НС,"Чем Show, Attend and Tell отличается от обычного RNN для обработки изображений?",prompt12,dialog0629,2-file_phi4-mini_3.8b_prompt12_dialog0629,2-file,19.0,53.6,27.1,67.6,100.0,27.6,20.0,55.7,13.1,11.0
phi4-mini,3.8B,5._Рекуррентные_НС,Можно ли автоматически подбирать архитектуру рекуррентной ячейки?,prompt12,dialog0630,2-file_phi4-mini_3.8b_prompt12_dialog0630,2-file,19.0,53.6,27.1,67.6,100.0,27.6,20.0,55.7,13.1,11.0
phi4-mini,3.8B,5._Рекуррентные_НС,"Зачем нужны рекуррентные нейронные сети, если существуют полносвязные и сверточные?",prompt15,dialog0661,2-file_phi4-mini_3.8b_prompt15_dialog0661,2-file,18.9,43.6,30.5,67.6,100.0,34.7,11.2,45.8,11.9,9.7
phi4-mini,3.8B,5._Рекуррентные_НС,Что такое скрытое состояние в RNN?,prompt15,dialog0662,2-file_phi4-mini_3.8b_prompt15_dialog0662,2-file,18.9,43.6,30.5,67.6,100.0,34.7,11.2,45.8,11.9,9.7
phi4-mini,3.8B,5._Рекуррентные_НС,Какие типы входов и выходов встречаются в задачах RNN?,prompt15,dialog0663,2-file_phi4-mini_3.8b_prompt15_dialog0663,2-file,18.9,43.6,30.5,67.6,100.0,34.7,11.2,45.8,11.9,9.7
phi4-mini,3.8B,5._Рекуррентные_НС,В чем отличие Simple RNN от глубоких RNN?,prompt15,dialog0664,2-file_phi4-mini_3.8b_prompt15_dialog0664,2-file,18.9,43.6,30.5,67.6,100.0,34.7,11.2,45.8,11.9,9.7
phi4-mini,3.8B,5._Рекуррентные_НС,Что такое двунаправленные RNN и зачем они нужны?,prompt15,dialog0665,2-file_phi4-mini_3.8b_prompt15_dialog0665,2-file,18.9,43.6,30.5,67.6,100.0,34.7,11.2,45.8,11.9,9.7
phi4-mini,3.8B,5._Рекуррентные_НС,Как LSTM решает проблему затухающих градиентов?,prompt15,dialog0666,2-file_phi4-mini_3.8b_prompt15_dialog0666,2-file,18.9,43.6,30.5,67.6,100.0,34.7,11.2,45.8,11.9,9.7
phi4-mini,3.8B,5._Рекуррентные_НС,Какие компоненты включает стандартная LSTM ячейка?,prompt15,dialog0667,2-file_phi4-mini_3.8b_prompt15_dialog0667,2-file,18.9,43.6,30.5,67.6,100.0,34.7,11.2,45.8,11.9,9.7
phi4-mini,3.8B,5._Рекуррентные_НС,Чем GRU отличается от LSTM?,prompt15,dialog0668,2-file_phi4-mini_3.8b_prompt15_dialog0668,2-file,18.9,43.6,30.5,67.6,100.0,34.7,11.2,45.8,11.9,9.7
phi4-mini,3.8B,5._Рекуррентные_НС,Зачем нужны замочные скважины (peepholes) в LSTM?,prompt15,dialog0669,2-file_phi4-mini_3.8b_prompt15_dialog0669,2-file,18.9,43.6,30.5,67.6,100.0,34.7,11.2,45.8,11.9,9.7
phi4-mini,3.8B,5._Рекуррентные_НС,Почему нормализация по мини-батчам важна для обучения RNN?,prompt15,dialog0670,2-file_phi4-mini_3.8b_prompt15_dialog0670,2-file,18.9,43.6,30.5,67.6,100.0,34.7,11.2,45.8,11.9,9.7
phi4-mini,3.8B,5._Рекуррентные_НС,В чем трудность применения обычной batch normalization к RNN?,prompt15,dialog0671,2-file_phi4-mini_3.8b_prompt15_dialog0671,2-file,18.9,43.6,30.5,67.6,100.0,34.7,11.2,45.8,11.9,9.7
phi4-mini,3.8B,5._Рекуррентные_НС,Как работает механизм внимания (Attention)?,prompt15,dialog0672,2-file_phi4-mini_3.8b_prompt15_dialog0672,2-file,18.9,43.6,30.5,67.6,100.0,34.7,11.2,45.8,11.9,9.7
phi4-mini,3.8B,5._Рекуррентные_НС,Почему внимание важно в задачах машинного перевода?,prompt15,dialog0673,2-file_phi4-mini_3.8b_prompt15_dialog0673,2-file,18.9,43.6,30.5,67.6,100.0,34.7,11.2,45.8,11.9,9.7
phi4-mini,3.8B,5._Рекуррентные_НС,"Чем Show, Attend and Tell отличается от обычного RNN для обработки изображений?",prompt15,dialog0674,2-file_phi4-mini_3.8b_prompt15_dialog0674,2-file,18.9,43.6,30.5,67.6,100.0,34.7,11.2,45.8,11.9,9.7
phi4-mini,3.8B,5._Рекуррентные_НС,Можно ли автоматически подбирать архитектуру рекуррентной ячейки?,prompt15,dialog0675,2-file_phi4-mini_3.8b_prompt15_dialog0675,2-file,18.9,43.6,30.5,67.6,100.0,34.7,11.2,45.8,11.9,9.7
phi4-mini,3.8B,5._Рекуррентные_НС,"Зачем нужны рекуррентные нейронные сети, если существуют полносвязные и сверточные?",prompt10,dialog0586,2-file_phi4-mini_3.8b_prompt10_dialog0586,2-file,24.6,72.4,29.8,67.6,100.0,31.4,7.3,63.4,6.9,15.9
phi4-mini,3.8B,5._Рекуррентные_НС,Что такое скрытое состояние в RNN?,prompt10,dialog0587,2-file_phi4-mini_3.8b_prompt10_dialog0587,2-file,24.6,72.4,29.8,67.6,100.0,31.4,7.3,63.4,6.9,15.9
phi4-mini,3.8B,5._Рекуррентные_НС,Какие типы входов и выходов встречаются в задачах RNN?,prompt10,dialog0588,2-file_phi4-mini_3.8b_prompt10_dialog0588,2-file,24.6,72.4,29.8,67.6,100.0,31.4,7.3,63.4,6.9,15.9
phi4-mini,3.8B,5._Рекуррентные_НС,В чем отличие Simple RNN от глубоких RNN?,prompt10,dialog0589,2-file_phi4-mini_3.8b_prompt10_dialog0589,2-file,24.6,72.4,29.8,67.6,100.0,31.4,7.3,63.4,6.9,15.9
phi4-mini,3.8B,5._Рекуррентные_НС,Что такое двунаправленные RNN и зачем они нужны?,prompt10,dialog0590,2-file_phi4-mini_3.8b_prompt10_dialog0590,2-file,24.6,72.4,29.8,67.6,100.0,31.4,7.3,63.4,6.9,15.9
phi4-mini,3.8B,5._Рекуррентные_НС,Как LSTM решает проблему затухающих градиентов?,prompt10,dialog0591,2-file_phi4-mini_3.8b_prompt10_dialog0591,2-file,24.6,72.4,29.8,67.6,100.0,31.4,7.3,63.4,6.9,15.9
phi4-mini,3.8B,5._Рекуррентные_НС,Какие компоненты включает стандартная LSTM ячейка?,prompt10,dialog0592,2-file_phi4-mini_3.8b_prompt10_dialog0592,2-file,24.6,72.4,29.8,67.6,100.0,31.4,7.3,63.4,6.9,15.9
phi4-mini,3.8B,5._Рекуррентные_НС,Чем GRU отличается от LSTM?,prompt10,dialog0593,2-file_phi4-mini_3.8b_prompt10_dialog0593,2-file,24.6,72.4,29.8,67.6,100.0,31.4,7.3,63.4,6.9,15.9
phi4-mini,3.8B,5._Рекуррентные_НС,Зачем нужны замочные скважины (peepholes) в LSTM?,prompt10,dialog0594,2-file_phi4-mini_3.8b_prompt10_dialog0594,2-file,24.6,72.4,29.8,67.6,100.0,31.4,7.3,63.4,6.9,15.9
phi4-mini,3.8B,5._Рекуррентные_НС,Почему нормализация по мини-батчам важна для обучения RNN?,prompt10,dialog0595,2-file_phi4-mini_3.8b_prompt10_dialog0595,2-file,24.6,72.4,29.8,67.6,100.0,31.4,7.3,63.4,6.9,15.9
phi4-mini,3.8B,5._Рекуррентные_НС,В чем трудность применения обычной batch normalization к RNN?,prompt10,dialog0596,2-file_phi4-mini_3.8b_prompt10_dialog0596,2-file,24.6,72.4,29.8,67.6,100.0,31.4,7.3,63.4,6.9,15.9
phi4-mini,3.8B,5._Рекуррентные_НС,Как работает механизм внимания (Attention)?,prompt10,dialog0597,2-file_phi4-mini_3.8b_prompt10_dialog0597,2-file,24.6,72.4,29.8,67.6,100.0,31.4,7.3,63.4,6.9,15.9
phi4-mini,3.8B,5._Рекуррентные_НС,Почему внимание важно в задачах машинного перевода?,prompt10,dialog0598,2-file_phi4-mini_3.8b_prompt10_dialog0598,2-file,24.6,72.4,29.8,67.6,100.0,31.4,7.3,63.4,6.9,15.9
phi4-mini,3.8B,5._Рекуррентные_НС,"Чем Show, Attend and Tell отличается от обычного RNN для обработки изображений?",prompt10,dialog0599,2-file_phi4-mini_3.8b_prompt10_dialog0599,2-file,24.6,72.4,29.8,67.6,100.0,31.4,7.3,63.4,6.9,15.9
phi4-mini,3.8B,5._Рекуррентные_НС,Можно ли автоматически подбирать архитектуру рекуррентной ячейки?,prompt10,dialog0600,2-file_phi4-mini_3.8b_prompt10_dialog0600,2-file,24.6,72.4,29.8,67.6,100.0,31.4,7.3,63.4,6.9,15.9
phi4-mini,3.8B,5._Рекуррентные_НС,"Зачем нужны рекуррентные нейронные сети, если существуют полносвязные и сверточные?",prompt9,dialog0571,2-file_phi4-mini_3.8b_prompt9_dialog0571,2-file,28.8,62.0,36.2,66.9,100.0,37.2,6.7,60.2,11.3,13.0
phi4-mini,3.8B,5._Рекуррентные_НС,Что такое скрытое состояние в RNN?,prompt9,dialog0572,2-file_phi4-mini_3.8b_prompt9_dialog0572,2-file,28.8,62.0,36.2,66.9,100.0,37.2,6.7,60.2,11.3,13.0
phi4-mini,3.8B,5._Рекуррентные_НС,Какие типы входов и выходов встречаются в задачах RNN?,prompt9,dialog0573,2-file_phi4-mini_3.8b_prompt9_dialog0573,2-file,28.8,62.0,36.2,66.9,100.0,37.2,6.7,60.2,11.3,13.0
phi4-mini,3.8B,5._Рекуррентные_НС,В чем отличие Simple RNN от глубоких RNN?,prompt9,dialog0574,2-file_phi4-mini_3.8b_prompt9_dialog0574,2-file,28.8,62.0,36.2,66.9,100.0,37.2,6.7,60.2,11.3,13.0
phi4-mini,3.8B,5._Рекуррентные_НС,Что такое двунаправленные RNN и зачем они нужны?,prompt9,dialog0575,2-file_phi4-mini_3.8b_prompt9_dialog0575,2-file,28.8,62.0,36.2,66.9,100.0,37.2,6.7,60.2,11.3,13.0
phi4-mini,3.8B,5._Рекуррентные_НС,Как LSTM решает проблему затухающих градиентов?,prompt9,dialog0576,2-file_phi4-mini_3.8b_prompt9_dialog0576,2-file,28.8,62.0,36.2,66.9,100.0,37.2,6.7,60.2,11.3,13.0
phi4-mini,3.8B,5._Рекуррентные_НС,Какие компоненты включает стандартная LSTM ячейка?,prompt9,dialog0577,2-file_phi4-mini_3.8b_prompt9_dialog0577,2-file,28.8,62.0,36.2,66.9,100.0,37.2,6.7,60.2,11.3,13.0
phi4-mini,3.8B,5._Рекуррентные_НС,Чем GRU отличается от LSTM?,prompt9,dialog0578,2-file_phi4-mini_3.8b_prompt9_dialog0578,2-file,28.8,62.0,36.2,66.9,100.0,37.2,6.7,60.2,11.3,13.0
phi4-mini,3.8B,5._Рекуррентные_НС,Зачем нужны замочные скважины (peepholes) в LSTM?,prompt9,dialog0579,2-file_phi4-mini_3.8b_prompt9_dialog0579,2-file,28.8,62.0,36.2,66.9,100.0,37.2,6.7,60.2,11.3,13.0
phi4-mini,3.8B,5._Рекуррентные_НС,Почему нормализация по мини-батчам важна для обучения RNN?,prompt9,dialog0580,2-file_phi4-mini_3.8b_prompt9_dialog0580,2-file,28.8,62.0,36.2,66.9,100.0,37.2,6.7,60.2,11.3,13.0
phi4-mini,3.8B,5._Рекуррентные_НС,В чем трудность применения обычной batch normalization к RNN?,prompt9,dialog0581,2-file_phi4-mini_3.8b_prompt9_dialog0581,2-file,28.8,62.0,36.2,66.9,100.0,37.2,6.7,60.2,11.3,13.0
phi4-mini,3.8B,5._Рекуррентные_НС,Как работает механизм внимания (Attention)?,prompt9,dialog0582,2-file_phi4-mini_3.8b_prompt9_dialog0582,2-file,28.8,62.0,36.2,66.9,100.0,37.2,6.7,60.2,11.3,13.0
phi4-mini,3.8B,5._Рекуррентные_НС,Почему внимание важно в задачах машинного перевода?,prompt9,dialog0583,2-file_phi4-mini_3.8b_prompt9_dialog0583,2-file,28.8,62.0,36.2,66.9,100.0,37.2,6.7,60.2,11.3,13.0
phi4-mini,3.8B,5._Рекуррентные_НС,"Чем Show, Attend and Tell отличается от обычного RNN для обработки изображений?",prompt9,dialog0584,2-file_phi4-mini_3.8b_prompt9_dialog0584,2-file,28.8,62.0,36.2,66.9,100.0,37.2,6.7,60.2,11.3,13.0
phi4-mini,3.8B,5._Рекуррентные_НС,Можно ли автоматически подбирать архитектуру рекуррентной ячейки?,prompt9,dialog0585,2-file_phi4-mini_3.8b_prompt9_dialog0585,2-file,28.8,62.0,36.2,66.9,100.0,37.2,6.7,60.2,11.3,13.0
phi4-mini,3.8B,5._Рекуррентные_НС,"Зачем нужны рекуррентные нейронные сети, если существуют полносвязные и сверточные?",prompt7,dialog0541,2-file_phi4-mini_3.8b_prompt7_dialog0541,2-file,32.9,61.0,42.3,67.6,100.0,42.9,5.6,53.5,6.7,14.2
phi4-mini,3.8B,5._Рекуррентные_НС,Что такое скрытое состояние в RNN?,prompt7,dialog0542,2-file_phi4-mini_3.8b_prompt7_dialog0542,2-file,32.9,61.0,42.3,67.6,100.0,42.9,5.6,53.5,6.7,14.2
phi4-mini,3.8B,5._Рекуррентные_НС,Какие типы входов и выходов встречаются в задачах RNN?,prompt7,dialog0543,2-file_phi4-mini_3.8b_prompt7_dialog0543,2-file,32.9,61.0,42.3,67.6,100.0,42.9,5.6,53.5,6.7,14.2
phi4-mini,3.8B,5._Рекуррентные_НС,В чем отличие Simple RNN от глубоких RNN?,prompt7,dialog0544,2-file_phi4-mini_3.8b_prompt7_dialog0544,2-file,32.9,61.0,42.3,67.6,100.0,42.9,5.6,53.5,6.7,14.2
phi4-mini,3.8B,5._Рекуррентные_НС,Что такое двунаправленные RNN и зачем они нужны?,prompt7,dialog0545,2-file_phi4-mini_3.8b_prompt7_dialog0545,2-file,32.9,61.0,42.3,67.6,100.0,42.9,5.6,53.5,6.7,14.2
phi4-mini,3.8B,5._Рекуррентные_НС,Как LSTM решает проблему затухающих градиентов?,prompt7,dialog0546,2-file_phi4-mini_3.8b_prompt7_dialog0546,2-file,32.9,61.0,42.3,67.6,100.0,42.9,5.6,53.5,6.7,14.2
phi4-mini,3.8B,5._Рекуррентные_НС,Какие компоненты включает стандартная LSTM ячейка?,prompt7,dialog0547,2-file_phi4-mini_3.8b_prompt7_dialog0547,2-file,32.9,61.0,42.3,67.6,100.0,42.9,5.6,53.5,6.7,14.2
phi4-mini,3.8B,5._Рекуррентные_НС,Чем GRU отличается от LSTM?,prompt7,dialog0548,2-file_phi4-mini_3.8b_prompt7_dialog0548,2-file,32.9,61.0,42.3,67.6,100.0,42.9,5.6,53.5,6.7,14.2
phi4-mini,3.8B,5._Рекуррентные_НС,Зачем нужны замочные скважины (peepholes) в LSTM?,prompt7,dialog0549,2-file_phi4-mini_3.8b_prompt7_dialog0549,2-file,32.9,61.0,42.3,67.6,100.0,42.9,5.6,53.5,6.7,14.2
phi4-mini,3.8B,5._Рекуррентные_НС,Почему нормализация по мини-батчам важна для обучения RNN?,prompt7,dialog0550,2-file_phi4-mini_3.8b_prompt7_dialog0550,2-file,32.9,61.0,42.3,67.6,100.0,42.9,5.6,53.5,6.7,14.2
phi4-mini,3.8B,5._Рекуррентные_НС,В чем трудность применения обычной batch normalization к RNN?,prompt7,dialog0551,2-file_phi4-mini_3.8b_prompt7_dialog0551,2-file,32.9,61.0,42.3,67.6,100.0,42.9,5.6,53.5,6.7,14.2
phi4-mini,3.8B,5._Рекуррентные_НС,Как работает механизм внимания (Attention)?,prompt7,dialog0552,2-file_phi4-mini_3.8b_prompt7_dialog0552,2-file,32.9,61.0,42.3,67.6,100.0,42.9,5.6,53.5,6.7,14.2
phi4-mini,3.8B,5._Рекуррентные_НС,Почему внимание важно в задачах машинного перевода?,prompt7,dialog0553,2-file_phi4-mini_3.8b_prompt7_dialog0553,2-file,32.9,61.0,42.3,67.6,100.0,42.9,5.6,53.5,6.7,14.2
phi4-mini,3.8B,5._Рекуррентные_НС,"Чем Show, Attend and Tell отличается от обычного RNN для обработки изображений?",prompt7,dialog0554,2-file_phi4-mini_3.8b_prompt7_dialog0554,2-file,32.9,61.0,42.3,67.6,100.0,42.9,5.6,53.5,6.7,14.2
phi4-mini,3.8B,5._Рекуррентные_НС,Можно ли автоматически подбирать архитектуру рекуррентной ячейки?,prompt7,dialog0555,2-file_phi4-mini_3.8b_prompt7_dialog0555,2-file,32.9,61.0,42.3,67.6,100.0,42.9,5.6,53.5,6.7,14.2
phi4-mini,3.8B,5._Рекуррентные_НС,"Зачем нужны рекуррентные нейронные сети, если существуют полносвязные и сверточные?",prompt6,dialog0526,2-file_phi4-mini_3.8b_prompt6_dialog0526,2-file,0.0,0.0,16.6,65.6,100.0,14.4,21.1,52.3,52.3,0.0
phi4-mini,3.8B,5._Рекуррентные_НС,Что такое скрытое состояние в RNN?,prompt6,dialog0527,2-file_phi4-mini_3.8b_prompt6_dialog0527,2-file,0.0,0.0,16.6,65.6,100.0,14.4,21.1,52.3,52.3,0.0
phi4-mini,3.8B,5._Рекуррентные_НС,Какие типы входов и выходов встречаются в задачах RNN?,prompt6,dialog0528,2-file_phi4-mini_3.8b_prompt6_dialog0528,2-file,0.0,0.0,16.6,65.6,100.0,14.4,21.1,52.3,52.3,0.0
phi4-mini,3.8B,5._Рекуррентные_НС,В чем отличие Simple RNN от глубоких RNN?,prompt6,dialog0529,2-file_phi4-mini_3.8b_prompt6_dialog0529,2-file,0.0,0.0,16.6,65.6,100.0,14.4,21.1,52.3,52.3,0.0
phi4-mini,3.8B,5._Рекуррентные_НС,Что такое двунаправленные RNN и зачем они нужны?,prompt6,dialog0530,2-file_phi4-mini_3.8b_prompt6_dialog0530,2-file,0.0,0.0,16.6,65.6,100.0,14.4,21.1,52.3,52.3,0.0
phi4-mini,3.8B,5._Рекуррентные_НС,Как LSTM решает проблему затухающих градиентов?,prompt6,dialog0531,2-file_phi4-mini_3.8b_prompt6_dialog0531,2-file,0.0,0.0,16.6,65.6,100.0,14.4,21.1,52.3,52.3,0.0
phi4-mini,3.8B,5._Рекуррентные_НС,Какие компоненты включает стандартная LSTM ячейка?,prompt6,dialog0532,2-file_phi4-mini_3.8b_prompt6_dialog0532,2-file,0.0,0.0,16.6,65.6,100.0,14.4,21.1,52.3,52.3,0.0
phi4-mini,3.8B,5._Рекуррентные_НС,Чем GRU отличается от LSTM?,prompt6,dialog0533,2-file_phi4-mini_3.8b_prompt6_dialog0533,2-file,0.0,0.0,16.6,65.6,100.0,14.4,21.1,52.3,52.3,0.0
phi4-mini,3.8B,5._Рекуррентные_НС,Зачем нужны замочные скважины (peepholes) в LSTM?,prompt6,dialog0534,2-file_phi4-mini_3.8b_prompt6_dialog0534,2-file,0.0,0.0,16.6,65.6,100.0,14.4,21.1,52.3,52.3,0.0
phi4-mini,3.8B,5._Рекуррентные_НС,Почему нормализация по мини-батчам важна для обучения RNN?,prompt6,dialog0535,2-file_phi4-mini_3.8b_prompt6_dialog0535,2-file,0.0,0.0,16.6,65.6,100.0,14.4,21.1,52.3,52.3,0.0
phi4-mini,3.8B,5._Рекуррентные_НС,В чем трудность применения обычной batch normalization к RNN?,prompt6,dialog0536,2-file_phi4-mini_3.8b_prompt6_dialog0536,2-file,0.0,0.0,16.6,65.6,100.0,14.4,21.1,52.3,52.3,0.0
phi4-mini,3.8B,5._Рекуррентные_НС,Как работает механизм внимания (Attention)?,prompt6,dialog0537,2-file_phi4-mini_3.8b_prompt6_dialog0537,2-file,0.0,0.0,16.6,65.6,100.0,14.4,21.1,52.3,52.3,0.0
phi4-mini,3.8B,5._Рекуррентные_НС,Почему внимание важно в задачах машинного перевода?,prompt6,dialog0538,2-file_phi4-mini_3.8b_prompt6_dialog0538,2-file,0.0,0.0,16.6,65.6,100.0,14.4,21.1,52.3,52.3,0.0
phi4-mini,3.8B,5._Рекуррентные_НС,"Чем Show, Attend and Tell отличается от обычного RNN для обработки изображений?",prompt6,dialog0539,2-file_phi4-mini_3.8b_prompt6_dialog0539,2-file,0.0,0.0,16.6,65.6,100.0,14.4,21.1,52.3,52.3,0.0
phi4-mini,3.8B,5._Рекуррентные_НС,Можно ли автоматически подбирать архитектуру рекуррентной ячейки?,prompt6,dialog0540,2-file_phi4-mini_3.8b_prompt6_dialog0540,2-file,0.0,0.0,16.6,65.6,100.0,14.4,21.1,52.3,52.3,0.0
phi4-mini,3.8B,5._Рекуррентные_НС,"Зачем нужны рекуррентные нейронные сети, если существуют полносвязные и сверточные?",prompt1,dialog0451,2-file_phi4-mini_3.8b_prompt1_dialog0451,2-file,30.4,56.9,37.2,67.6,100.0,36.6,8.9,51.8,7.5,12.7
phi4-mini,3.8B,5._Рекуррентные_НС,Что такое скрытое состояние в RNN?,prompt1,dialog0452,2-file_phi4-mini_3.8b_prompt1_dialog0452,2-file,30.4,56.9,37.2,67.6,100.0,36.6,8.9,51.8,7.5,12.7
phi4-mini,3.8B,5._Рекуррентные_НС,Какие типы входов и выходов встречаются в задачах RNN?,prompt1,dialog0453,2-file_phi4-mini_3.8b_prompt1_dialog0453,2-file,30.4,56.9,37.2,67.6,100.0,36.6,8.9,51.8,7.5,12.7
phi4-mini,3.8B,5._Рекуррентные_НС,В чем отличие Simple RNN от глубоких RNN?,prompt1,dialog0454,2-file_phi4-mini_3.8b_prompt1_dialog0454,2-file,30.4,56.9,37.2,67.6,100.0,36.6,8.9,51.8,7.5,12.7
phi4-mini,3.8B,5._Рекуррентные_НС,Что такое двунаправленные RNN и зачем они нужны?,prompt1,dialog0455,2-file_phi4-mini_3.8b_prompt1_dialog0455,2-file,30.4,56.9,37.2,67.6,100.0,36.6,8.9,51.8,7.5,12.7
phi4-mini,3.8B,5._Рекуррентные_НС,Как LSTM решает проблему затухающих градиентов?,prompt1,dialog0456,2-file_phi4-mini_3.8b_prompt1_dialog0456,2-file,30.4,56.9,37.2,67.6,100.0,36.6,8.9,51.8,7.5,12.7
phi4-mini,3.8B,5._Рекуррентные_НС,Какие компоненты включает стандартная LSTM ячейка?,prompt1,dialog0457,2-file_phi4-mini_3.8b_prompt1_dialog0457,2-file,30.4,56.9,37.2,67.6,100.0,36.6,8.9,51.8,7.5,12.7
phi4-mini,3.8B,5._Рекуррентные_НС,Чем GRU отличается от LSTM?,prompt1,dialog0458,2-file_phi4-mini_3.8b_prompt1_dialog0458,2-file,30.4,56.9,37.2,67.6,100.0,36.6,8.9,51.8,7.5,12.7
phi4-mini,3.8B,5._Рекуррентные_НС,Зачем нужны замочные скважины (peepholes) в LSTM?,prompt1,dialog0459,2-file_phi4-mini_3.8b_prompt1_dialog0459,2-file,30.4,56.9,37.2,67.6,100.0,36.6,8.9,51.8,7.5,12.7
phi4-mini,3.8B,5._Рекуррентные_НС,Почему нормализация по мини-батчам важна для обучения RNN?,prompt1,dialog0460,2-file_phi4-mini_3.8b_prompt1_dialog0460,2-file,30.4,56.9,37.2,67.6,100.0,36.6,8.9,51.8,7.5,12.7
phi4-mini,3.8B,5._Рекуррентные_НС,В чем трудность применения обычной batch normalization к RNN?,prompt1,dialog0461,2-file_phi4-mini_3.8b_prompt1_dialog0461,2-file,30.4,56.9,37.2,67.6,100.0,36.6,8.9,51.8,7.5,12.7
phi4-mini,3.8B,5._Рекуррентные_НС,Как работает механизм внимания (Attention)?,prompt1,dialog0462,2-file_phi4-mini_3.8b_prompt1_dialog0462,2-file,30.4,56.9,37.2,67.6,100.0,36.6,8.9,51.8,7.5,12.7
phi4-mini,3.8B,5._Рекуррентные_НС,Почему внимание важно в задачах машинного перевода?,prompt1,dialog0463,2-file_phi4-mini_3.8b_prompt1_dialog0463,2-file,30.4,56.9,37.2,67.6,100.0,36.6,8.9,51.8,7.5,12.7
phi4-mini,3.8B,5._Рекуррентные_НС,"Чем Show, Attend and Tell отличается от обычного RNN для обработки изображений?",prompt1,dialog0464,2-file_phi4-mini_3.8b_prompt1_dialog0464,2-file,30.4,56.9,37.2,67.6,100.0,36.6,8.9,51.8,7.5,12.7
phi4-mini,3.8B,5._Рекуррентные_НС,Можно ли автоматически подбирать архитектуру рекуррентной ячейки?,prompt1,dialog0465,2-file_phi4-mini_3.8b_prompt1_dialog0465,2-file,30.4,56.9,37.2,67.6,100.0,36.6,8.9,51.8,7.5,12.7
phi4-mini,3.8B,5._Рекуррентные_НС,"Зачем нужны рекуррентные нейронные сети, если существуют полносвязные и сверточные?",prompt8,dialog0556,2-file_phi4-mini_3.8b_prompt8_dialog0556,2-file,28.7,61.0,38.5,67.6,100.0,39.0,6.1,53.1,6.3,14.1
phi4-mini,3.8B,5._Рекуррентные_НС,Что такое скрытое состояние в RNN?,prompt8,dialog0557,2-file_phi4-mini_3.8b_prompt8_dialog0557,2-file,28.7,61.0,38.5,67.6,100.0,39.0,6.1,53.1,6.3,14.1
phi4-mini,3.8B,5._Рекуррентные_НС,Какие типы входов и выходов встречаются в задачах RNN?,prompt8,dialog0558,2-file_phi4-mini_3.8b_prompt8_dialog0558,2-file,28.7,61.0,38.5,67.6,100.0,39.0,6.1,53.1,6.3,14.1
phi4-mini,3.8B,5._Рекуррентные_НС,В чем отличие Simple RNN от глубоких RNN?,prompt8,dialog0559,2-file_phi4-mini_3.8b_prompt8_dialog0559,2-file,28.7,61.0,38.5,67.6,100.0,39.0,6.1,53.1,6.3,14.1
phi4-mini,3.8B,5._Рекуррентные_НС,Что такое двунаправленные RNN и зачем они нужны?,prompt8,dialog0560,2-file_phi4-mini_3.8b_prompt8_dialog0560,2-file,28.7,61.0,38.5,67.6,100.0,39.0,6.1,53.1,6.3,14.1
phi4-mini,3.8B,5._Рекуррентные_НС,Как LSTM решает проблему затухающих градиентов?,prompt8,dialog0561,2-file_phi4-mini_3.8b_prompt8_dialog0561,2-file,28.7,61.0,38.5,67.6,100.0,39.0,6.1,53.1,6.3,14.1
phi4-mini,3.8B,5._Рекуррентные_НС,Какие компоненты включает стандартная LSTM ячейка?,prompt8,dialog0562,2-file_phi4-mini_3.8b_prompt8_dialog0562,2-file,28.7,61.0,38.5,67.6,100.0,39.0,6.1,53.1,6.3,14.1
phi4-mini,3.8B,5._Рекуррентные_НС,Чем GRU отличается от LSTM?,prompt8,dialog0563,2-file_phi4-mini_3.8b_prompt8_dialog0563,2-file,28.7,61.0,38.5,67.6,100.0,39.0,6.1,53.1,6.3,14.1
phi4-mini,3.8B,5._Рекуррентные_НС,Зачем нужны замочные скважины (peepholes) в LSTM?,prompt8,dialog0564,2-file_phi4-mini_3.8b_prompt8_dialog0564,2-file,28.7,61.0,38.5,67.6,100.0,39.0,6.1,53.1,6.3,14.1
phi4-mini,3.8B,5._Рекуррентные_НС,Почему нормализация по мини-батчам важна для обучения RNN?,prompt8,dialog0565,2-file_phi4-mini_3.8b_prompt8_dialog0565,2-file,28.7,61.0,38.5,67.6,100.0,39.0,6.1,53.1,6.3,14.1
phi4-mini,3.8B,5._Рекуррентные_НС,В чем трудность применения обычной batch normalization к RNN?,prompt8,dialog0566,2-file_phi4-mini_3.8b_prompt8_dialog0566,2-file,28.7,61.0,38.5,67.6,100.0,39.0,6.1,53.1,6.3,14.1
phi4-mini,3.8B,5._Рекуррентные_НС,Как работает механизм внимания (Attention)?,prompt8,dialog0567,2-file_phi4-mini_3.8b_prompt8_dialog0567,2-file,28.7,61.0,38.5,67.6,100.0,39.0,6.1,53.1,6.3,14.1
phi4-mini,3.8B,5._Рекуррентные_НС,Почему внимание важно в задачах машинного перевода?,prompt8,dialog0568,2-file_phi4-mini_3.8b_prompt8_dialog0568,2-file,28.7,61.0,38.5,67.6,100.0,39.0,6.1,53.1,6.3,14.1
phi4-mini,3.8B,5._Рекуррентные_НС,"Чем Show, Attend and Tell отличается от обычного RNN для обработки изображений?",prompt8,dialog0569,2-file_phi4-mini_3.8b_prompt8_dialog0569,2-file,28.7,61.0,38.5,67.6,100.0,39.0,6.1,53.1,6.3,14.1
phi4-mini,3.8B,5._Рекуррентные_НС,Можно ли автоматически подбирать архитектуру рекуррентной ячейки?,prompt8,dialog0570,2-file_phi4-mini_3.8b_prompt8_dialog0570,2-file,28.7,61.0,38.5,67.6,100.0,39.0,6.1,53.1,6.3,14.1
phi4-mini,3.8B,5._Рекуррентные_НС,"Зачем нужны рекуррентные нейронные сети, если существуют полносвязные и сверточные?",prompt11,dialog0601,2-file_phi4-mini_3.8b_prompt11_dialog0601,2-file,29.4,63.3,36.2,67.6,100.0,37.0,11.1,54.8,5.7,14.2
phi4-mini,3.8B,5._Рекуррентные_НС,Что такое скрытое состояние в RNN?,prompt11,dialog0602,2-file_phi4-mini_3.8b_prompt11_dialog0602,2-file,29.4,63.3,36.2,67.6,100.0,37.0,11.1,54.8,5.7,14.2
phi4-mini,3.8B,5._Рекуррентные_НС,Какие типы входов и выходов встречаются в задачах RNN?,prompt11,dialog0603,2-file_phi4-mini_3.8b_prompt11_dialog0603,2-file,29.4,63.3,36.2,67.6,100.0,37.0,11.1,54.8,5.7,14.2
phi4-mini,3.8B,5._Рекуррентные_НС,В чем отличие Simple RNN от глубоких RNN?,prompt11,dialog0604,2-file_phi4-mini_3.8b_prompt11_dialog0604,2-file,29.4,63.3,36.2,67.6,100.0,37.0,11.1,54.8,5.7,14.2
phi4-mini,3.8B,5._Рекуррентные_НС,Что такое двунаправленные RNN и зачем они нужны?,prompt11,dialog0605,2-file_phi4-mini_3.8b_prompt11_dialog0605,2-file,29.4,63.3,36.2,67.6,100.0,37.0,11.1,54.8,5.7,14.2
phi4-mini,3.8B,5._Рекуррентные_НС,Как LSTM решает проблему затухающих градиентов?,prompt11,dialog0606,2-file_phi4-mini_3.8b_prompt11_dialog0606,2-file,29.4,63.3,36.2,67.6,100.0,37.0,11.1,54.8,5.7,14.2
phi4-mini,3.8B,5._Рекуррентные_НС,Какие компоненты включает стандартная LSTM ячейка?,prompt11,dialog0607,2-file_phi4-mini_3.8b_prompt11_dialog0607,2-file,29.4,63.3,36.2,67.6,100.0,37.0,11.1,54.8,5.7,14.2
phi4-mini,3.8B,5._Рекуррентные_НС,Чем GRU отличается от LSTM?,prompt11,dialog0608,2-file_phi4-mini_3.8b_prompt11_dialog0608,2-file,29.4,63.3,36.2,67.6,100.0,37.0,11.1,54.8,5.7,14.2
phi4-mini,3.8B,5._Рекуррентные_НС,Зачем нужны замочные скважины (peepholes) в LSTM?,prompt11,dialog0609,2-file_phi4-mini_3.8b_prompt11_dialog0609,2-file,29.4,63.3,36.2,67.6,100.0,37.0,11.1,54.8,5.7,14.2
phi4-mini,3.8B,5._Рекуррентные_НС,Почему нормализация по мини-батчам важна для обучения RNN?,prompt11,dialog0610,2-file_phi4-mini_3.8b_prompt11_dialog0610,2-file,29.4,63.3,36.2,67.6,100.0,37.0,11.1,54.8,5.7,14.2
phi4-mini,3.8B,5._Рекуррентные_НС,В чем трудность применения обычной batch normalization к RNN?,prompt11,dialog0611,2-file_phi4-mini_3.8b_prompt11_dialog0611,2-file,29.4,63.3,36.2,67.6,100.0,37.0,11.1,54.8,5.7,14.2
phi4-mini,3.8B,5._Рекуррентные_НС,Как работает механизм внимания (Attention)?,prompt11,dialog0612,2-file_phi4-mini_3.8b_prompt11_dialog0612,2-file,29.4,63.3,36.2,67.6,100.0,37.0,11.1,54.8,5.7,14.2
phi4-mini,3.8B,5._Рекуррентные_НС,Почему внимание важно в задачах машинного перевода?,prompt11,dialog0613,2-file_phi4-mini_3.8b_prompt11_dialog0613,2-file,29.4,63.3,36.2,67.6,100.0,37.0,11.1,54.8,5.7,14.2
phi4-mini,3.8B,5._Рекуррентные_НС,"Чем Show, Attend and Tell отличается от обычного RNN для обработки изображений?",prompt11,dialog0614,2-file_phi4-mini_3.8b_prompt11_dialog0614,2-file,29.4,63.3,36.2,67.6,100.0,37.0,11.1,54.8,5.7,14.2
phi4-mini,3.8B,5._Рекуррентные_НС,Можно ли автоматически подбирать архитектуру рекуррентной ячейки?,prompt11,dialog0615,2-file_phi4-mini_3.8b_prompt11_dialog0615,2-file,29.4,63.3,36.2,67.6,100.0,37.0,11.1,54.8,5.7,14.2
llama3.2,1.0B,5._Рекуррентные_НС,"Зачем нужны рекуррентные нейронные сети, если существуют полносвязные и сверточные?",prompt14,dialog0196,2-file_llama3.2_1b_prompt14_dialog0196,2-file,31.3,43.0,36.0,67.6,100.0,37.1,29.4,57.7,27.6,12.8
llama3.2,1.0B,5._Рекуррентные_НС,Что такое скрытое состояние в RNN?,prompt14,dialog0197,2-file_llama3.2_1b_prompt14_dialog0197,2-file,31.3,43.0,36.0,67.6,100.0,37.1,29.4,57.7,27.6,12.8
llama3.2,1.0B,5._Рекуррентные_НС,Какие типы входов и выходов встречаются в задачах RNN?,prompt14,dialog0198,2-file_llama3.2_1b_prompt14_dialog0198,2-file,31.3,43.0,36.0,67.6,100.0,37.1,29.4,57.7,27.6,12.8
llama3.2,1.0B,5._Рекуррентные_НС,В чем отличие Simple RNN от глубоких RNN?,prompt14,dialog0199,2-file_llama3.2_1b_prompt14_dialog0199,2-file,31.3,43.0,36.0,67.6,100.0,37.1,29.4,57.7,27.6,12.8
llama3.2,1.0B,5._Рекуррентные_НС,Что такое двунаправленные RNN и зачем они нужны?,prompt14,dialog0200,2-file_llama3.2_1b_prompt14_dialog0200,2-file,31.3,43.0,36.0,67.6,100.0,37.1,29.4,57.7,27.6,12.8
llama3.2,1.0B,5._Рекуррентные_НС,Как LSTM решает проблему затухающих градиентов?,prompt14,dialog0201,2-file_llama3.2_1b_prompt14_dialog0201,2-file,31.3,43.0,36.0,67.6,100.0,37.1,29.4,57.7,27.6,12.8
llama3.2,1.0B,5._Рекуррентные_НС,Какие компоненты включает стандартная LSTM ячейка?,prompt14,dialog0202,2-file_llama3.2_1b_prompt14_dialog0202,2-file,31.3,43.0,36.0,67.6,100.0,37.1,29.4,57.7,27.6,12.8
llama3.2,1.0B,5._Рекуррентные_НС,Чем GRU отличается от LSTM?,prompt14,dialog0203,2-file_llama3.2_1b_prompt14_dialog0203,2-file,31.3,43.0,36.0,67.6,100.0,37.1,29.4,57.7,27.6,12.8
llama3.2,1.0B,5._Рекуррентные_НС,Зачем нужны замочные скважины (peepholes) в LSTM?,prompt14,dialog0204,2-file_llama3.2_1b_prompt14_dialog0204,2-file,31.3,43.0,36.0,67.6,100.0,37.1,29.4,57.7,27.6,12.8
llama3.2,1.0B,5._Рекуррентные_НС,Почему нормализация по мини-батчам важна для обучения RNN?,prompt14,dialog0205,2-file_llama3.2_1b_prompt14_dialog0205,2-file,31.3,43.0,36.0,67.6,100.0,37.1,29.4,57.7,27.6,12.8
llama3.2,1.0B,5._Рекуррентные_НС,В чем трудность применения обычной batch normalization к RNN?,prompt14,dialog0206,2-file_llama3.2_1b_prompt14_dialog0206,2-file,31.3,43.0,36.0,67.6,100.0,37.1,29.4,57.7,27.6,12.8
llama3.2,1.0B,5._Рекуррентные_НС,Как работает механизм внимания (Attention)?,prompt14,dialog0207,2-file_llama3.2_1b_prompt14_dialog0207,2-file,31.3,43.0,36.0,67.6,100.0,37.1,29.4,57.7,27.6,12.8
llama3.2,1.0B,5._Рекуррентные_НС,Почему внимание важно в задачах машинного перевода?,prompt14,dialog0208,2-file_llama3.2_1b_prompt14_dialog0208,2-file,31.3,43.0,36.0,67.6,100.0,37.1,29.4,57.7,27.6,12.8
llama3.2,1.0B,5._Рекуррентные_НС,"Чем Show, Attend and Tell отличается от обычного RNN для обработки изображений?",prompt14,dialog0209,2-file_llama3.2_1b_prompt14_dialog0209,2-file,31.3,43.0,36.0,67.6,100.0,37.1,29.4,57.7,27.6,12.8
llama3.2,1.0B,5._Рекуррентные_НС,Можно ли автоматически подбирать архитектуру рекуррентной ячейки?,prompt14,dialog0210,2-file_llama3.2_1b_prompt14_dialog0210,2-file,31.3,43.0,36.0,67.6,100.0,37.1,29.4,57.7,27.6,12.8
llama3.2,1.0B,5._Рекуррентные_НС,"Зачем нужны рекуррентные нейронные сети, если существуют полносвязные и сверточные?",prompt13,dialog0181,2-file_llama3.2_1b_prompt13_dialog0181,2-file,30.3,40.9,32.4,67.6,100.0,33.5,25.8,63.1,33.3,11.1
llama3.2,1.0B,5._Рекуррентные_НС,Что такое скрытое состояние в RNN?,prompt13,dialog0182,2-file_llama3.2_1b_prompt13_dialog0182,2-file,30.3,40.9,32.4,67.6,100.0,33.5,25.8,63.1,33.3,11.1
llama3.2,1.0B,5._Рекуррентные_НС,Какие типы входов и выходов встречаются в задачах RNN?,prompt13,dialog0183,2-file_llama3.2_1b_prompt13_dialog0183,2-file,30.3,40.9,32.4,67.6,100.0,33.5,25.8,63.1,33.3,11.1
llama3.2,1.0B,5._Рекуррентные_НС,В чем отличие Simple RNN от глубоких RNN?,prompt13,dialog0184,2-file_llama3.2_1b_prompt13_dialog0184,2-file,30.3,40.9,32.4,67.6,100.0,33.5,25.8,63.1,33.3,11.1
llama3.2,1.0B,5._Рекуррентные_НС,Что такое двунаправленные RNN и зачем они нужны?,prompt13,dialog0185,2-file_llama3.2_1b_prompt13_dialog0185,2-file,30.3,40.9,32.4,67.6,100.0,33.5,25.8,63.1,33.3,11.1
llama3.2,1.0B,5._Рекуррентные_НС,Как LSTM решает проблему затухающих градиентов?,prompt13,dialog0186,2-file_llama3.2_1b_prompt13_dialog0186,2-file,30.3,40.9,32.4,67.6,100.0,33.5,25.8,63.1,33.3,11.1
llama3.2,1.0B,5._Рекуррентные_НС,Какие компоненты включает стандартная LSTM ячейка?,prompt13,dialog0187,2-file_llama3.2_1b_prompt13_dialog0187,2-file,30.3,40.9,32.4,67.6,100.0,33.5,25.8,63.1,33.3,11.1
llama3.2,1.0B,5._Рекуррентные_НС,Чем GRU отличается от LSTM?,prompt13,dialog0188,2-file_llama3.2_1b_prompt13_dialog0188,2-file,30.3,40.9,32.4,67.6,100.0,33.5,25.8,63.1,33.3,11.1
llama3.2,1.0B,5._Рекуррентные_НС,Зачем нужны замочные скважины (peepholes) в LSTM?,prompt13,dialog0189,2-file_llama3.2_1b_prompt13_dialog0189,2-file,30.3,40.9,32.4,67.6,100.0,33.5,25.8,63.1,33.3,11.1
llama3.2,1.0B,5._Рекуррентные_НС,Почему нормализация по мини-батчам важна для обучения RNN?,prompt13,dialog0190,2-file_llama3.2_1b_prompt13_dialog0190,2-file,30.3,40.9,32.4,67.6,100.0,33.5,25.8,63.1,33.3,11.1
llama3.2,1.0B,5._Рекуррентные_НС,В чем трудность применения обычной batch normalization к RNN?,prompt13,dialog0191,2-file_llama3.2_1b_prompt13_dialog0191,2-file,30.3,40.9,32.4,67.6,100.0,33.5,25.8,63.1,33.3,11.1
llama3.2,1.0B,5._Рекуррентные_НС,Как работает механизм внимания (Attention)?,prompt13,dialog0192,2-file_llama3.2_1b_prompt13_dialog0192,2-file,30.3,40.9,32.4,67.6,100.0,33.5,25.8,63.1,33.3,11.1
llama3.2,1.0B,5._Рекуррентные_НС,Почему внимание важно в задачах машинного перевода?,prompt13,dialog0193,2-file_llama3.2_1b_prompt13_dialog0193,2-file,30.3,40.9,32.4,67.6,100.0,33.5,25.8,63.1,33.3,11.1
llama3.2,1.0B,5._Рекуррентные_НС,"Чем Show, Attend and Tell отличается от обычного RNN для обработки изображений?",prompt13,dialog0194,2-file_llama3.2_1b_prompt13_dialog0194,2-file,30.3,40.9,32.4,67.6,100.0,33.5,25.8,63.1,33.3,11.1
llama3.2,1.0B,5._Рекуррентные_НС,Можно ли автоматически подбирать архитектуру рекуррентной ячейки?,prompt13,dialog0195,2-file_llama3.2_1b_prompt13_dialog0195,2-file,30.3,40.9,32.4,67.6,100.0,33.5,25.8,63.1,33.3,11.1
llama3.2,1.0B,5._Рекуррентные_НС,"Зачем нужны рекуррентные нейронные сети, если существуют полносвязные и сверточные?",prompt4,dialog0046,2-file_llama3.2_1b_prompt4_dialog0046,2-file,23.6,31.9,36.6,67.6,100.0,34.8,31.2,50.2,30.3,11.9
llama3.2,1.0B,5._Рекуррентные_НС,Что такое скрытое состояние в RNN?,prompt4,dialog0047,2-file_llama3.2_1b_prompt4_dialog0047,2-file,23.6,31.9,36.6,67.6,100.0,34.8,31.2,50.2,30.3,11.9
llama3.2,1.0B,5._Рекуррентные_НС,Какие типы входов и выходов встречаются в задачах RNN?,prompt4,dialog0048,2-file_llama3.2_1b_prompt4_dialog0048,2-file,23.6,31.9,36.6,67.6,100.0,34.8,31.2,50.2,30.3,11.9
llama3.2,1.0B,5._Рекуррентные_НС,В чем отличие Simple RNN от глубоких RNN?,prompt4,dialog0049,2-file_llama3.2_1b_prompt4_dialog0049,2-file,23.6,31.9,36.6,67.6,100.0,34.8,31.2,50.2,30.3,11.9
llama3.2,1.0B,5._Рекуррентные_НС,Что такое двунаправленные RNN и зачем они нужны?,prompt4,dialog0050,2-file_llama3.2_1b_prompt4_dialog0050,2-file,23.6,31.9,36.6,67.6,100.0,34.8,31.2,50.2,30.3,11.9
llama3.2,1.0B,5._Рекуррентные_НС,Как LSTM решает проблему затухающих градиентов?,prompt4,dialog0051,2-file_llama3.2_1b_prompt4_dialog0051,2-file,23.6,31.9,36.6,67.6,100.0,34.8,31.2,50.2,30.3,11.9
llama3.2,1.0B,5._Рекуррентные_НС,Какие компоненты включает стандартная LSTM ячейка?,prompt4,dialog0052,2-file_llama3.2_1b_prompt4_dialog0052,2-file,23.6,31.9,36.6,67.6,100.0,34.8,31.2,50.2,30.3,11.9
llama3.2,1.0B,5._Рекуррентные_НС,Чем GRU отличается от LSTM?,prompt4,dialog0053,2-file_llama3.2_1b_prompt4_dialog0053,2-file,23.6,31.9,36.6,67.6,100.0,34.8,31.2,50.2,30.3,11.9
llama3.2,1.0B,5._Рекуррентные_НС,Зачем нужны замочные скважины (peepholes) в LSTM?,prompt4,dialog0054,2-file_llama3.2_1b_prompt4_dialog0054,2-file,23.6,31.9,36.6,67.6,100.0,34.8,31.2,50.2,30.3,11.9
llama3.2,1.0B,5._Рекуррентные_НС,Почему нормализация по мини-батчам важна для обучения RNN?,prompt4,dialog0055,2-file_llama3.2_1b_prompt4_dialog0055,2-file,23.6,31.9,36.6,67.6,100.0,34.8,31.2,50.2,30.3,11.9
llama3.2,1.0B,5._Рекуррентные_НС,В чем трудность применения обычной batch normalization к RNN?,prompt4,dialog0056,2-file_llama3.2_1b_prompt4_dialog0056,2-file,23.6,31.9,36.6,67.6,100.0,34.8,31.2,50.2,30.3,11.9
llama3.2,1.0B,5._Рекуррентные_НС,Как работает механизм внимания (Attention)?,prompt4,dialog0057,2-file_llama3.2_1b_prompt4_dialog0057,2-file,23.6,31.9,36.6,67.6,100.0,34.8,31.2,50.2,30.3,11.9
llama3.2,1.0B,5._Рекуррентные_НС,Почему внимание важно в задачах машинного перевода?,prompt4,dialog0058,2-file_llama3.2_1b_prompt4_dialog0058,2-file,23.6,31.9,36.6,67.6,100.0,34.8,31.2,50.2,30.3,11.9
llama3.2,1.0B,5._Рекуррентные_НС,"Чем Show, Attend and Tell отличается от обычного RNN для обработки изображений?",prompt4,dialog0059,2-file_llama3.2_1b_prompt4_dialog0059,2-file,23.6,31.9,36.6,67.6,100.0,34.8,31.2,50.2,30.3,11.9
llama3.2,1.0B,5._Рекуррентные_НС,Можно ли автоматически подбирать архитектуру рекуррентной ячейки?,prompt4,dialog0060,2-file_llama3.2_1b_prompt4_dialog0060,2-file,23.6,31.9,36.6,67.6,100.0,34.8,31.2,50.2,30.3,11.9
llama3.2,1.0B,5._Рекуррентные_НС,"Зачем нужны рекуррентные нейронные сети, если существуют полносвязные и сверточные?",prompt3,dialog0031,2-file_llama3.2_1b_prompt3_dialog0031,2-file,25.3,32.0,29.7,67.6,100.0,26.4,30.5,51.5,37.5,17.9
llama3.2,1.0B,5._Рекуррентные_НС,Что такое скрытое состояние в RNN?,prompt3,dialog0032,2-file_llama3.2_1b_prompt3_dialog0032,2-file,25.3,32.0,29.7,67.6,100.0,26.4,30.5,51.5,37.5,17.9
llama3.2,1.0B,5._Рекуррентные_НС,Какие типы входов и выходов встречаются в задачах RNN?,prompt3,dialog0033,2-file_llama3.2_1b_prompt3_dialog0033,2-file,25.3,32.0,29.7,67.6,100.0,26.4,30.5,51.5,37.5,17.9
llama3.2,1.0B,5._Рекуррентные_НС,В чем отличие Simple RNN от глубоких RNN?,prompt3,dialog0034,2-file_llama3.2_1b_prompt3_dialog0034,2-file,25.3,32.0,29.7,67.6,100.0,26.4,30.5,51.5,37.5,17.9
llama3.2,1.0B,5._Рекуррентные_НС,Что такое двунаправленные RNN и зачем они нужны?,prompt3,dialog0035,2-file_llama3.2_1b_prompt3_dialog0035,2-file,25.3,32.0,29.7,67.6,100.0,26.4,30.5,51.5,37.5,17.9
llama3.2,1.0B,5._Рекуррентные_НС,Как LSTM решает проблему затухающих градиентов?,prompt3,dialog0036,2-file_llama3.2_1b_prompt3_dialog0036,2-file,25.3,32.0,29.7,67.6,100.0,26.4,30.5,51.5,37.5,17.9
llama3.2,1.0B,5._Рекуррентные_НС,Какие компоненты включает стандартная LSTM ячейка?,prompt3,dialog0037,2-file_llama3.2_1b_prompt3_dialog0037,2-file,25.3,32.0,29.7,67.6,100.0,26.4,30.5,51.5,37.5,17.9
llama3.2,1.0B,5._Рекуррентные_НС,Чем GRU отличается от LSTM?,prompt3,dialog0038,2-file_llama3.2_1b_prompt3_dialog0038,2-file,25.3,32.0,29.7,67.6,100.0,26.4,30.5,51.5,37.5,17.9
llama3.2,1.0B,5._Рекуррентные_НС,Зачем нужны замочные скважины (peepholes) в LSTM?,prompt3,dialog0039,2-file_llama3.2_1b_prompt3_dialog0039,2-file,25.3,32.0,29.7,67.6,100.0,26.4,30.5,51.5,37.5,17.9
llama3.2,1.0B,5._Рекуррентные_НС,Почему нормализация по мини-батчам важна для обучения RNN?,prompt3,dialog0040,2-file_llama3.2_1b_prompt3_dialog0040,2-file,25.3,32.0,29.7,67.6,100.0,26.4,30.5,51.5,37.5,17.9
llama3.2,1.0B,5._Рекуррентные_НС,В чем трудность применения обычной batch normalization к RNN?,prompt3,dialog0041,2-file_llama3.2_1b_prompt3_dialog0041,2-file,25.3,32.0,29.7,67.6,100.0,26.4,30.5,51.5,37.5,17.9
llama3.2,1.0B,5._Рекуррентные_НС,Как работает механизм внимания (Attention)?,prompt3,dialog0042,2-file_llama3.2_1b_prompt3_dialog0042,2-file,25.3,32.0,29.7,67.6,100.0,26.4,30.5,51.5,37.5,17.9
llama3.2,1.0B,5._Рекуррентные_НС,Почему внимание важно в задачах машинного перевода?,prompt3,dialog0043,2-file_llama3.2_1b_prompt3_dialog0043,2-file,25.3,32.0,29.7,67.6,100.0,26.4,30.5,51.5,37.5,17.9
llama3.2,1.0B,5._Рекуррентные_НС,"Чем Show, Attend and Tell отличается от обычного RNN для обработки изображений?",prompt3,dialog0044,2-file_llama3.2_1b_prompt3_dialog0044,2-file,25.3,32.0,29.7,67.6,100.0,26.4,30.5,51.5,37.5,17.9
llama3.2,1.0B,5._Рекуррентные_НС,Можно ли автоматически подбирать архитектуру рекуррентной ячейки?,prompt3,dialog0045,2-file_llama3.2_1b_prompt3_dialog0045,2-file,25.3,32.0,29.7,67.6,100.0,26.4,30.5,51.5,37.5,17.9
llama3.2,1.0B,5._Рекуррентные_НС,"Зачем нужны рекуррентные нейронные сети, если существуют полносвязные и сверточные?",prompt2,dialog0016,2-file_llama3.2_1b_prompt2_dialog0016,2-file,32.9,39.7,35.7,67.6,100.0,30.3,37.1,50.8,23.2,12.1
llama3.2,1.0B,5._Рекуррентные_НС,Что такое скрытое состояние в RNN?,prompt2,dialog0017,2-file_llama3.2_1b_prompt2_dialog0017,2-file,32.9,39.7,35.7,67.6,100.0,30.3,37.1,50.8,23.2,12.1
llama3.2,1.0B,5._Рекуррентные_НС,Какие типы входов и выходов встречаются в задачах RNN?,prompt2,dialog0018,2-file_llama3.2_1b_prompt2_dialog0018,2-file,32.9,39.7,35.7,67.6,100.0,30.3,37.1,50.8,23.2,12.1
llama3.2,1.0B,5._Рекуррентные_НС,В чем отличие Simple RNN от глубоких RNN?,prompt2,dialog0019,2-file_llama3.2_1b_prompt2_dialog0019,2-file,32.9,39.7,35.7,67.6,100.0,30.3,37.1,50.8,23.2,12.1
llama3.2,1.0B,5._Рекуррентные_НС,Что такое двунаправленные RNN и зачем они нужны?,prompt2,dialog0020,2-file_llama3.2_1b_prompt2_dialog0020,2-file,32.9,39.7,35.7,67.6,100.0,30.3,37.1,50.8,23.2,12.1
llama3.2,1.0B,5._Рекуррентные_НС,Как LSTM решает проблему затухающих градиентов?,prompt2,dialog0021,2-file_llama3.2_1b_prompt2_dialog0021,2-file,32.9,39.7,35.7,67.6,100.0,30.3,37.1,50.8,23.2,12.1
llama3.2,1.0B,5._Рекуррентные_НС,Какие компоненты включает стандартная LSTM ячейка?,prompt2,dialog0022,2-file_llama3.2_1b_prompt2_dialog0022,2-file,32.9,39.7,35.7,67.6,100.0,30.3,37.1,50.8,23.2,12.1
llama3.2,1.0B,5._Рекуррентные_НС,Чем GRU отличается от LSTM?,prompt2,dialog0023,2-file_llama3.2_1b_prompt2_dialog0023,2-file,32.9,39.7,35.7,67.6,100.0,30.3,37.1,50.8,23.2,12.1
llama3.2,1.0B,5._Рекуррентные_НС,Зачем нужны замочные скважины (peepholes) в LSTM?,prompt2,dialog0024,2-file_llama3.2_1b_prompt2_dialog0024,2-file,32.9,39.7,35.7,67.6,100.0,30.3,37.1,50.8,23.2,12.1
llama3.2,1.0B,5._Рекуррентные_НС,Почему нормализация по мини-батчам важна для обучения RNN?,prompt2,dialog0025,2-file_llama3.2_1b_prompt2_dialog0025,2-file,32.9,39.7,35.7,67.6,100.0,30.3,37.1,50.8,23.2,12.1
llama3.2,1.0B,5._Рекуррентные_НС,В чем трудность применения обычной batch normalization к RNN?,prompt2,dialog0026,2-file_llama3.2_1b_prompt2_dialog0026,2-file,32.9,39.7,35.7,67.6,100.0,30.3,37.1,50.8,23.2,12.1
llama3.2,1.0B,5._Рекуррентные_НС,Как работает механизм внимания (Attention)?,prompt2,dialog0027,2-file_llama3.2_1b_prompt2_dialog0027,2-file,32.9,39.7,35.7,67.6,100.0,30.3,37.1,50.8,23.2,12.1
llama3.2,1.0B,5._Рекуррентные_НС,Почему внимание важно в задачах машинного перевода?,prompt2,dialog0028,2-file_llama3.2_1b_prompt2_dialog0028,2-file,32.9,39.7,35.7,67.6,100.0,30.3,37.1,50.8,23.2,12.1
llama3.2,1.0B,5._Рекуррентные_НС,"Чем Show, Attend and Tell отличается от обычного RNN для обработки изображений?",prompt2,dialog0029,2-file_llama3.2_1b_prompt2_dialog0029,2-file,32.9,39.7,35.7,67.6,100.0,30.3,37.1,50.8,23.2,12.1
llama3.2,1.0B,5._Рекуррентные_НС,Можно ли автоматически подбирать архитектуру рекуррентной ячейки?,prompt2,dialog0030,2-file_llama3.2_1b_prompt2_dialog0030,2-file,32.9,39.7,35.7,67.6,100.0,30.3,37.1,50.8,23.2,12.1
llama3.2,1.0B,5._Рекуррентные_НС,"Зачем нужны рекуррентные нейронные сети, если существуют полносвязные и сверточные?",prompt5,dialog0061,2-file_llama3.2_1b_prompt5_dialog0061,2-file,19.1,28.9,22.6,67.6,100.0,19.9,29.5,62.2,41.6,8.3
llama3.2,1.0B,5._Рекуррентные_НС,Что такое скрытое состояние в RNN?,prompt5,dialog0062,2-file_llama3.2_1b_prompt5_dialog0062,2-file,19.1,28.9,22.6,67.6,100.0,19.9,29.5,62.2,41.6,8.3
llama3.2,1.0B,5._Рекуррентные_НС,Какие типы входов и выходов встречаются в задачах RNN?,prompt5,dialog0063,2-file_llama3.2_1b_prompt5_dialog0063,2-file,19.1,28.9,22.6,67.6,100.0,19.9,29.5,62.2,41.6,8.3
llama3.2,1.0B,5._Рекуррентные_НС,В чем отличие Simple RNN от глубоких RNN?,prompt5,dialog0064,2-file_llama3.2_1b_prompt5_dialog0064,2-file,19.1,28.9,22.6,67.6,100.0,19.9,29.5,62.2,41.6,8.3
llama3.2,1.0B,5._Рекуррентные_НС,Что такое двунаправленные RNN и зачем они нужны?,prompt5,dialog0065,2-file_llama3.2_1b_prompt5_dialog0065,2-file,19.1,28.9,22.6,67.6,100.0,19.9,29.5,62.2,41.6,8.3
llama3.2,1.0B,5._Рекуррентные_НС,Как LSTM решает проблему затухающих градиентов?,prompt5,dialog0066,2-file_llama3.2_1b_prompt5_dialog0066,2-file,19.1,28.9,22.6,67.6,100.0,19.9,29.5,62.2,41.6,8.3
llama3.2,1.0B,5._Рекуррентные_НС,Какие компоненты включает стандартная LSTM ячейка?,prompt5,dialog0067,2-file_llama3.2_1b_prompt5_dialog0067,2-file,19.1,28.9,22.6,67.6,100.0,19.9,29.5,62.2,41.6,8.3
llama3.2,1.0B,5._Рекуррентные_НС,Чем GRU отличается от LSTM?,prompt5,dialog0068,2-file_llama3.2_1b_prompt5_dialog0068,2-file,19.1,28.9,22.6,67.6,100.0,19.9,29.5,62.2,41.6,8.3
llama3.2,1.0B,5._Рекуррентные_НС,Зачем нужны замочные скважины (peepholes) в LSTM?,prompt5,dialog0069,2-file_llama3.2_1b_prompt5_dialog0069,2-file,19.1,28.9,22.6,67.6,100.0,19.9,29.5,62.2,41.6,8.3
llama3.2,1.0B,5._Рекуррентные_НС,Почему нормализация по мини-батчам важна для обучения RNN?,prompt5,dialog0070,2-file_llama3.2_1b_prompt5_dialog0070,2-file,19.1,28.9,22.6,67.6,100.0,19.9,29.5,62.2,41.6,8.3
llama3.2,1.0B,5._Рекуррентные_НС,В чем трудность применения обычной batch normalization к RNN?,prompt5,dialog0071,2-file_llama3.2_1b_prompt5_dialog0071,2-file,19.1,28.9,22.6,67.6,100.0,19.9,29.5,62.2,41.6,8.3
llama3.2,1.0B,5._Рекуррентные_НС,Как работает механизм внимания (Attention)?,prompt5,dialog0072,2-file_llama3.2_1b_prompt5_dialog0072,2-file,19.1,28.9,22.6,67.6,100.0,19.9,29.5,62.2,41.6,8.3
llama3.2,1.0B,5._Рекуррентные_НС,Почему внимание важно в задачах машинного перевода?,prompt5,dialog0073,2-file_llama3.2_1b_prompt5_dialog0073,2-file,19.1,28.9,22.6,67.6,100.0,19.9,29.5,62.2,41.6,8.3
llama3.2,1.0B,5._Рекуррентные_НС,"Чем Show, Attend and Tell отличается от обычного RNN для обработки изображений?",prompt5,dialog0074,2-file_llama3.2_1b_prompt5_dialog0074,2-file,19.1,28.9,22.6,67.6,100.0,19.9,29.5,62.2,41.6,8.3
llama3.2,1.0B,5._Рекуррентные_НС,Можно ли автоматически подбирать архитектуру рекуррентной ячейки?,prompt5,dialog0075,2-file_llama3.2_1b_prompt5_dialog0075,2-file,19.1,28.9,22.6,67.6,100.0,19.9,29.5,62.2,41.6,8.3
llama3.2,1.0B,5._Рекуррентные_НС,"Зачем нужны рекуррентные нейронные сети, если существуют полносвязные и сверточные?",prompt12,dialog0166,2-file_llama3.2_1b_prompt12_dialog0166,2-file,18.7,23.0,26.5,67.6,100.0,19.3,39.6,52.0,37.4,8.4
llama3.2,1.0B,5._Рекуррентные_НС,Что такое скрытое состояние в RNN?,prompt12,dialog0167,2-file_llama3.2_1b_prompt12_dialog0167,2-file,18.7,23.0,26.5,67.6,100.0,19.3,39.6,52.0,37.4,8.4
llama3.2,1.0B,5._Рекуррентные_НС,Какие типы входов и выходов встречаются в задачах RNN?,prompt12,dialog0168,2-file_llama3.2_1b_prompt12_dialog0168,2-file,18.7,23.0,26.5,67.6,100.0,19.3,39.6,52.0,37.4,8.4
llama3.2,1.0B,5._Рекуррентные_НС,В чем отличие Simple RNN от глубоких RNN?,prompt12,dialog0169,2-file_llama3.2_1b_prompt12_dialog0169,2-file,18.7,23.0,26.5,67.6,100.0,19.3,39.6,52.0,37.4,8.4
llama3.2,1.0B,5._Рекуррентные_НС,Что такое двунаправленные RNN и зачем они нужны?,prompt12,dialog0170,2-file_llama3.2_1b_prompt12_dialog0170,2-file,18.7,23.0,26.5,67.6,100.0,19.3,39.6,52.0,37.4,8.4
llama3.2,1.0B,5._Рекуррентные_НС,Как LSTM решает проблему затухающих градиентов?,prompt12,dialog0171,2-file_llama3.2_1b_prompt12_dialog0171,2-file,18.7,23.0,26.5,67.6,100.0,19.3,39.6,52.0,37.4,8.4
llama3.2,1.0B,5._Рекуррентные_НС,Какие компоненты включает стандартная LSTM ячейка?,prompt12,dialog0172,2-file_llama3.2_1b_prompt12_dialog0172,2-file,18.7,23.0,26.5,67.6,100.0,19.3,39.6,52.0,37.4,8.4
llama3.2,1.0B,5._Рекуррентные_НС,Чем GRU отличается от LSTM?,prompt12,dialog0173,2-file_llama3.2_1b_prompt12_dialog0173,2-file,18.7,23.0,26.5,67.6,100.0,19.3,39.6,52.0,37.4,8.4
llama3.2,1.0B,5._Рекуррентные_НС,Зачем нужны замочные скважины (peepholes) в LSTM?,prompt12,dialog0174,2-file_llama3.2_1b_prompt12_dialog0174,2-file,18.7,23.0,26.5,67.6,100.0,19.3,39.6,52.0,37.4,8.4
llama3.2,1.0B,5._Рекуррентные_НС,Почему нормализация по мини-батчам важна для обучения RNN?,prompt12,dialog0175,2-file_llama3.2_1b_prompt12_dialog0175,2-file,18.7,23.0,26.5,67.6,100.0,19.3,39.6,52.0,37.4,8.4
llama3.2,1.0B,5._Рекуррентные_НС,В чем трудность применения обычной batch normalization к RNN?,prompt12,dialog0176,2-file_llama3.2_1b_prompt12_dialog0176,2-file,18.7,23.0,26.5,67.6,100.0,19.3,39.6,52.0,37.4,8.4
llama3.2,1.0B,5._Рекуррентные_НС,Как работает механизм внимания (Attention)?,prompt12,dialog0177,2-file_llama3.2_1b_prompt12_dialog0177,2-file,18.7,23.0,26.5,67.6,100.0,19.3,39.6,52.0,37.4,8.4
llama3.2,1.0B,5._Рекуррентные_НС,Почему внимание важно в задачах машинного перевода?,prompt12,dialog0178,2-file_llama3.2_1b_prompt12_dialog0178,2-file,18.7,23.0,26.5,67.6,100.0,19.3,39.6,52.0,37.4,8.4
llama3.2,1.0B,5._Рекуррентные_НС,"Чем Show, Attend and Tell отличается от обычного RNN для обработки изображений?",prompt12,dialog0179,2-file_llama3.2_1b_prompt12_dialog0179,2-file,18.7,23.0,26.5,67.6,100.0,19.3,39.6,52.0,37.4,8.4
llama3.2,1.0B,5._Рекуррентные_НС,Можно ли автоматически подбирать архитектуру рекуррентной ячейки?,prompt12,dialog0180,2-file_llama3.2_1b_prompt12_dialog0180,2-file,18.7,23.0,26.5,67.6,100.0,19.3,39.6,52.0,37.4,8.4
llama3.2,1.0B,5._Рекуррентные_НС,"Зачем нужны рекуррентные нейронные сети, если существуют полносвязные и сверточные?",prompt15,dialog0211,2-file_llama3.2_1b_prompt15_dialog0211,2-file,16.7,28.0,24.8,67.6,100.0,28.8,34.4,59.7,37.6,5.9
llama3.2,1.0B,5._Рекуррентные_НС,Что такое скрытое состояние в RNN?,prompt15,dialog0212,2-file_llama3.2_1b_prompt15_dialog0212,2-file,16.7,28.0,24.8,67.6,100.0,28.8,34.4,59.7,37.6,5.9
llama3.2,1.0B,5._Рекуррентные_НС,Какие типы входов и выходов встречаются в задачах RNN?,prompt15,dialog0213,2-file_llama3.2_1b_prompt15_dialog0213,2-file,16.7,28.0,24.8,67.6,100.0,28.8,34.4,59.7,37.6,5.9
llama3.2,1.0B,5._Рекуррентные_НС,В чем отличие Simple RNN от глубоких RNN?,prompt15,dialog0214,2-file_llama3.2_1b_prompt15_dialog0214,2-file,16.7,28.0,24.8,67.6,100.0,28.8,34.4,59.7,37.6,5.9
llama3.2,1.0B,5._Рекуррентные_НС,Что такое двунаправленные RNN и зачем они нужны?,prompt15,dialog0215,2-file_llama3.2_1b_prompt15_dialog0215,2-file,16.7,28.0,24.8,67.6,100.0,28.8,34.4,59.7,37.6,5.9
llama3.2,1.0B,5._Рекуррентные_НС,Как LSTM решает проблему затухающих градиентов?,prompt15,dialog0216,2-file_llama3.2_1b_prompt15_dialog0216,2-file,16.7,28.0,24.8,67.6,100.0,28.8,34.4,59.7,37.6,5.9
llama3.2,1.0B,5._Рекуррентные_НС,Какие компоненты включает стандартная LSTM ячейка?,prompt15,dialog0217,2-file_llama3.2_1b_prompt15_dialog0217,2-file,16.7,28.0,24.8,67.6,100.0,28.8,34.4,59.7,37.6,5.9
llama3.2,1.0B,5._Рекуррентные_НС,Чем GRU отличается от LSTM?,prompt15,dialog0218,2-file_llama3.2_1b_prompt15_dialog0218,2-file,16.7,28.0,24.8,67.6,100.0,28.8,34.4,59.7,37.6,5.9
llama3.2,1.0B,5._Рекуррентные_НС,Зачем нужны замочные скважины (peepholes) в LSTM?,prompt15,dialog0219,2-file_llama3.2_1b_prompt15_dialog0219,2-file,16.7,28.0,24.8,67.6,100.0,28.8,34.4,59.7,37.6,5.9
llama3.2,1.0B,5._Рекуррентные_НС,Почему нормализация по мини-батчам важна для обучения RNN?,prompt15,dialog0220,2-file_llama3.2_1b_prompt15_dialog0220,2-file,16.7,28.0,24.8,67.6,100.0,28.8,34.4,59.7,37.6,5.9
llama3.2,1.0B,5._Рекуррентные_НС,В чем трудность применения обычной batch normalization к RNN?,prompt15,dialog0221,2-file_llama3.2_1b_prompt15_dialog0221,2-file,16.7,28.0,24.8,67.6,100.0,28.8,34.4,59.7,37.6,5.9
llama3.2,1.0B,5._Рекуррентные_НС,Как работает механизм внимания (Attention)?,prompt15,dialog0222,2-file_llama3.2_1b_prompt15_dialog0222,2-file,16.7,28.0,24.8,67.6,100.0,28.8,34.4,59.7,37.6,5.9
llama3.2,1.0B,5._Рекуррентные_НС,Почему внимание важно в задачах машинного перевода?,prompt15,dialog0223,2-file_llama3.2_1b_prompt15_dialog0223,2-file,16.7,28.0,24.8,67.6,100.0,28.8,34.4,59.7,37.6,5.9
llama3.2,1.0B,5._Рекуррентные_НС,"Чем Show, Attend and Tell отличается от обычного RNN для обработки изображений?",prompt15,dialog0224,2-file_llama3.2_1b_prompt15_dialog0224,2-file,16.7,28.0,24.8,67.6,100.0,28.8,34.4,59.7,37.6,5.9
llama3.2,1.0B,5._Рекуррентные_НС,Можно ли автоматически подбирать архитектуру рекуррентной ячейки?,prompt15,dialog0225,2-file_llama3.2_1b_prompt15_dialog0225,2-file,16.7,28.0,24.8,67.6,100.0,28.8,34.4,59.7,37.6,5.9
llama3.2,1.0B,5._Рекуррентные_НС,"Зачем нужны рекуррентные нейронные сети, если существуют полносвязные и сверточные?",prompt10,dialog0136,2-file_llama3.2_1b_prompt10_dialog0136,2-file,21.4,27.7,22.9,67.6,100.0,24.5,33.9,55.7,38.4,10.4
llama3.2,1.0B,5._Рекуррентные_НС,Что такое скрытое состояние в RNN?,prompt10,dialog0137,2-file_llama3.2_1b_prompt10_dialog0137,2-file,21.4,27.7,22.9,67.6,100.0,24.5,33.9,55.7,38.4,10.4
llama3.2,1.0B,5._Рекуррентные_НС,Какие типы входов и выходов встречаются в задачах RNN?,prompt10,dialog0138,2-file_llama3.2_1b_prompt10_dialog0138,2-file,21.4,27.7,22.9,67.6,100.0,24.5,33.9,55.7,38.4,10.4
llama3.2,1.0B,5._Рекуррентные_НС,В чем отличие Simple RNN от глубоких RNN?,prompt10,dialog0139,2-file_llama3.2_1b_prompt10_dialog0139,2-file,21.4,27.7,22.9,67.6,100.0,24.5,33.9,55.7,38.4,10.4
llama3.2,1.0B,5._Рекуррентные_НС,Что такое двунаправленные RNN и зачем они нужны?,prompt10,dialog0140,2-file_llama3.2_1b_prompt10_dialog0140,2-file,21.4,27.7,22.9,67.6,100.0,24.5,33.9,55.7,38.4,10.4
llama3.2,1.0B,5._Рекуррентные_НС,Как LSTM решает проблему затухающих градиентов?,prompt10,dialog0141,2-file_llama3.2_1b_prompt10_dialog0141,2-file,21.4,27.7,22.9,67.6,100.0,24.5,33.9,55.7,38.4,10.4
llama3.2,1.0B,5._Рекуррентные_НС,Какие компоненты включает стандартная LSTM ячейка?,prompt10,dialog0142,2-file_llama3.2_1b_prompt10_dialog0142,2-file,21.4,27.7,22.9,67.6,100.0,24.5,33.9,55.7,38.4,10.4
llama3.2,1.0B,5._Рекуррентные_НС,Чем GRU отличается от LSTM?,prompt10,dialog0143,2-file_llama3.2_1b_prompt10_dialog0143,2-file,21.4,27.7,22.9,67.6,100.0,24.5,33.9,55.7,38.4,10.4
llama3.2,1.0B,5._Рекуррентные_НС,Зачем нужны замочные скважины (peepholes) в LSTM?,prompt10,dialog0144,2-file_llama3.2_1b_prompt10_dialog0144,2-file,21.4,27.7,22.9,67.6,100.0,24.5,33.9,55.7,38.4,10.4
llama3.2,1.0B,5._Рекуррентные_НС,Почему нормализация по мини-батчам важна для обучения RNN?,prompt10,dialog0145,2-file_llama3.2_1b_prompt10_dialog0145,2-file,21.4,27.7,22.9,67.6,100.0,24.5,33.9,55.7,38.4,10.4
llama3.2,1.0B,5._Рекуррентные_НС,В чем трудность применения обычной batch normalization к RNN?,prompt10,dialog0146,2-file_llama3.2_1b_prompt10_dialog0146,2-file,21.4,27.7,22.9,67.6,100.0,24.5,33.9,55.7,38.4,10.4
llama3.2,1.0B,5._Рекуррентные_НС,Как работает механизм внимания (Attention)?,prompt10,dialog0147,2-file_llama3.2_1b_prompt10_dialog0147,2-file,21.4,27.7,22.9,67.6,100.0,24.5,33.9,55.7,38.4,10.4
llama3.2,1.0B,5._Рекуррентные_НС,Почему внимание важно в задачах машинного перевода?,prompt10,dialog0148,2-file_llama3.2_1b_prompt10_dialog0148,2-file,21.4,27.7,22.9,67.6,100.0,24.5,33.9,55.7,38.4,10.4
llama3.2,1.0B,5._Рекуррентные_НС,"Чем Show, Attend and Tell отличается от обычного RNN для обработки изображений?",prompt10,dialog0149,2-file_llama3.2_1b_prompt10_dialog0149,2-file,21.4,27.7,22.9,67.6,100.0,24.5,33.9,55.7,38.4,10.4
llama3.2,1.0B,5._Рекуррентные_НС,Можно ли автоматически подбирать архитектуру рекуррентной ячейки?,prompt10,dialog0150,2-file_llama3.2_1b_prompt10_dialog0150,2-file,21.4,27.7,22.9,67.6,100.0,24.5,33.9,55.7,38.4,10.4
llama3.2,1.0B,5._Рекуррентные_НС,"Зачем нужны рекуррентные нейронные сети, если существуют полносвязные и сверточные?",prompt9,dialog0121,2-file_llama3.2_1b_prompt9_dialog0121,2-file,16.0,21.0,21.4,67.6,100.0,22.5,34.2,57.4,44.8,8.3
llama3.2,1.0B,5._Рекуррентные_НС,Что такое скрытое состояние в RNN?,prompt9,dialog0122,2-file_llama3.2_1b_prompt9_dialog0122,2-file,16.0,21.0,21.4,67.6,100.0,22.5,34.2,57.4,44.8,8.3
llama3.2,1.0B,5._Рекуррентные_НС,Какие типы входов и выходов встречаются в задачах RNN?,prompt9,dialog0123,2-file_llama3.2_1b_prompt9_dialog0123,2-file,16.0,21.0,21.4,67.6,100.0,22.5,34.2,57.4,44.8,8.3
llama3.2,1.0B,5._Рекуррентные_НС,В чем отличие Simple RNN от глубоких RNN?,prompt9,dialog0124,2-file_llama3.2_1b_prompt9_dialog0124,2-file,16.0,21.0,21.4,67.6,100.0,22.5,34.2,57.4,44.8,8.3
llama3.2,1.0B,5._Рекуррентные_НС,Что такое двунаправленные RNN и зачем они нужны?,prompt9,dialog0125,2-file_llama3.2_1b_prompt9_dialog0125,2-file,16.0,21.0,21.4,67.6,100.0,22.5,34.2,57.4,44.8,8.3
llama3.2,1.0B,5._Рекуррентные_НС,Как LSTM решает проблему затухающих градиентов?,prompt9,dialog0126,2-file_llama3.2_1b_prompt9_dialog0126,2-file,16.0,21.0,21.4,67.6,100.0,22.5,34.2,57.4,44.8,8.3
llama3.2,1.0B,5._Рекуррентные_НС,Какие компоненты включает стандартная LSTM ячейка?,prompt9,dialog0127,2-file_llama3.2_1b_prompt9_dialog0127,2-file,16.0,21.0,21.4,67.6,100.0,22.5,34.2,57.4,44.8,8.3
llama3.2,1.0B,5._Рекуррентные_НС,Чем GRU отличается от LSTM?,prompt9,dialog0128,2-file_llama3.2_1b_prompt9_dialog0128,2-file,16.0,21.0,21.4,67.6,100.0,22.5,34.2,57.4,44.8,8.3
llama3.2,1.0B,5._Рекуррентные_НС,Зачем нужны замочные скважины (peepholes) в LSTM?,prompt9,dialog0129,2-file_llama3.2_1b_prompt9_dialog0129,2-file,16.0,21.0,21.4,67.6,100.0,22.5,34.2,57.4,44.8,8.3
llama3.2,1.0B,5._Рекуррентные_НС,Почему нормализация по мини-батчам важна для обучения RNN?,prompt9,dialog0130,2-file_llama3.2_1b_prompt9_dialog0130,2-file,16.0,21.0,21.4,67.6,100.0,22.5,34.2,57.4,44.8,8.3
llama3.2,1.0B,5._Рекуррентные_НС,В чем трудность применения обычной batch normalization к RNN?,prompt9,dialog0131,2-file_llama3.2_1b_prompt9_dialog0131,2-file,16.0,21.0,21.4,67.6,100.0,22.5,34.2,57.4,44.8,8.3
llama3.2,1.0B,5._Рекуррентные_НС,Как работает механизм внимания (Attention)?,prompt9,dialog0132,2-file_llama3.2_1b_prompt9_dialog0132,2-file,16.0,21.0,21.4,67.6,100.0,22.5,34.2,57.4,44.8,8.3
llama3.2,1.0B,5._Рекуррентные_НС,Почему внимание важно в задачах машинного перевода?,prompt9,dialog0133,2-file_llama3.2_1b_prompt9_dialog0133,2-file,16.0,21.0,21.4,67.6,100.0,22.5,34.2,57.4,44.8,8.3
llama3.2,1.0B,5._Рекуррентные_НС,"Чем Show, Attend and Tell отличается от обычного RNN для обработки изображений?",prompt9,dialog0134,2-file_llama3.2_1b_prompt9_dialog0134,2-file,16.0,21.0,21.4,67.6,100.0,22.5,34.2,57.4,44.8,8.3
llama3.2,1.0B,5._Рекуррентные_НС,Можно ли автоматически подбирать архитектуру рекуррентной ячейки?,prompt9,dialog0135,2-file_llama3.2_1b_prompt9_dialog0135,2-file,16.0,21.0,21.4,67.6,100.0,22.5,34.2,57.4,44.8,8.3
llama3.2,1.0B,5._Рекуррентные_НС,"Зачем нужны рекуррентные нейронные сети, если существуют полносвязные и сверточные?",prompt7,dialog0091,2-file_llama3.2_1b_prompt7_dialog0091,2-file,24.6,37.3,28.5,67.6,100.0,29.5,33.5,60.0,29.2,6.5
llama3.2,1.0B,5._Рекуррентные_НС,Что такое скрытое состояние в RNN?,prompt7,dialog0092,2-file_llama3.2_1b_prompt7_dialog0092,2-file,24.6,37.3,28.5,67.6,100.0,29.5,33.5,60.0,29.2,6.5
llama3.2,1.0B,5._Рекуррентные_НС,Какие типы входов и выходов встречаются в задачах RNN?,prompt7,dialog0093,2-file_llama3.2_1b_prompt7_dialog0093,2-file,24.6,37.3,28.5,67.6,100.0,29.5,33.5,60.0,29.2,6.5
llama3.2,1.0B,5._Рекуррентные_НС,В чем отличие Simple RNN от глубоких RNN?,prompt7,dialog0094,2-file_llama3.2_1b_prompt7_dialog0094,2-file,24.6,37.3,28.5,67.6,100.0,29.5,33.5,60.0,29.2,6.5
llama3.2,1.0B,5._Рекуррентные_НС,Что такое двунаправленные RNN и зачем они нужны?,prompt7,dialog0095,2-file_llama3.2_1b_prompt7_dialog0095,2-file,24.6,37.3,28.5,67.6,100.0,29.5,33.5,60.0,29.2,6.5
llama3.2,1.0B,5._Рекуррентные_НС,Как LSTM решает проблему затухающих градиентов?,prompt7,dialog0096,2-file_llama3.2_1b_prompt7_dialog0096,2-file,24.6,37.3,28.5,67.6,100.0,29.5,33.5,60.0,29.2,6.5
llama3.2,1.0B,5._Рекуррентные_НС,Какие компоненты включает стандартная LSTM ячейка?,prompt7,dialog0097,2-file_llama3.2_1b_prompt7_dialog0097,2-file,24.6,37.3,28.5,67.6,100.0,29.5,33.5,60.0,29.2,6.5
llama3.2,1.0B,5._Рекуррентные_НС,Чем GRU отличается от LSTM?,prompt7,dialog0098,2-file_llama3.2_1b_prompt7_dialog0098,2-file,24.6,37.3,28.5,67.6,100.0,29.5,33.5,60.0,29.2,6.5
llama3.2,1.0B,5._Рекуррентные_НС,Зачем нужны замочные скважины (peepholes) в LSTM?,prompt7,dialog0099,2-file_llama3.2_1b_prompt7_dialog0099,2-file,24.6,37.3,28.5,67.6,100.0,29.5,33.5,60.0,29.2,6.5
llama3.2,1.0B,5._Рекуррентные_НС,Почему нормализация по мини-батчам важна для обучения RNN?,prompt7,dialog0100,2-file_llama3.2_1b_prompt7_dialog0100,2-file,24.6,37.3,28.5,67.6,100.0,29.5,33.5,60.0,29.2,6.5
llama3.2,1.0B,5._Рекуррентные_НС,В чем трудность применения обычной batch normalization к RNN?,prompt7,dialog0101,2-file_llama3.2_1b_prompt7_dialog0101,2-file,24.6,37.3,28.5,67.6,100.0,29.5,33.5,60.0,29.2,6.5
llama3.2,1.0B,5._Рекуррентные_НС,Как работает механизм внимания (Attention)?,prompt7,dialog0102,2-file_llama3.2_1b_prompt7_dialog0102,2-file,24.6,37.3,28.5,67.6,100.0,29.5,33.5,60.0,29.2,6.5
llama3.2,1.0B,5._Рекуррентные_НС,Почему внимание важно в задачах машинного перевода?,prompt7,dialog0103,2-file_llama3.2_1b_prompt7_dialog0103,2-file,24.6,37.3,28.5,67.6,100.0,29.5,33.5,60.0,29.2,6.5
llama3.2,1.0B,5._Рекуррентные_НС,"Чем Show, Attend and Tell отличается от обычного RNN для обработки изображений?",prompt7,dialog0104,2-file_llama3.2_1b_prompt7_dialog0104,2-file,24.6,37.3,28.5,67.6,100.0,29.5,33.5,60.0,29.2,6.5
llama3.2,1.0B,5._Рекуррентные_НС,Можно ли автоматически подбирать архитектуру рекуррентной ячейки?,prompt7,dialog0105,2-file_llama3.2_1b_prompt7_dialog0105,2-file,24.6,37.3,28.5,67.6,100.0,29.5,33.5,60.0,29.2,6.5
llama3.2,1.0B,5._Рекуррентные_НС,"Зачем нужны рекуррентные нейронные сети, если существуют полносвязные и сверточные?",prompt6,dialog0076,2-file_llama3.2_1b_prompt6_dialog0076,2-file,24.6,29.6,26.5,65.9,100.0,28.1,36.0,58.5,34.3,5.5
llama3.2,1.0B,5._Рекуррентные_НС,Что такое скрытое состояние в RNN?,prompt6,dialog0077,2-file_llama3.2_1b_prompt6_dialog0077,2-file,24.6,29.6,26.5,65.9,100.0,28.1,36.0,58.5,34.3,5.5
llama3.2,1.0B,5._Рекуррентные_НС,Какие типы входов и выходов встречаются в задачах RNN?,prompt6,dialog0078,2-file_llama3.2_1b_prompt6_dialog0078,2-file,24.6,29.6,26.5,65.9,100.0,28.1,36.0,58.5,34.3,5.5
llama3.2,1.0B,5._Рекуррентные_НС,В чем отличие Simple RNN от глубоких RNN?,prompt6,dialog0079,2-file_llama3.2_1b_prompt6_dialog0079,2-file,24.6,29.6,26.5,65.9,100.0,28.1,36.0,58.5,34.3,5.5
llama3.2,1.0B,5._Рекуррентные_НС,Что такое двунаправленные RNN и зачем они нужны?,prompt6,dialog0080,2-file_llama3.2_1b_prompt6_dialog0080,2-file,24.6,29.6,26.5,65.9,100.0,28.1,36.0,58.5,34.3,5.5
llama3.2,1.0B,5._Рекуррентные_НС,Как LSTM решает проблему затухающих градиентов?,prompt6,dialog0081,2-file_llama3.2_1b_prompt6_dialog0081,2-file,24.6,29.6,26.5,65.9,100.0,28.1,36.0,58.5,34.3,5.5
llama3.2,1.0B,5._Рекуррентные_НС,Какие компоненты включает стандартная LSTM ячейка?,prompt6,dialog0082,2-file_llama3.2_1b_prompt6_dialog0082,2-file,24.6,29.6,26.5,65.9,100.0,28.1,36.0,58.5,34.3,5.5
llama3.2,1.0B,5._Рекуррентные_НС,Чем GRU отличается от LSTM?,prompt6,dialog0083,2-file_llama3.2_1b_prompt6_dialog0083,2-file,24.6,29.6,26.5,65.9,100.0,28.1,36.0,58.5,34.3,5.5
llama3.2,1.0B,5._Рекуррентные_НС,Зачем нужны замочные скважины (peepholes) в LSTM?,prompt6,dialog0084,2-file_llama3.2_1b_prompt6_dialog0084,2-file,24.6,29.6,26.5,65.9,100.0,28.1,36.0,58.5,34.3,5.5
llama3.2,1.0B,5._Рекуррентные_НС,Почему нормализация по мини-батчам важна для обучения RNN?,prompt6,dialog0085,2-file_llama3.2_1b_prompt6_dialog0085,2-file,24.6,29.6,26.5,65.9,100.0,28.1,36.0,58.5,34.3,5.5
llama3.2,1.0B,5._Рекуррентные_НС,В чем трудность применения обычной batch normalization к RNN?,prompt6,dialog0086,2-file_llama3.2_1b_prompt6_dialog0086,2-file,24.6,29.6,26.5,65.9,100.0,28.1,36.0,58.5,34.3,5.5
llama3.2,1.0B,5._Рекуррентные_НС,Как работает механизм внимания (Attention)?,prompt6,dialog0087,2-file_llama3.2_1b_prompt6_dialog0087,2-file,24.6,29.6,26.5,65.9,100.0,28.1,36.0,58.5,34.3,5.5
llama3.2,1.0B,5._Рекуррентные_НС,Почему внимание важно в задачах машинного перевода?,prompt6,dialog0088,2-file_llama3.2_1b_prompt6_dialog0088,2-file,24.6,29.6,26.5,65.9,100.0,28.1,36.0,58.5,34.3,5.5
llama3.2,1.0B,5._Рекуррентные_НС,"Чем Show, Attend and Tell отличается от обычного RNN для обработки изображений?",prompt6,dialog0089,2-file_llama3.2_1b_prompt6_dialog0089,2-file,24.6,29.6,26.5,65.9,100.0,28.1,36.0,58.5,34.3,5.5
llama3.2,1.0B,5._Рекуррентные_НС,Можно ли автоматически подбирать архитектуру рекуррентной ячейки?,prompt6,dialog0090,2-file_llama3.2_1b_prompt6_dialog0090,2-file,24.6,29.6,26.5,65.9,100.0,28.1,36.0,58.5,34.3,5.5
llama3.2,1.0B,5._Рекуррентные_НС,"Зачем нужны рекуррентные нейронные сети, если существуют полносвязные и сверточные?",prompt1,dialog0001,2-file_llama3.2_1b_prompt1_dialog0001,2-file,25.0,32.5,34.7,67.6,100.0,38.6,36.5,55.3,31.0,8.3
llama3.2,1.0B,5._Рекуррентные_НС,Что такое скрытое состояние в RNN?,prompt1,dialog0002,2-file_llama3.2_1b_prompt1_dialog0002,2-file,25.0,32.5,34.7,67.6,100.0,38.6,36.5,55.3,31.0,8.3
llama3.2,1.0B,5._Рекуррентные_НС,Какие типы входов и выходов встречаются в задачах RNN?,prompt1,dialog0003,2-file_llama3.2_1b_prompt1_dialog0003,2-file,25.0,32.5,34.7,67.6,100.0,38.6,36.5,55.3,31.0,8.3
llama3.2,1.0B,5._Рекуррентные_НС,В чем отличие Simple RNN от глубоких RNN?,prompt1,dialog0004,2-file_llama3.2_1b_prompt1_dialog0004,2-file,25.0,32.5,34.7,67.6,100.0,38.6,36.5,55.3,31.0,8.3
llama3.2,1.0B,5._Рекуррентные_НС,Что такое двунаправленные RNN и зачем они нужны?,prompt1,dialog0005,2-file_llama3.2_1b_prompt1_dialog0005,2-file,25.0,32.5,34.7,67.6,100.0,38.6,36.5,55.3,31.0,8.3
llama3.2,1.0B,5._Рекуррентные_НС,Как LSTM решает проблему затухающих градиентов?,prompt1,dialog0006,2-file_llama3.2_1b_prompt1_dialog0006,2-file,25.0,32.5,34.7,67.6,100.0,38.6,36.5,55.3,31.0,8.3
llama3.2,1.0B,5._Рекуррентные_НС,Какие компоненты включает стандартная LSTM ячейка?,prompt1,dialog0007,2-file_llama3.2_1b_prompt1_dialog0007,2-file,25.0,32.5,34.7,67.6,100.0,38.6,36.5,55.3,31.0,8.3
llama3.2,1.0B,5._Рекуррентные_НС,Чем GRU отличается от LSTM?,prompt1,dialog0008,2-file_llama3.2_1b_prompt1_dialog0008,2-file,25.0,32.5,34.7,67.6,100.0,38.6,36.5,55.3,31.0,8.3
llama3.2,1.0B,5._Рекуррентные_НС,Зачем нужны замочные скважины (peepholes) в LSTM?,prompt1,dialog0009,2-file_llama3.2_1b_prompt1_dialog0009,2-file,25.0,32.5,34.7,67.6,100.0,38.6,36.5,55.3,31.0,8.3
llama3.2,1.0B,5._Рекуррентные_НС,Почему нормализация по мини-батчам важна для обучения RNN?,prompt1,dialog0010,2-file_llama3.2_1b_prompt1_dialog0010,2-file,25.0,32.5,34.7,67.6,100.0,38.6,36.5,55.3,31.0,8.3
llama3.2,1.0B,5._Рекуррентные_НС,В чем трудность применения обычной batch normalization к RNN?,prompt1,dialog0011,2-file_llama3.2_1b_prompt1_dialog0011,2-file,25.0,32.5,34.7,67.6,100.0,38.6,36.5,55.3,31.0,8.3
llama3.2,1.0B,5._Рекуррентные_НС,Как работает механизм внимания (Attention)?,prompt1,dialog0012,2-file_llama3.2_1b_prompt1_dialog0012,2-file,25.0,32.5,34.7,67.6,100.0,38.6,36.5,55.3,31.0,8.3
llama3.2,1.0B,5._Рекуррентные_НС,Почему внимание важно в задачах машинного перевода?,prompt1,dialog0013,2-file_llama3.2_1b_prompt1_dialog0013,2-file,25.0,32.5,34.7,67.6,100.0,38.6,36.5,55.3,31.0,8.3
llama3.2,1.0B,5._Рекуррентные_НС,"Чем Show, Attend and Tell отличается от обычного RNN для обработки изображений?",prompt1,dialog0014,2-file_llama3.2_1b_prompt1_dialog0014,2-file,25.0,32.5,34.7,67.6,100.0,38.6,36.5,55.3,31.0,8.3
llama3.2,1.0B,5._Рекуррентные_НС,Можно ли автоматически подбирать архитектуру рекуррентной ячейки?,prompt1,dialog0015,2-file_llama3.2_1b_prompt1_dialog0015,2-file,25.0,32.5,34.7,67.6,100.0,38.6,36.5,55.3,31.0,8.3
llama3.2,1.0B,5._Рекуррентные_НС,"Зачем нужны рекуррентные нейронные сети, если существуют полносвязные и сверточные?",prompt8,dialog0106,2-file_llama3.2_1b_prompt8_dialog0106,2-file,18.8,27.8,27.7,67.6,100.0,23.9,39.9,45.8,32.3,14.3
llama3.2,1.0B,5._Рекуррентные_НС,Что такое скрытое состояние в RNN?,prompt8,dialog0107,2-file_llama3.2_1b_prompt8_dialog0107,2-file,18.8,27.8,27.7,67.6,100.0,23.9,39.9,45.8,32.3,14.3
llama3.2,1.0B,5._Рекуррентные_НС,Какие типы входов и выходов встречаются в задачах RNN?,prompt8,dialog0108,2-file_llama3.2_1b_prompt8_dialog0108,2-file,18.8,27.8,27.7,67.6,100.0,23.9,39.9,45.8,32.3,14.3
llama3.2,1.0B,5._Рекуррентные_НС,В чем отличие Simple RNN от глубоких RNN?,prompt8,dialog0109,2-file_llama3.2_1b_prompt8_dialog0109,2-file,18.8,27.8,27.7,67.6,100.0,23.9,39.9,45.8,32.3,14.3
llama3.2,1.0B,5._Рекуррентные_НС,Что такое двунаправленные RNN и зачем они нужны?,prompt8,dialog0110,2-file_llama3.2_1b_prompt8_dialog0110,2-file,18.8,27.8,27.7,67.6,100.0,23.9,39.9,45.8,32.3,14.3
llama3.2,1.0B,5._Рекуррентные_НС,Как LSTM решает проблему затухающих градиентов?,prompt8,dialog0111,2-file_llama3.2_1b_prompt8_dialog0111,2-file,18.8,27.8,27.7,67.6,100.0,23.9,39.9,45.8,32.3,14.3
llama3.2,1.0B,5._Рекуррентные_НС,Какие компоненты включает стандартная LSTM ячейка?,prompt8,dialog0112,2-file_llama3.2_1b_prompt8_dialog0112,2-file,18.8,27.8,27.7,67.6,100.0,23.9,39.9,45.8,32.3,14.3
llama3.2,1.0B,5._Рекуррентные_НС,Чем GRU отличается от LSTM?,prompt8,dialog0113,2-file_llama3.2_1b_prompt8_dialog0113,2-file,18.8,27.8,27.7,67.6,100.0,23.9,39.9,45.8,32.3,14.3
llama3.2,1.0B,5._Рекуррентные_НС,Зачем нужны замочные скважины (peepholes) в LSTM?,prompt8,dialog0114,2-file_llama3.2_1b_prompt8_dialog0114,2-file,18.8,27.8,27.7,67.6,100.0,23.9,39.9,45.8,32.3,14.3
llama3.2,1.0B,5._Рекуррентные_НС,Почему нормализация по мини-батчам важна для обучения RNN?,prompt8,dialog0115,2-file_llama3.2_1b_prompt8_dialog0115,2-file,18.8,27.8,27.7,67.6,100.0,23.9,39.9,45.8,32.3,14.3
llama3.2,1.0B,5._Рекуррентные_НС,В чем трудность применения обычной batch normalization к RNN?,prompt8,dialog0116,2-file_llama3.2_1b_prompt8_dialog0116,2-file,18.8,27.8,27.7,67.6,100.0,23.9,39.9,45.8,32.3,14.3
llama3.2,1.0B,5._Рекуррентные_НС,Как работает механизм внимания (Attention)?,prompt8,dialog0117,2-file_llama3.2_1b_prompt8_dialog0117,2-file,18.8,27.8,27.7,67.6,100.0,23.9,39.9,45.8,32.3,14.3
llama3.2,1.0B,5._Рекуррентные_НС,Почему внимание важно в задачах машинного перевода?,prompt8,dialog0118,2-file_llama3.2_1b_prompt8_dialog0118,2-file,18.8,27.8,27.7,67.6,100.0,23.9,39.9,45.8,32.3,14.3
llama3.2,1.0B,5._Рекуррентные_НС,"Чем Show, Attend and Tell отличается от обычного RNN для обработки изображений?",prompt8,dialog0119,2-file_llama3.2_1b_prompt8_dialog0119,2-file,18.8,27.8,27.7,67.6,100.0,23.9,39.9,45.8,32.3,14.3
llama3.2,1.0B,5._Рекуррентные_НС,Можно ли автоматически подбирать архитектуру рекуррентной ячейки?,prompt8,dialog0120,2-file_llama3.2_1b_prompt8_dialog0120,2-file,18.8,27.8,27.7,67.6,100.0,23.9,39.9,45.8,32.3,14.3
llama3.2,1.0B,5._Рекуррентные_НС,"Зачем нужны рекуррентные нейронные сети, если существуют полносвязные и сверточные?",prompt11,dialog0151,2-file_llama3.2_1b_prompt11_dialog0151,2-file,19.9,31.5,23.1,67.6,100.0,25.3,32.4,62.5,36.2,5.2
llama3.2,1.0B,5._Рекуррентные_НС,Что такое скрытое состояние в RNN?,prompt11,dialog0152,2-file_llama3.2_1b_prompt11_dialog0152,2-file,19.9,31.5,23.1,67.6,100.0,25.3,32.4,62.5,36.2,5.2
llama3.2,1.0B,5._Рекуррентные_НС,Какие типы входов и выходов встречаются в задачах RNN?,prompt11,dialog0153,2-file_llama3.2_1b_prompt11_dialog0153,2-file,19.9,31.5,23.1,67.6,100.0,25.3,32.4,62.5,36.2,5.2
llama3.2,1.0B,5._Рекуррентные_НС,В чем отличие Simple RNN от глубоких RNN?,prompt11,dialog0154,2-file_llama3.2_1b_prompt11_dialog0154,2-file,19.9,31.5,23.1,67.6,100.0,25.3,32.4,62.5,36.2,5.2
llama3.2,1.0B,5._Рекуррентные_НС,Что такое двунаправленные RNN и зачем они нужны?,prompt11,dialog0155,2-file_llama3.2_1b_prompt11_dialog0155,2-file,19.9,31.5,23.1,67.6,100.0,25.3,32.4,62.5,36.2,5.2
llama3.2,1.0B,5._Рекуррентные_НС,Как LSTM решает проблему затухающих градиентов?,prompt11,dialog0156,2-file_llama3.2_1b_prompt11_dialog0156,2-file,19.9,31.5,23.1,67.6,100.0,25.3,32.4,62.5,36.2,5.2
llama3.2,1.0B,5._Рекуррентные_НС,Какие компоненты включает стандартная LSTM ячейка?,prompt11,dialog0157,2-file_llama3.2_1b_prompt11_dialog0157,2-file,19.9,31.5,23.1,67.6,100.0,25.3,32.4,62.5,36.2,5.2
llama3.2,1.0B,5._Рекуррентные_НС,Чем GRU отличается от LSTM?,prompt11,dialog0158,2-file_llama3.2_1b_prompt11_dialog0158,2-file,19.9,31.5,23.1,67.6,100.0,25.3,32.4,62.5,36.2,5.2
llama3.2,1.0B,5._Рекуррентные_НС,Зачем нужны замочные скважины (peepholes) в LSTM?,prompt11,dialog0159,2-file_llama3.2_1b_prompt11_dialog0159,2-file,19.9,31.5,23.1,67.6,100.0,25.3,32.4,62.5,36.2,5.2
llama3.2,1.0B,5._Рекуррентные_НС,Почему нормализация по мини-батчам важна для обучения RNN?,prompt11,dialog0160,2-file_llama3.2_1b_prompt11_dialog0160,2-file,19.9,31.5,23.1,67.6,100.0,25.3,32.4,62.5,36.2,5.2
llama3.2,1.0B,5._Рекуррентные_НС,В чем трудность применения обычной batch normalization к RNN?,prompt11,dialog0161,2-file_llama3.2_1b_prompt11_dialog0161,2-file,19.9,31.5,23.1,67.6,100.0,25.3,32.4,62.5,36.2,5.2
llama3.2,1.0B,5._Рекуррентные_НС,Как работает механизм внимания (Attention)?,prompt11,dialog0162,2-file_llama3.2_1b_prompt11_dialog0162,2-file,19.9,31.5,23.1,67.6,100.0,25.3,32.4,62.5,36.2,5.2
llama3.2,1.0B,5._Рекуррентные_НС,Почему внимание важно в задачах машинного перевода?,prompt11,dialog0163,2-file_llama3.2_1b_prompt11_dialog0163,2-file,19.9,31.5,23.1,67.6,100.0,25.3,32.4,62.5,36.2,5.2
llama3.2,1.0B,5._Рекуррентные_НС,"Чем Show, Attend and Tell отличается от обычного RNN для обработки изображений?",prompt11,dialog0164,2-file_llama3.2_1b_prompt11_dialog0164,2-file,19.9,31.5,23.1,67.6,100.0,25.3,32.4,62.5,36.2,5.2
llama3.2,1.0B,5._Рекуррентные_НС,Можно ли автоматически подбирать архитектуру рекуррентной ячейки?,prompt11,dialog0165,2-file_llama3.2_1b_prompt11_dialog0165,2-file,19.9,31.5,23.1,67.6,100.0,25.3,32.4,62.5,36.2,5.2
deepseek-r1,1.5B,5._Рекуррентные_НС,"Зачем нужны рекуррентные нейронные сети, если существуют полносвязные и сверточные?",prompt14,dialog0196,2-file_deepseek-r1_1.5b_prompt14_dialog0196,2-file,39.7,40.8,53.7,67.6,100.0,54.8,21.4,59.6,31.1,12.3
deepseek-r1,1.5B,5._Рекуррентные_НС,Что такое скрытое состояние в RNN?,prompt14,dialog0197,2-file_deepseek-r1_1.5b_prompt14_dialog0197,2-file,39.7,40.8,53.7,67.6,100.0,54.8,21.4,59.6,31.1,12.3
deepseek-r1,1.5B,5._Рекуррентные_НС,Какие типы входов и выходов встречаются в задачах RNN?,prompt14,dialog0198,2-file_deepseek-r1_1.5b_prompt14_dialog0198,2-file,39.7,40.8,53.7,67.6,100.0,54.8,21.4,59.6,31.1,12.3
deepseek-r1,1.5B,5._Рекуррентные_НС,В чем отличие Simple RNN от глубоких RNN?,prompt14,dialog0199,2-file_deepseek-r1_1.5b_prompt14_dialog0199,2-file,39.7,40.8,53.7,67.6,100.0,54.8,21.4,59.6,31.1,12.3
deepseek-r1,1.5B,5._Рекуррентные_НС,Что такое двунаправленные RNN и зачем они нужны?,prompt14,dialog0200,2-file_deepseek-r1_1.5b_prompt14_dialog0200,2-file,39.7,40.8,53.7,67.6,100.0,54.8,21.4,59.6,31.1,12.3
deepseek-r1,1.5B,5._Рекуррентные_НС,Как LSTM решает проблему затухающих градиентов?,prompt14,dialog0201,2-file_deepseek-r1_1.5b_prompt14_dialog0201,2-file,39.7,40.8,53.7,67.6,100.0,54.8,21.4,59.6,31.1,12.3
deepseek-r1,1.5B,5._Рекуррентные_НС,Какие компоненты включает стандартная LSTM ячейка?,prompt14,dialog0202,2-file_deepseek-r1_1.5b_prompt14_dialog0202,2-file,39.7,40.8,53.7,67.6,100.0,54.8,21.4,59.6,31.1,12.3
deepseek-r1,1.5B,5._Рекуррентные_НС,Чем GRU отличается от LSTM?,prompt14,dialog0203,2-file_deepseek-r1_1.5b_prompt14_dialog0203,2-file,39.7,40.8,53.7,67.6,100.0,54.8,21.4,59.6,31.1,12.3
deepseek-r1,1.5B,5._Рекуррентные_НС,Зачем нужны замочные скважины (peepholes) в LSTM?,prompt14,dialog0204,2-file_deepseek-r1_1.5b_prompt14_dialog0204,2-file,39.7,40.8,53.7,67.6,100.0,54.8,21.4,59.6,31.1,12.3
deepseek-r1,1.5B,5._Рекуррентные_НС,Почему нормализация по мини-батчам важна для обучения RNN?,prompt14,dialog0205,2-file_deepseek-r1_1.5b_prompt14_dialog0205,2-file,39.7,40.8,53.7,67.6,100.0,54.8,21.4,59.6,31.1,12.3
deepseek-r1,1.5B,5._Рекуррентные_НС,В чем трудность применения обычной batch normalization к RNN?,prompt14,dialog0206,2-file_deepseek-r1_1.5b_prompt14_dialog0206,2-file,39.7,40.8,53.7,67.6,100.0,54.8,21.4,59.6,31.1,12.3
deepseek-r1,1.5B,5._Рекуррентные_НС,Как работает механизм внимания (Attention)?,prompt14,dialog0207,2-file_deepseek-r1_1.5b_prompt14_dialog0207,2-file,39.7,40.8,53.7,67.6,100.0,54.8,21.4,59.6,31.1,12.3
deepseek-r1,1.5B,5._Рекуррентные_НС,Почему внимание важно в задачах машинного перевода?,prompt14,dialog0208,2-file_deepseek-r1_1.5b_prompt14_dialog0208,2-file,39.7,40.8,53.7,67.6,100.0,54.8,21.4,59.6,31.1,12.3
deepseek-r1,1.5B,5._Рекуррентные_НС,"Чем Show, Attend and Tell отличается от обычного RNN для обработки изображений?",prompt14,dialog0209,2-file_deepseek-r1_1.5b_prompt14_dialog0209,2-file,39.7,40.8,53.7,67.6,100.0,54.8,21.4,59.6,31.1,12.3
deepseek-r1,1.5B,5._Рекуррентные_НС,Можно ли автоматически подбирать архитектуру рекуррентной ячейки?,prompt14,dialog0210,2-file_deepseek-r1_1.5b_prompt14_dialog0210,2-file,39.7,40.8,53.7,67.6,100.0,54.8,21.4,59.6,31.1,12.3
deepseek-r1,1.5B,5._Рекуррентные_НС,"Зачем нужны рекуррентные нейронные сети, если существуют полносвязные и сверточные?",prompt13,dialog0181,2-file_deepseek-r1_1.5b_prompt13_dialog0181,2-file,27.9,28.9,45.5,67.6,100.0,46.6,30.6,52.1,33.9,10.6
deepseek-r1,1.5B,5._Рекуррентные_НС,Что такое скрытое состояние в RNN?,prompt13,dialog0182,2-file_deepseek-r1_1.5b_prompt13_dialog0182,2-file,27.9,28.9,45.5,67.6,100.0,46.6,30.6,52.1,33.9,10.6
deepseek-r1,1.5B,5._Рекуррентные_НС,Какие типы входов и выходов встречаются в задачах RNN?,prompt13,dialog0183,2-file_deepseek-r1_1.5b_prompt13_dialog0183,2-file,27.9,28.9,45.5,67.6,100.0,46.6,30.6,52.1,33.9,10.6
deepseek-r1,1.5B,5._Рекуррентные_НС,В чем отличие Simple RNN от глубоких RNN?,prompt13,dialog0184,2-file_deepseek-r1_1.5b_prompt13_dialog0184,2-file,27.9,28.9,45.5,67.6,100.0,46.6,30.6,52.1,33.9,10.6
deepseek-r1,1.5B,5._Рекуррентные_НС,Что такое двунаправленные RNN и зачем они нужны?,prompt13,dialog0185,2-file_deepseek-r1_1.5b_prompt13_dialog0185,2-file,27.9,28.9,45.5,67.6,100.0,46.6,30.6,52.1,33.9,10.6
deepseek-r1,1.5B,5._Рекуррентные_НС,Как LSTM решает проблему затухающих градиентов?,prompt13,dialog0186,2-file_deepseek-r1_1.5b_prompt13_dialog0186,2-file,27.9,28.9,45.5,67.6,100.0,46.6,30.6,52.1,33.9,10.6
deepseek-r1,1.5B,5._Рекуррентные_НС,Какие компоненты включает стандартная LSTM ячейка?,prompt13,dialog0187,2-file_deepseek-r1_1.5b_prompt13_dialog0187,2-file,27.9,28.9,45.5,67.6,100.0,46.6,30.6,52.1,33.9,10.6
deepseek-r1,1.5B,5._Рекуррентные_НС,Чем GRU отличается от LSTM?,prompt13,dialog0188,2-file_deepseek-r1_1.5b_prompt13_dialog0188,2-file,27.9,28.9,45.5,67.6,100.0,46.6,30.6,52.1,33.9,10.6
deepseek-r1,1.5B,5._Рекуррентные_НС,Зачем нужны замочные скважины (peepholes) в LSTM?,prompt13,dialog0189,2-file_deepseek-r1_1.5b_prompt13_dialog0189,2-file,27.9,28.9,45.5,67.6,100.0,46.6,30.6,52.1,33.9,10.6
deepseek-r1,1.5B,5._Рекуррентные_НС,Почему нормализация по мини-батчам важна для обучения RNN?,prompt13,dialog0190,2-file_deepseek-r1_1.5b_prompt13_dialog0190,2-file,27.9,28.9,45.5,67.6,100.0,46.6,30.6,52.1,33.9,10.6
deepseek-r1,1.5B,5._Рекуррентные_НС,В чем трудность применения обычной batch normalization к RNN?,prompt13,dialog0191,2-file_deepseek-r1_1.5b_prompt13_dialog0191,2-file,27.9,28.9,45.5,67.6,100.0,46.6,30.6,52.1,33.9,10.6
deepseek-r1,1.5B,5._Рекуррентные_НС,Как работает механизм внимания (Attention)?,prompt13,dialog0192,2-file_deepseek-r1_1.5b_prompt13_dialog0192,2-file,27.9,28.9,45.5,67.6,100.0,46.6,30.6,52.1,33.9,10.6
deepseek-r1,1.5B,5._Рекуррентные_НС,Почему внимание важно в задачах машинного перевода?,prompt13,dialog0193,2-file_deepseek-r1_1.5b_prompt13_dialog0193,2-file,27.9,28.9,45.5,67.6,100.0,46.6,30.6,52.1,33.9,10.6
deepseek-r1,1.5B,5._Рекуррентные_НС,"Чем Show, Attend and Tell отличается от обычного RNN для обработки изображений?",prompt13,dialog0194,2-file_deepseek-r1_1.5b_prompt13_dialog0194,2-file,27.9,28.9,45.5,67.6,100.0,46.6,30.6,52.1,33.9,10.6
deepseek-r1,1.5B,5._Рекуррентные_НС,Можно ли автоматически подбирать архитектуру рекуррентной ячейки?,prompt13,dialog0195,2-file_deepseek-r1_1.5b_prompt13_dialog0195,2-file,27.9,28.9,45.5,67.6,100.0,46.6,30.6,52.1,33.9,10.6
deepseek-r1,1.5B,5._Рекуррентные_НС,"Зачем нужны рекуррентные нейронные сети, если существуют полносвязные и сверточные?",prompt4,dialog0046,2-file_deepseek-r1_1.5b_prompt4_dialog0046,2-file,27.0,26.3,37.0,67.6,100.0,35.5,30.8,61.8,42.8,7.4
deepseek-r1,1.5B,5._Рекуррентные_НС,Что такое скрытое состояние в RNN?,prompt4,dialog0047,2-file_deepseek-r1_1.5b_prompt4_dialog0047,2-file,27.0,26.3,37.0,67.6,100.0,35.5,30.8,61.8,42.8,7.4
deepseek-r1,1.5B,5._Рекуррентные_НС,Какие типы входов и выходов встречаются в задачах RNN?,prompt4,dialog0048,2-file_deepseek-r1_1.5b_prompt4_dialog0048,2-file,27.0,26.3,37.0,67.6,100.0,35.5,30.8,61.8,42.8,7.4
deepseek-r1,1.5B,5._Рекуррентные_НС,В чем отличие Simple RNN от глубоких RNN?,prompt4,dialog0049,2-file_deepseek-r1_1.5b_prompt4_dialog0049,2-file,27.0,26.3,37.0,67.6,100.0,35.5,30.8,61.8,42.8,7.4
deepseek-r1,1.5B,5._Рекуррентные_НС,Что такое двунаправленные RNN и зачем они нужны?,prompt4,dialog0050,2-file_deepseek-r1_1.5b_prompt4_dialog0050,2-file,27.0,26.3,37.0,67.6,100.0,35.5,30.8,61.8,42.8,7.4
deepseek-r1,1.5B,5._Рекуррентные_НС,Как LSTM решает проблему затухающих градиентов?,prompt4,dialog0051,2-file_deepseek-r1_1.5b_prompt4_dialog0051,2-file,27.0,26.3,37.0,67.6,100.0,35.5,30.8,61.8,42.8,7.4
deepseek-r1,1.5B,5._Рекуррентные_НС,Какие компоненты включает стандартная LSTM ячейка?,prompt4,dialog0052,2-file_deepseek-r1_1.5b_prompt4_dialog0052,2-file,27.0,26.3,37.0,67.6,100.0,35.5,30.8,61.8,42.8,7.4
deepseek-r1,1.5B,5._Рекуррентные_НС,Чем GRU отличается от LSTM?,prompt4,dialog0053,2-file_deepseek-r1_1.5b_prompt4_dialog0053,2-file,27.0,26.3,37.0,67.6,100.0,35.5,30.8,61.8,42.8,7.4
deepseek-r1,1.5B,5._Рекуррентные_НС,Зачем нужны замочные скважины (peepholes) в LSTM?,prompt4,dialog0054,2-file_deepseek-r1_1.5b_prompt4_dialog0054,2-file,27.0,26.3,37.0,67.6,100.0,35.5,30.8,61.8,42.8,7.4
deepseek-r1,1.5B,5._Рекуррентные_НС,Почему нормализация по мини-батчам важна для обучения RNN?,prompt4,dialog0055,2-file_deepseek-r1_1.5b_prompt4_dialog0055,2-file,27.0,26.3,37.0,67.6,100.0,35.5,30.8,61.8,42.8,7.4
deepseek-r1,1.5B,5._Рекуррентные_НС,В чем трудность применения обычной batch normalization к RNN?,prompt4,dialog0056,2-file_deepseek-r1_1.5b_prompt4_dialog0056,2-file,27.0,26.3,37.0,67.6,100.0,35.5,30.8,61.8,42.8,7.4
deepseek-r1,1.5B,5._Рекуррентные_НС,Как работает механизм внимания (Attention)?,prompt4,dialog0057,2-file_deepseek-r1_1.5b_prompt4_dialog0057,2-file,27.0,26.3,37.0,67.6,100.0,35.5,30.8,61.8,42.8,7.4
deepseek-r1,1.5B,5._Рекуррентные_НС,Почему внимание важно в задачах машинного перевода?,prompt4,dialog0058,2-file_deepseek-r1_1.5b_prompt4_dialog0058,2-file,27.0,26.3,37.0,67.6,100.0,35.5,30.8,61.8,42.8,7.4
deepseek-r1,1.5B,5._Рекуррентные_НС,"Чем Show, Attend and Tell отличается от обычного RNN для обработки изображений?",prompt4,dialog0059,2-file_deepseek-r1_1.5b_prompt4_dialog0059,2-file,27.0,26.3,37.0,67.6,100.0,35.5,30.8,61.8,42.8,7.4
deepseek-r1,1.5B,5._Рекуррентные_НС,Можно ли автоматически подбирать архитектуру рекуррентной ячейки?,prompt4,dialog0060,2-file_deepseek-r1_1.5b_prompt4_dialog0060,2-file,27.0,26.3,37.0,67.6,100.0,35.5,30.8,61.8,42.8,7.4
deepseek-r1,1.5B,5._Рекуррентные_НС,"Зачем нужны рекуррентные нейронные сети, если существуют полносвязные и сверточные?",prompt3,dialog0031,2-file_deepseek-r1_1.5b_prompt3_dialog0031,2-file,29.1,27.0,42.2,67.6,100.0,44.7,29.3,61.8,43.7,8.8
deepseek-r1,1.5B,5._Рекуррентные_НС,Что такое скрытое состояние в RNN?,prompt3,dialog0032,2-file_deepseek-r1_1.5b_prompt3_dialog0032,2-file,29.1,27.0,42.2,67.6,100.0,44.7,29.3,61.8,43.7,8.8
deepseek-r1,1.5B,5._Рекуррентные_НС,Какие типы входов и выходов встречаются в задачах RNN?,prompt3,dialog0033,2-file_deepseek-r1_1.5b_prompt3_dialog0033,2-file,29.1,27.0,42.2,67.6,100.0,44.7,29.3,61.8,43.7,8.8
deepseek-r1,1.5B,5._Рекуррентные_НС,В чем отличие Simple RNN от глубоких RNN?,prompt3,dialog0034,2-file_deepseek-r1_1.5b_prompt3_dialog0034,2-file,29.1,27.0,42.2,67.6,100.0,44.7,29.3,61.8,43.7,8.8
deepseek-r1,1.5B,5._Рекуррентные_НС,Что такое двунаправленные RNN и зачем они нужны?,prompt3,dialog0035,2-file_deepseek-r1_1.5b_prompt3_dialog0035,2-file,29.1,27.0,42.2,67.6,100.0,44.7,29.3,61.8,43.7,8.8
deepseek-r1,1.5B,5._Рекуррентные_НС,Как LSTM решает проблему затухающих градиентов?,prompt3,dialog0036,2-file_deepseek-r1_1.5b_prompt3_dialog0036,2-file,29.1,27.0,42.2,67.6,100.0,44.7,29.3,61.8,43.7,8.8
deepseek-r1,1.5B,5._Рекуррентные_НС,Какие компоненты включает стандартная LSTM ячейка?,prompt3,dialog0037,2-file_deepseek-r1_1.5b_prompt3_dialog0037,2-file,29.1,27.0,42.2,67.6,100.0,44.7,29.3,61.8,43.7,8.8
deepseek-r1,1.5B,5._Рекуррентные_НС,Чем GRU отличается от LSTM?,prompt3,dialog0038,2-file_deepseek-r1_1.5b_prompt3_dialog0038,2-file,29.1,27.0,42.2,67.6,100.0,44.7,29.3,61.8,43.7,8.8
deepseek-r1,1.5B,5._Рекуррентные_НС,Зачем нужны замочные скважины (peepholes) в LSTM?,prompt3,dialog0039,2-file_deepseek-r1_1.5b_prompt3_dialog0039,2-file,29.1,27.0,42.2,67.6,100.0,44.7,29.3,61.8,43.7,8.8
deepseek-r1,1.5B,5._Рекуррентные_НС,Почему нормализация по мини-батчам важна для обучения RNN?,prompt3,dialog0040,2-file_deepseek-r1_1.5b_prompt3_dialog0040,2-file,29.1,27.0,42.2,67.6,100.0,44.7,29.3,61.8,43.7,8.8
deepseek-r1,1.5B,5._Рекуррентные_НС,В чем трудность применения обычной batch normalization к RNN?,prompt3,dialog0041,2-file_deepseek-r1_1.5b_prompt3_dialog0041,2-file,29.1,27.0,42.2,67.6,100.0,44.7,29.3,61.8,43.7,8.8
deepseek-r1,1.5B,5._Рекуррентные_НС,Как работает механизм внимания (Attention)?,prompt3,dialog0042,2-file_deepseek-r1_1.5b_prompt3_dialog0042,2-file,29.1,27.0,42.2,67.6,100.0,44.7,29.3,61.8,43.7,8.8
deepseek-r1,1.5B,5._Рекуррентные_НС,Почему внимание важно в задачах машинного перевода?,prompt3,dialog0043,2-file_deepseek-r1_1.5b_prompt3_dialog0043,2-file,29.1,27.0,42.2,67.6,100.0,44.7,29.3,61.8,43.7,8.8
deepseek-r1,1.5B,5._Рекуррентные_НС,"Чем Show, Attend and Tell отличается от обычного RNN для обработки изображений?",prompt3,dialog0044,2-file_deepseek-r1_1.5b_prompt3_dialog0044,2-file,29.1,27.0,42.2,67.6,100.0,44.7,29.3,61.8,43.7,8.8
deepseek-r1,1.5B,5._Рекуррентные_НС,Можно ли автоматически подбирать архитектуру рекуррентной ячейки?,prompt3,dialog0045,2-file_deepseek-r1_1.5b_prompt3_dialog0045,2-file,29.1,27.0,42.2,67.6,100.0,44.7,29.3,61.8,43.7,8.8
deepseek-r1,1.5B,5._Рекуррентные_НС,"Зачем нужны рекуррентные нейронные сети, если существуют полносвязные и сверточные?",prompt2,dialog0016,2-file_deepseek-r1_1.5b_prompt2_dialog0016,2-file,30.7,33.0,45.4,67.6,100.0,44.5,30.3,60.1,36.7,9.6
deepseek-r1,1.5B,5._Рекуррентные_НС,Что такое скрытое состояние в RNN?,prompt2,dialog0017,2-file_deepseek-r1_1.5b_prompt2_dialog0017,2-file,30.7,33.0,45.4,67.6,100.0,44.5,30.3,60.1,36.7,9.6
deepseek-r1,1.5B,5._Рекуррентные_НС,Какие типы входов и выходов встречаются в задачах RNN?,prompt2,dialog0018,2-file_deepseek-r1_1.5b_prompt2_dialog0018,2-file,30.7,33.0,45.4,67.6,100.0,44.5,30.3,60.1,36.7,9.6
deepseek-r1,1.5B,5._Рекуррентные_НС,В чем отличие Simple RNN от глубоких RNN?,prompt2,dialog0019,2-file_deepseek-r1_1.5b_prompt2_dialog0019,2-file,30.7,33.0,45.4,67.6,100.0,44.5,30.3,60.1,36.7,9.6
deepseek-r1,1.5B,5._Рекуррентные_НС,Что такое двунаправленные RNN и зачем они нужны?,prompt2,dialog0020,2-file_deepseek-r1_1.5b_prompt2_dialog0020,2-file,30.7,33.0,45.4,67.6,100.0,44.5,30.3,60.1,36.7,9.6
deepseek-r1,1.5B,5._Рекуррентные_НС,Как LSTM решает проблему затухающих градиентов?,prompt2,dialog0021,2-file_deepseek-r1_1.5b_prompt2_dialog0021,2-file,30.7,33.0,45.4,67.6,100.0,44.5,30.3,60.1,36.7,9.6
deepseek-r1,1.5B,5._Рекуррентные_НС,Какие компоненты включает стандартная LSTM ячейка?,prompt2,dialog0022,2-file_deepseek-r1_1.5b_prompt2_dialog0022,2-file,30.7,33.0,45.4,67.6,100.0,44.5,30.3,60.1,36.7,9.6
deepseek-r1,1.5B,5._Рекуррентные_НС,Чем GRU отличается от LSTM?,prompt2,dialog0023,2-file_deepseek-r1_1.5b_prompt2_dialog0023,2-file,30.7,33.0,45.4,67.6,100.0,44.5,30.3,60.1,36.7,9.6
deepseek-r1,1.5B,5._Рекуррентные_НС,Зачем нужны замочные скважины (peepholes) в LSTM?,prompt2,dialog0024,2-file_deepseek-r1_1.5b_prompt2_dialog0024,2-file,30.7,33.0,45.4,67.6,100.0,44.5,30.3,60.1,36.7,9.6
deepseek-r1,1.5B,5._Рекуррентные_НС,Почему нормализация по мини-батчам важна для обучения RNN?,prompt2,dialog0025,2-file_deepseek-r1_1.5b_prompt2_dialog0025,2-file,30.7,33.0,45.4,67.6,100.0,44.5,30.3,60.1,36.7,9.6
deepseek-r1,1.5B,5._Рекуррентные_НС,В чем трудность применения обычной batch normalization к RNN?,prompt2,dialog0026,2-file_deepseek-r1_1.5b_prompt2_dialog0026,2-file,30.7,33.0,45.4,67.6,100.0,44.5,30.3,60.1,36.7,9.6
deepseek-r1,1.5B,5._Рекуррентные_НС,Как работает механизм внимания (Attention)?,prompt2,dialog0027,2-file_deepseek-r1_1.5b_prompt2_dialog0027,2-file,30.7,33.0,45.4,67.6,100.0,44.5,30.3,60.1,36.7,9.6
deepseek-r1,1.5B,5._Рекуррентные_НС,Почему внимание важно в задачах машинного перевода?,prompt2,dialog0028,2-file_deepseek-r1_1.5b_prompt2_dialog0028,2-file,30.7,33.0,45.4,67.6,100.0,44.5,30.3,60.1,36.7,9.6
deepseek-r1,1.5B,5._Рекуррентные_НС,"Чем Show, Attend and Tell отличается от обычного RNN для обработки изображений?",prompt2,dialog0029,2-file_deepseek-r1_1.5b_prompt2_dialog0029,2-file,30.7,33.0,45.4,67.6,100.0,44.5,30.3,60.1,36.7,9.6
deepseek-r1,1.5B,5._Рекуррентные_НС,Можно ли автоматически подбирать архитектуру рекуррентной ячейки?,prompt2,dialog0030,2-file_deepseek-r1_1.5b_prompt2_dialog0030,2-file,30.7,33.0,45.4,67.6,100.0,44.5,30.3,60.1,36.7,9.6
deepseek-r1,1.5B,5._Рекуррентные_НС,"Зачем нужны рекуррентные нейронные сети, если существуют полносвязные и сверточные?",prompt5,dialog0061,2-file_deepseek-r1_1.5b_prompt5_dialog0061,2-file,30.7,26.1,44.5,67.6,100.0,41.9,35.1,57.5,38.8,7.4
deepseek-r1,1.5B,5._Рекуррентные_НС,Что такое скрытое состояние в RNN?,prompt5,dialog0062,2-file_deepseek-r1_1.5b_prompt5_dialog0062,2-file,30.7,26.1,44.5,67.6,100.0,41.9,35.1,57.5,38.8,7.4
deepseek-r1,1.5B,5._Рекуррентные_НС,Какие типы входов и выходов встречаются в задачах RNN?,prompt5,dialog0063,2-file_deepseek-r1_1.5b_prompt5_dialog0063,2-file,30.7,26.1,44.5,67.6,100.0,41.9,35.1,57.5,38.8,7.4
deepseek-r1,1.5B,5._Рекуррентные_НС,В чем отличие Simple RNN от глубоких RNN?,prompt5,dialog0064,2-file_deepseek-r1_1.5b_prompt5_dialog0064,2-file,30.7,26.1,44.5,67.6,100.0,41.9,35.1,57.5,38.8,7.4
deepseek-r1,1.5B,5._Рекуррентные_НС,Что такое двунаправленные RNN и зачем они нужны?,prompt5,dialog0065,2-file_deepseek-r1_1.5b_prompt5_dialog0065,2-file,30.7,26.1,44.5,67.6,100.0,41.9,35.1,57.5,38.8,7.4
deepseek-r1,1.5B,5._Рекуррентные_НС,Как LSTM решает проблему затухающих градиентов?,prompt5,dialog0066,2-file_deepseek-r1_1.5b_prompt5_dialog0066,2-file,30.7,26.1,44.5,67.6,100.0,41.9,35.1,57.5,38.8,7.4
deepseek-r1,1.5B,5._Рекуррентные_НС,Какие компоненты включает стандартная LSTM ячейка?,prompt5,dialog0067,2-file_deepseek-r1_1.5b_prompt5_dialog0067,2-file,30.7,26.1,44.5,67.6,100.0,41.9,35.1,57.5,38.8,7.4
deepseek-r1,1.5B,5._Рекуррентные_НС,Чем GRU отличается от LSTM?,prompt5,dialog0068,2-file_deepseek-r1_1.5b_prompt5_dialog0068,2-file,30.7,26.1,44.5,67.6,100.0,41.9,35.1,57.5,38.8,7.4
deepseek-r1,1.5B,5._Рекуррентные_НС,Зачем нужны замочные скважины (peepholes) в LSTM?,prompt5,dialog0069,2-file_deepseek-r1_1.5b_prompt5_dialog0069,2-file,30.7,26.1,44.5,67.6,100.0,41.9,35.1,57.5,38.8,7.4
deepseek-r1,1.5B,5._Рекуррентные_НС,Почему нормализация по мини-батчам важна для обучения RNN?,prompt5,dialog0070,2-file_deepseek-r1_1.5b_prompt5_dialog0070,2-file,30.7,26.1,44.5,67.6,100.0,41.9,35.1,57.5,38.8,7.4
deepseek-r1,1.5B,5._Рекуррентные_НС,В чем трудность применения обычной batch normalization к RNN?,prompt5,dialog0071,2-file_deepseek-r1_1.5b_prompt5_dialog0071,2-file,30.7,26.1,44.5,67.6,100.0,41.9,35.1,57.5,38.8,7.4
deepseek-r1,1.5B,5._Рекуррентные_НС,Как работает механизм внимания (Attention)?,prompt5,dialog0072,2-file_deepseek-r1_1.5b_prompt5_dialog0072,2-file,30.7,26.1,44.5,67.6,100.0,41.9,35.1,57.5,38.8,7.4
deepseek-r1,1.5B,5._Рекуррентные_НС,Почему внимание важно в задачах машинного перевода?,prompt5,dialog0073,2-file_deepseek-r1_1.5b_prompt5_dialog0073,2-file,30.7,26.1,44.5,67.6,100.0,41.9,35.1,57.5,38.8,7.4
deepseek-r1,1.5B,5._Рекуррентные_НС,"Чем Show, Attend and Tell отличается от обычного RNN для обработки изображений?",prompt5,dialog0074,2-file_deepseek-r1_1.5b_prompt5_dialog0074,2-file,30.7,26.1,44.5,67.6,100.0,41.9,35.1,57.5,38.8,7.4
deepseek-r1,1.5B,5._Рекуррентные_НС,Можно ли автоматически подбирать архитектуру рекуррентной ячейки?,prompt5,dialog0075,2-file_deepseek-r1_1.5b_prompt5_dialog0075,2-file,30.7,26.1,44.5,67.6,100.0,41.9,35.1,57.5,38.8,7.4
deepseek-r1,1.5B,5._Рекуррентные_НС,"Зачем нужны рекуррентные нейронные сети, если существуют полносвязные и сверточные?",prompt12,dialog0166,2-file_deepseek-r1_1.5b_prompt12_dialog0166,2-file,25.5,24.7,37.1,67.6,100.0,40.7,29.8,64.1,45.5,6.1
deepseek-r1,1.5B,5._Рекуррентные_НС,Что такое скрытое состояние в RNN?,prompt12,dialog0167,2-file_deepseek-r1_1.5b_prompt12_dialog0167,2-file,25.5,24.7,37.1,67.6,100.0,40.7,29.8,64.1,45.5,6.1
deepseek-r1,1.5B,5._Рекуррентные_НС,Какие типы входов и выходов встречаются в задачах RNN?,prompt12,dialog0168,2-file_deepseek-r1_1.5b_prompt12_dialog0168,2-file,25.5,24.7,37.1,67.6,100.0,40.7,29.8,64.1,45.5,6.1
deepseek-r1,1.5B,5._Рекуррентные_НС,В чем отличие Simple RNN от глубоких RNN?,prompt12,dialog0169,2-file_deepseek-r1_1.5b_prompt12_dialog0169,2-file,25.5,24.7,37.1,67.6,100.0,40.7,29.8,64.1,45.5,6.1
deepseek-r1,1.5B,5._Рекуррентные_НС,Что такое двунаправленные RNN и зачем они нужны?,prompt12,dialog0170,2-file_deepseek-r1_1.5b_prompt12_dialog0170,2-file,25.5,24.7,37.1,67.6,100.0,40.7,29.8,64.1,45.5,6.1
deepseek-r1,1.5B,5._Рекуррентные_НС,Как LSTM решает проблему затухающих градиентов?,prompt12,dialog0171,2-file_deepseek-r1_1.5b_prompt12_dialog0171,2-file,25.5,24.7,37.1,67.6,100.0,40.7,29.8,64.1,45.5,6.1
deepseek-r1,1.5B,5._Рекуррентные_НС,Какие компоненты включает стандартная LSTM ячейка?,prompt12,dialog0172,2-file_deepseek-r1_1.5b_prompt12_dialog0172,2-file,25.5,24.7,37.1,67.6,100.0,40.7,29.8,64.1,45.5,6.1
deepseek-r1,1.5B,5._Рекуррентные_НС,Чем GRU отличается от LSTM?,prompt12,dialog0173,2-file_deepseek-r1_1.5b_prompt12_dialog0173,2-file,25.5,24.7,37.1,67.6,100.0,40.7,29.8,64.1,45.5,6.1
deepseek-r1,1.5B,5._Рекуррентные_НС,Зачем нужны замочные скважины (peepholes) в LSTM?,prompt12,dialog0174,2-file_deepseek-r1_1.5b_prompt12_dialog0174,2-file,25.5,24.7,37.1,67.6,100.0,40.7,29.8,64.1,45.5,6.1
deepseek-r1,1.5B,5._Рекуррентные_НС,Почему нормализация по мини-батчам важна для обучения RNN?,prompt12,dialog0175,2-file_deepseek-r1_1.5b_prompt12_dialog0175,2-file,25.5,24.7,37.1,67.6,100.0,40.7,29.8,64.1,45.5,6.1
deepseek-r1,1.5B,5._Рекуррентные_НС,В чем трудность применения обычной batch normalization к RNN?,prompt12,dialog0176,2-file_deepseek-r1_1.5b_prompt12_dialog0176,2-file,25.5,24.7,37.1,67.6,100.0,40.7,29.8,64.1,45.5,6.1
deepseek-r1,1.5B,5._Рекуррентные_НС,Как работает механизм внимания (Attention)?,prompt12,dialog0177,2-file_deepseek-r1_1.5b_prompt12_dialog0177,2-file,25.5,24.7,37.1,67.6,100.0,40.7,29.8,64.1,45.5,6.1
deepseek-r1,1.5B,5._Рекуррентные_НС,Почему внимание важно в задачах машинного перевода?,prompt12,dialog0178,2-file_deepseek-r1_1.5b_prompt12_dialog0178,2-file,25.5,24.7,37.1,67.6,100.0,40.7,29.8,64.1,45.5,6.1
deepseek-r1,1.5B,5._Рекуррентные_НС,"Чем Show, Attend and Tell отличается от обычного RNN для обработки изображений?",prompt12,dialog0179,2-file_deepseek-r1_1.5b_prompt12_dialog0179,2-file,25.5,24.7,37.1,67.6,100.0,40.7,29.8,64.1,45.5,6.1
deepseek-r1,1.5B,5._Рекуррентные_НС,Можно ли автоматически подбирать архитектуру рекуррентной ячейки?,prompt12,dialog0180,2-file_deepseek-r1_1.5b_prompt12_dialog0180,2-file,25.5,24.7,37.1,67.6,100.0,40.7,29.8,64.1,45.5,6.1
deepseek-r1,1.5B,5._Рекуррентные_НС,"Зачем нужны рекуррентные нейронные сети, если существуют полносвязные и сверточные?",prompt15,dialog0211,2-file_deepseek-r1_1.5b_prompt15_dialog0211,2-file,27.0,25.6,37.4,67.6,100.0,32.0,34.4,57.4,40.0,8.2
deepseek-r1,1.5B,5._Рекуррентные_НС,Что такое скрытое состояние в RNN?,prompt15,dialog0212,2-file_deepseek-r1_1.5b_prompt15_dialog0212,2-file,27.0,25.6,37.4,67.6,100.0,32.0,34.4,57.4,40.0,8.2
deepseek-r1,1.5B,5._Рекуррентные_НС,Какие типы входов и выходов встречаются в задачах RNN?,prompt15,dialog0213,2-file_deepseek-r1_1.5b_prompt15_dialog0213,2-file,27.0,25.6,37.4,67.6,100.0,32.0,34.4,57.4,40.0,8.2
deepseek-r1,1.5B,5._Рекуррентные_НС,В чем отличие Simple RNN от глубоких RNN?,prompt15,dialog0214,2-file_deepseek-r1_1.5b_prompt15_dialog0214,2-file,27.0,25.6,37.4,67.6,100.0,32.0,34.4,57.4,40.0,8.2
deepseek-r1,1.5B,5._Рекуррентные_НС,Что такое двунаправленные RNN и зачем они нужны?,prompt15,dialog0215,2-file_deepseek-r1_1.5b_prompt15_dialog0215,2-file,27.0,25.6,37.4,67.6,100.0,32.0,34.4,57.4,40.0,8.2
deepseek-r1,1.5B,5._Рекуррентные_НС,Как LSTM решает проблему затухающих градиентов?,prompt15,dialog0216,2-file_deepseek-r1_1.5b_prompt15_dialog0216,2-file,27.0,25.6,37.4,67.6,100.0,32.0,34.4,57.4,40.0,8.2
deepseek-r1,1.5B,5._Рекуррентные_НС,Какие компоненты включает стандартная LSTM ячейка?,prompt15,dialog0217,2-file_deepseek-r1_1.5b_prompt15_dialog0217,2-file,27.0,25.6,37.4,67.6,100.0,32.0,34.4,57.4,40.0,8.2
deepseek-r1,1.5B,5._Рекуррентные_НС,Чем GRU отличается от LSTM?,prompt15,dialog0218,2-file_deepseek-r1_1.5b_prompt15_dialog0218,2-file,27.0,25.6,37.4,67.6,100.0,32.0,34.4,57.4,40.0,8.2
deepseek-r1,1.5B,5._Рекуррентные_НС,Зачем нужны замочные скважины (peepholes) в LSTM?,prompt15,dialog0219,2-file_deepseek-r1_1.5b_prompt15_dialog0219,2-file,27.0,25.6,37.4,67.6,100.0,32.0,34.4,57.4,40.0,8.2
deepseek-r1,1.5B,5._Рекуррентные_НС,Почему нормализация по мини-батчам важна для обучения RNN?,prompt15,dialog0220,2-file_deepseek-r1_1.5b_prompt15_dialog0220,2-file,27.0,25.6,37.4,67.6,100.0,32.0,34.4,57.4,40.0,8.2
deepseek-r1,1.5B,5._Рекуррентные_НС,В чем трудность применения обычной batch normalization к RNN?,prompt15,dialog0221,2-file_deepseek-r1_1.5b_prompt15_dialog0221,2-file,27.0,25.6,37.4,67.6,100.0,32.0,34.4,57.4,40.0,8.2
deepseek-r1,1.5B,5._Рекуррентные_НС,Как работает механизм внимания (Attention)?,prompt15,dialog0222,2-file_deepseek-r1_1.5b_prompt15_dialog0222,2-file,27.0,25.6,37.4,67.6,100.0,32.0,34.4,57.4,40.0,8.2
deepseek-r1,1.5B,5._Рекуррентные_НС,Почему внимание важно в задачах машинного перевода?,prompt15,dialog0223,2-file_deepseek-r1_1.5b_prompt15_dialog0223,2-file,27.0,25.6,37.4,67.6,100.0,32.0,34.4,57.4,40.0,8.2
deepseek-r1,1.5B,5._Рекуррентные_НС,"Чем Show, Attend and Tell отличается от обычного RNN для обработки изображений?",prompt15,dialog0224,2-file_deepseek-r1_1.5b_prompt15_dialog0224,2-file,27.0,25.6,37.4,67.6,100.0,32.0,34.4,57.4,40.0,8.2
deepseek-r1,1.5B,5._Рекуррентные_НС,Можно ли автоматически подбирать архитектуру рекуррентной ячейки?,prompt15,dialog0225,2-file_deepseek-r1_1.5b_prompt15_dialog0225,2-file,27.0,25.6,37.4,67.6,100.0,32.0,34.4,57.4,40.0,8.2
deepseek-r1,1.5B,5._Рекуррентные_НС,"Зачем нужны рекуррентные нейронные сети, если существуют полносвязные и сверточные?",prompt10,dialog0136,2-file_deepseek-r1_1.5b_prompt10_dialog0136,2-file,26.4,23.7,38.9,67.6,100.0,40.5,40.2,52.8,36.1,7.0
deepseek-r1,1.5B,5._Рекуррентные_НС,Что такое скрытое состояние в RNN?,prompt10,dialog0137,2-file_deepseek-r1_1.5b_prompt10_dialog0137,2-file,26.4,23.7,38.9,67.6,100.0,40.5,40.2,52.8,36.1,7.0
deepseek-r1,1.5B,5._Рекуррентные_НС,Какие типы входов и выходов встречаются в задачах RNN?,prompt10,dialog0138,2-file_deepseek-r1_1.5b_prompt10_dialog0138,2-file,26.4,23.7,38.9,67.6,100.0,40.5,40.2,52.8,36.1,7.0
deepseek-r1,1.5B,5._Рекуррентные_НС,В чем отличие Simple RNN от глубоких RNN?,prompt10,dialog0139,2-file_deepseek-r1_1.5b_prompt10_dialog0139,2-file,26.4,23.7,38.9,67.6,100.0,40.5,40.2,52.8,36.1,7.0
deepseek-r1,1.5B,5._Рекуррентные_НС,Что такое двунаправленные RNN и зачем они нужны?,prompt10,dialog0140,2-file_deepseek-r1_1.5b_prompt10_dialog0140,2-file,26.4,23.7,38.9,67.6,100.0,40.5,40.2,52.8,36.1,7.0
deepseek-r1,1.5B,5._Рекуррентные_НС,Как LSTM решает проблему затухающих градиентов?,prompt10,dialog0141,2-file_deepseek-r1_1.5b_prompt10_dialog0141,2-file,26.4,23.7,38.9,67.6,100.0,40.5,40.2,52.8,36.1,7.0
deepseek-r1,1.5B,5._Рекуррентные_НС,Какие компоненты включает стандартная LSTM ячейка?,prompt10,dialog0142,2-file_deepseek-r1_1.5b_prompt10_dialog0142,2-file,26.4,23.7,38.9,67.6,100.0,40.5,40.2,52.8,36.1,7.0
deepseek-r1,1.5B,5._Рекуррентные_НС,Чем GRU отличается от LSTM?,prompt10,dialog0143,2-file_deepseek-r1_1.5b_prompt10_dialog0143,2-file,26.4,23.7,38.9,67.6,100.0,40.5,40.2,52.8,36.1,7.0
deepseek-r1,1.5B,5._Рекуррентные_НС,Зачем нужны замочные скважины (peepholes) в LSTM?,prompt10,dialog0144,2-file_deepseek-r1_1.5b_prompt10_dialog0144,2-file,26.4,23.7,38.9,67.6,100.0,40.5,40.2,52.8,36.1,7.0
deepseek-r1,1.5B,5._Рекуррентные_НС,Почему нормализация по мини-батчам важна для обучения RNN?,prompt10,dialog0145,2-file_deepseek-r1_1.5b_prompt10_dialog0145,2-file,26.4,23.7,38.9,67.6,100.0,40.5,40.2,52.8,36.1,7.0
deepseek-r1,1.5B,5._Рекуррентные_НС,В чем трудность применения обычной batch normalization к RNN?,prompt10,dialog0146,2-file_deepseek-r1_1.5b_prompt10_dialog0146,2-file,26.4,23.7,38.9,67.6,100.0,40.5,40.2,52.8,36.1,7.0
deepseek-r1,1.5B,5._Рекуррентные_НС,Как работает механизм внимания (Attention)?,prompt10,dialog0147,2-file_deepseek-r1_1.5b_prompt10_dialog0147,2-file,26.4,23.7,38.9,67.6,100.0,40.5,40.2,52.8,36.1,7.0
deepseek-r1,1.5B,5._Рекуррентные_НС,Почему внимание важно в задачах машинного перевода?,prompt10,dialog0148,2-file_deepseek-r1_1.5b_prompt10_dialog0148,2-file,26.4,23.7,38.9,67.6,100.0,40.5,40.2,52.8,36.1,7.0
deepseek-r1,1.5B,5._Рекуррентные_НС,"Чем Show, Attend and Tell отличается от обычного RNN для обработки изображений?",prompt10,dialog0149,2-file_deepseek-r1_1.5b_prompt10_dialog0149,2-file,26.4,23.7,38.9,67.6,100.0,40.5,40.2,52.8,36.1,7.0
deepseek-r1,1.5B,5._Рекуррентные_НС,Можно ли автоматически подбирать архитектуру рекуррентной ячейки?,prompt10,dialog0150,2-file_deepseek-r1_1.5b_prompt10_dialog0150,2-file,26.4,23.7,38.9,67.6,100.0,40.5,40.2,52.8,36.1,7.0
deepseek-r1,1.5B,5._Рекуррентные_НС,"Зачем нужны рекуррентные нейронные сети, если существуют полносвязные и сверточные?",prompt9,dialog0121,2-file_deepseek-r1_1.5b_prompt9_dialog0121,2-file,35.9,33.0,51.6,67.6,100.0,52.2,27.1,64.2,39.9,8.7
deepseek-r1,1.5B,5._Рекуррентные_НС,Что такое скрытое состояние в RNN?,prompt9,dialog0122,2-file_deepseek-r1_1.5b_prompt9_dialog0122,2-file,35.9,33.0,51.6,67.6,100.0,52.2,27.1,64.2,39.9,8.7
deepseek-r1,1.5B,5._Рекуррентные_НС,Какие типы входов и выходов встречаются в задачах RNN?,prompt9,dialog0123,2-file_deepseek-r1_1.5b_prompt9_dialog0123,2-file,35.9,33.0,51.6,67.6,100.0,52.2,27.1,64.2,39.9,8.7
deepseek-r1,1.5B,5._Рекуррентные_НС,В чем отличие Simple RNN от глубоких RNN?,prompt9,dialog0124,2-file_deepseek-r1_1.5b_prompt9_dialog0124,2-file,35.9,33.0,51.6,67.6,100.0,52.2,27.1,64.2,39.9,8.7
deepseek-r1,1.5B,5._Рекуррентные_НС,Что такое двунаправленные RNN и зачем они нужны?,prompt9,dialog0125,2-file_deepseek-r1_1.5b_prompt9_dialog0125,2-file,35.9,33.0,51.6,67.6,100.0,52.2,27.1,64.2,39.9,8.7
deepseek-r1,1.5B,5._Рекуррентные_НС,Как LSTM решает проблему затухающих градиентов?,prompt9,dialog0126,2-file_deepseek-r1_1.5b_prompt9_dialog0126,2-file,35.9,33.0,51.6,67.6,100.0,52.2,27.1,64.2,39.9,8.7
deepseek-r1,1.5B,5._Рекуррентные_НС,Какие компоненты включает стандартная LSTM ячейка?,prompt9,dialog0127,2-file_deepseek-r1_1.5b_prompt9_dialog0127,2-file,35.9,33.0,51.6,67.6,100.0,52.2,27.1,64.2,39.9,8.7
deepseek-r1,1.5B,5._Рекуррентные_НС,Чем GRU отличается от LSTM?,prompt9,dialog0128,2-file_deepseek-r1_1.5b_prompt9_dialog0128,2-file,35.9,33.0,51.6,67.6,100.0,52.2,27.1,64.2,39.9,8.7
deepseek-r1,1.5B,5._Рекуррентные_НС,Зачем нужны замочные скважины (peepholes) в LSTM?,prompt9,dialog0129,2-file_deepseek-r1_1.5b_prompt9_dialog0129,2-file,35.9,33.0,51.6,67.6,100.0,52.2,27.1,64.2,39.9,8.7
deepseek-r1,1.5B,5._Рекуррентные_НС,Почему нормализация по мини-батчам важна для обучения RNN?,prompt9,dialog0130,2-file_deepseek-r1_1.5b_prompt9_dialog0130,2-file,35.9,33.0,51.6,67.6,100.0,52.2,27.1,64.2,39.9,8.7
deepseek-r1,1.5B,5._Рекуррентные_НС,В чем трудность применения обычной batch normalization к RNN?,prompt9,dialog0131,2-file_deepseek-r1_1.5b_prompt9_dialog0131,2-file,35.9,33.0,51.6,67.6,100.0,52.2,27.1,64.2,39.9,8.7
deepseek-r1,1.5B,5._Рекуррентные_НС,Как работает механизм внимания (Attention)?,prompt9,dialog0132,2-file_deepseek-r1_1.5b_prompt9_dialog0132,2-file,35.9,33.0,51.6,67.6,100.0,52.2,27.1,64.2,39.9,8.7
deepseek-r1,1.5B,5._Рекуррентные_НС,Почему внимание важно в задачах машинного перевода?,prompt9,dialog0133,2-file_deepseek-r1_1.5b_prompt9_dialog0133,2-file,35.9,33.0,51.6,67.6,100.0,52.2,27.1,64.2,39.9,8.7
deepseek-r1,1.5B,5._Рекуррентные_НС,"Чем Show, Attend and Tell отличается от обычного RNN для обработки изображений?",prompt9,dialog0134,2-file_deepseek-r1_1.5b_prompt9_dialog0134,2-file,35.9,33.0,51.6,67.6,100.0,52.2,27.1,64.2,39.9,8.7
deepseek-r1,1.5B,5._Рекуррентные_НС,Можно ли автоматически подбирать архитектуру рекуррентной ячейки?,prompt9,dialog0135,2-file_deepseek-r1_1.5b_prompt9_dialog0135,2-file,35.9,33.0,51.6,67.6,100.0,52.2,27.1,64.2,39.9,8.7
deepseek-r1,1.5B,5._Рекуррентные_НС,"Зачем нужны рекуррентные нейронные сети, если существуют полносвязные и сверточные?",prompt7,dialog0091,2-file_deepseek-r1_1.5b_prompt7_dialog0091,2-file,41.3,37.0,51.7,67.6,100.0,53.3,23.5,65.3,39.5,11.1
deepseek-r1,1.5B,5._Рекуррентные_НС,Что такое скрытое состояние в RNN?,prompt7,dialog0092,2-file_deepseek-r1_1.5b_prompt7_dialog0092,2-file,41.3,37.0,51.7,67.6,100.0,53.3,23.5,65.3,39.5,11.1
deepseek-r1,1.5B,5._Рекуррентные_НС,Какие типы входов и выходов встречаются в задачах RNN?,prompt7,dialog0093,2-file_deepseek-r1_1.5b_prompt7_dialog0093,2-file,41.3,37.0,51.7,67.6,100.0,53.3,23.5,65.3,39.5,11.1
deepseek-r1,1.5B,5._Рекуррентные_НС,В чем отличие Simple RNN от глубоких RNN?,prompt7,dialog0094,2-file_deepseek-r1_1.5b_prompt7_dialog0094,2-file,41.3,37.0,51.7,67.6,100.0,53.3,23.5,65.3,39.5,11.1
deepseek-r1,1.5B,5._Рекуррентные_НС,Что такое двунаправленные RNN и зачем они нужны?,prompt7,dialog0095,2-file_deepseek-r1_1.5b_prompt7_dialog0095,2-file,41.3,37.0,51.7,67.6,100.0,53.3,23.5,65.3,39.5,11.1
deepseek-r1,1.5B,5._Рекуррентные_НС,Как LSTM решает проблему затухающих градиентов?,prompt7,dialog0096,2-file_deepseek-r1_1.5b_prompt7_dialog0096,2-file,41.3,37.0,51.7,67.6,100.0,53.3,23.5,65.3,39.5,11.1
deepseek-r1,1.5B,5._Рекуррентные_НС,Какие компоненты включает стандартная LSTM ячейка?,prompt7,dialog0097,2-file_deepseek-r1_1.5b_prompt7_dialog0097,2-file,41.3,37.0,51.7,67.6,100.0,53.3,23.5,65.3,39.5,11.1
deepseek-r1,1.5B,5._Рекуррентные_НС,Чем GRU отличается от LSTM?,prompt7,dialog0098,2-file_deepseek-r1_1.5b_prompt7_dialog0098,2-file,41.3,37.0,51.7,67.6,100.0,53.3,23.5,65.3,39.5,11.1
deepseek-r1,1.5B,5._Рекуррентные_НС,Зачем нужны замочные скважины (peepholes) в LSTM?,prompt7,dialog0099,2-file_deepseek-r1_1.5b_prompt7_dialog0099,2-file,41.3,37.0,51.7,67.6,100.0,53.3,23.5,65.3,39.5,11.1
deepseek-r1,1.5B,5._Рекуррентные_НС,Почему нормализация по мини-батчам важна для обучения RNN?,prompt7,dialog0100,2-file_deepseek-r1_1.5b_prompt7_dialog0100,2-file,41.3,37.0,51.7,67.6,100.0,53.3,23.5,65.3,39.5,11.1
deepseek-r1,1.5B,5._Рекуррентные_НС,В чем трудность применения обычной batch normalization к RNN?,prompt7,dialog0101,2-file_deepseek-r1_1.5b_prompt7_dialog0101,2-file,41.3,37.0,51.7,67.6,100.0,53.3,23.5,65.3,39.5,11.1
deepseek-r1,1.5B,5._Рекуррентные_НС,Как работает механизм внимания (Attention)?,prompt7,dialog0102,2-file_deepseek-r1_1.5b_prompt7_dialog0102,2-file,41.3,37.0,51.7,67.6,100.0,53.3,23.5,65.3,39.5,11.1
deepseek-r1,1.5B,5._Рекуррентные_НС,Почему внимание важно в задачах машинного перевода?,prompt7,dialog0103,2-file_deepseek-r1_1.5b_prompt7_dialog0103,2-file,41.3,37.0,51.7,67.6,100.0,53.3,23.5,65.3,39.5,11.1
deepseek-r1,1.5B,5._Рекуррентные_НС,"Чем Show, Attend and Tell отличается от обычного RNN для обработки изображений?",prompt7,dialog0104,2-file_deepseek-r1_1.5b_prompt7_dialog0104,2-file,41.3,37.0,51.7,67.6,100.0,53.3,23.5,65.3,39.5,11.1
deepseek-r1,1.5B,5._Рекуррентные_НС,Можно ли автоматически подбирать архитектуру рекуррентной ячейки?,prompt7,dialog0105,2-file_deepseek-r1_1.5b_prompt7_dialog0105,2-file,41.3,37.0,51.7,67.6,100.0,53.3,23.5,65.3,39.5,11.1
deepseek-r1,1.5B,5._Рекуррентные_НС,"Зачем нужны рекуррентные нейронные сети, если существуют полносвязные и сверточные?",prompt6,dialog0076,2-file_deepseek-r1_1.5b_prompt6_dialog0076,2-file,34.4,32.0,47.6,67.6,100.0,48.5,27.0,57.9,34.3,8.4
deepseek-r1,1.5B,5._Рекуррентные_НС,Что такое скрытое состояние в RNN?,prompt6,dialog0077,2-file_deepseek-r1_1.5b_prompt6_dialog0077,2-file,34.4,32.0,47.6,67.6,100.0,48.5,27.0,57.9,34.3,8.4
deepseek-r1,1.5B,5._Рекуррентные_НС,Какие типы входов и выходов встречаются в задачах RNN?,prompt6,dialog0078,2-file_deepseek-r1_1.5b_prompt6_dialog0078,2-file,34.4,32.0,47.6,67.6,100.0,48.5,27.0,57.9,34.3,8.4
deepseek-r1,1.5B,5._Рекуррентные_НС,В чем отличие Simple RNN от глубоких RNN?,prompt6,dialog0079,2-file_deepseek-r1_1.5b_prompt6_dialog0079,2-file,34.4,32.0,47.6,67.6,100.0,48.5,27.0,57.9,34.3,8.4
deepseek-r1,1.5B,5._Рекуррентные_НС,Что такое двунаправленные RNN и зачем они нужны?,prompt6,dialog0080,2-file_deepseek-r1_1.5b_prompt6_dialog0080,2-file,34.4,32.0,47.6,67.6,100.0,48.5,27.0,57.9,34.3,8.4
deepseek-r1,1.5B,5._Рекуррентные_НС,Как LSTM решает проблему затухающих градиентов?,prompt6,dialog0081,2-file_deepseek-r1_1.5b_prompt6_dialog0081,2-file,34.4,32.0,47.6,67.6,100.0,48.5,27.0,57.9,34.3,8.4
deepseek-r1,1.5B,5._Рекуррентные_НС,Какие компоненты включает стандартная LSTM ячейка?,prompt6,dialog0082,2-file_deepseek-r1_1.5b_prompt6_dialog0082,2-file,34.4,32.0,47.6,67.6,100.0,48.5,27.0,57.9,34.3,8.4
deepseek-r1,1.5B,5._Рекуррентные_НС,Чем GRU отличается от LSTM?,prompt6,dialog0083,2-file_deepseek-r1_1.5b_prompt6_dialog0083,2-file,34.4,32.0,47.6,67.6,100.0,48.5,27.0,57.9,34.3,8.4
deepseek-r1,1.5B,5._Рекуррентные_НС,Зачем нужны замочные скважины (peepholes) в LSTM?,prompt6,dialog0084,2-file_deepseek-r1_1.5b_prompt6_dialog0084,2-file,34.4,32.0,47.6,67.6,100.0,48.5,27.0,57.9,34.3,8.4
deepseek-r1,1.5B,5._Рекуррентные_НС,Почему нормализация по мини-батчам важна для обучения RNN?,prompt6,dialog0085,2-file_deepseek-r1_1.5b_prompt6_dialog0085,2-file,34.4,32.0,47.6,67.6,100.0,48.5,27.0,57.9,34.3,8.4
deepseek-r1,1.5B,5._Рекуррентные_НС,В чем трудность применения обычной batch normalization к RNN?,prompt6,dialog0086,2-file_deepseek-r1_1.5b_prompt6_dialog0086,2-file,34.4,32.0,47.6,67.6,100.0,48.5,27.0,57.9,34.3,8.4
deepseek-r1,1.5B,5._Рекуррентные_НС,Как работает механизм внимания (Attention)?,prompt6,dialog0087,2-file_deepseek-r1_1.5b_prompt6_dialog0087,2-file,34.4,32.0,47.6,67.6,100.0,48.5,27.0,57.9,34.3,8.4
deepseek-r1,1.5B,5._Рекуррентные_НС,Почему внимание важно в задачах машинного перевода?,prompt6,dialog0088,2-file_deepseek-r1_1.5b_prompt6_dialog0088,2-file,34.4,32.0,47.6,67.6,100.0,48.5,27.0,57.9,34.3,8.4
deepseek-r1,1.5B,5._Рекуррентные_НС,"Чем Show, Attend and Tell отличается от обычного RNN для обработки изображений?",prompt6,dialog0089,2-file_deepseek-r1_1.5b_prompt6_dialog0089,2-file,34.4,32.0,47.6,67.6,100.0,48.5,27.0,57.9,34.3,8.4
deepseek-r1,1.5B,5._Рекуррентные_НС,Можно ли автоматически подбирать архитектуру рекуррентной ячейки?,prompt6,dialog0090,2-file_deepseek-r1_1.5b_prompt6_dialog0090,2-file,34.4,32.0,47.6,67.6,100.0,48.5,27.0,57.9,34.3,8.4
deepseek-r1,1.5B,5._Рекуррентные_НС,"Зачем нужны рекуррентные нейронные сети, если существуют полносвязные и сверточные?",prompt1,dialog0001,2-file_deepseek-r1_1.5b_prompt1_dialog0001,2-file,26.5,28.7,43.8,65.3,100.0,43.1,33.3,57.0,37.9,9.7
deepseek-r1,1.5B,5._Рекуррентные_НС,Что такое скрытое состояние в RNN?,prompt1,dialog0002,2-file_deepseek-r1_1.5b_prompt1_dialog0002,2-file,26.5,28.7,43.8,65.3,100.0,43.1,33.3,57.0,37.9,9.7
deepseek-r1,1.5B,5._Рекуррентные_НС,Какие типы входов и выходов встречаются в задачах RNN?,prompt1,dialog0003,2-file_deepseek-r1_1.5b_prompt1_dialog0003,2-file,26.5,28.7,43.8,65.3,100.0,43.1,33.3,57.0,37.9,9.7
deepseek-r1,1.5B,5._Рекуррентные_НС,В чем отличие Simple RNN от глубоких RNN?,prompt1,dialog0004,2-file_deepseek-r1_1.5b_prompt1_dialog0004,2-file,26.5,28.7,43.8,65.3,100.0,43.1,33.3,57.0,37.9,9.7
deepseek-r1,1.5B,5._Рекуррентные_НС,Что такое двунаправленные RNN и зачем они нужны?,prompt1,dialog0005,2-file_deepseek-r1_1.5b_prompt1_dialog0005,2-file,26.5,28.7,43.8,65.3,100.0,43.1,33.3,57.0,37.9,9.7
deepseek-r1,1.5B,5._Рекуррентные_НС,Как LSTM решает проблему затухающих градиентов?,prompt1,dialog0006,2-file_deepseek-r1_1.5b_prompt1_dialog0006,2-file,26.5,28.7,43.8,65.3,100.0,43.1,33.3,57.0,37.9,9.7
deepseek-r1,1.5B,5._Рекуррентные_НС,Какие компоненты включает стандартная LSTM ячейка?,prompt1,dialog0007,2-file_deepseek-r1_1.5b_prompt1_dialog0007,2-file,26.5,28.7,43.8,65.3,100.0,43.1,33.3,57.0,37.9,9.7
deepseek-r1,1.5B,5._Рекуррентные_НС,Чем GRU отличается от LSTM?,prompt1,dialog0008,2-file_deepseek-r1_1.5b_prompt1_dialog0008,2-file,26.5,28.7,43.8,65.3,100.0,43.1,33.3,57.0,37.9,9.7
deepseek-r1,1.5B,5._Рекуррентные_НС,Зачем нужны замочные скважины (peepholes) в LSTM?,prompt1,dialog0009,2-file_deepseek-r1_1.5b_prompt1_dialog0009,2-file,26.5,28.7,43.8,65.3,100.0,43.1,33.3,57.0,37.9,9.7
deepseek-r1,1.5B,5._Рекуррентные_НС,Почему нормализация по мини-батчам важна для обучения RNN?,prompt1,dialog0010,2-file_deepseek-r1_1.5b_prompt1_dialog0010,2-file,26.5,28.7,43.8,65.3,100.0,43.1,33.3,57.0,37.9,9.7
deepseek-r1,1.5B,5._Рекуррентные_НС,В чем трудность применения обычной batch normalization к RNN?,prompt1,dialog0011,2-file_deepseek-r1_1.5b_prompt1_dialog0011,2-file,26.5,28.7,43.8,65.3,100.0,43.1,33.3,57.0,37.9,9.7
deepseek-r1,1.5B,5._Рекуррентные_НС,Как работает механизм внимания (Attention)?,prompt1,dialog0012,2-file_deepseek-r1_1.5b_prompt1_dialog0012,2-file,26.5,28.7,43.8,65.3,100.0,43.1,33.3,57.0,37.9,9.7
deepseek-r1,1.5B,5._Рекуррентные_НС,Почему внимание важно в задачах машинного перевода?,prompt1,dialog0013,2-file_deepseek-r1_1.5b_prompt1_dialog0013,2-file,26.5,28.7,43.8,65.3,100.0,43.1,33.3,57.0,37.9,9.7
deepseek-r1,1.5B,5._Рекуррентные_НС,"Чем Show, Attend and Tell отличается от обычного RNN для обработки изображений?",prompt1,dialog0014,2-file_deepseek-r1_1.5b_prompt1_dialog0014,2-file,26.5,28.7,43.8,65.3,100.0,43.1,33.3,57.0,37.9,9.7
deepseek-r1,1.5B,5._Рекуррентные_НС,Можно ли автоматически подбирать архитектуру рекуррентной ячейки?,prompt1,dialog0015,2-file_deepseek-r1_1.5b_prompt1_dialog0015,2-file,26.5,28.7,43.8,65.3,100.0,43.1,33.3,57.0,37.9,9.7
deepseek-r1,1.5B,5._Рекуррентные_НС,"Зачем нужны рекуррентные нейронные сети, если существуют полносвязные и сверточные?",prompt1,dialog1126,2-file_deepseek-r1_1.5b_prompt1_dialog1126,2-file,26.5,28.7,43.8,65.3,100.0,43.1,33.3,57.0,37.9,9.7
deepseek-r1,1.5B,5._Рекуррентные_НС,Что такое скрытое состояние в RNN?,prompt1,dialog1127,2-file_deepseek-r1_1.5b_prompt1_dialog1127,2-file,26.5,28.7,43.8,65.3,100.0,43.1,33.3,57.0,37.9,9.7
deepseek-r1,1.5B,5._Рекуррентные_НС,Какие типы входов и выходов встречаются в задачах RNN?,prompt1,dialog1128,2-file_deepseek-r1_1.5b_prompt1_dialog1128,2-file,26.5,28.7,43.8,65.3,100.0,43.1,33.3,57.0,37.9,9.7
deepseek-r1,1.5B,5._Рекуррентные_НС,В чем отличие Simple RNN от глубоких RNN?,prompt1,dialog1129,2-file_deepseek-r1_1.5b_prompt1_dialog1129,2-file,26.5,28.7,43.8,65.3,100.0,43.1,33.3,57.0,37.9,9.7
deepseek-r1,1.5B,5._Рекуррентные_НС,Что такое двунаправленные RNN и зачем они нужны?,prompt1,dialog1130,2-file_deepseek-r1_1.5b_prompt1_dialog1130,2-file,26.5,28.7,43.8,65.3,100.0,43.1,33.3,57.0,37.9,9.7
deepseek-r1,1.5B,5._Рекуррентные_НС,Как LSTM решает проблему затухающих градиентов?,prompt1,dialog1131,2-file_deepseek-r1_1.5b_prompt1_dialog1131,2-file,26.5,28.7,43.8,65.3,100.0,43.1,33.3,57.0,37.9,9.7
deepseek-r1,1.5B,5._Рекуррентные_НС,Какие компоненты включает стандартная LSTM ячейка?,prompt1,dialog1132,2-file_deepseek-r1_1.5b_prompt1_dialog1132,2-file,26.5,28.7,43.8,65.3,100.0,43.1,33.3,57.0,37.9,9.7
deepseek-r1,1.5B,5._Рекуррентные_НС,Чем GRU отличается от LSTM?,prompt1,dialog1133,2-file_deepseek-r1_1.5b_prompt1_dialog1133,2-file,26.5,28.7,43.8,65.3,100.0,43.1,33.3,57.0,37.9,9.7
deepseek-r1,1.5B,5._Рекуррентные_НС,Зачем нужны замочные скважины (peepholes) в LSTM?,prompt1,dialog1134,2-file_deepseek-r1_1.5b_prompt1_dialog1134,2-file,26.5,28.7,43.8,65.3,100.0,43.1,33.3,57.0,37.9,9.7
deepseek-r1,1.5B,5._Рекуррентные_НС,Почему нормализация по мини-батчам важна для обучения RNN?,prompt1,dialog1135,2-file_deepseek-r1_1.5b_prompt1_dialog1135,2-file,26.5,28.7,43.8,65.3,100.0,43.1,33.3,57.0,37.9,9.7
deepseek-r1,1.5B,5._Рекуррентные_НС,В чем трудность применения обычной batch normalization к RNN?,prompt1,dialog1136,2-file_deepseek-r1_1.5b_prompt1_dialog1136,2-file,26.5,28.7,43.8,65.3,100.0,43.1,33.3,57.0,37.9,9.7
deepseek-r1,1.5B,5._Рекуррентные_НС,Как работает механизм внимания (Attention)?,prompt1,dialog1137,2-file_deepseek-r1_1.5b_prompt1_dialog1137,2-file,26.5,28.7,43.8,65.3,100.0,43.1,33.3,57.0,37.9,9.7
deepseek-r1,1.5B,5._Рекуррентные_НС,Почему внимание важно в задачах машинного перевода?,prompt1,dialog1138,2-file_deepseek-r1_1.5b_prompt1_dialog1138,2-file,26.5,28.7,43.8,65.3,100.0,43.1,33.3,57.0,37.9,9.7
deepseek-r1,1.5B,5._Рекуррентные_НС,"Чем Show, Attend and Tell отличается от обычного RNN для обработки изображений?",prompt1,dialog1139,2-file_deepseek-r1_1.5b_prompt1_dialog1139,2-file,26.5,28.7,43.8,65.3,100.0,43.1,33.3,57.0,37.9,9.7
deepseek-r1,1.5B,5._Рекуррентные_НС,Можно ли автоматически подбирать архитектуру рекуррентной ячейки?,prompt1,dialog1140,2-file_deepseek-r1_1.5b_prompt1_dialog1140,2-file,26.5,28.7,43.8,65.3,100.0,43.1,33.3,57.0,37.9,9.7
deepseek-r1,1.5B,5._Рекуррентные_НС,"Зачем нужны рекуррентные нейронные сети, если существуют полносвязные и сверточные?",prompt8,dialog0106,2-file_deepseek-r1_1.5b_prompt8_dialog0106,2-file,31.9,28.7,43.3,67.6,100.0,45.8,29.4,64.6,41.9,6.0
deepseek-r1,1.5B,5._Рекуррентные_НС,Что такое скрытое состояние в RNN?,prompt8,dialog0107,2-file_deepseek-r1_1.5b_prompt8_dialog0107,2-file,31.9,28.7,43.3,67.6,100.0,45.8,29.4,64.6,41.9,6.0
deepseek-r1,1.5B,5._Рекуррентные_НС,Какие типы входов и выходов встречаются в задачах RNN?,prompt8,dialog0108,2-file_deepseek-r1_1.5b_prompt8_dialog0108,2-file,31.9,28.7,43.3,67.6,100.0,45.8,29.4,64.6,41.9,6.0
deepseek-r1,1.5B,5._Рекуррентные_НС,В чем отличие Simple RNN от глубоких RNN?,prompt8,dialog0109,2-file_deepseek-r1_1.5b_prompt8_dialog0109,2-file,31.9,28.7,43.3,67.6,100.0,45.8,29.4,64.6,41.9,6.0
deepseek-r1,1.5B,5._Рекуррентные_НС,Что такое двунаправленные RNN и зачем они нужны?,prompt8,dialog0110,2-file_deepseek-r1_1.5b_prompt8_dialog0110,2-file,31.9,28.7,43.3,67.6,100.0,45.8,29.4,64.6,41.9,6.0
deepseek-r1,1.5B,5._Рекуррентные_НС,Как LSTM решает проблему затухающих градиентов?,prompt8,dialog0111,2-file_deepseek-r1_1.5b_prompt8_dialog0111,2-file,31.9,28.7,43.3,67.6,100.0,45.8,29.4,64.6,41.9,6.0
deepseek-r1,1.5B,5._Рекуррентные_НС,Какие компоненты включает стандартная LSTM ячейка?,prompt8,dialog0112,2-file_deepseek-r1_1.5b_prompt8_dialog0112,2-file,31.9,28.7,43.3,67.6,100.0,45.8,29.4,64.6,41.9,6.0
deepseek-r1,1.5B,5._Рекуррентные_НС,Чем GRU отличается от LSTM?,prompt8,dialog0113,2-file_deepseek-r1_1.5b_prompt8_dialog0113,2-file,31.9,28.7,43.3,67.6,100.0,45.8,29.4,64.6,41.9,6.0
deepseek-r1,1.5B,5._Рекуррентные_НС,Зачем нужны замочные скважины (peepholes) в LSTM?,prompt8,dialog0114,2-file_deepseek-r1_1.5b_prompt8_dialog0114,2-file,31.9,28.7,43.3,67.6,100.0,45.8,29.4,64.6,41.9,6.0
deepseek-r1,1.5B,5._Рекуррентные_НС,Почему нормализация по мини-батчам важна для обучения RNN?,prompt8,dialog0115,2-file_deepseek-r1_1.5b_prompt8_dialog0115,2-file,31.9,28.7,43.3,67.6,100.0,45.8,29.4,64.6,41.9,6.0
deepseek-r1,1.5B,5._Рекуррентные_НС,В чем трудность применения обычной batch normalization к RNN?,prompt8,dialog0116,2-file_deepseek-r1_1.5b_prompt8_dialog0116,2-file,31.9,28.7,43.3,67.6,100.0,45.8,29.4,64.6,41.9,6.0
deepseek-r1,1.5B,5._Рекуррентные_НС,Как работает механизм внимания (Attention)?,prompt8,dialog0117,2-file_deepseek-r1_1.5b_prompt8_dialog0117,2-file,31.9,28.7,43.3,67.6,100.0,45.8,29.4,64.6,41.9,6.0
deepseek-r1,1.5B,5._Рекуррентные_НС,Почему внимание важно в задачах машинного перевода?,prompt8,dialog0118,2-file_deepseek-r1_1.5b_prompt8_dialog0118,2-file,31.9,28.7,43.3,67.6,100.0,45.8,29.4,64.6,41.9,6.0
deepseek-r1,1.5B,5._Рекуррентные_НС,"Чем Show, Attend and Tell отличается от обычного RNN для обработки изображений?",prompt8,dialog0119,2-file_deepseek-r1_1.5b_prompt8_dialog0119,2-file,31.9,28.7,43.3,67.6,100.0,45.8,29.4,64.6,41.9,6.0
deepseek-r1,1.5B,5._Рекуррентные_НС,Можно ли автоматически подбирать архитектуру рекуррентной ячейки?,prompt8,dialog0120,2-file_deepseek-r1_1.5b_prompt8_dialog0120,2-file,31.9,28.7,43.3,67.6,100.0,45.8,29.4,64.6,41.9,6.0
deepseek-r1,1.5B,5._Рекуррентные_НС,"Зачем нужны рекуррентные нейронные сети, если существуют полносвязные и сверточные?",prompt11,dialog0151,2-file_deepseek-r1_1.5b_prompt11_dialog0151,2-file,38.7,39.6,46.4,67.6,100.0,46.0,26.6,60.1,33.8,13.3
deepseek-r1,1.5B,5._Рекуррентные_НС,Что такое скрытое состояние в RNN?,prompt11,dialog0152,2-file_deepseek-r1_1.5b_prompt11_dialog0152,2-file,38.7,39.6,46.4,67.6,100.0,46.0,26.6,60.1,33.8,13.3
deepseek-r1,1.5B,5._Рекуррентные_НС,Какие типы входов и выходов встречаются в задачах RNN?,prompt11,dialog0153,2-file_deepseek-r1_1.5b_prompt11_dialog0153,2-file,38.7,39.6,46.4,67.6,100.0,46.0,26.6,60.1,33.8,13.3
deepseek-r1,1.5B,5._Рекуррентные_НС,В чем отличие Simple RNN от глубоких RNN?,prompt11,dialog0154,2-file_deepseek-r1_1.5b_prompt11_dialog0154,2-file,38.7,39.6,46.4,67.6,100.0,46.0,26.6,60.1,33.8,13.3
deepseek-r1,1.5B,5._Рекуррентные_НС,Что такое двунаправленные RNN и зачем они нужны?,prompt11,dialog0155,2-file_deepseek-r1_1.5b_prompt11_dialog0155,2-file,38.7,39.6,46.4,67.6,100.0,46.0,26.6,60.1,33.8,13.3
deepseek-r1,1.5B,5._Рекуррентные_НС,Как LSTM решает проблему затухающих градиентов?,prompt11,dialog0156,2-file_deepseek-r1_1.5b_prompt11_dialog0156,2-file,38.7,39.6,46.4,67.6,100.0,46.0,26.6,60.1,33.8,13.3
deepseek-r1,1.5B,5._Рекуррентные_НС,Какие компоненты включает стандартная LSTM ячейка?,prompt11,dialog0157,2-file_deepseek-r1_1.5b_prompt11_dialog0157,2-file,38.7,39.6,46.4,67.6,100.0,46.0,26.6,60.1,33.8,13.3
deepseek-r1,1.5B,5._Рекуррентные_НС,Чем GRU отличается от LSTM?,prompt11,dialog0158,2-file_deepseek-r1_1.5b_prompt11_dialog0158,2-file,38.7,39.6,46.4,67.6,100.0,46.0,26.6,60.1,33.8,13.3
deepseek-r1,1.5B,5._Рекуррентные_НС,Зачем нужны замочные скважины (peepholes) в LSTM?,prompt11,dialog0159,2-file_deepseek-r1_1.5b_prompt11_dialog0159,2-file,38.7,39.6,46.4,67.6,100.0,46.0,26.6,60.1,33.8,13.3
deepseek-r1,1.5B,5._Рекуррентные_НС,Почему нормализация по мини-батчам важна для обучения RNN?,prompt11,dialog0160,2-file_deepseek-r1_1.5b_prompt11_dialog0160,2-file,38.7,39.6,46.4,67.6,100.0,46.0,26.6,60.1,33.8,13.3
deepseek-r1,1.5B,5._Рекуррентные_НС,В чем трудность применения обычной batch normalization к RNN?,prompt11,dialog0161,2-file_deepseek-r1_1.5b_prompt11_dialog0161,2-file,38.7,39.6,46.4,67.6,100.0,46.0,26.6,60.1,33.8,13.3
deepseek-r1,1.5B,5._Рекуррентные_НС,Как работает механизм внимания (Attention)?,prompt11,dialog0162,2-file_deepseek-r1_1.5b_prompt11_dialog0162,2-file,38.7,39.6,46.4,67.6,100.0,46.0,26.6,60.1,33.8,13.3
deepseek-r1,1.5B,5._Рекуррентные_НС,Почему внимание важно в задачах машинного перевода?,prompt11,dialog0163,2-file_deepseek-r1_1.5b_prompt11_dialog0163,2-file,38.7,39.6,46.4,67.6,100.0,46.0,26.6,60.1,33.8,13.3
deepseek-r1,1.5B,5._Рекуррентные_НС,"Чем Show, Attend and Tell отличается от обычного RNN для обработки изображений?",prompt11,dialog0164,2-file_deepseek-r1_1.5b_prompt11_dialog0164,2-file,38.7,39.6,46.4,67.6,100.0,46.0,26.6,60.1,33.8,13.3
deepseek-r1,1.5B,5._Рекуррентные_НС,Можно ли автоматически подбирать архитектуру рекуррентной ячейки?,prompt11,dialog0165,2-file_deepseek-r1_1.5b_prompt11_dialog0165,2-file,38.7,39.6,46.4,67.6,100.0,46.0,26.6,60.1,33.8,13.3
granite3.2,2.0B,5._Рекуррентные_НС,"Зачем нужны рекуррентные нейронные сети, если существуют полносвязные и сверточные?",prompt14,dialog1096,2-file_granite3.2_2b_prompt14_dialog1096,2-file,34.5,31.3,49.8,67.6,100.0,49.1,30.1,60.5,38.6,9.4
granite3.2,2.0B,5._Рекуррентные_НС,Что такое скрытое состояние в RNN?,prompt14,dialog1097,2-file_granite3.2_2b_prompt14_dialog1097,2-file,34.5,31.3,49.8,67.6,100.0,49.1,30.1,60.5,38.6,9.4
granite3.2,2.0B,5._Рекуррентные_НС,Какие типы входов и выходов встречаются в задачах RNN?,prompt14,dialog1098,2-file_granite3.2_2b_prompt14_dialog1098,2-file,34.5,31.3,49.8,67.6,100.0,49.1,30.1,60.5,38.6,9.4
granite3.2,2.0B,5._Рекуррентные_НС,В чем отличие Simple RNN от глубоких RNN?,prompt14,dialog1099,2-file_granite3.2_2b_prompt14_dialog1099,2-file,34.5,31.3,49.8,67.6,100.0,49.1,30.1,60.5,38.6,9.4
granite3.2,2.0B,5._Рекуррентные_НС,Что такое двунаправленные RNN и зачем они нужны?,prompt14,dialog1100,2-file_granite3.2_2b_prompt14_dialog1100,2-file,34.5,31.3,49.8,67.6,100.0,49.1,30.1,60.5,38.6,9.4
granite3.2,2.0B,5._Рекуррентные_НС,Как LSTM решает проблему затухающих градиентов?,prompt14,dialog1101,2-file_granite3.2_2b_prompt14_dialog1101,2-file,34.5,31.3,49.8,67.6,100.0,49.1,30.1,60.5,38.6,9.4
granite3.2,2.0B,5._Рекуррентные_НС,Какие компоненты включает стандартная LSTM ячейка?,prompt14,dialog1102,2-file_granite3.2_2b_prompt14_dialog1102,2-file,34.5,31.3,49.8,67.6,100.0,49.1,30.1,60.5,38.6,9.4
granite3.2,2.0B,5._Рекуррентные_НС,Чем GRU отличается от LSTM?,prompt14,dialog1103,2-file_granite3.2_2b_prompt14_dialog1103,2-file,34.5,31.3,49.8,67.6,100.0,49.1,30.1,60.5,38.6,9.4
granite3.2,2.0B,5._Рекуррентные_НС,Зачем нужны замочные скважины (peepholes) в LSTM?,prompt14,dialog1104,2-file_granite3.2_2b_prompt14_dialog1104,2-file,34.5,31.3,49.8,67.6,100.0,49.1,30.1,60.5,38.6,9.4
granite3.2,2.0B,5._Рекуррентные_НС,Почему нормализация по мини-батчам важна для обучения RNN?,prompt14,dialog1105,2-file_granite3.2_2b_prompt14_dialog1105,2-file,34.5,31.3,49.8,67.6,100.0,49.1,30.1,60.5,38.6,9.4
granite3.2,2.0B,5._Рекуррентные_НС,В чем трудность применения обычной batch normalization к RNN?,prompt14,dialog1106,2-file_granite3.2_2b_prompt14_dialog1106,2-file,34.5,31.3,49.8,67.6,100.0,49.1,30.1,60.5,38.6,9.4
granite3.2,2.0B,5._Рекуррентные_НС,Как работает механизм внимания (Attention)?,prompt14,dialog1107,2-file_granite3.2_2b_prompt14_dialog1107,2-file,34.5,31.3,49.8,67.6,100.0,49.1,30.1,60.5,38.6,9.4
granite3.2,2.0B,5._Рекуррентные_НС,Почему внимание важно в задачах машинного перевода?,prompt14,dialog1108,2-file_granite3.2_2b_prompt14_dialog1108,2-file,34.5,31.3,49.8,67.6,100.0,49.1,30.1,60.5,38.6,9.4
granite3.2,2.0B,5._Рекуррентные_НС,"Чем Show, Attend and Tell отличается от обычного RNN для обработки изображений?",prompt14,dialog1109,2-file_granite3.2_2b_prompt14_dialog1109,2-file,34.5,31.3,49.8,67.6,100.0,49.1,30.1,60.5,38.6,9.4
granite3.2,2.0B,5._Рекуррентные_НС,Можно ли автоматически подбирать архитектуру рекуррентной ячейки?,prompt14,dialog1110,2-file_granite3.2_2b_prompt14_dialog1110,2-file,34.5,31.3,49.8,67.6,100.0,49.1,30.1,60.5,38.6,9.4
granite3.2,2.0B,5._Рекуррентные_НС,"Зачем нужны рекуррентные нейронные сети, если существуют полносвязные и сверточные?",prompt13,dialog1081,2-file_granite3.2_2b_prompt13_dialog1081,2-file,27.6,21.6,53.1,67.6,100.0,58.1,36.0,58.3,42.5,5.7
granite3.2,2.0B,5._Рекуррентные_НС,Что такое скрытое состояние в RNN?,prompt13,dialog1082,2-file_granite3.2_2b_prompt13_dialog1082,2-file,27.6,21.6,53.1,67.6,100.0,58.1,36.0,58.3,42.5,5.7
granite3.2,2.0B,5._Рекуррентные_НС,Какие типы входов и выходов встречаются в задачах RNN?,prompt13,dialog1083,2-file_granite3.2_2b_prompt13_dialog1083,2-file,27.6,21.6,53.1,67.6,100.0,58.1,36.0,58.3,42.5,5.7
granite3.2,2.0B,5._Рекуррентные_НС,В чем отличие Simple RNN от глубоких RNN?,prompt13,dialog1084,2-file_granite3.2_2b_prompt13_dialog1084,2-file,27.6,21.6,53.1,67.6,100.0,58.1,36.0,58.3,42.5,5.7
granite3.2,2.0B,5._Рекуррентные_НС,Что такое двунаправленные RNN и зачем они нужны?,prompt13,dialog1085,2-file_granite3.2_2b_prompt13_dialog1085,2-file,27.6,21.6,53.1,67.6,100.0,58.1,36.0,58.3,42.5,5.7
granite3.2,2.0B,5._Рекуррентные_НС,Как LSTM решает проблему затухающих градиентов?,prompt13,dialog1086,2-file_granite3.2_2b_prompt13_dialog1086,2-file,27.6,21.6,53.1,67.6,100.0,58.1,36.0,58.3,42.5,5.7
granite3.2,2.0B,5._Рекуррентные_НС,Какие компоненты включает стандартная LSTM ячейка?,prompt13,dialog1087,2-file_granite3.2_2b_prompt13_dialog1087,2-file,27.6,21.6,53.1,67.6,100.0,58.1,36.0,58.3,42.5,5.7
granite3.2,2.0B,5._Рекуррентные_НС,Чем GRU отличается от LSTM?,prompt13,dialog1088,2-file_granite3.2_2b_prompt13_dialog1088,2-file,27.6,21.6,53.1,67.6,100.0,58.1,36.0,58.3,42.5,5.7
granite3.2,2.0B,5._Рекуррентные_НС,Зачем нужны замочные скважины (peepholes) в LSTM?,prompt13,dialog1089,2-file_granite3.2_2b_prompt13_dialog1089,2-file,27.6,21.6,53.1,67.6,100.0,58.1,36.0,58.3,42.5,5.7
granite3.2,2.0B,5._Рекуррентные_НС,Почему нормализация по мини-батчам важна для обучения RNN?,prompt13,dialog1090,2-file_granite3.2_2b_prompt13_dialog1090,2-file,27.6,21.6,53.1,67.6,100.0,58.1,36.0,58.3,42.5,5.7
granite3.2,2.0B,5._Рекуррентные_НС,В чем трудность применения обычной batch normalization к RNN?,prompt13,dialog1091,2-file_granite3.2_2b_prompt13_dialog1091,2-file,27.6,21.6,53.1,67.6,100.0,58.1,36.0,58.3,42.5,5.7
granite3.2,2.0B,5._Рекуррентные_НС,Как работает механизм внимания (Attention)?,prompt13,dialog1092,2-file_granite3.2_2b_prompt13_dialog1092,2-file,27.6,21.6,53.1,67.6,100.0,58.1,36.0,58.3,42.5,5.7
granite3.2,2.0B,5._Рекуррентные_НС,Почему внимание важно в задачах машинного перевода?,prompt13,dialog1093,2-file_granite3.2_2b_prompt13_dialog1093,2-file,27.6,21.6,53.1,67.6,100.0,58.1,36.0,58.3,42.5,5.7
granite3.2,2.0B,5._Рекуррентные_НС,"Чем Show, Attend and Tell отличается от обычного RNN для обработки изображений?",prompt13,dialog1094,2-file_granite3.2_2b_prompt13_dialog1094,2-file,27.6,21.6,53.1,67.6,100.0,58.1,36.0,58.3,42.5,5.7
granite3.2,2.0B,5._Рекуррентные_НС,Можно ли автоматически подбирать архитектуру рекуррентной ячейки?,prompt13,dialog1095,2-file_granite3.2_2b_prompt13_dialog1095,2-file,27.6,21.6,53.1,67.6,100.0,58.1,36.0,58.3,42.5,5.7
granite3.2,2.0B,5._Рекуррентные_НС,"Зачем нужны рекуррентные нейронные сети, если существуют полносвязные и сверточные?",prompt4,dialog0946,2-file_granite3.2_2b_prompt4_dialog0946,2-file,32.4,24.8,58.0,67.6,100.0,56.2,35.6,57.6,39.6,6.8
granite3.2,2.0B,5._Рекуррентные_НС,Что такое скрытое состояние в RNN?,prompt4,dialog0947,2-file_granite3.2_2b_prompt4_dialog0947,2-file,32.4,24.8,58.0,67.6,100.0,56.2,35.6,57.6,39.6,6.8
granite3.2,2.0B,5._Рекуррентные_НС,Какие типы входов и выходов встречаются в задачах RNN?,prompt4,dialog0948,2-file_granite3.2_2b_prompt4_dialog0948,2-file,32.4,24.8,58.0,67.6,100.0,56.2,35.6,57.6,39.6,6.8
granite3.2,2.0B,5._Рекуррентные_НС,В чем отличие Simple RNN от глубоких RNN?,prompt4,dialog0949,2-file_granite3.2_2b_prompt4_dialog0949,2-file,32.4,24.8,58.0,67.6,100.0,56.2,35.6,57.6,39.6,6.8
granite3.2,2.0B,5._Рекуррентные_НС,Что такое двунаправленные RNN и зачем они нужны?,prompt4,dialog0950,2-file_granite3.2_2b_prompt4_dialog0950,2-file,32.4,24.8,58.0,67.6,100.0,56.2,35.6,57.6,39.6,6.8
granite3.2,2.0B,5._Рекуррентные_НС,Как LSTM решает проблему затухающих градиентов?,prompt4,dialog0951,2-file_granite3.2_2b_prompt4_dialog0951,2-file,32.4,24.8,58.0,67.6,100.0,56.2,35.6,57.6,39.6,6.8
granite3.2,2.0B,5._Рекуррентные_НС,Какие компоненты включает стандартная LSTM ячейка?,prompt4,dialog0952,2-file_granite3.2_2b_prompt4_dialog0952,2-file,32.4,24.8,58.0,67.6,100.0,56.2,35.6,57.6,39.6,6.8
granite3.2,2.0B,5._Рекуррентные_НС,Чем GRU отличается от LSTM?,prompt4,dialog0953,2-file_granite3.2_2b_prompt4_dialog0953,2-file,32.4,24.8,58.0,67.6,100.0,56.2,35.6,57.6,39.6,6.8
granite3.2,2.0B,5._Рекуррентные_НС,Зачем нужны замочные скважины (peepholes) в LSTM?,prompt4,dialog0954,2-file_granite3.2_2b_prompt4_dialog0954,2-file,32.4,24.8,58.0,67.6,100.0,56.2,35.6,57.6,39.6,6.8
granite3.2,2.0B,5._Рекуррентные_НС,Почему нормализация по мини-батчам важна для обучения RNN?,prompt4,dialog0955,2-file_granite3.2_2b_prompt4_dialog0955,2-file,32.4,24.8,58.0,67.6,100.0,56.2,35.6,57.6,39.6,6.8
granite3.2,2.0B,5._Рекуррентные_НС,В чем трудность применения обычной batch normalization к RNN?,prompt4,dialog0956,2-file_granite3.2_2b_prompt4_dialog0956,2-file,32.4,24.8,58.0,67.6,100.0,56.2,35.6,57.6,39.6,6.8
granite3.2,2.0B,5._Рекуррентные_НС,Как работает механизм внимания (Attention)?,prompt4,dialog0957,2-file_granite3.2_2b_prompt4_dialog0957,2-file,32.4,24.8,58.0,67.6,100.0,56.2,35.6,57.6,39.6,6.8
granite3.2,2.0B,5._Рекуррентные_НС,Почему внимание важно в задачах машинного перевода?,prompt4,dialog0958,2-file_granite3.2_2b_prompt4_dialog0958,2-file,32.4,24.8,58.0,67.6,100.0,56.2,35.6,57.6,39.6,6.8
granite3.2,2.0B,5._Рекуррентные_НС,"Чем Show, Attend and Tell отличается от обычного RNN для обработки изображений?",prompt4,dialog0959,2-file_granite3.2_2b_prompt4_dialog0959,2-file,32.4,24.8,58.0,67.6,100.0,56.2,35.6,57.6,39.6,6.8
granite3.2,2.0B,5._Рекуррентные_НС,Можно ли автоматически подбирать архитектуру рекуррентной ячейки?,prompt4,dialog0960,2-file_granite3.2_2b_prompt4_dialog0960,2-file,32.4,24.8,58.0,67.6,100.0,56.2,35.6,57.6,39.6,6.8
granite3.2,2.0B,5._Рекуррентные_НС,"Зачем нужны рекуррентные нейронные сети, если существуют полносвязные и сверточные?",prompt3,dialog0931,2-file_granite3.2_2b_prompt3_dialog0931,2-file,33.8,30.9,46.3,67.6,100.0,50.1,35.2,54.8,33.8,9.9
granite3.2,2.0B,5._Рекуррентные_НС,Что такое скрытое состояние в RNN?,prompt3,dialog0932,2-file_granite3.2_2b_prompt3_dialog0932,2-file,33.8,30.9,46.3,67.6,100.0,50.1,35.2,54.8,33.8,9.9
granite3.2,2.0B,5._Рекуррентные_НС,Какие типы входов и выходов встречаются в задачах RNN?,prompt3,dialog0933,2-file_granite3.2_2b_prompt3_dialog0933,2-file,33.8,30.9,46.3,67.6,100.0,50.1,35.2,54.8,33.8,9.9
granite3.2,2.0B,5._Рекуррентные_НС,В чем отличие Simple RNN от глубоких RNN?,prompt3,dialog0934,2-file_granite3.2_2b_prompt3_dialog0934,2-file,33.8,30.9,46.3,67.6,100.0,50.1,35.2,54.8,33.8,9.9
granite3.2,2.0B,5._Рекуррентные_НС,Что такое двунаправленные RNN и зачем они нужны?,prompt3,dialog0935,2-file_granite3.2_2b_prompt3_dialog0935,2-file,33.8,30.9,46.3,67.6,100.0,50.1,35.2,54.8,33.8,9.9
granite3.2,2.0B,5._Рекуррентные_НС,Как LSTM решает проблему затухающих градиентов?,prompt3,dialog0936,2-file_granite3.2_2b_prompt3_dialog0936,2-file,33.8,30.9,46.3,67.6,100.0,50.1,35.2,54.8,33.8,9.9
granite3.2,2.0B,5._Рекуррентные_НС,Какие компоненты включает стандартная LSTM ячейка?,prompt3,dialog0937,2-file_granite3.2_2b_prompt3_dialog0937,2-file,33.8,30.9,46.3,67.6,100.0,50.1,35.2,54.8,33.8,9.9
granite3.2,2.0B,5._Рекуррентные_НС,Чем GRU отличается от LSTM?,prompt3,dialog0938,2-file_granite3.2_2b_prompt3_dialog0938,2-file,33.8,30.9,46.3,67.6,100.0,50.1,35.2,54.8,33.8,9.9
granite3.2,2.0B,5._Рекуррентные_НС,Зачем нужны замочные скважины (peepholes) в LSTM?,prompt3,dialog0939,2-file_granite3.2_2b_prompt3_dialog0939,2-file,33.8,30.9,46.3,67.6,100.0,50.1,35.2,54.8,33.8,9.9
granite3.2,2.0B,5._Рекуррентные_НС,Почему нормализация по мини-батчам важна для обучения RNN?,prompt3,dialog0940,2-file_granite3.2_2b_prompt3_dialog0940,2-file,33.8,30.9,46.3,67.6,100.0,50.1,35.2,54.8,33.8,9.9
granite3.2,2.0B,5._Рекуррентные_НС,В чем трудность применения обычной batch normalization к RNN?,prompt3,dialog0941,2-file_granite3.2_2b_prompt3_dialog0941,2-file,33.8,30.9,46.3,67.6,100.0,50.1,35.2,54.8,33.8,9.9
granite3.2,2.0B,5._Рекуррентные_НС,Как работает механизм внимания (Attention)?,prompt3,dialog0942,2-file_granite3.2_2b_prompt3_dialog0942,2-file,33.8,30.9,46.3,67.6,100.0,50.1,35.2,54.8,33.8,9.9
granite3.2,2.0B,5._Рекуррентные_НС,Почему внимание важно в задачах машинного перевода?,prompt3,dialog0943,2-file_granite3.2_2b_prompt3_dialog0943,2-file,33.8,30.9,46.3,67.6,100.0,50.1,35.2,54.8,33.8,9.9
granite3.2,2.0B,5._Рекуррентные_НС,"Чем Show, Attend and Tell отличается от обычного RNN для обработки изображений?",prompt3,dialog0944,2-file_granite3.2_2b_prompt3_dialog0944,2-file,33.8,30.9,46.3,67.6,100.0,50.1,35.2,54.8,33.8,9.9
granite3.2,2.0B,5._Рекуррентные_НС,Можно ли автоматически подбирать архитектуру рекуррентной ячейки?,prompt3,dialog0945,2-file_granite3.2_2b_prompt3_dialog0945,2-file,33.8,30.9,46.3,67.6,100.0,50.1,35.2,54.8,33.8,9.9
granite3.2,2.0B,5._Рекуррентные_НС,"Зачем нужны рекуррентные нейронные сети, если существуют полносвязные и сверточные?",prompt2,dialog0916,2-file_granite3.2_2b_prompt2_dialog0916,2-file,36.1,31.0,54.1,67.6,100.0,56.1,33.1,57.3,35.9,9.5
granite3.2,2.0B,5._Рекуррентные_НС,Что такое скрытое состояние в RNN?,prompt2,dialog0917,2-file_granite3.2_2b_prompt2_dialog0917,2-file,36.1,31.0,54.1,67.6,100.0,56.1,33.1,57.3,35.9,9.5
granite3.2,2.0B,5._Рекуррентные_НС,Какие типы входов и выходов встречаются в задачах RNN?,prompt2,dialog0918,2-file_granite3.2_2b_prompt2_dialog0918,2-file,36.1,31.0,54.1,67.6,100.0,56.1,33.1,57.3,35.9,9.5
granite3.2,2.0B,5._Рекуррентные_НС,В чем отличие Simple RNN от глубоких RNN?,prompt2,dialog0919,2-file_granite3.2_2b_prompt2_dialog0919,2-file,36.1,31.0,54.1,67.6,100.0,56.1,33.1,57.3,35.9,9.5
granite3.2,2.0B,5._Рекуррентные_НС,Что такое двунаправленные RNN и зачем они нужны?,prompt2,dialog0920,2-file_granite3.2_2b_prompt2_dialog0920,2-file,36.1,31.0,54.1,67.6,100.0,56.1,33.1,57.3,35.9,9.5
granite3.2,2.0B,5._Рекуррентные_НС,Как LSTM решает проблему затухающих градиентов?,prompt2,dialog0921,2-file_granite3.2_2b_prompt2_dialog0921,2-file,36.1,31.0,54.1,67.6,100.0,56.1,33.1,57.3,35.9,9.5
granite3.2,2.0B,5._Рекуррентные_НС,Какие компоненты включает стандартная LSTM ячейка?,prompt2,dialog0922,2-file_granite3.2_2b_prompt2_dialog0922,2-file,36.1,31.0,54.1,67.6,100.0,56.1,33.1,57.3,35.9,9.5
granite3.2,2.0B,5._Рекуррентные_НС,Чем GRU отличается от LSTM?,prompt2,dialog0923,2-file_granite3.2_2b_prompt2_dialog0923,2-file,36.1,31.0,54.1,67.6,100.0,56.1,33.1,57.3,35.9,9.5
granite3.2,2.0B,5._Рекуррентные_НС,Зачем нужны замочные скважины (peepholes) в LSTM?,prompt2,dialog0924,2-file_granite3.2_2b_prompt2_dialog0924,2-file,36.1,31.0,54.1,67.6,100.0,56.1,33.1,57.3,35.9,9.5
granite3.2,2.0B,5._Рекуррентные_НС,Почему нормализация по мини-батчам важна для обучения RNN?,prompt2,dialog0925,2-file_granite3.2_2b_prompt2_dialog0925,2-file,36.1,31.0,54.1,67.6,100.0,56.1,33.1,57.3,35.9,9.5
granite3.2,2.0B,5._Рекуррентные_НС,В чем трудность применения обычной batch normalization к RNN?,prompt2,dialog0926,2-file_granite3.2_2b_prompt2_dialog0926,2-file,36.1,31.0,54.1,67.6,100.0,56.1,33.1,57.3,35.9,9.5
granite3.2,2.0B,5._Рекуррентные_НС,Как работает механизм внимания (Attention)?,prompt2,dialog0927,2-file_granite3.2_2b_prompt2_dialog0927,2-file,36.1,31.0,54.1,67.6,100.0,56.1,33.1,57.3,35.9,9.5
granite3.2,2.0B,5._Рекуррентные_НС,Почему внимание важно в задачах машинного перевода?,prompt2,dialog0928,2-file_granite3.2_2b_prompt2_dialog0928,2-file,36.1,31.0,54.1,67.6,100.0,56.1,33.1,57.3,35.9,9.5
granite3.2,2.0B,5._Рекуррентные_НС,"Чем Show, Attend and Tell отличается от обычного RNN для обработки изображений?",prompt2,dialog0929,2-file_granite3.2_2b_prompt2_dialog0929,2-file,36.1,31.0,54.1,67.6,100.0,56.1,33.1,57.3,35.9,9.5
granite3.2,2.0B,5._Рекуррентные_НС,Можно ли автоматически подбирать архитектуру рекуррентной ячейки?,prompt2,dialog0930,2-file_granite3.2_2b_prompt2_dialog0930,2-file,36.1,31.0,54.1,67.6,100.0,56.1,33.1,57.3,35.9,9.5
granite3.2,2.0B,5._Рекуррентные_НС,"Зачем нужны рекуррентные нейронные сети, если существуют полносвязные и сверточные?",prompt5,dialog0961,2-file_granite3.2_2b_prompt5_dialog0961,2-file,29.2,26.8,45.0,67.6,100.0,50.3,33.4,59.3,39.8,7.2
granite3.2,2.0B,5._Рекуррентные_НС,Что такое скрытое состояние в RNN?,prompt5,dialog0962,2-file_granite3.2_2b_prompt5_dialog0962,2-file,29.2,26.8,45.0,67.6,100.0,50.3,33.4,59.3,39.8,7.2
granite3.2,2.0B,5._Рекуррентные_НС,Какие типы входов и выходов встречаются в задачах RNN?,prompt5,dialog0963,2-file_granite3.2_2b_prompt5_dialog0963,2-file,29.2,26.8,45.0,67.6,100.0,50.3,33.4,59.3,39.8,7.2
granite3.2,2.0B,5._Рекуррентные_НС,В чем отличие Simple RNN от глубоких RNN?,prompt5,dialog0964,2-file_granite3.2_2b_prompt5_dialog0964,2-file,29.2,26.8,45.0,67.6,100.0,50.3,33.4,59.3,39.8,7.2
granite3.2,2.0B,5._Рекуррентные_НС,Что такое двунаправленные RNN и зачем они нужны?,prompt5,dialog0965,2-file_granite3.2_2b_prompt5_dialog0965,2-file,29.2,26.8,45.0,67.6,100.0,50.3,33.4,59.3,39.8,7.2
granite3.2,2.0B,5._Рекуррентные_НС,Как LSTM решает проблему затухающих градиентов?,prompt5,dialog0966,2-file_granite3.2_2b_prompt5_dialog0966,2-file,29.2,26.8,45.0,67.6,100.0,50.3,33.4,59.3,39.8,7.2
granite3.2,2.0B,5._Рекуррентные_НС,Какие компоненты включает стандартная LSTM ячейка?,prompt5,dialog0967,2-file_granite3.2_2b_prompt5_dialog0967,2-file,29.2,26.8,45.0,67.6,100.0,50.3,33.4,59.3,39.8,7.2
granite3.2,2.0B,5._Рекуррентные_НС,Чем GRU отличается от LSTM?,prompt5,dialog0968,2-file_granite3.2_2b_prompt5_dialog0968,2-file,29.2,26.8,45.0,67.6,100.0,50.3,33.4,59.3,39.8,7.2
granite3.2,2.0B,5._Рекуррентные_НС,Зачем нужны замочные скважины (peepholes) в LSTM?,prompt5,dialog0969,2-file_granite3.2_2b_prompt5_dialog0969,2-file,29.2,26.8,45.0,67.6,100.0,50.3,33.4,59.3,39.8,7.2
granite3.2,2.0B,5._Рекуррентные_НС,Почему нормализация по мини-батчам важна для обучения RNN?,prompt5,dialog0970,2-file_granite3.2_2b_prompt5_dialog0970,2-file,29.2,26.8,45.0,67.6,100.0,50.3,33.4,59.3,39.8,7.2
granite3.2,2.0B,5._Рекуррентные_НС,В чем трудность применения обычной batch normalization к RNN?,prompt5,dialog0971,2-file_granite3.2_2b_prompt5_dialog0971,2-file,29.2,26.8,45.0,67.6,100.0,50.3,33.4,59.3,39.8,7.2
granite3.2,2.0B,5._Рекуррентные_НС,Как работает механизм внимания (Attention)?,prompt5,dialog0972,2-file_granite3.2_2b_prompt5_dialog0972,2-file,29.2,26.8,45.0,67.6,100.0,50.3,33.4,59.3,39.8,7.2
granite3.2,2.0B,5._Рекуррентные_НС,Почему внимание важно в задачах машинного перевода?,prompt5,dialog0973,2-file_granite3.2_2b_prompt5_dialog0973,2-file,29.2,26.8,45.0,67.6,100.0,50.3,33.4,59.3,39.8,7.2
granite3.2,2.0B,5._Рекуррентные_НС,"Чем Show, Attend and Tell отличается от обычного RNN для обработки изображений?",prompt5,dialog0974,2-file_granite3.2_2b_prompt5_dialog0974,2-file,29.2,26.8,45.0,67.6,100.0,50.3,33.4,59.3,39.8,7.2
granite3.2,2.0B,5._Рекуррентные_НС,Можно ли автоматически подбирать архитектуру рекуррентной ячейки?,prompt5,dialog0975,2-file_granite3.2_2b_prompt5_dialog0975,2-file,29.2,26.8,45.0,67.6,100.0,50.3,33.4,59.3,39.8,7.2
granite3.2,2.0B,5._Рекуррентные_НС,"Зачем нужны рекуррентные нейронные сети, если существуют полносвязные и сверточные?",prompt12,dialog1066,2-file_granite3.2_2b_prompt12_dialog1066,2-file,32.9,25.8,53.1,67.6,100.0,52.0,31.8,58.5,42.4,9.8
granite3.2,2.0B,5._Рекуррентные_НС,Что такое скрытое состояние в RNN?,prompt12,dialog1067,2-file_granite3.2_2b_prompt12_dialog1067,2-file,32.9,25.8,53.1,67.6,100.0,52.0,31.8,58.5,42.4,9.8
granite3.2,2.0B,5._Рекуррентные_НС,Какие типы входов и выходов встречаются в задачах RNN?,prompt12,dialog1068,2-file_granite3.2_2b_prompt12_dialog1068,2-file,32.9,25.8,53.1,67.6,100.0,52.0,31.8,58.5,42.4,9.8
granite3.2,2.0B,5._Рекуррентные_НС,В чем отличие Simple RNN от глубоких RNN?,prompt12,dialog1069,2-file_granite3.2_2b_prompt12_dialog1069,2-file,32.9,25.8,53.1,67.6,100.0,52.0,31.8,58.5,42.4,9.8
granite3.2,2.0B,5._Рекуррентные_НС,Что такое двунаправленные RNN и зачем они нужны?,prompt12,dialog1070,2-file_granite3.2_2b_prompt12_dialog1070,2-file,32.9,25.8,53.1,67.6,100.0,52.0,31.8,58.5,42.4,9.8
granite3.2,2.0B,5._Рекуррентные_НС,Как LSTM решает проблему затухающих градиентов?,prompt12,dialog1071,2-file_granite3.2_2b_prompt12_dialog1071,2-file,32.9,25.8,53.1,67.6,100.0,52.0,31.8,58.5,42.4,9.8
granite3.2,2.0B,5._Рекуррентные_НС,Какие компоненты включает стандартная LSTM ячейка?,prompt12,dialog1072,2-file_granite3.2_2b_prompt12_dialog1072,2-file,32.9,25.8,53.1,67.6,100.0,52.0,31.8,58.5,42.4,9.8
granite3.2,2.0B,5._Рекуррентные_НС,Чем GRU отличается от LSTM?,prompt12,dialog1073,2-file_granite3.2_2b_prompt12_dialog1073,2-file,32.9,25.8,53.1,67.6,100.0,52.0,31.8,58.5,42.4,9.8
granite3.2,2.0B,5._Рекуррентные_НС,Зачем нужны замочные скважины (peepholes) в LSTM?,prompt12,dialog1074,2-file_granite3.2_2b_prompt12_dialog1074,2-file,32.9,25.8,53.1,67.6,100.0,52.0,31.8,58.5,42.4,9.8
granite3.2,2.0B,5._Рекуррентные_НС,Почему нормализация по мини-батчам важна для обучения RNN?,prompt12,dialog1075,2-file_granite3.2_2b_prompt12_dialog1075,2-file,32.9,25.8,53.1,67.6,100.0,52.0,31.8,58.5,42.4,9.8
granite3.2,2.0B,5._Рекуррентные_НС,В чем трудность применения обычной batch normalization к RNN?,prompt12,dialog1076,2-file_granite3.2_2b_prompt12_dialog1076,2-file,32.9,25.8,53.1,67.6,100.0,52.0,31.8,58.5,42.4,9.8
granite3.2,2.0B,5._Рекуррентные_НС,Как работает механизм внимания (Attention)?,prompt12,dialog1077,2-file_granite3.2_2b_prompt12_dialog1077,2-file,32.9,25.8,53.1,67.6,100.0,52.0,31.8,58.5,42.4,9.8
granite3.2,2.0B,5._Рекуррентные_НС,Почему внимание важно в задачах машинного перевода?,prompt12,dialog1078,2-file_granite3.2_2b_prompt12_dialog1078,2-file,32.9,25.8,53.1,67.6,100.0,52.0,31.8,58.5,42.4,9.8
granite3.2,2.0B,5._Рекуррентные_НС,"Чем Show, Attend and Tell отличается от обычного RNN для обработки изображений?",prompt12,dialog1079,2-file_granite3.2_2b_prompt12_dialog1079,2-file,32.9,25.8,53.1,67.6,100.0,52.0,31.8,58.5,42.4,9.8
granite3.2,2.0B,5._Рекуррентные_НС,Можно ли автоматически подбирать архитектуру рекуррентной ячейки?,prompt12,dialog1080,2-file_granite3.2_2b_prompt12_dialog1080,2-file,32.9,25.8,53.1,67.6,100.0,52.0,31.8,58.5,42.4,9.8
granite3.2,2.0B,5._Рекуррентные_НС,"Зачем нужны рекуррентные нейронные сети, если существуют полносвязные и сверточные?",prompt15,dialog1111,2-file_granite3.2_2b_prompt15_dialog1111,2-file,35.6,28.9,57.0,67.6,100.0,60.4,31.0,61.5,40.1,7.6
granite3.2,2.0B,5._Рекуррентные_НС,Что такое скрытое состояние в RNN?,prompt15,dialog1112,2-file_granite3.2_2b_prompt15_dialog1112,2-file,35.6,28.9,57.0,67.6,100.0,60.4,31.0,61.5,40.1,7.6
granite3.2,2.0B,5._Рекуррентные_НС,Какие типы входов и выходов встречаются в задачах RNN?,prompt15,dialog1113,2-file_granite3.2_2b_prompt15_dialog1113,2-file,35.6,28.9,57.0,67.6,100.0,60.4,31.0,61.5,40.1,7.6
granite3.2,2.0B,5._Рекуррентные_НС,В чем отличие Simple RNN от глубоких RNN?,prompt15,dialog1114,2-file_granite3.2_2b_prompt15_dialog1114,2-file,35.6,28.9,57.0,67.6,100.0,60.4,31.0,61.5,40.1,7.6
granite3.2,2.0B,5._Рекуррентные_НС,Что такое двунаправленные RNN и зачем они нужны?,prompt15,dialog1115,2-file_granite3.2_2b_prompt15_dialog1115,2-file,35.6,28.9,57.0,67.6,100.0,60.4,31.0,61.5,40.1,7.6
granite3.2,2.0B,5._Рекуррентные_НС,Как LSTM решает проблему затухающих градиентов?,prompt15,dialog1116,2-file_granite3.2_2b_prompt15_dialog1116,2-file,35.6,28.9,57.0,67.6,100.0,60.4,31.0,61.5,40.1,7.6
granite3.2,2.0B,5._Рекуррентные_НС,Какие компоненты включает стандартная LSTM ячейка?,prompt15,dialog1117,2-file_granite3.2_2b_prompt15_dialog1117,2-file,35.6,28.9,57.0,67.6,100.0,60.4,31.0,61.5,40.1,7.6
granite3.2,2.0B,5._Рекуррентные_НС,Чем GRU отличается от LSTM?,prompt15,dialog1118,2-file_granite3.2_2b_prompt15_dialog1118,2-file,35.6,28.9,57.0,67.6,100.0,60.4,31.0,61.5,40.1,7.6
granite3.2,2.0B,5._Рекуррентные_НС,Зачем нужны замочные скважины (peepholes) в LSTM?,prompt15,dialog1119,2-file_granite3.2_2b_prompt15_dialog1119,2-file,35.6,28.9,57.0,67.6,100.0,60.4,31.0,61.5,40.1,7.6
granite3.2,2.0B,5._Рекуррентные_НС,Почему нормализация по мини-батчам важна для обучения RNN?,prompt15,dialog1120,2-file_granite3.2_2b_prompt15_dialog1120,2-file,35.6,28.9,57.0,67.6,100.0,60.4,31.0,61.5,40.1,7.6
granite3.2,2.0B,5._Рекуррентные_НС,В чем трудность применения обычной batch normalization к RNN?,prompt15,dialog1121,2-file_granite3.2_2b_prompt15_dialog1121,2-file,35.6,28.9,57.0,67.6,100.0,60.4,31.0,61.5,40.1,7.6
granite3.2,2.0B,5._Рекуррентные_НС,Как работает механизм внимания (Attention)?,prompt15,dialog1122,2-file_granite3.2_2b_prompt15_dialog1122,2-file,35.6,28.9,57.0,67.6,100.0,60.4,31.0,61.5,40.1,7.6
granite3.2,2.0B,5._Рекуррентные_НС,Почему внимание важно в задачах машинного перевода?,prompt15,dialog1123,2-file_granite3.2_2b_prompt15_dialog1123,2-file,35.6,28.9,57.0,67.6,100.0,60.4,31.0,61.5,40.1,7.6
granite3.2,2.0B,5._Рекуррентные_НС,"Чем Show, Attend and Tell отличается от обычного RNN для обработки изображений?",prompt15,dialog1124,2-file_granite3.2_2b_prompt15_dialog1124,2-file,35.6,28.9,57.0,67.6,100.0,60.4,31.0,61.5,40.1,7.6
granite3.2,2.0B,5._Рекуррентные_НС,Можно ли автоматически подбирать архитектуру рекуррентной ячейки?,prompt15,dialog1125,2-file_granite3.2_2b_prompt15_dialog1125,2-file,35.6,28.9,57.0,67.6,100.0,60.4,31.0,61.5,40.1,7.6
granite3.2,2.0B,5._Рекуррентные_НС,"Зачем нужны рекуррентные нейронные сети, если существуют полносвязные и сверточные?",prompt10,dialog1036,2-file_granite3.2_2b_prompt10_dialog1036,2-file,30.7,28.9,43.1,67.6,100.0,48.4,31.3,59.7,39.8,9.0
granite3.2,2.0B,5._Рекуррентные_НС,Что такое скрытое состояние в RNN?,prompt10,dialog1037,2-file_granite3.2_2b_prompt10_dialog1037,2-file,30.7,28.9,43.1,67.6,100.0,48.4,31.3,59.7,39.8,9.0
granite3.2,2.0B,5._Рекуррентные_НС,Какие типы входов и выходов встречаются в задачах RNN?,prompt10,dialog1038,2-file_granite3.2_2b_prompt10_dialog1038,2-file,30.7,28.9,43.1,67.6,100.0,48.4,31.3,59.7,39.8,9.0
granite3.2,2.0B,5._Рекуррентные_НС,В чем отличие Simple RNN от глубоких RNN?,prompt10,dialog1039,2-file_granite3.2_2b_prompt10_dialog1039,2-file,30.7,28.9,43.1,67.6,100.0,48.4,31.3,59.7,39.8,9.0
granite3.2,2.0B,5._Рекуррентные_НС,Что такое двунаправленные RNN и зачем они нужны?,prompt10,dialog1040,2-file_granite3.2_2b_prompt10_dialog1040,2-file,30.7,28.9,43.1,67.6,100.0,48.4,31.3,59.7,39.8,9.0
granite3.2,2.0B,5._Рекуррентные_НС,Как LSTM решает проблему затухающих градиентов?,prompt10,dialog1041,2-file_granite3.2_2b_prompt10_dialog1041,2-file,30.7,28.9,43.1,67.6,100.0,48.4,31.3,59.7,39.8,9.0
granite3.2,2.0B,5._Рекуррентные_НС,Какие компоненты включает стандартная LSTM ячейка?,prompt10,dialog1042,2-file_granite3.2_2b_prompt10_dialog1042,2-file,30.7,28.9,43.1,67.6,100.0,48.4,31.3,59.7,39.8,9.0
granite3.2,2.0B,5._Рекуррентные_НС,Чем GRU отличается от LSTM?,prompt10,dialog1043,2-file_granite3.2_2b_prompt10_dialog1043,2-file,30.7,28.9,43.1,67.6,100.0,48.4,31.3,59.7,39.8,9.0
granite3.2,2.0B,5._Рекуррентные_НС,Зачем нужны замочные скважины (peepholes) в LSTM?,prompt10,dialog1044,2-file_granite3.2_2b_prompt10_dialog1044,2-file,30.7,28.9,43.1,67.6,100.0,48.4,31.3,59.7,39.8,9.0
granite3.2,2.0B,5._Рекуррентные_НС,Почему нормализация по мини-батчам важна для обучения RNN?,prompt10,dialog1045,2-file_granite3.2_2b_prompt10_dialog1045,2-file,30.7,28.9,43.1,67.6,100.0,48.4,31.3,59.7,39.8,9.0
granite3.2,2.0B,5._Рекуррентные_НС,В чем трудность применения обычной batch normalization к RNN?,prompt10,dialog1046,2-file_granite3.2_2b_prompt10_dialog1046,2-file,30.7,28.9,43.1,67.6,100.0,48.4,31.3,59.7,39.8,9.0
granite3.2,2.0B,5._Рекуррентные_НС,Как работает механизм внимания (Attention)?,prompt10,dialog1047,2-file_granite3.2_2b_prompt10_dialog1047,2-file,30.7,28.9,43.1,67.6,100.0,48.4,31.3,59.7,39.8,9.0
granite3.2,2.0B,5._Рекуррентные_НС,Почему внимание важно в задачах машинного перевода?,prompt10,dialog1048,2-file_granite3.2_2b_prompt10_dialog1048,2-file,30.7,28.9,43.1,67.6,100.0,48.4,31.3,59.7,39.8,9.0
granite3.2,2.0B,5._Рекуррентные_НС,"Чем Show, Attend and Tell отличается от обычного RNN для обработки изображений?",prompt10,dialog1049,2-file_granite3.2_2b_prompt10_dialog1049,2-file,30.7,28.9,43.1,67.6,100.0,48.4,31.3,59.7,39.8,9.0
granite3.2,2.0B,5._Рекуррентные_НС,Можно ли автоматически подбирать архитектуру рекуррентной ячейки?,prompt10,dialog1050,2-file_granite3.2_2b_prompt10_dialog1050,2-file,30.7,28.9,43.1,67.6,100.0,48.4,31.3,59.7,39.8,9.0
granite3.2,2.0B,5._Рекуррентные_НС,"Зачем нужны рекуррентные нейронные сети, если существуют полносвязные и сверточные?",prompt9,dialog1021,2-file_granite3.2_2b_prompt9_dialog1021,2-file,28.4,25.2,46.9,67.6,100.0,51.1,35.8,54.9,39.0,9.4
granite3.2,2.0B,5._Рекуррентные_НС,Что такое скрытое состояние в RNN?,prompt9,dialog1022,2-file_granite3.2_2b_prompt9_dialog1022,2-file,28.4,25.2,46.9,67.6,100.0,51.1,35.8,54.9,39.0,9.4
granite3.2,2.0B,5._Рекуррентные_НС,Какие типы входов и выходов встречаются в задачах RNN?,prompt9,dialog1023,2-file_granite3.2_2b_prompt9_dialog1023,2-file,28.4,25.2,46.9,67.6,100.0,51.1,35.8,54.9,39.0,9.4
granite3.2,2.0B,5._Рекуррентные_НС,В чем отличие Simple RNN от глубоких RNN?,prompt9,dialog1024,2-file_granite3.2_2b_prompt9_dialog1024,2-file,28.4,25.2,46.9,67.6,100.0,51.1,35.8,54.9,39.0,9.4
granite3.2,2.0B,5._Рекуррентные_НС,Что такое двунаправленные RNN и зачем они нужны?,prompt9,dialog1025,2-file_granite3.2_2b_prompt9_dialog1025,2-file,28.4,25.2,46.9,67.6,100.0,51.1,35.8,54.9,39.0,9.4
granite3.2,2.0B,5._Рекуррентные_НС,Как LSTM решает проблему затухающих градиентов?,prompt9,dialog1026,2-file_granite3.2_2b_prompt9_dialog1026,2-file,28.4,25.2,46.9,67.6,100.0,51.1,35.8,54.9,39.0,9.4
granite3.2,2.0B,5._Рекуррентные_НС,Какие компоненты включает стандартная LSTM ячейка?,prompt9,dialog1027,2-file_granite3.2_2b_prompt9_dialog1027,2-file,28.4,25.2,46.9,67.6,100.0,51.1,35.8,54.9,39.0,9.4
granite3.2,2.0B,5._Рекуррентные_НС,Чем GRU отличается от LSTM?,prompt9,dialog1028,2-file_granite3.2_2b_prompt9_dialog1028,2-file,28.4,25.2,46.9,67.6,100.0,51.1,35.8,54.9,39.0,9.4
granite3.2,2.0B,5._Рекуррентные_НС,Зачем нужны замочные скважины (peepholes) в LSTM?,prompt9,dialog1029,2-file_granite3.2_2b_prompt9_dialog1029,2-file,28.4,25.2,46.9,67.6,100.0,51.1,35.8,54.9,39.0,9.4
granite3.2,2.0B,5._Рекуррентные_НС,Почему нормализация по мини-батчам важна для обучения RNN?,prompt9,dialog1030,2-file_granite3.2_2b_prompt9_dialog1030,2-file,28.4,25.2,46.9,67.6,100.0,51.1,35.8,54.9,39.0,9.4
granite3.2,2.0B,5._Рекуррентные_НС,В чем трудность применения обычной batch normalization к RNN?,prompt9,dialog1031,2-file_granite3.2_2b_prompt9_dialog1031,2-file,28.4,25.2,46.9,67.6,100.0,51.1,35.8,54.9,39.0,9.4
granite3.2,2.0B,5._Рекуррентные_НС,Как работает механизм внимания (Attention)?,prompt9,dialog1032,2-file_granite3.2_2b_prompt9_dialog1032,2-file,28.4,25.2,46.9,67.6,100.0,51.1,35.8,54.9,39.0,9.4
granite3.2,2.0B,5._Рекуррентные_НС,Почему внимание важно в задачах машинного перевода?,prompt9,dialog1033,2-file_granite3.2_2b_prompt9_dialog1033,2-file,28.4,25.2,46.9,67.6,100.0,51.1,35.8,54.9,39.0,9.4
granite3.2,2.0B,5._Рекуррентные_НС,"Чем Show, Attend and Tell отличается от обычного RNN для обработки изображений?",prompt9,dialog1034,2-file_granite3.2_2b_prompt9_dialog1034,2-file,28.4,25.2,46.9,67.6,100.0,51.1,35.8,54.9,39.0,9.4
granite3.2,2.0B,5._Рекуррентные_НС,Можно ли автоматически подбирать архитектуру рекуррентной ячейки?,prompt9,dialog1035,2-file_granite3.2_2b_prompt9_dialog1035,2-file,28.4,25.2,46.9,67.6,100.0,51.1,35.8,54.9,39.0,9.4
granite3.2,2.0B,5._Рекуррентные_НС,"Зачем нужны рекуррентные нейронные сети, если существуют полносвязные и сверточные?",prompt7,dialog0991,2-file_granite3.2_2b_prompt7_dialog0991,2-file,29.6,24.0,49.7,67.6,100.0,53.3,38.5,52.8,37.5,8.7
granite3.2,2.0B,5._Рекуррентные_НС,Что такое скрытое состояние в RNN?,prompt7,dialog0992,2-file_granite3.2_2b_prompt7_dialog0992,2-file,29.6,24.0,49.7,67.6,100.0,53.3,38.5,52.8,37.5,8.7
granite3.2,2.0B,5._Рекуррентные_НС,Какие типы входов и выходов встречаются в задачах RNN?,prompt7,dialog0993,2-file_granite3.2_2b_prompt7_dialog0993,2-file,29.6,24.0,49.7,67.6,100.0,53.3,38.5,52.8,37.5,8.7
granite3.2,2.0B,5._Рекуррентные_НС,В чем отличие Simple RNN от глубоких RNN?,prompt7,dialog0994,2-file_granite3.2_2b_prompt7_dialog0994,2-file,29.6,24.0,49.7,67.6,100.0,53.3,38.5,52.8,37.5,8.7
granite3.2,2.0B,5._Рекуррентные_НС,Что такое двунаправленные RNN и зачем они нужны?,prompt7,dialog0995,2-file_granite3.2_2b_prompt7_dialog0995,2-file,29.6,24.0,49.7,67.6,100.0,53.3,38.5,52.8,37.5,8.7
granite3.2,2.0B,5._Рекуррентные_НС,Как LSTM решает проблему затухающих градиентов?,prompt7,dialog0996,2-file_granite3.2_2b_prompt7_dialog0996,2-file,29.6,24.0,49.7,67.6,100.0,53.3,38.5,52.8,37.5,8.7
granite3.2,2.0B,5._Рекуррентные_НС,Какие компоненты включает стандартная LSTM ячейка?,prompt7,dialog0997,2-file_granite3.2_2b_prompt7_dialog0997,2-file,29.6,24.0,49.7,67.6,100.0,53.3,38.5,52.8,37.5,8.7
granite3.2,2.0B,5._Рекуррентные_НС,Чем GRU отличается от LSTM?,prompt7,dialog0998,2-file_granite3.2_2b_prompt7_dialog0998,2-file,29.6,24.0,49.7,67.6,100.0,53.3,38.5,52.8,37.5,8.7
granite3.2,2.0B,5._Рекуррентные_НС,Зачем нужны замочные скважины (peepholes) в LSTM?,prompt7,dialog0999,2-file_granite3.2_2b_prompt7_dialog0999,2-file,29.6,24.0,49.7,67.6,100.0,53.3,38.5,52.8,37.5,8.7
granite3.2,2.0B,5._Рекуррентные_НС,Почему нормализация по мини-батчам важна для обучения RNN?,prompt7,dialog1000,2-file_granite3.2_2b_prompt7_dialog1000,2-file,29.6,24.0,49.7,67.6,100.0,53.3,38.5,52.8,37.5,8.7
granite3.2,2.0B,5._Рекуррентные_НС,В чем трудность применения обычной batch normalization к RNN?,prompt7,dialog1001,2-file_granite3.2_2b_prompt7_dialog1001,2-file,29.6,24.0,49.7,67.6,100.0,53.3,38.5,52.8,37.5,8.7
granite3.2,2.0B,5._Рекуррентные_НС,Как работает механизм внимания (Attention)?,prompt7,dialog1002,2-file_granite3.2_2b_prompt7_dialog1002,2-file,29.6,24.0,49.7,67.6,100.0,53.3,38.5,52.8,37.5,8.7
granite3.2,2.0B,5._Рекуррентные_НС,Почему внимание важно в задачах машинного перевода?,prompt7,dialog1003,2-file_granite3.2_2b_prompt7_dialog1003,2-file,29.6,24.0,49.7,67.6,100.0,53.3,38.5,52.8,37.5,8.7
granite3.2,2.0B,5._Рекуррентные_НС,"Чем Show, Attend and Tell отличается от обычного RNN для обработки изображений?",prompt7,dialog1004,2-file_granite3.2_2b_prompt7_dialog1004,2-file,29.6,24.0,49.7,67.6,100.0,53.3,38.5,52.8,37.5,8.7
granite3.2,2.0B,5._Рекуррентные_НС,Можно ли автоматически подбирать архитектуру рекуррентной ячейки?,prompt7,dialog1005,2-file_granite3.2_2b_prompt7_dialog1005,2-file,29.6,24.0,49.7,67.6,100.0,53.3,38.5,52.8,37.5,8.7
granite3.2,2.0B,5._Рекуррентные_НС,"Зачем нужны рекуррентные нейронные сети, если существуют полносвязные и сверточные?",prompt6,dialog0976,2-file_granite3.2_2b_prompt6_dialog0976,2-file,33.5,30.6,48.4,67.6,100.0,51.6,36.3,55.2,33.1,8.5
granite3.2,2.0B,5._Рекуррентные_НС,Что такое скрытое состояние в RNN?,prompt6,dialog0977,2-file_granite3.2_2b_prompt6_dialog0977,2-file,33.5,30.6,48.4,67.6,100.0,51.6,36.3,55.2,33.1,8.5
granite3.2,2.0B,5._Рекуррентные_НС,Какие типы входов и выходов встречаются в задачах RNN?,prompt6,dialog0978,2-file_granite3.2_2b_prompt6_dialog0978,2-file,33.5,30.6,48.4,67.6,100.0,51.6,36.3,55.2,33.1,8.5
granite3.2,2.0B,5._Рекуррентные_НС,В чем отличие Simple RNN от глубоких RNN?,prompt6,dialog0979,2-file_granite3.2_2b_prompt6_dialog0979,2-file,33.5,30.6,48.4,67.6,100.0,51.6,36.3,55.2,33.1,8.5
granite3.2,2.0B,5._Рекуррентные_НС,Что такое двунаправленные RNN и зачем они нужны?,prompt6,dialog0980,2-file_granite3.2_2b_prompt6_dialog0980,2-file,33.5,30.6,48.4,67.6,100.0,51.6,36.3,55.2,33.1,8.5
granite3.2,2.0B,5._Рекуррентные_НС,Как LSTM решает проблему затухающих градиентов?,prompt6,dialog0981,2-file_granite3.2_2b_prompt6_dialog0981,2-file,33.5,30.6,48.4,67.6,100.0,51.6,36.3,55.2,33.1,8.5
granite3.2,2.0B,5._Рекуррентные_НС,Какие компоненты включает стандартная LSTM ячейка?,prompt6,dialog0982,2-file_granite3.2_2b_prompt6_dialog0982,2-file,33.5,30.6,48.4,67.6,100.0,51.6,36.3,55.2,33.1,8.5
granite3.2,2.0B,5._Рекуррентные_НС,Чем GRU отличается от LSTM?,prompt6,dialog0983,2-file_granite3.2_2b_prompt6_dialog0983,2-file,33.5,30.6,48.4,67.6,100.0,51.6,36.3,55.2,33.1,8.5
granite3.2,2.0B,5._Рекуррентные_НС,Зачем нужны замочные скважины (peepholes) в LSTM?,prompt6,dialog0984,2-file_granite3.2_2b_prompt6_dialog0984,2-file,33.5,30.6,48.4,67.6,100.0,51.6,36.3,55.2,33.1,8.5
granite3.2,2.0B,5._Рекуррентные_НС,Почему нормализация по мини-батчам важна для обучения RNN?,prompt6,dialog0985,2-file_granite3.2_2b_prompt6_dialog0985,2-file,33.5,30.6,48.4,67.6,100.0,51.6,36.3,55.2,33.1,8.5
granite3.2,2.0B,5._Рекуррентные_НС,В чем трудность применения обычной batch normalization к RNN?,prompt6,dialog0986,2-file_granite3.2_2b_prompt6_dialog0986,2-file,33.5,30.6,48.4,67.6,100.0,51.6,36.3,55.2,33.1,8.5
granite3.2,2.0B,5._Рекуррентные_НС,Как работает механизм внимания (Attention)?,prompt6,dialog0987,2-file_granite3.2_2b_prompt6_dialog0987,2-file,33.5,30.6,48.4,67.6,100.0,51.6,36.3,55.2,33.1,8.5
granite3.2,2.0B,5._Рекуррентные_НС,Почему внимание важно в задачах машинного перевода?,prompt6,dialog0988,2-file_granite3.2_2b_prompt6_dialog0988,2-file,33.5,30.6,48.4,67.6,100.0,51.6,36.3,55.2,33.1,8.5
granite3.2,2.0B,5._Рекуррентные_НС,"Чем Show, Attend and Tell отличается от обычного RNN для обработки изображений?",prompt6,dialog0989,2-file_granite3.2_2b_prompt6_dialog0989,2-file,33.5,30.6,48.4,67.6,100.0,51.6,36.3,55.2,33.1,8.5
granite3.2,2.0B,5._Рекуррентные_НС,Можно ли автоматически подбирать архитектуру рекуррентной ячейки?,prompt6,dialog0990,2-file_granite3.2_2b_prompt6_dialog0990,2-file,33.5,30.6,48.4,67.6,100.0,51.6,36.3,55.2,33.1,8.5
granite3.2,2.0B,5._Рекуррентные_НС,"Зачем нужны рекуррентные нейронные сети, если существуют полносвязные и сверточные?",prompt1,dialog0901,2-file_granite3.2_2b_prompt1_dialog0901,2-file,38.4,32.6,57.0,67.6,100.0,57.5,30.2,60.3,37.2,9.5
granite3.2,2.0B,5._Рекуррентные_НС,Что такое скрытое состояние в RNN?,prompt1,dialog0902,2-file_granite3.2_2b_prompt1_dialog0902,2-file,38.4,32.6,57.0,67.6,100.0,57.5,30.2,60.3,37.2,9.5
granite3.2,2.0B,5._Рекуррентные_НС,Какие типы входов и выходов встречаются в задачах RNN?,prompt1,dialog0903,2-file_granite3.2_2b_prompt1_dialog0903,2-file,38.4,32.6,57.0,67.6,100.0,57.5,30.2,60.3,37.2,9.5
granite3.2,2.0B,5._Рекуррентные_НС,В чем отличие Simple RNN от глубоких RNN?,prompt1,dialog0904,2-file_granite3.2_2b_prompt1_dialog0904,2-file,38.4,32.6,57.0,67.6,100.0,57.5,30.2,60.3,37.2,9.5
granite3.2,2.0B,5._Рекуррентные_НС,Что такое двунаправленные RNN и зачем они нужны?,prompt1,dialog0905,2-file_granite3.2_2b_prompt1_dialog0905,2-file,38.4,32.6,57.0,67.6,100.0,57.5,30.2,60.3,37.2,9.5
granite3.2,2.0B,5._Рекуррентные_НС,Как LSTM решает проблему затухающих градиентов?,prompt1,dialog0906,2-file_granite3.2_2b_prompt1_dialog0906,2-file,38.4,32.6,57.0,67.6,100.0,57.5,30.2,60.3,37.2,9.5
granite3.2,2.0B,5._Рекуррентные_НС,Какие компоненты включает стандартная LSTM ячейка?,prompt1,dialog0907,2-file_granite3.2_2b_prompt1_dialog0907,2-file,38.4,32.6,57.0,67.6,100.0,57.5,30.2,60.3,37.2,9.5
granite3.2,2.0B,5._Рекуррентные_НС,Чем GRU отличается от LSTM?,prompt1,dialog0908,2-file_granite3.2_2b_prompt1_dialog0908,2-file,38.4,32.6,57.0,67.6,100.0,57.5,30.2,60.3,37.2,9.5
granite3.2,2.0B,5._Рекуррентные_НС,Зачем нужны замочные скважины (peepholes) в LSTM?,prompt1,dialog0909,2-file_granite3.2_2b_prompt1_dialog0909,2-file,38.4,32.6,57.0,67.6,100.0,57.5,30.2,60.3,37.2,9.5
granite3.2,2.0B,5._Рекуррентные_НС,Почему нормализация по мини-батчам важна для обучения RNN?,prompt1,dialog0910,2-file_granite3.2_2b_prompt1_dialog0910,2-file,38.4,32.6,57.0,67.6,100.0,57.5,30.2,60.3,37.2,9.5
granite3.2,2.0B,5._Рекуррентные_НС,В чем трудность применения обычной batch normalization к RNN?,prompt1,dialog0911,2-file_granite3.2_2b_prompt1_dialog0911,2-file,38.4,32.6,57.0,67.6,100.0,57.5,30.2,60.3,37.2,9.5
granite3.2,2.0B,5._Рекуррентные_НС,Как работает механизм внимания (Attention)?,prompt1,dialog0912,2-file_granite3.2_2b_prompt1_dialog0912,2-file,38.4,32.6,57.0,67.6,100.0,57.5,30.2,60.3,37.2,9.5
granite3.2,2.0B,5._Рекуррентные_НС,Почему внимание важно в задачах машинного перевода?,prompt1,dialog0913,2-file_granite3.2_2b_prompt1_dialog0913,2-file,38.4,32.6,57.0,67.6,100.0,57.5,30.2,60.3,37.2,9.5
granite3.2,2.0B,5._Рекуррентные_НС,"Чем Show, Attend and Tell отличается от обычного RNN для обработки изображений?",prompt1,dialog0914,2-file_granite3.2_2b_prompt1_dialog0914,2-file,38.4,32.6,57.0,67.6,100.0,57.5,30.2,60.3,37.2,9.5
granite3.2,2.0B,5._Рекуррентные_НС,Можно ли автоматически подбирать архитектуру рекуррентной ячейки?,prompt1,dialog0915,2-file_granite3.2_2b_prompt1_dialog0915,2-file,38.4,32.6,57.0,67.6,100.0,57.5,30.2,60.3,37.2,9.5
granite3.2,2.0B,5._Рекуррентные_НС,"Зачем нужны рекуррентные нейронные сети, если существуют полносвязные и сверточные?",prompt8,dialog1006,2-file_granite3.2_2b_prompt8_dialog1006,2-file,34.7,30.1,53.3,67.6,100.0,56.1,33.1,56.7,36.8,10.2
granite3.2,2.0B,5._Рекуррентные_НС,Что такое скрытое состояние в RNN?,prompt8,dialog1007,2-file_granite3.2_2b_prompt8_dialog1007,2-file,34.7,30.1,53.3,67.6,100.0,56.1,33.1,56.7,36.8,10.2
granite3.2,2.0B,5._Рекуррентные_НС,Какие типы входов и выходов встречаются в задачах RNN?,prompt8,dialog1008,2-file_granite3.2_2b_prompt8_dialog1008,2-file,34.7,30.1,53.3,67.6,100.0,56.1,33.1,56.7,36.8,10.2
granite3.2,2.0B,5._Рекуррентные_НС,В чем отличие Simple RNN от глубоких RNN?,prompt8,dialog1009,2-file_granite3.2_2b_prompt8_dialog1009,2-file,34.7,30.1,53.3,67.6,100.0,56.1,33.1,56.7,36.8,10.2
granite3.2,2.0B,5._Рекуррентные_НС,Что такое двунаправленные RNN и зачем они нужны?,prompt8,dialog1010,2-file_granite3.2_2b_prompt8_dialog1010,2-file,34.7,30.1,53.3,67.6,100.0,56.1,33.1,56.7,36.8,10.2
granite3.2,2.0B,5._Рекуррентные_НС,Как LSTM решает проблему затухающих градиентов?,prompt8,dialog1011,2-file_granite3.2_2b_prompt8_dialog1011,2-file,34.7,30.1,53.3,67.6,100.0,56.1,33.1,56.7,36.8,10.2
granite3.2,2.0B,5._Рекуррентные_НС,Какие компоненты включает стандартная LSTM ячейка?,prompt8,dialog1012,2-file_granite3.2_2b_prompt8_dialog1012,2-file,34.7,30.1,53.3,67.6,100.0,56.1,33.1,56.7,36.8,10.2
granite3.2,2.0B,5._Рекуррентные_НС,Чем GRU отличается от LSTM?,prompt8,dialog1013,2-file_granite3.2_2b_prompt8_dialog1013,2-file,34.7,30.1,53.3,67.6,100.0,56.1,33.1,56.7,36.8,10.2
granite3.2,2.0B,5._Рекуррентные_НС,Зачем нужны замочные скважины (peepholes) в LSTM?,prompt8,dialog1014,2-file_granite3.2_2b_prompt8_dialog1014,2-file,34.7,30.1,53.3,67.6,100.0,56.1,33.1,56.7,36.8,10.2
granite3.2,2.0B,5._Рекуррентные_НС,Почему нормализация по мини-батчам важна для обучения RNN?,prompt8,dialog1015,2-file_granite3.2_2b_prompt8_dialog1015,2-file,34.7,30.1,53.3,67.6,100.0,56.1,33.1,56.7,36.8,10.2
granite3.2,2.0B,5._Рекуррентные_НС,В чем трудность применения обычной batch normalization к RNN?,prompt8,dialog1016,2-file_granite3.2_2b_prompt8_dialog1016,2-file,34.7,30.1,53.3,67.6,100.0,56.1,33.1,56.7,36.8,10.2
granite3.2,2.0B,5._Рекуррентные_НС,Как работает механизм внимания (Attention)?,prompt8,dialog1017,2-file_granite3.2_2b_prompt8_dialog1017,2-file,34.7,30.1,53.3,67.6,100.0,56.1,33.1,56.7,36.8,10.2
granite3.2,2.0B,5._Рекуррентные_НС,Почему внимание важно в задачах машинного перевода?,prompt8,dialog1018,2-file_granite3.2_2b_prompt8_dialog1018,2-file,34.7,30.1,53.3,67.6,100.0,56.1,33.1,56.7,36.8,10.2
granite3.2,2.0B,5._Рекуррентные_НС,"Чем Show, Attend and Tell отличается от обычного RNN для обработки изображений?",prompt8,dialog1019,2-file_granite3.2_2b_prompt8_dialog1019,2-file,34.7,30.1,53.3,67.6,100.0,56.1,33.1,56.7,36.8,10.2
granite3.2,2.0B,5._Рекуррентные_НС,Можно ли автоматически подбирать архитектуру рекуррентной ячейки?,prompt8,dialog1020,2-file_granite3.2_2b_prompt8_dialog1020,2-file,34.7,30.1,53.3,67.6,100.0,56.1,33.1,56.7,36.8,10.2
granite3.2,2.0B,5._Рекуррентные_НС,"Зачем нужны рекуррентные нейронные сети, если существуют полносвязные и сверточные?",prompt11,dialog1051,2-file_granite3.2_2b_prompt11_dialog1051,2-file,28.9,25.8,47.7,67.6,100.0,48.3,36.1,56.0,38.0,7.9
granite3.2,2.0B,5._Рекуррентные_НС,Что такое скрытое состояние в RNN?,prompt11,dialog1052,2-file_granite3.2_2b_prompt11_dialog1052,2-file,28.9,25.8,47.7,67.6,100.0,48.3,36.1,56.0,38.0,7.9
granite3.2,2.0B,5._Рекуррентные_НС,Какие типы входов и выходов встречаются в задачах RNN?,prompt11,dialog1053,2-file_granite3.2_2b_prompt11_dialog1053,2-file,28.9,25.8,47.7,67.6,100.0,48.3,36.1,56.0,38.0,7.9
granite3.2,2.0B,5._Рекуррентные_НС,В чем отличие Simple RNN от глубоких RNN?,prompt11,dialog1054,2-file_granite3.2_2b_prompt11_dialog1054,2-file,28.9,25.8,47.7,67.6,100.0,48.3,36.1,56.0,38.0,7.9
granite3.2,2.0B,5._Рекуррентные_НС,Что такое двунаправленные RNN и зачем они нужны?,prompt11,dialog1055,2-file_granite3.2_2b_prompt11_dialog1055,2-file,28.9,25.8,47.7,67.6,100.0,48.3,36.1,56.0,38.0,7.9
granite3.2,2.0B,5._Рекуррентные_НС,Как LSTM решает проблему затухающих градиентов?,prompt11,dialog1056,2-file_granite3.2_2b_prompt11_dialog1056,2-file,28.9,25.8,47.7,67.6,100.0,48.3,36.1,56.0,38.0,7.9
granite3.2,2.0B,5._Рекуррентные_НС,Какие компоненты включает стандартная LSTM ячейка?,prompt11,dialog1057,2-file_granite3.2_2b_prompt11_dialog1057,2-file,28.9,25.8,47.7,67.6,100.0,48.3,36.1,56.0,38.0,7.9
granite3.2,2.0B,5._Рекуррентные_НС,Чем GRU отличается от LSTM?,prompt11,dialog1058,2-file_granite3.2_2b_prompt11_dialog1058,2-file,28.9,25.8,47.7,67.6,100.0,48.3,36.1,56.0,38.0,7.9
granite3.2,2.0B,5._Рекуррентные_НС,Зачем нужны замочные скважины (peepholes) в LSTM?,prompt11,dialog1059,2-file_granite3.2_2b_prompt11_dialog1059,2-file,28.9,25.8,47.7,67.6,100.0,48.3,36.1,56.0,38.0,7.9
granite3.2,2.0B,5._Рекуррентные_НС,Почему нормализация по мини-батчам важна для обучения RNN?,prompt11,dialog1060,2-file_granite3.2_2b_prompt11_dialog1060,2-file,28.9,25.8,47.7,67.6,100.0,48.3,36.1,56.0,38.0,7.9
granite3.2,2.0B,5._Рекуррентные_НС,В чем трудность применения обычной batch normalization к RNN?,prompt11,dialog1061,2-file_granite3.2_2b_prompt11_dialog1061,2-file,28.9,25.8,47.7,67.6,100.0,48.3,36.1,56.0,38.0,7.9
granite3.2,2.0B,5._Рекуррентные_НС,Как работает механизм внимания (Attention)?,prompt11,dialog1062,2-file_granite3.2_2b_prompt11_dialog1062,2-file,28.9,25.8,47.7,67.6,100.0,48.3,36.1,56.0,38.0,7.9
granite3.2,2.0B,5._Рекуррентные_НС,Почему внимание важно в задачах машинного перевода?,prompt11,dialog1063,2-file_granite3.2_2b_prompt11_dialog1063,2-file,28.9,25.8,47.7,67.6,100.0,48.3,36.1,56.0,38.0,7.9
granite3.2,2.0B,5._Рекуррентные_НС,"Чем Show, Attend and Tell отличается от обычного RNN для обработки изображений?",prompt11,dialog1064,2-file_granite3.2_2b_prompt11_dialog1064,2-file,28.9,25.8,47.7,67.6,100.0,48.3,36.1,56.0,38.0,7.9
granite3.2,2.0B,5._Рекуррентные_НС,Можно ли автоматически подбирать архитектуру рекуррентной ячейки?,prompt11,dialog1065,2-file_granite3.2_2b_prompt11_dialog1065,2-file,28.9,25.8,47.7,67.6,100.0,48.3,36.1,56.0,38.0,7.9
mistral,7.0B,5._Рекуррентные_НС,"Зачем нужны рекуррентные нейронные сети, если существуют полносвязные и сверточные?",prompt14,dialog0871,2-file_mistral_7b_prompt14_dialog0871,2-file,34.8,31.8,51.6,67.6,100.0,53.6,29.3,61.5,39.0,9.2
mistral,7.0B,5._Рекуррентные_НС,Что такое скрытое состояние в RNN?,prompt14,dialog0872,2-file_mistral_7b_prompt14_dialog0872,2-file,34.8,31.8,51.6,67.6,100.0,53.6,29.3,61.5,39.0,9.2
mistral,7.0B,5._Рекуррентные_НС,Какие типы входов и выходов встречаются в задачах RNN?,prompt14,dialog0873,2-file_mistral_7b_prompt14_dialog0873,2-file,34.8,31.8,51.6,67.6,100.0,53.6,29.3,61.5,39.0,9.2
mistral,7.0B,5._Рекуррентные_НС,В чем отличие Simple RNN от глубоких RNN?,prompt14,dialog0874,2-file_mistral_7b_prompt14_dialog0874,2-file,34.8,31.8,51.6,67.6,100.0,53.6,29.3,61.5,39.0,9.2
mistral,7.0B,5._Рекуррентные_НС,Что такое двунаправленные RNN и зачем они нужны?,prompt14,dialog0875,2-file_mistral_7b_prompt14_dialog0875,2-file,34.8,31.8,51.6,67.6,100.0,53.6,29.3,61.5,39.0,9.2
mistral,7.0B,5._Рекуррентные_НС,Как LSTM решает проблему затухающих градиентов?,prompt14,dialog0876,2-file_mistral_7b_prompt14_dialog0876,2-file,34.8,31.8,51.6,67.6,100.0,53.6,29.3,61.5,39.0,9.2
mistral,7.0B,5._Рекуррентные_НС,Какие компоненты включает стандартная LSTM ячейка?,prompt14,dialog0877,2-file_mistral_7b_prompt14_dialog0877,2-file,34.8,31.8,51.6,67.6,100.0,53.6,29.3,61.5,39.0,9.2
mistral,7.0B,5._Рекуррентные_НС,Чем GRU отличается от LSTM?,prompt14,dialog0878,2-file_mistral_7b_prompt14_dialog0878,2-file,34.8,31.8,51.6,67.6,100.0,53.6,29.3,61.5,39.0,9.2
mistral,7.0B,5._Рекуррентные_НС,Зачем нужны замочные скважины (peepholes) в LSTM?,prompt14,dialog0879,2-file_mistral_7b_prompt14_dialog0879,2-file,34.8,31.8,51.6,67.6,100.0,53.6,29.3,61.5,39.0,9.2
mistral,7.0B,5._Рекуррентные_НС,Почему нормализация по мини-батчам важна для обучения RNN?,prompt14,dialog0880,2-file_mistral_7b_prompt14_dialog0880,2-file,34.8,31.8,51.6,67.6,100.0,53.6,29.3,61.5,39.0,9.2
mistral,7.0B,5._Рекуррентные_НС,В чем трудность применения обычной batch normalization к RNN?,prompt14,dialog0881,2-file_mistral_7b_prompt14_dialog0881,2-file,34.8,31.8,51.6,67.6,100.0,53.6,29.3,61.5,39.0,9.2
mistral,7.0B,5._Рекуррентные_НС,Как работает механизм внимания (Attention)?,prompt14,dialog0882,2-file_mistral_7b_prompt14_dialog0882,2-file,34.8,31.8,51.6,67.6,100.0,53.6,29.3,61.5,39.0,9.2
mistral,7.0B,5._Рекуррентные_НС,Почему внимание важно в задачах машинного перевода?,prompt14,dialog0883,2-file_mistral_7b_prompt14_dialog0883,2-file,34.8,31.8,51.6,67.6,100.0,53.6,29.3,61.5,39.0,9.2
mistral,7.0B,5._Рекуррентные_НС,"Чем Show, Attend and Tell отличается от обычного RNN для обработки изображений?",prompt14,dialog0884,2-file_mistral_7b_prompt14_dialog0884,2-file,34.8,31.8,51.6,67.6,100.0,53.6,29.3,61.5,39.0,9.2
mistral,7.0B,5._Рекуррентные_НС,Можно ли автоматически подбирать архитектуру рекуррентной ячейки?,prompt14,dialog0885,2-file_mistral_7b_prompt14_dialog0885,2-file,34.8,31.8,51.6,67.6,100.0,53.6,29.3,61.5,39.0,9.2
mistral,7.0B,5._Рекуррентные_НС,"Зачем нужны рекуррентные нейронные сети, если существуют полносвязные и сверточные?",prompt13,dialog0856,2-file_mistral_7b_prompt13_dialog0856,2-file,34.4,31.8,46.1,67.6,100.0,46.0,26.0,67.4,42.2,6.6
mistral,7.0B,5._Рекуррентные_НС,Что такое скрытое состояние в RNN?,prompt13,dialog0857,2-file_mistral_7b_prompt13_dialog0857,2-file,34.4,31.8,46.1,67.6,100.0,46.0,26.0,67.4,42.2,6.6
mistral,7.0B,5._Рекуррентные_НС,Какие типы входов и выходов встречаются в задачах RNN?,prompt13,dialog0858,2-file_mistral_7b_prompt13_dialog0858,2-file,34.4,31.8,46.1,67.6,100.0,46.0,26.0,67.4,42.2,6.6
mistral,7.0B,5._Рекуррентные_НС,В чем отличие Simple RNN от глубоких RNN?,prompt13,dialog0859,2-file_mistral_7b_prompt13_dialog0859,2-file,34.4,31.8,46.1,67.6,100.0,46.0,26.0,67.4,42.2,6.6
mistral,7.0B,5._Рекуррентные_НС,Что такое двунаправленные RNN и зачем они нужны?,prompt13,dialog0860,2-file_mistral_7b_prompt13_dialog0860,2-file,34.4,31.8,46.1,67.6,100.0,46.0,26.0,67.4,42.2,6.6
mistral,7.0B,5._Рекуррентные_НС,Как LSTM решает проблему затухающих градиентов?,prompt13,dialog0861,2-file_mistral_7b_prompt13_dialog0861,2-file,34.4,31.8,46.1,67.6,100.0,46.0,26.0,67.4,42.2,6.6
mistral,7.0B,5._Рекуррентные_НС,Какие компоненты включает стандартная LSTM ячейка?,prompt13,dialog0862,2-file_mistral_7b_prompt13_dialog0862,2-file,34.4,31.8,46.1,67.6,100.0,46.0,26.0,67.4,42.2,6.6
mistral,7.0B,5._Рекуррентные_НС,Чем GRU отличается от LSTM?,prompt13,dialog0863,2-file_mistral_7b_prompt13_dialog0863,2-file,34.4,31.8,46.1,67.6,100.0,46.0,26.0,67.4,42.2,6.6
mistral,7.0B,5._Рекуррентные_НС,Зачем нужны замочные скважины (peepholes) в LSTM?,prompt13,dialog0864,2-file_mistral_7b_prompt13_dialog0864,2-file,34.4,31.8,46.1,67.6,100.0,46.0,26.0,67.4,42.2,6.6
mistral,7.0B,5._Рекуррентные_НС,Почему нормализация по мини-батчам важна для обучения RNN?,prompt13,dialog0865,2-file_mistral_7b_prompt13_dialog0865,2-file,34.4,31.8,46.1,67.6,100.0,46.0,26.0,67.4,42.2,6.6
mistral,7.0B,5._Рекуррентные_НС,В чем трудность применения обычной batch normalization к RNN?,prompt13,dialog0866,2-file_mistral_7b_prompt13_dialog0866,2-file,34.4,31.8,46.1,67.6,100.0,46.0,26.0,67.4,42.2,6.6
mistral,7.0B,5._Рекуррентные_НС,Как работает механизм внимания (Attention)?,prompt13,dialog0867,2-file_mistral_7b_prompt13_dialog0867,2-file,34.4,31.8,46.1,67.6,100.0,46.0,26.0,67.4,42.2,6.6
mistral,7.0B,5._Рекуррентные_НС,Почему внимание важно в задачах машинного перевода?,prompt13,dialog0868,2-file_mistral_7b_prompt13_dialog0868,2-file,34.4,31.8,46.1,67.6,100.0,46.0,26.0,67.4,42.2,6.6
mistral,7.0B,5._Рекуррентные_НС,"Чем Show, Attend and Tell отличается от обычного RNN для обработки изображений?",prompt13,dialog0869,2-file_mistral_7b_prompt13_dialog0869,2-file,34.4,31.8,46.1,67.6,100.0,46.0,26.0,67.4,42.2,6.6
mistral,7.0B,5._Рекуррентные_НС,Можно ли автоматически подбирать архитектуру рекуррентной ячейки?,prompt13,dialog0870,2-file_mistral_7b_prompt13_dialog0870,2-file,34.4,31.8,46.1,67.6,100.0,46.0,26.0,67.4,42.2,6.6
mistral,7.0B,5._Рекуррентные_НС,"Зачем нужны рекуррентные нейронные сети, если существуют полносвязные и сверточные?",prompt4,dialog0721,2-file_mistral_7b_prompt4_dialog0721,2-file,36.1,31.3,53.7,67.6,100.0,56.7,31.3,60.0,37.4,8.7
mistral,7.0B,5._Рекуррентные_НС,Что такое скрытое состояние в RNN?,prompt4,dialog0722,2-file_mistral_7b_prompt4_dialog0722,2-file,36.1,31.3,53.7,67.6,100.0,56.7,31.3,60.0,37.4,8.7
mistral,7.0B,5._Рекуррентные_НС,Какие типы входов и выходов встречаются в задачах RNN?,prompt4,dialog0723,2-file_mistral_7b_prompt4_dialog0723,2-file,36.1,31.3,53.7,67.6,100.0,56.7,31.3,60.0,37.4,8.7
mistral,7.0B,5._Рекуррентные_НС,В чем отличие Simple RNN от глубоких RNN?,prompt4,dialog0724,2-file_mistral_7b_prompt4_dialog0724,2-file,36.1,31.3,53.7,67.6,100.0,56.7,31.3,60.0,37.4,8.7
mistral,7.0B,5._Рекуррентные_НС,Что такое двунаправленные RNN и зачем они нужны?,prompt4,dialog0725,2-file_mistral_7b_prompt4_dialog0725,2-file,36.1,31.3,53.7,67.6,100.0,56.7,31.3,60.0,37.4,8.7
mistral,7.0B,5._Рекуррентные_НС,Как LSTM решает проблему затухающих градиентов?,prompt4,dialog0726,2-file_mistral_7b_prompt4_dialog0726,2-file,36.1,31.3,53.7,67.6,100.0,56.7,31.3,60.0,37.4,8.7
mistral,7.0B,5._Рекуррентные_НС,Какие компоненты включает стандартная LSTM ячейка?,prompt4,dialog0727,2-file_mistral_7b_prompt4_dialog0727,2-file,36.1,31.3,53.7,67.6,100.0,56.7,31.3,60.0,37.4,8.7
mistral,7.0B,5._Рекуррентные_НС,Чем GRU отличается от LSTM?,prompt4,dialog0728,2-file_mistral_7b_prompt4_dialog0728,2-file,36.1,31.3,53.7,67.6,100.0,56.7,31.3,60.0,37.4,8.7
mistral,7.0B,5._Рекуррентные_НС,Зачем нужны замочные скважины (peepholes) в LSTM?,prompt4,dialog0729,2-file_mistral_7b_prompt4_dialog0729,2-file,36.1,31.3,53.7,67.6,100.0,56.7,31.3,60.0,37.4,8.7
mistral,7.0B,5._Рекуррентные_НС,Почему нормализация по мини-батчам важна для обучения RNN?,prompt4,dialog0730,2-file_mistral_7b_prompt4_dialog0730,2-file,36.1,31.3,53.7,67.6,100.0,56.7,31.3,60.0,37.4,8.7
mistral,7.0B,5._Рекуррентные_НС,В чем трудность применения обычной batch normalization к RNN?,prompt4,dialog0731,2-file_mistral_7b_prompt4_dialog0731,2-file,36.1,31.3,53.7,67.6,100.0,56.7,31.3,60.0,37.4,8.7
mistral,7.0B,5._Рекуррентные_НС,Как работает механизм внимания (Attention)?,prompt4,dialog0732,2-file_mistral_7b_prompt4_dialog0732,2-file,36.1,31.3,53.7,67.6,100.0,56.7,31.3,60.0,37.4,8.7
mistral,7.0B,5._Рекуррентные_НС,Почему внимание важно в задачах машинного перевода?,prompt4,dialog0733,2-file_mistral_7b_prompt4_dialog0733,2-file,36.1,31.3,53.7,67.6,100.0,56.7,31.3,60.0,37.4,8.7
mistral,7.0B,5._Рекуррентные_НС,"Чем Show, Attend and Tell отличается от обычного RNN для обработки изображений?",prompt4,dialog0734,2-file_mistral_7b_prompt4_dialog0734,2-file,36.1,31.3,53.7,67.6,100.0,56.7,31.3,60.0,37.4,8.7
mistral,7.0B,5._Рекуррентные_НС,Можно ли автоматически подбирать архитектуру рекуррентной ячейки?,prompt4,dialog0735,2-file_mistral_7b_prompt4_dialog0735,2-file,36.1,31.3,53.7,67.6,100.0,56.7,31.3,60.0,37.4,8.7
mistral,7.0B,5._Рекуррентные_НС,"Зачем нужны рекуррентные нейронные сети, если существуют полносвязные и сверточные?",prompt3,dialog0706,2-file_mistral_7b_prompt3_dialog0706,2-file,38.8,33.7,52.6,67.6,100.0,57.6,28.9,59.9,37.4,11.2
mistral,7.0B,5._Рекуррентные_НС,Что такое скрытое состояние в RNN?,prompt3,dialog0707,2-file_mistral_7b_prompt3_dialog0707,2-file,38.8,33.7,52.6,67.6,100.0,57.6,28.9,59.9,37.4,11.2
mistral,7.0B,5._Рекуррентные_НС,Какие типы входов и выходов встречаются в задачах RNN?,prompt3,dialog0708,2-file_mistral_7b_prompt3_dialog0708,2-file,38.8,33.7,52.6,67.6,100.0,57.6,28.9,59.9,37.4,11.2
mistral,7.0B,5._Рекуррентные_НС,В чем отличие Simple RNN от глубоких RNN?,prompt3,dialog0709,2-file_mistral_7b_prompt3_dialog0709,2-file,38.8,33.7,52.6,67.6,100.0,57.6,28.9,59.9,37.4,11.2
mistral,7.0B,5._Рекуррентные_НС,Что такое двунаправленные RNN и зачем они нужны?,prompt3,dialog0710,2-file_mistral_7b_prompt3_dialog0710,2-file,38.8,33.7,52.6,67.6,100.0,57.6,28.9,59.9,37.4,11.2
mistral,7.0B,5._Рекуррентные_НС,Как LSTM решает проблему затухающих градиентов?,prompt3,dialog0711,2-file_mistral_7b_prompt3_dialog0711,2-file,38.8,33.7,52.6,67.6,100.0,57.6,28.9,59.9,37.4,11.2
mistral,7.0B,5._Рекуррентные_НС,Какие компоненты включает стандартная LSTM ячейка?,prompt3,dialog0712,2-file_mistral_7b_prompt3_dialog0712,2-file,38.8,33.7,52.6,67.6,100.0,57.6,28.9,59.9,37.4,11.2
mistral,7.0B,5._Рекуррентные_НС,Чем GRU отличается от LSTM?,prompt3,dialog0713,2-file_mistral_7b_prompt3_dialog0713,2-file,38.8,33.7,52.6,67.6,100.0,57.6,28.9,59.9,37.4,11.2
mistral,7.0B,5._Рекуррентные_НС,Зачем нужны замочные скважины (peepholes) в LSTM?,prompt3,dialog0714,2-file_mistral_7b_prompt3_dialog0714,2-file,38.8,33.7,52.6,67.6,100.0,57.6,28.9,59.9,37.4,11.2
mistral,7.0B,5._Рекуррентные_НС,Почему нормализация по мини-батчам важна для обучения RNN?,prompt3,dialog0715,2-file_mistral_7b_prompt3_dialog0715,2-file,38.8,33.7,52.6,67.6,100.0,57.6,28.9,59.9,37.4,11.2
mistral,7.0B,5._Рекуррентные_НС,В чем трудность применения обычной batch normalization к RNN?,prompt3,dialog0716,2-file_mistral_7b_prompt3_dialog0716,2-file,38.8,33.7,52.6,67.6,100.0,57.6,28.9,59.9,37.4,11.2
mistral,7.0B,5._Рекуррентные_НС,Как работает механизм внимания (Attention)?,prompt3,dialog0717,2-file_mistral_7b_prompt3_dialog0717,2-file,38.8,33.7,52.6,67.6,100.0,57.6,28.9,59.9,37.4,11.2
mistral,7.0B,5._Рекуррентные_НС,Почему внимание важно в задачах машинного перевода?,prompt3,dialog0718,2-file_mistral_7b_prompt3_dialog0718,2-file,38.8,33.7,52.6,67.6,100.0,57.6,28.9,59.9,37.4,11.2
mistral,7.0B,5._Рекуррентные_НС,"Чем Show, Attend and Tell отличается от обычного RNN для обработки изображений?",prompt3,dialog0719,2-file_mistral_7b_prompt3_dialog0719,2-file,38.8,33.7,52.6,67.6,100.0,57.6,28.9,59.9,37.4,11.2
mistral,7.0B,5._Рекуррентные_НС,Можно ли автоматически подбирать архитектуру рекуррентной ячейки?,prompt3,dialog0720,2-file_mistral_7b_prompt3_dialog0720,2-file,38.8,33.7,52.6,67.6,100.0,57.6,28.9,59.9,37.4,11.2
mistral,7.0B,5._Рекуррентные_НС,"Зачем нужны рекуррентные нейронные сети, если существуют полносвязные и сверточные?",prompt2,dialog0691,2-file_mistral_7b_prompt2_dialog0691,2-file,40.9,40.1,46.1,67.6,100.0,47.4,24.0,62.8,36.0,13.2
mistral,7.0B,5._Рекуррентные_НС,Что такое скрытое состояние в RNN?,prompt2,dialog0692,2-file_mistral_7b_prompt2_dialog0692,2-file,40.9,40.1,46.1,67.6,100.0,47.4,24.0,62.8,36.0,13.2
mistral,7.0B,5._Рекуррентные_НС,Какие типы входов и выходов встречаются в задачах RNN?,prompt2,dialog0693,2-file_mistral_7b_prompt2_dialog0693,2-file,40.9,40.1,46.1,67.6,100.0,47.4,24.0,62.8,36.0,13.2
mistral,7.0B,5._Рекуррентные_НС,В чем отличие Simple RNN от глубоких RNN?,prompt2,dialog0694,2-file_mistral_7b_prompt2_dialog0694,2-file,40.9,40.1,46.1,67.6,100.0,47.4,24.0,62.8,36.0,13.2
mistral,7.0B,5._Рекуррентные_НС,Что такое двунаправленные RNN и зачем они нужны?,prompt2,dialog0695,2-file_mistral_7b_prompt2_dialog0695,2-file,40.9,40.1,46.1,67.6,100.0,47.4,24.0,62.8,36.0,13.2
mistral,7.0B,5._Рекуррентные_НС,Как LSTM решает проблему затухающих градиентов?,prompt2,dialog0696,2-file_mistral_7b_prompt2_dialog0696,2-file,40.9,40.1,46.1,67.6,100.0,47.4,24.0,62.8,36.0,13.2
mistral,7.0B,5._Рекуррентные_НС,Какие компоненты включает стандартная LSTM ячейка?,prompt2,dialog0697,2-file_mistral_7b_prompt2_dialog0697,2-file,40.9,40.1,46.1,67.6,100.0,47.4,24.0,62.8,36.0,13.2
mistral,7.0B,5._Рекуррентные_НС,Чем GRU отличается от LSTM?,prompt2,dialog0698,2-file_mistral_7b_prompt2_dialog0698,2-file,40.9,40.1,46.1,67.6,100.0,47.4,24.0,62.8,36.0,13.2
mistral,7.0B,5._Рекуррентные_НС,Зачем нужны замочные скважины (peepholes) в LSTM?,prompt2,dialog0699,2-file_mistral_7b_prompt2_dialog0699,2-file,40.9,40.1,46.1,67.6,100.0,47.4,24.0,62.8,36.0,13.2
mistral,7.0B,5._Рекуррентные_НС,Почему нормализация по мини-батчам важна для обучения RNN?,prompt2,dialog0700,2-file_mistral_7b_prompt2_dialog0700,2-file,40.9,40.1,46.1,67.6,100.0,47.4,24.0,62.8,36.0,13.2
mistral,7.0B,5._Рекуррентные_НС,В чем трудность применения обычной batch normalization к RNN?,prompt2,dialog0701,2-file_mistral_7b_prompt2_dialog0701,2-file,40.9,40.1,46.1,67.6,100.0,47.4,24.0,62.8,36.0,13.2
mistral,7.0B,5._Рекуррентные_НС,Как работает механизм внимания (Attention)?,prompt2,dialog0702,2-file_mistral_7b_prompt2_dialog0702,2-file,40.9,40.1,46.1,67.6,100.0,47.4,24.0,62.8,36.0,13.2
mistral,7.0B,5._Рекуррентные_НС,Почему внимание важно в задачах машинного перевода?,prompt2,dialog0703,2-file_mistral_7b_prompt2_dialog0703,2-file,40.9,40.1,46.1,67.6,100.0,47.4,24.0,62.8,36.0,13.2
mistral,7.0B,5._Рекуррентные_НС,"Чем Show, Attend and Tell отличается от обычного RNN для обработки изображений?",prompt2,dialog0704,2-file_mistral_7b_prompt2_dialog0704,2-file,40.9,40.1,46.1,67.6,100.0,47.4,24.0,62.8,36.0,13.2
mistral,7.0B,5._Рекуррентные_НС,Можно ли автоматически подбирать архитектуру рекуррентной ячейки?,prompt2,dialog0705,2-file_mistral_7b_prompt2_dialog0705,2-file,40.9,40.1,46.1,67.6,100.0,47.4,24.0,62.8,36.0,13.2
mistral,7.0B,5._Рекуррентные_НС,"Зачем нужны рекуррентные нейронные сети, если существуют полносвязные и сверточные?",prompt5,dialog0736,2-file_mistral_7b_prompt5_dialog0736,2-file,36.1,32.0,53.6,67.6,100.0,54.9,24.0,70.3,44.0,5.7
mistral,7.0B,5._Рекуррентные_НС,Что такое скрытое состояние в RNN?,prompt5,dialog0737,2-file_mistral_7b_prompt5_dialog0737,2-file,36.1,32.0,53.6,67.6,100.0,54.9,24.0,70.3,44.0,5.7
mistral,7.0B,5._Рекуррентные_НС,Какие типы входов и выходов встречаются в задачах RNN?,prompt5,dialog0738,2-file_mistral_7b_prompt5_dialog0738,2-file,36.1,32.0,53.6,67.6,100.0,54.9,24.0,70.3,44.0,5.7
mistral,7.0B,5._Рекуррентные_НС,В чем отличие Simple RNN от глубоких RNN?,prompt5,dialog0739,2-file_mistral_7b_prompt5_dialog0739,2-file,36.1,32.0,53.6,67.6,100.0,54.9,24.0,70.3,44.0,5.7
mistral,7.0B,5._Рекуррентные_НС,Что такое двунаправленные RNN и зачем они нужны?,prompt5,dialog0740,2-file_mistral_7b_prompt5_dialog0740,2-file,36.1,32.0,53.6,67.6,100.0,54.9,24.0,70.3,44.0,5.7
mistral,7.0B,5._Рекуррентные_НС,Как LSTM решает проблему затухающих градиентов?,prompt5,dialog0741,2-file_mistral_7b_prompt5_dialog0741,2-file,36.1,32.0,53.6,67.6,100.0,54.9,24.0,70.3,44.0,5.7
mistral,7.0B,5._Рекуррентные_НС,Какие компоненты включает стандартная LSTM ячейка?,prompt5,dialog0742,2-file_mistral_7b_prompt5_dialog0742,2-file,36.1,32.0,53.6,67.6,100.0,54.9,24.0,70.3,44.0,5.7
mistral,7.0B,5._Рекуррентные_НС,Чем GRU отличается от LSTM?,prompt5,dialog0743,2-file_mistral_7b_prompt5_dialog0743,2-file,36.1,32.0,53.6,67.6,100.0,54.9,24.0,70.3,44.0,5.7
mistral,7.0B,5._Рекуррентные_НС,Зачем нужны замочные скважины (peepholes) в LSTM?,prompt5,dialog0744,2-file_mistral_7b_prompt5_dialog0744,2-file,36.1,32.0,53.6,67.6,100.0,54.9,24.0,70.3,44.0,5.7
mistral,7.0B,5._Рекуррентные_НС,Почему нормализация по мини-батчам важна для обучения RNN?,prompt5,dialog0745,2-file_mistral_7b_prompt5_dialog0745,2-file,36.1,32.0,53.6,67.6,100.0,54.9,24.0,70.3,44.0,5.7
mistral,7.0B,5._Рекуррентные_НС,В чем трудность применения обычной batch normalization к RNN?,prompt5,dialog0746,2-file_mistral_7b_prompt5_dialog0746,2-file,36.1,32.0,53.6,67.6,100.0,54.9,24.0,70.3,44.0,5.7
mistral,7.0B,5._Рекуррентные_НС,Как работает механизм внимания (Attention)?,prompt5,dialog0747,2-file_mistral_7b_prompt5_dialog0747,2-file,36.1,32.0,53.6,67.6,100.0,54.9,24.0,70.3,44.0,5.7
mistral,7.0B,5._Рекуррентные_НС,Почему внимание важно в задачах машинного перевода?,prompt5,dialog0748,2-file_mistral_7b_prompt5_dialog0748,2-file,36.1,32.0,53.6,67.6,100.0,54.9,24.0,70.3,44.0,5.7
mistral,7.0B,5._Рекуррентные_НС,"Чем Show, Attend and Tell отличается от обычного RNN для обработки изображений?",prompt5,dialog0749,2-file_mistral_7b_prompt5_dialog0749,2-file,36.1,32.0,53.6,67.6,100.0,54.9,24.0,70.3,44.0,5.7
mistral,7.0B,5._Рекуррентные_НС,Можно ли автоматически подбирать архитектуру рекуррентной ячейки?,prompt5,dialog0750,2-file_mistral_7b_prompt5_dialog0750,2-file,36.1,32.0,53.6,67.6,100.0,54.9,24.0,70.3,44.0,5.7
mistral,7.0B,5._Рекуррентные_НС,"Зачем нужны рекуррентные нейронные сети, если существуют полносвязные и сверточные?",prompt12,dialog0841,2-file_mistral_7b_prompt12_dialog0841,2-file,42.0,41.3,50.6,67.6,100.0,55.1,24.8,64.6,33.9,10.6
mistral,7.0B,5._Рекуррентные_НС,Что такое скрытое состояние в RNN?,prompt12,dialog0842,2-file_mistral_7b_prompt12_dialog0842,2-file,42.0,41.3,50.6,67.6,100.0,55.1,24.8,64.6,33.9,10.6
mistral,7.0B,5._Рекуррентные_НС,Какие типы входов и выходов встречаются в задачах RNN?,prompt12,dialog0843,2-file_mistral_7b_prompt12_dialog0843,2-file,42.0,41.3,50.6,67.6,100.0,55.1,24.8,64.6,33.9,10.6
mistral,7.0B,5._Рекуррентные_НС,В чем отличие Simple RNN от глубоких RNN?,prompt12,dialog0844,2-file_mistral_7b_prompt12_dialog0844,2-file,42.0,41.3,50.6,67.6,100.0,55.1,24.8,64.6,33.9,10.6
mistral,7.0B,5._Рекуррентные_НС,Что такое двунаправленные RNN и зачем они нужны?,prompt12,dialog0845,2-file_mistral_7b_prompt12_dialog0845,2-file,42.0,41.3,50.6,67.6,100.0,55.1,24.8,64.6,33.9,10.6
mistral,7.0B,5._Рекуррентные_НС,Как LSTM решает проблему затухающих градиентов?,prompt12,dialog0846,2-file_mistral_7b_prompt12_dialog0846,2-file,42.0,41.3,50.6,67.6,100.0,55.1,24.8,64.6,33.9,10.6
mistral,7.0B,5._Рекуррентные_НС,Какие компоненты включает стандартная LSTM ячейка?,prompt12,dialog0847,2-file_mistral_7b_prompt12_dialog0847,2-file,42.0,41.3,50.6,67.6,100.0,55.1,24.8,64.6,33.9,10.6
mistral,7.0B,5._Рекуррентные_НС,Чем GRU отличается от LSTM?,prompt12,dialog0848,2-file_mistral_7b_prompt12_dialog0848,2-file,42.0,41.3,50.6,67.6,100.0,55.1,24.8,64.6,33.9,10.6
mistral,7.0B,5._Рекуррентные_НС,Зачем нужны замочные скважины (peepholes) в LSTM?,prompt12,dialog0849,2-file_mistral_7b_prompt12_dialog0849,2-file,42.0,41.3,50.6,67.6,100.0,55.1,24.8,64.6,33.9,10.6
mistral,7.0B,5._Рекуррентные_НС,Почему нормализация по мини-батчам важна для обучения RNN?,prompt12,dialog0850,2-file_mistral_7b_prompt12_dialog0850,2-file,42.0,41.3,50.6,67.6,100.0,55.1,24.8,64.6,33.9,10.6
mistral,7.0B,5._Рекуррентные_НС,В чем трудность применения обычной batch normalization к RNN?,prompt12,dialog0851,2-file_mistral_7b_prompt12_dialog0851,2-file,42.0,41.3,50.6,67.6,100.0,55.1,24.8,64.6,33.9,10.6
mistral,7.0B,5._Рекуррентные_НС,Как работает механизм внимания (Attention)?,prompt12,dialog0852,2-file_mistral_7b_prompt12_dialog0852,2-file,42.0,41.3,50.6,67.6,100.0,55.1,24.8,64.6,33.9,10.6
mistral,7.0B,5._Рекуррентные_НС,Почему внимание важно в задачах машинного перевода?,prompt12,dialog0853,2-file_mistral_7b_prompt12_dialog0853,2-file,42.0,41.3,50.6,67.6,100.0,55.1,24.8,64.6,33.9,10.6
mistral,7.0B,5._Рекуррентные_НС,"Чем Show, Attend and Tell отличается от обычного RNN для обработки изображений?",prompt12,dialog0854,2-file_mistral_7b_prompt12_dialog0854,2-file,42.0,41.3,50.6,67.6,100.0,55.1,24.8,64.6,33.9,10.6
mistral,7.0B,5._Рекуррентные_НС,Можно ли автоматически подбирать архитектуру рекуррентной ячейки?,prompt12,dialog0855,2-file_mistral_7b_prompt12_dialog0855,2-file,42.0,41.3,50.6,67.6,100.0,55.1,24.8,64.6,33.9,10.6
mistral,7.0B,5._Рекуррентные_НС,"Зачем нужны рекуррентные нейронные сети, если существуют полносвязные и сверточные?",prompt15,dialog0886,2-file_mistral_7b_prompt15_dialog0886,2-file,32.8,32.3,44.4,67.6,100.0,48.1,28.2,61.0,39.5,10.8
mistral,7.0B,5._Рекуррентные_НС,Что такое скрытое состояние в RNN?,prompt15,dialog0887,2-file_mistral_7b_prompt15_dialog0887,2-file,32.8,32.3,44.4,67.6,100.0,48.1,28.2,61.0,39.5,10.8
mistral,7.0B,5._Рекуррентные_НС,Какие типы входов и выходов встречаются в задачах RNN?,prompt15,dialog0888,2-file_mistral_7b_prompt15_dialog0888,2-file,32.8,32.3,44.4,67.6,100.0,48.1,28.2,61.0,39.5,10.8
mistral,7.0B,5._Рекуррентные_НС,В чем отличие Simple RNN от глубоких RNN?,prompt15,dialog0889,2-file_mistral_7b_prompt15_dialog0889,2-file,32.8,32.3,44.4,67.6,100.0,48.1,28.2,61.0,39.5,10.8
mistral,7.0B,5._Рекуррентные_НС,Что такое двунаправленные RNN и зачем они нужны?,prompt15,dialog0890,2-file_mistral_7b_prompt15_dialog0890,2-file,32.8,32.3,44.4,67.6,100.0,48.1,28.2,61.0,39.5,10.8
mistral,7.0B,5._Рекуррентные_НС,Как LSTM решает проблему затухающих градиентов?,prompt15,dialog0891,2-file_mistral_7b_prompt15_dialog0891,2-file,32.8,32.3,44.4,67.6,100.0,48.1,28.2,61.0,39.5,10.8
mistral,7.0B,5._Рекуррентные_НС,Какие компоненты включает стандартная LSTM ячейка?,prompt15,dialog0892,2-file_mistral_7b_prompt15_dialog0892,2-file,32.8,32.3,44.4,67.6,100.0,48.1,28.2,61.0,39.5,10.8
mistral,7.0B,5._Рекуррентные_НС,Чем GRU отличается от LSTM?,prompt15,dialog0893,2-file_mistral_7b_prompt15_dialog0893,2-file,32.8,32.3,44.4,67.6,100.0,48.1,28.2,61.0,39.5,10.8
mistral,7.0B,5._Рекуррентные_НС,Зачем нужны замочные скважины (peepholes) в LSTM?,prompt15,dialog0894,2-file_mistral_7b_prompt15_dialog0894,2-file,32.8,32.3,44.4,67.6,100.0,48.1,28.2,61.0,39.5,10.8
mistral,7.0B,5._Рекуррентные_НС,Почему нормализация по мини-батчам важна для обучения RNN?,prompt15,dialog0895,2-file_mistral_7b_prompt15_dialog0895,2-file,32.8,32.3,44.4,67.6,100.0,48.1,28.2,61.0,39.5,10.8
mistral,7.0B,5._Рекуррентные_НС,В чем трудность применения обычной batch normalization к RNN?,prompt15,dialog0896,2-file_mistral_7b_prompt15_dialog0896,2-file,32.8,32.3,44.4,67.6,100.0,48.1,28.2,61.0,39.5,10.8
mistral,7.0B,5._Рекуррентные_НС,Как работает механизм внимания (Attention)?,prompt15,dialog0897,2-file_mistral_7b_prompt15_dialog0897,2-file,32.8,32.3,44.4,67.6,100.0,48.1,28.2,61.0,39.5,10.8
mistral,7.0B,5._Рекуррентные_НС,Почему внимание важно в задачах машинного перевода?,prompt15,dialog0898,2-file_mistral_7b_prompt15_dialog0898,2-file,32.8,32.3,44.4,67.6,100.0,48.1,28.2,61.0,39.5,10.8
mistral,7.0B,5._Рекуррентные_НС,"Чем Show, Attend and Tell отличается от обычного RNN для обработки изображений?",prompt15,dialog0899,2-file_mistral_7b_prompt15_dialog0899,2-file,32.8,32.3,44.4,67.6,100.0,48.1,28.2,61.0,39.5,10.8
mistral,7.0B,5._Рекуррентные_НС,Можно ли автоматически подбирать архитектуру рекуррентной ячейки?,prompt15,dialog0900,2-file_mistral_7b_prompt15_dialog0900,2-file,32.8,32.3,44.4,67.6,100.0,48.1,28.2,61.0,39.5,10.8
mistral,7.0B,5._Рекуррентные_НС,"Зачем нужны рекуррентные нейронные сети, если существуют полносвязные и сверточные?",prompt10,dialog0811,2-file_mistral_7b_prompt10_dialog0811,2-file,33.9,29.2,49.7,67.6,100.0,51.5,26.3,66.1,44.5,7.6
mistral,7.0B,5._Рекуррентные_НС,Что такое скрытое состояние в RNN?,prompt10,dialog0812,2-file_mistral_7b_prompt10_dialog0812,2-file,33.9,29.2,49.7,67.6,100.0,51.5,26.3,66.1,44.5,7.6
mistral,7.0B,5._Рекуррентные_НС,Какие типы входов и выходов встречаются в задачах RNN?,prompt10,dialog0813,2-file_mistral_7b_prompt10_dialog0813,2-file,33.9,29.2,49.7,67.6,100.0,51.5,26.3,66.1,44.5,7.6
mistral,7.0B,5._Рекуррентные_НС,В чем отличие Simple RNN от глубоких RNN?,prompt10,dialog0814,2-file_mistral_7b_prompt10_dialog0814,2-file,33.9,29.2,49.7,67.6,100.0,51.5,26.3,66.1,44.5,7.6
mistral,7.0B,5._Рекуррентные_НС,Что такое двунаправленные RNN и зачем они нужны?,prompt10,dialog0815,2-file_mistral_7b_prompt10_dialog0815,2-file,33.9,29.2,49.7,67.6,100.0,51.5,26.3,66.1,44.5,7.6
mistral,7.0B,5._Рекуррентные_НС,Как LSTM решает проблему затухающих градиентов?,prompt10,dialog0816,2-file_mistral_7b_prompt10_dialog0816,2-file,33.9,29.2,49.7,67.6,100.0,51.5,26.3,66.1,44.5,7.6
mistral,7.0B,5._Рекуррентные_НС,Какие компоненты включает стандартная LSTM ячейка?,prompt10,dialog0817,2-file_mistral_7b_prompt10_dialog0817,2-file,33.9,29.2,49.7,67.6,100.0,51.5,26.3,66.1,44.5,7.6
mistral,7.0B,5._Рекуррентные_НС,Чем GRU отличается от LSTM?,prompt10,dialog0818,2-file_mistral_7b_prompt10_dialog0818,2-file,33.9,29.2,49.7,67.6,100.0,51.5,26.3,66.1,44.5,7.6
mistral,7.0B,5._Рекуррентные_НС,Зачем нужны замочные скважины (peepholes) в LSTM?,prompt10,dialog0819,2-file_mistral_7b_prompt10_dialog0819,2-file,33.9,29.2,49.7,67.6,100.0,51.5,26.3,66.1,44.5,7.6
mistral,7.0B,5._Рекуррентные_НС,Почему нормализация по мини-батчам важна для обучения RNN?,prompt10,dialog0820,2-file_mistral_7b_prompt10_dialog0820,2-file,33.9,29.2,49.7,67.6,100.0,51.5,26.3,66.1,44.5,7.6
mistral,7.0B,5._Рекуррентные_НС,В чем трудность применения обычной batch normalization к RNN?,prompt10,dialog0821,2-file_mistral_7b_prompt10_dialog0821,2-file,33.9,29.2,49.7,67.6,100.0,51.5,26.3,66.1,44.5,7.6
mistral,7.0B,5._Рекуррентные_НС,Как работает механизм внимания (Attention)?,prompt10,dialog0822,2-file_mistral_7b_prompt10_dialog0822,2-file,33.9,29.2,49.7,67.6,100.0,51.5,26.3,66.1,44.5,7.6
mistral,7.0B,5._Рекуррентные_НС,Почему внимание важно в задачах машинного перевода?,prompt10,dialog0823,2-file_mistral_7b_prompt10_dialog0823,2-file,33.9,29.2,49.7,67.6,100.0,51.5,26.3,66.1,44.5,7.6
mistral,7.0B,5._Рекуррентные_НС,"Чем Show, Attend and Tell отличается от обычного RNN для обработки изображений?",prompt10,dialog0824,2-file_mistral_7b_prompt10_dialog0824,2-file,33.9,29.2,49.7,67.6,100.0,51.5,26.3,66.1,44.5,7.6
mistral,7.0B,5._Рекуррентные_НС,Можно ли автоматически подбирать архитектуру рекуррентной ячейки?,prompt10,dialog0825,2-file_mistral_7b_prompt10_dialog0825,2-file,33.9,29.2,49.7,67.6,100.0,51.5,26.3,66.1,44.5,7.6
mistral,7.0B,5._Рекуррентные_НС,"Зачем нужны рекуррентные нейронные сети, если существуют полносвязные и сверточные?",prompt9,dialog0796,2-file_mistral_7b_prompt9_dialog0796,2-file,37.5,33.2,49.7,67.6,100.0,55.9,25.8,66.1,41.0,8.1
mistral,7.0B,5._Рекуррентные_НС,Что такое скрытое состояние в RNN?,prompt9,dialog0797,2-file_mistral_7b_prompt9_dialog0797,2-file,37.5,33.2,49.7,67.6,100.0,55.9,25.8,66.1,41.0,8.1
mistral,7.0B,5._Рекуррентные_НС,Какие типы входов и выходов встречаются в задачах RNN?,prompt9,dialog0798,2-file_mistral_7b_prompt9_dialog0798,2-file,37.5,33.2,49.7,67.6,100.0,55.9,25.8,66.1,41.0,8.1
mistral,7.0B,5._Рекуррентные_НС,В чем отличие Simple RNN от глубоких RNN?,prompt9,dialog0799,2-file_mistral_7b_prompt9_dialog0799,2-file,37.5,33.2,49.7,67.6,100.0,55.9,25.8,66.1,41.0,8.1
mistral,7.0B,5._Рекуррентные_НС,Что такое двунаправленные RNN и зачем они нужны?,prompt9,dialog0800,2-file_mistral_7b_prompt9_dialog0800,2-file,37.5,33.2,49.7,67.6,100.0,55.9,25.8,66.1,41.0,8.1
mistral,7.0B,5._Рекуррентные_НС,Как LSTM решает проблему затухающих градиентов?,prompt9,dialog0801,2-file_mistral_7b_prompt9_dialog0801,2-file,37.5,33.2,49.7,67.6,100.0,55.9,25.8,66.1,41.0,8.1
mistral,7.0B,5._Рекуррентные_НС,Какие компоненты включает стандартная LSTM ячейка?,prompt9,dialog0802,2-file_mistral_7b_prompt9_dialog0802,2-file,37.5,33.2,49.7,67.6,100.0,55.9,25.8,66.1,41.0,8.1
mistral,7.0B,5._Рекуррентные_НС,Чем GRU отличается от LSTM?,prompt9,dialog0803,2-file_mistral_7b_prompt9_dialog0803,2-file,37.5,33.2,49.7,67.6,100.0,55.9,25.8,66.1,41.0,8.1
mistral,7.0B,5._Рекуррентные_НС,Зачем нужны замочные скважины (peepholes) в LSTM?,prompt9,dialog0804,2-file_mistral_7b_prompt9_dialog0804,2-file,37.5,33.2,49.7,67.6,100.0,55.9,25.8,66.1,41.0,8.1
mistral,7.0B,5._Рекуррентные_НС,Почему нормализация по мини-батчам важна для обучения RNN?,prompt9,dialog0805,2-file_mistral_7b_prompt9_dialog0805,2-file,37.5,33.2,49.7,67.6,100.0,55.9,25.8,66.1,41.0,8.1
mistral,7.0B,5._Рекуррентные_НС,В чем трудность применения обычной batch normalization к RNN?,prompt9,dialog0806,2-file_mistral_7b_prompt9_dialog0806,2-file,37.5,33.2,49.7,67.6,100.0,55.9,25.8,66.1,41.0,8.1
mistral,7.0B,5._Рекуррентные_НС,Как работает механизм внимания (Attention)?,prompt9,dialog0807,2-file_mistral_7b_prompt9_dialog0807,2-file,37.5,33.2,49.7,67.6,100.0,55.9,25.8,66.1,41.0,8.1
mistral,7.0B,5._Рекуррентные_НС,Почему внимание важно в задачах машинного перевода?,prompt9,dialog0808,2-file_mistral_7b_prompt9_dialog0808,2-file,37.5,33.2,49.7,67.6,100.0,55.9,25.8,66.1,41.0,8.1
mistral,7.0B,5._Рекуррентные_НС,"Чем Show, Attend and Tell отличается от обычного RNN для обработки изображений?",prompt9,dialog0809,2-file_mistral_7b_prompt9_dialog0809,2-file,37.5,33.2,49.7,67.6,100.0,55.9,25.8,66.1,41.0,8.1
mistral,7.0B,5._Рекуррентные_НС,Можно ли автоматически подбирать архитектуру рекуррентной ячейки?,prompt9,dialog0810,2-file_mistral_7b_prompt9_dialog0810,2-file,37.5,33.2,49.7,67.6,100.0,55.9,25.8,66.1,41.0,8.1
mistral,7.0B,5._Рекуррентные_НС,"Зачем нужны рекуррентные нейронные сети, если существуют полносвязные и сверточные?",prompt7,dialog0766,2-file_mistral_7b_prompt7_dialog0766,2-file,42.8,40.2,51.7,67.6,100.0,51.8,31.5,59.7,28.3,8.8
mistral,7.0B,5._Рекуррентные_НС,Что такое скрытое состояние в RNN?,prompt7,dialog0767,2-file_mistral_7b_prompt7_dialog0767,2-file,42.8,40.2,51.7,67.6,100.0,51.8,31.5,59.7,28.3,8.8
mistral,7.0B,5._Рекуррентные_НС,Какие типы входов и выходов встречаются в задачах RNN?,prompt7,dialog0768,2-file_mistral_7b_prompt7_dialog0768,2-file,42.8,40.2,51.7,67.6,100.0,51.8,31.5,59.7,28.3,8.8
mistral,7.0B,5._Рекуррентные_НС,В чем отличие Simple RNN от глубоких RNN?,prompt7,dialog0769,2-file_mistral_7b_prompt7_dialog0769,2-file,42.8,40.2,51.7,67.6,100.0,51.8,31.5,59.7,28.3,8.8
mistral,7.0B,5._Рекуррентные_НС,Что такое двунаправленные RNN и зачем они нужны?,prompt7,dialog0770,2-file_mistral_7b_prompt7_dialog0770,2-file,42.8,40.2,51.7,67.6,100.0,51.8,31.5,59.7,28.3,8.8
mistral,7.0B,5._Рекуррентные_НС,Как LSTM решает проблему затухающих градиентов?,prompt7,dialog0771,2-file_mistral_7b_prompt7_dialog0771,2-file,42.8,40.2,51.7,67.6,100.0,51.8,31.5,59.7,28.3,8.8
mistral,7.0B,5._Рекуррентные_НС,Какие компоненты включает стандартная LSTM ячейка?,prompt7,dialog0772,2-file_mistral_7b_prompt7_dialog0772,2-file,42.8,40.2,51.7,67.6,100.0,51.8,31.5,59.7,28.3,8.8
mistral,7.0B,5._Рекуррентные_НС,Чем GRU отличается от LSTM?,prompt7,dialog0773,2-file_mistral_7b_prompt7_dialog0773,2-file,42.8,40.2,51.7,67.6,100.0,51.8,31.5,59.7,28.3,8.8
mistral,7.0B,5._Рекуррентные_НС,Зачем нужны замочные скважины (peepholes) в LSTM?,prompt7,dialog0774,2-file_mistral_7b_prompt7_dialog0774,2-file,42.8,40.2,51.7,67.6,100.0,51.8,31.5,59.7,28.3,8.8
mistral,7.0B,5._Рекуррентные_НС,Почему нормализация по мини-батчам важна для обучения RNN?,prompt7,dialog0775,2-file_mistral_7b_prompt7_dialog0775,2-file,42.8,40.2,51.7,67.6,100.0,51.8,31.5,59.7,28.3,8.8
mistral,7.0B,5._Рекуррентные_НС,В чем трудность применения обычной batch normalization к RNN?,prompt7,dialog0776,2-file_mistral_7b_prompt7_dialog0776,2-file,42.8,40.2,51.7,67.6,100.0,51.8,31.5,59.7,28.3,8.8
mistral,7.0B,5._Рекуррентные_НС,Как работает механизм внимания (Attention)?,prompt7,dialog0777,2-file_mistral_7b_prompt7_dialog0777,2-file,42.8,40.2,51.7,67.6,100.0,51.8,31.5,59.7,28.3,8.8
mistral,7.0B,5._Рекуррентные_НС,Почему внимание важно в задачах машинного перевода?,prompt7,dialog0778,2-file_mistral_7b_prompt7_dialog0778,2-file,42.8,40.2,51.7,67.6,100.0,51.8,31.5,59.7,28.3,8.8
mistral,7.0B,5._Рекуррентные_НС,"Чем Show, Attend and Tell отличается от обычного RNN для обработки изображений?",prompt7,dialog0779,2-file_mistral_7b_prompt7_dialog0779,2-file,42.8,40.2,51.7,67.6,100.0,51.8,31.5,59.7,28.3,8.8
mistral,7.0B,5._Рекуррентные_НС,Можно ли автоматически подбирать архитектуру рекуррентной ячейки?,prompt7,dialog0780,2-file_mistral_7b_prompt7_dialog0780,2-file,42.8,40.2,51.7,67.6,100.0,51.8,31.5,59.7,28.3,8.8
mistral,7.0B,5._Рекуррентные_НС,"Зачем нужны рекуррентные нейронные сети, если существуют полносвязные и сверточные?",prompt6,dialog0751,2-file_mistral_7b_prompt6_dialog0751,2-file,36.8,30.2,54.6,67.6,100.0,55.7,26.3,66.1,43.4,7.6
mistral,7.0B,5._Рекуррентные_НС,Что такое скрытое состояние в RNN?,prompt6,dialog0752,2-file_mistral_7b_prompt6_dialog0752,2-file,36.8,30.2,54.6,67.6,100.0,55.7,26.3,66.1,43.4,7.6
mistral,7.0B,5._Рекуррентные_НС,Какие типы входов и выходов встречаются в задачах RNN?,prompt6,dialog0753,2-file_mistral_7b_prompt6_dialog0753,2-file,36.8,30.2,54.6,67.6,100.0,55.7,26.3,66.1,43.4,7.6
mistral,7.0B,5._Рекуррентные_НС,В чем отличие Simple RNN от глубоких RNN?,prompt6,dialog0754,2-file_mistral_7b_prompt6_dialog0754,2-file,36.8,30.2,54.6,67.6,100.0,55.7,26.3,66.1,43.4,7.6
mistral,7.0B,5._Рекуррентные_НС,Что такое двунаправленные RNN и зачем они нужны?,prompt6,dialog0755,2-file_mistral_7b_prompt6_dialog0755,2-file,36.8,30.2,54.6,67.6,100.0,55.7,26.3,66.1,43.4,7.6
mistral,7.0B,5._Рекуррентные_НС,Как LSTM решает проблему затухающих градиентов?,prompt6,dialog0756,2-file_mistral_7b_prompt6_dialog0756,2-file,36.8,30.2,54.6,67.6,100.0,55.7,26.3,66.1,43.4,7.6
mistral,7.0B,5._Рекуррентные_НС,Какие компоненты включает стандартная LSTM ячейка?,prompt6,dialog0757,2-file_mistral_7b_prompt6_dialog0757,2-file,36.8,30.2,54.6,67.6,100.0,55.7,26.3,66.1,43.4,7.6
mistral,7.0B,5._Рекуррентные_НС,Чем GRU отличается от LSTM?,prompt6,dialog0758,2-file_mistral_7b_prompt6_dialog0758,2-file,36.8,30.2,54.6,67.6,100.0,55.7,26.3,66.1,43.4,7.6
mistral,7.0B,5._Рекуррентные_НС,Зачем нужны замочные скважины (peepholes) в LSTM?,prompt6,dialog0759,2-file_mistral_7b_prompt6_dialog0759,2-file,36.8,30.2,54.6,67.6,100.0,55.7,26.3,66.1,43.4,7.6
mistral,7.0B,5._Рекуррентные_НС,Почему нормализация по мини-батчам важна для обучения RNN?,prompt6,dialog0760,2-file_mistral_7b_prompt6_dialog0760,2-file,36.8,30.2,54.6,67.6,100.0,55.7,26.3,66.1,43.4,7.6
mistral,7.0B,5._Рекуррентные_НС,В чем трудность применения обычной batch normalization к RNN?,prompt6,dialog0761,2-file_mistral_7b_prompt6_dialog0761,2-file,36.8,30.2,54.6,67.6,100.0,55.7,26.3,66.1,43.4,7.6
mistral,7.0B,5._Рекуррентные_НС,Как работает механизм внимания (Attention)?,prompt6,dialog0762,2-file_mistral_7b_prompt6_dialog0762,2-file,36.8,30.2,54.6,67.6,100.0,55.7,26.3,66.1,43.4,7.6
mistral,7.0B,5._Рекуррентные_НС,Почему внимание важно в задачах машинного перевода?,prompt6,dialog0763,2-file_mistral_7b_prompt6_dialog0763,2-file,36.8,30.2,54.6,67.6,100.0,55.7,26.3,66.1,43.4,7.6
mistral,7.0B,5._Рекуррентные_НС,"Чем Show, Attend and Tell отличается от обычного RNN для обработки изображений?",prompt6,dialog0764,2-file_mistral_7b_prompt6_dialog0764,2-file,36.8,30.2,54.6,67.6,100.0,55.7,26.3,66.1,43.4,7.6
mistral,7.0B,5._Рекуррентные_НС,Можно ли автоматически подбирать архитектуру рекуррентной ячейки?,prompt6,dialog0765,2-file_mistral_7b_prompt6_dialog0765,2-file,36.8,30.2,54.6,67.6,100.0,55.7,26.3,66.1,43.4,7.6
mistral,7.0B,5._Рекуррентные_НС,"Зачем нужны рекуррентные нейронные сети, если существуют полносвязные и сверточные?",prompt1,dialog0676,2-file_mistral_7b_prompt1_dialog0676,2-file,38.3,34.2,50.4,67.6,100.0,56.1,24.5,67.5,41.3,8.0
mistral,7.0B,5._Рекуррентные_НС,Что такое скрытое состояние в RNN?,prompt1,dialog0677,2-file_mistral_7b_prompt1_dialog0677,2-file,38.3,34.2,50.4,67.6,100.0,56.1,24.5,67.5,41.3,8.0
mistral,7.0B,5._Рекуррентные_НС,Какие типы входов и выходов встречаются в задачах RNN?,prompt1,dialog0678,2-file_mistral_7b_prompt1_dialog0678,2-file,38.3,34.2,50.4,67.6,100.0,56.1,24.5,67.5,41.3,8.0
mistral,7.0B,5._Рекуррентные_НС,В чем отличие Simple RNN от глубоких RNN?,prompt1,dialog0679,2-file_mistral_7b_prompt1_dialog0679,2-file,38.3,34.2,50.4,67.6,100.0,56.1,24.5,67.5,41.3,8.0
mistral,7.0B,5._Рекуррентные_НС,Что такое двунаправленные RNN и зачем они нужны?,prompt1,dialog0680,2-file_mistral_7b_prompt1_dialog0680,2-file,38.3,34.2,50.4,67.6,100.0,56.1,24.5,67.5,41.3,8.0
mistral,7.0B,5._Рекуррентные_НС,Как LSTM решает проблему затухающих градиентов?,prompt1,dialog0681,2-file_mistral_7b_prompt1_dialog0681,2-file,38.3,34.2,50.4,67.6,100.0,56.1,24.5,67.5,41.3,8.0
mistral,7.0B,5._Рекуррентные_НС,Какие компоненты включает стандартная LSTM ячейка?,prompt1,dialog0682,2-file_mistral_7b_prompt1_dialog0682,2-file,38.3,34.2,50.4,67.6,100.0,56.1,24.5,67.5,41.3,8.0
mistral,7.0B,5._Рекуррентные_НС,Чем GRU отличается от LSTM?,prompt1,dialog0683,2-file_mistral_7b_prompt1_dialog0683,2-file,38.3,34.2,50.4,67.6,100.0,56.1,24.5,67.5,41.3,8.0
mistral,7.0B,5._Рекуррентные_НС,Зачем нужны замочные скважины (peepholes) в LSTM?,prompt1,dialog0684,2-file_mistral_7b_prompt1_dialog0684,2-file,38.3,34.2,50.4,67.6,100.0,56.1,24.5,67.5,41.3,8.0
mistral,7.0B,5._Рекуррентные_НС,Почему нормализация по мини-батчам важна для обучения RNN?,prompt1,dialog0685,2-file_mistral_7b_prompt1_dialog0685,2-file,38.3,34.2,50.4,67.6,100.0,56.1,24.5,67.5,41.3,8.0
mistral,7.0B,5._Рекуррентные_НС,В чем трудность применения обычной batch normalization к RNN?,prompt1,dialog0686,2-file_mistral_7b_prompt1_dialog0686,2-file,38.3,34.2,50.4,67.6,100.0,56.1,24.5,67.5,41.3,8.0
mistral,7.0B,5._Рекуррентные_НС,Как работает механизм внимания (Attention)?,prompt1,dialog0687,2-file_mistral_7b_prompt1_dialog0687,2-file,38.3,34.2,50.4,67.6,100.0,56.1,24.5,67.5,41.3,8.0
mistral,7.0B,5._Рекуррентные_НС,Почему внимание важно в задачах машинного перевода?,prompt1,dialog0688,2-file_mistral_7b_prompt1_dialog0688,2-file,38.3,34.2,50.4,67.6,100.0,56.1,24.5,67.5,41.3,8.0
mistral,7.0B,5._Рекуррентные_НС,"Чем Show, Attend and Tell отличается от обычного RNN для обработки изображений?",prompt1,dialog0689,2-file_mistral_7b_prompt1_dialog0689,2-file,38.3,34.2,50.4,67.6,100.0,56.1,24.5,67.5,41.3,8.0
mistral,7.0B,5._Рекуррентные_НС,Можно ли автоматически подбирать архитектуру рекуррентной ячейки?,prompt1,dialog0690,2-file_mistral_7b_prompt1_dialog0690,2-file,38.3,34.2,50.4,67.6,100.0,56.1,24.5,67.5,41.3,8.0
mistral,7.0B,5._Рекуррентные_НС,"Зачем нужны рекуррентные нейронные сети, если существуют полносвязные и сверточные?",prompt8,dialog0781,2-file_mistral_7b_prompt8_dialog0781,2-file,34.4,29.6,49.2,63.3,100.0,50.7,27.9,65.2,42.5,6.9
mistral,7.0B,5._Рекуррентные_НС,Что такое скрытое состояние в RNN?,prompt8,dialog0782,2-file_mistral_7b_prompt8_dialog0782,2-file,34.4,29.6,49.2,63.3,100.0,50.7,27.9,65.2,42.5,6.9
mistral,7.0B,5._Рекуррентные_НС,Какие типы входов и выходов встречаются в задачах RNN?,prompt8,dialog0783,2-file_mistral_7b_prompt8_dialog0783,2-file,34.4,29.6,49.2,63.3,100.0,50.7,27.9,65.2,42.5,6.9
mistral,7.0B,5._Рекуррентные_НС,В чем отличие Simple RNN от глубоких RNN?,prompt8,dialog0784,2-file_mistral_7b_prompt8_dialog0784,2-file,34.4,29.6,49.2,63.3,100.0,50.7,27.9,65.2,42.5,6.9
mistral,7.0B,5._Рекуррентные_НС,Что такое двунаправленные RNN и зачем они нужны?,prompt8,dialog0785,2-file_mistral_7b_prompt8_dialog0785,2-file,34.4,29.6,49.2,63.3,100.0,50.7,27.9,65.2,42.5,6.9
mistral,7.0B,5._Рекуррентные_НС,Как LSTM решает проблему затухающих градиентов?,prompt8,dialog0786,2-file_mistral_7b_prompt8_dialog0786,2-file,34.4,29.6,49.2,63.3,100.0,50.7,27.9,65.2,42.5,6.9
mistral,7.0B,5._Рекуррентные_НС,Какие компоненты включает стандартная LSTM ячейка?,prompt8,dialog0787,2-file_mistral_7b_prompt8_dialog0787,2-file,34.4,29.6,49.2,63.3,100.0,50.7,27.9,65.2,42.5,6.9
mistral,7.0B,5._Рекуррентные_НС,Чем GRU отличается от LSTM?,prompt8,dialog0788,2-file_mistral_7b_prompt8_dialog0788,2-file,34.4,29.6,49.2,63.3,100.0,50.7,27.9,65.2,42.5,6.9
mistral,7.0B,5._Рекуррентные_НС,Зачем нужны замочные скважины (peepholes) в LSTM?,prompt8,dialog0789,2-file_mistral_7b_prompt8_dialog0789,2-file,34.4,29.6,49.2,63.3,100.0,50.7,27.9,65.2,42.5,6.9
mistral,7.0B,5._Рекуррентные_НС,Почему нормализация по мини-батчам важна для обучения RNN?,prompt8,dialog0790,2-file_mistral_7b_prompt8_dialog0790,2-file,34.4,29.6,49.2,63.3,100.0,50.7,27.9,65.2,42.5,6.9
mistral,7.0B,5._Рекуррентные_НС,В чем трудность применения обычной batch normalization к RNN?,prompt8,dialog0791,2-file_mistral_7b_prompt8_dialog0791,2-file,34.4,29.6,49.2,63.3,100.0,50.7,27.9,65.2,42.5,6.9
mistral,7.0B,5._Рекуррентные_НС,Как работает механизм внимания (Attention)?,prompt8,dialog0792,2-file_mistral_7b_prompt8_dialog0792,2-file,34.4,29.6,49.2,63.3,100.0,50.7,27.9,65.2,42.5,6.9
mistral,7.0B,5._Рекуррентные_НС,Почему внимание важно в задачах машинного перевода?,prompt8,dialog0793,2-file_mistral_7b_prompt8_dialog0793,2-file,34.4,29.6,49.2,63.3,100.0,50.7,27.9,65.2,42.5,6.9
mistral,7.0B,5._Рекуррентные_НС,"Чем Show, Attend and Tell отличается от обычного RNN для обработки изображений?",prompt8,dialog0794,2-file_mistral_7b_prompt8_dialog0794,2-file,34.4,29.6,49.2,63.3,100.0,50.7,27.9,65.2,42.5,6.9
mistral,7.0B,5._Рекуррентные_НС,Можно ли автоматически подбирать архитектуру рекуррентной ячейки?,prompt8,dialog0795,2-file_mistral_7b_prompt8_dialog0795,2-file,34.4,29.6,49.2,63.3,100.0,50.7,27.9,65.2,42.5,6.9
mistral,7.0B,5._Рекуррентные_НС,"Зачем нужны рекуррентные нейронные сети, если существуют полносвязные и сверточные?",prompt11,dialog0826,2-file_mistral_7b_prompt11_dialog0826,2-file,41.4,39.1,50.5,67.6,100.0,52.9,21.7,68.7,39.1,9.6
mistral,7.0B,5._Рекуррентные_НС,Что такое скрытое состояние в RNN?,prompt11,dialog0827,2-file_mistral_7b_prompt11_dialog0827,2-file,41.4,39.1,50.5,67.6,100.0,52.9,21.7,68.7,39.1,9.6
mistral,7.0B,5._Рекуррентные_НС,Какие типы входов и выходов встречаются в задачах RNN?,prompt11,dialog0828,2-file_mistral_7b_prompt11_dialog0828,2-file,41.4,39.1,50.5,67.6,100.0,52.9,21.7,68.7,39.1,9.6
mistral,7.0B,5._Рекуррентные_НС,В чем отличие Simple RNN от глубоких RNN?,prompt11,dialog0829,2-file_mistral_7b_prompt11_dialog0829,2-file,41.4,39.1,50.5,67.6,100.0,52.9,21.7,68.7,39.1,9.6
mistral,7.0B,5._Рекуррентные_НС,Что такое двунаправленные RNN и зачем они нужны?,prompt11,dialog0830,2-file_mistral_7b_prompt11_dialog0830,2-file,41.4,39.1,50.5,67.6,100.0,52.9,21.7,68.7,39.1,9.6
mistral,7.0B,5._Рекуррентные_НС,Как LSTM решает проблему затухающих градиентов?,prompt11,dialog0831,2-file_mistral_7b_prompt11_dialog0831,2-file,41.4,39.1,50.5,67.6,100.0,52.9,21.7,68.7,39.1,9.6
mistral,7.0B,5._Рекуррентные_НС,Какие компоненты включает стандартная LSTM ячейка?,prompt11,dialog0832,2-file_mistral_7b_prompt11_dialog0832,2-file,41.4,39.1,50.5,67.6,100.0,52.9,21.7,68.7,39.1,9.6
mistral,7.0B,5._Рекуррентные_НС,Чем GRU отличается от LSTM?,prompt11,dialog0833,2-file_mistral_7b_prompt11_dialog0833,2-file,41.4,39.1,50.5,67.6,100.0,52.9,21.7,68.7,39.1,9.6
mistral,7.0B,5._Рекуррентные_НС,Зачем нужны замочные скважины (peepholes) в LSTM?,prompt11,dialog0834,2-file_mistral_7b_prompt11_dialog0834,2-file,41.4,39.1,50.5,67.6,100.0,52.9,21.7,68.7,39.1,9.6
mistral,7.0B,5._Рекуррентные_НС,Почему нормализация по мини-батчам важна для обучения RNN?,prompt11,dialog0835,2-file_mistral_7b_prompt11_dialog0835,2-file,41.4,39.1,50.5,67.6,100.0,52.9,21.7,68.7,39.1,9.6
mistral,7.0B,5._Рекуррентные_НС,В чем трудность применения обычной batch normalization к RNN?,prompt11,dialog0836,2-file_mistral_7b_prompt11_dialog0836,2-file,41.4,39.1,50.5,67.6,100.0,52.9,21.7,68.7,39.1,9.6
mistral,7.0B,5._Рекуррентные_НС,Как работает механизм внимания (Attention)?,prompt11,dialog0837,2-file_mistral_7b_prompt11_dialog0837,2-file,41.4,39.1,50.5,67.6,100.0,52.9,21.7,68.7,39.1,9.6
mistral,7.0B,5._Рекуррентные_НС,Почему внимание важно в задачах машинного перевода?,prompt11,dialog0838,2-file_mistral_7b_prompt11_dialog0838,2-file,41.4,39.1,50.5,67.6,100.0,52.9,21.7,68.7,39.1,9.6
mistral,7.0B,5._Рекуррентные_НС,"Чем Show, Attend and Tell отличается от обычного RNN для обработки изображений?",prompt11,dialog0839,2-file_mistral_7b_prompt11_dialog0839,2-file,41.4,39.1,50.5,67.6,100.0,52.9,21.7,68.7,39.1,9.6
mistral,7.0B,5._Рекуррентные_НС,Можно ли автоматически подбирать архитектуру рекуррентной ячейки?,prompt11,dialog0840,2-file_mistral_7b_prompt11_dialog0840,2-file,41.4,39.1,50.5,67.6,100.0,52.9,21.7,68.7,39.1,9.6
